{"0": [96.66080843585237, 550.0, 569.0], "1": [29.78723404255319, 14.0, 47.0], "2": [88.63636363636364, 39.0, 44.0], "3": [73.29545454545455, 258.0, 352.0], "4": [86.0, 129.0, 150.0], "5": [33.42465753424658, 122.0, 365.0], "6": [53.70370370370371, 319.0, 594.0], "7": [58.82352941176471, 10.0, 17.0], "8": [88.88888888888889, 16.0, 18.0]}