precision,accuracy,recall,duration
0.3076404025504138,0.32056737588652484,0.29892992678039065,406.9183793067932
