{"0": [19.444444444444446, 7.0, 36.0], "1": [76.19047619047619, 16.0, 21.0], "2": [80.95238095238095, 34.0, 42.0], "3": [74.59807073954984, 232.0, 311.0], "4": [64.83516483516483, 59.0, 91.0], "5": [48.275862068965516, 14.0, 29.0], "6": [66.66666666666666, 116.0, 174.0], "7": [NaN, 0.0, 0.0], "8": [100.0, 1.0, 1.0]}