precision,accuracy,recall,duration
0.3307826140124488,0.3546099290780142,0.36824693821958854,417.9793882369995
