{"0": [62.5, 350.0, 560.0], "1": [44.680851063829785, 21.0, 47.0], "2": [90.69767441860465, 39.0, 43.0], "3": [91.83673469387756, 315.0, 343.0], "4": [98.66666666666667, 148.0, 150.0], "5": [42.97752808988764, 153.0, 356.0], "6": [52.62206148282098, 291.0, 553.0], "7": [82.35294117647058, 14.0, 17.0], "8": [61.111111111111114, 11.0, 18.0]}