{"0": [19.444444444444446, 7.0, 36.0], "1": [42.857142857142854, 9.0, 21.0], "2": [83.33333333333334, 35.0, 42.0], "3": [67.52411575562701, 210.0, 311.0], "4": [57.14285714285714, 52.0, 91.0], "5": [20.689655172413794, 6.0, 29.0], "6": [77.58620689655173, 135.0, 174.0], "7": [NaN, 0.0, 0.0], "8": [100.0, 1.0, 1.0]}