best_model_train_loss,best_model_val_loss,best_model_train_acc,best_model_val_acc,best_model_learning_rate,best_model_nb_epoch
0.4435688555240631,1.2533354759216309,0.3944091498851776,0.27289897203445435,0.0010000000474974513,99
