precision,accuracy,recall,duration
0.27099913466964476,0.2728989612842304,0.27105975478116473,598.3115313053131
