{"0": [24.074074074074073, 13.0, 54.0], "1": [30.303030303030305, 10.0, 33.0], "2": [91.37931034482759, 53.0, 58.0], "3": [73.76344086021506, 343.0, 465.0], "4": [95.68345323741008, 133.0, 139.0], "5": [71.11111111111111, 32.0, 45.0], "6": [69.73180076628353, 182.0, 261.0], "7": [NaN, 0.0, 0.0], "8": [100.0, 4.0, 4.0]}