{"0": [64.8506151142355, 369.0, 569.0], "1": [34.04255319148936, 16.0, 47.0], "2": [84.0909090909091, 37.0, 44.0], "3": [91.47727272727273, 322.0, 352.0], "4": [96.0, 144.0, 150.0], "5": [41.64383561643836, 152.0, 365.0], "6": [58.417508417508415, 347.0, 594.0], "7": [41.17647058823529, 7.0, 17.0], "8": [72.22222222222221, 13.0, 18.0]}