best_model_train_loss,best_model_val_loss,best_model_train_acc,best_model_val_acc,best_model_learning_rate,best_model_nb_epoch
0.45344045758247375,0.6792147159576416,0.4282083809375763,0.3564683794975281,0.0010000000474974513,71
