precision,accuracy,recall,duration
0.3918083263331066,0.3371104815864023,0.3840091137430666,1202.7429666519165
