{"0": [26.168224299065418, 28.0, 107.0], "1": [52.38095238095239, 33.0, 63.0], "2": [87.71929824561403, 100.0, 114.0], "3": [71.59699892818864, 668.0, 933.0], "4": [86.41114982578398, 248.0, 287.0], "5": [21.34831460674157, 19.0, 89.0], "6": [58.76685934489403, 305.0, 519.0], "7": [NaN, 0.0, 0.0], "8": [50.0, 3.0, 6.0]}