{"0": [63.21428571428571, 354.0, 560.0], "1": [36.17021276595745, 17.0, 47.0], "2": [83.72093023255815, 36.0, 43.0], "3": [84.8396501457726, 291.0, 343.0], "4": [96.0, 144.0, 150.0], "5": [40.73033707865169, 145.0, 356.0], "6": [54.97287522603978, 304.0, 553.0], "7": [17.647058823529413, 3.0, 17.0], "8": [77.77777777777779, 14.0, 18.0]}