precision,accuracy,recall,duration
0.37544247162169947,0.3333333333333333,0.4859190825669002,405.3841743469238
