precision,accuracy,recall,duration
0.40341422172286645,0.391674550614948,0.36396156874755153,1185.8261215686798
