{"0": [54.305799648506145, 309.0, 569.0], "1": [36.17021276595745, 17.0, 47.0], "2": [95.45454545454545, 42.0, 44.0], "3": [86.64772727272727, 305.0, 352.0], "4": [88.66666666666667, 133.0, 150.0], "5": [38.9041095890411, 142.0, 365.0], "6": [60.437710437710436, 359.0, 594.0], "7": [64.70588235294117, 11.0, 17.0], "8": [50.0, 9.0, 18.0]}