{"0": [22.22222222222222, 8.0, 36.0], "1": [33.33333333333333, 7.0, 21.0], "2": [73.80952380952381, 31.0, 42.0], "3": [81.67202572347267, 254.0, 311.0], "4": [76.92307692307693, 70.0, 91.0], "5": [20.689655172413794, 6.0, 29.0], "6": [54.02298850574713, 94.0, 174.0], "7": [NaN, 0.0, 0.0], "8": [0.0, 0.0, 1.0]}