precision,accuracy,recall,duration
0.34070667063823984,0.3659574468085106,0.47325184736021114,420.38616132736206
