{"0": [19.444444444444446, 7.0, 36.0], "1": [38.095238095238095, 8.0, 21.0], "2": [80.95238095238095, 34.0, 42.0], "3": [59.4855305466238, 185.0, 311.0], "4": [82.41758241758241, 75.0, 91.0], "5": [17.24137931034483, 5.0, 29.0], "6": [76.4367816091954, 133.0, 174.0], "7": [NaN, 0.0, 0.0], "8": [0.0, 0.0, 1.0]}