precision,accuracy,recall,duration
0.32740680472693445,0.27503593675131766,0.3144040434578038,934.8832941055298
