{"0": [99.82142857142857, 559.0, 560.0], "1": [34.04255319148936, 16.0, 47.0], "2": [88.37209302325581, 38.0, 43.0], "3": [80.466472303207, 276.0, 343.0], "4": [90.66666666666666, 136.0, 150.0], "5": [39.04494382022472, 139.0, 356.0], "6": [59.13200723327306, 327.0, 553.0], "7": [58.82352941176471, 10.0, 17.0], "8": [66.66666666666666, 12.0, 18.0]}