best_model_train_loss,best_model_val_loss,best_model_train_acc,best_model_val_acc,best_model_learning_rate,best_model_nb_epoch
0.45147600769996643,1.6198173761367798,0.38017788529396057,0.2936732769012451,0.0010000000474974513,99
