precision,accuracy,recall,duration
0.26314391511135626,0.29367327667610954,0.2842265062793868,603.2766253948212
