{"0": [22.22222222222222, 12.0, 54.0], "1": [39.39393939393939, 13.0, 33.0], "2": [86.20689655172413, 50.0, 58.0], "3": [66.02150537634408, 307.0, 465.0], "4": [91.36690647482014, 127.0, 139.0], "5": [88.88888888888889, 40.0, 45.0], "6": [75.09578544061303, 196.0, 261.0], "7": [NaN, 0.0, 0.0], "8": [75.0, 3.0, 4.0]}