precision,accuracy,recall,duration
0.38109467355112603,0.3801418439716312,0.48048509613908585,422.18239569664
