precision,accuracy,recall,duration
0.35023305825229767,0.403954802259887,0.36270753024769387,598.303469657898
