{"0": [44.71830985915493, 127.0, 284.0], "1": [40.0, 10.0, 25.0], "2": [90.9090909090909, 20.0, 22.0], "3": [64.77272727272727, 114.0, 176.0], "4": [93.67088607594937, 74.0, 79.0], "5": [42.62295081967213, 78.0, 183.0], "6": [74.24749163879598, 222.0, 299.0], "7": [37.5, 3.0, 8.0], "8": [87.5, 7.0, 8.0]}