precision,accuracy,recall,duration
0.24986233626070162,0.37850467289719625,0.3793237286236138,38.424920082092285
