{"0": [9.090909090909092, 1.0, 11.0], "1": [20.0, 1.0, 5.0], "2": [94.44444444444444, 17.0, 18.0], "3": [52.336448598130836, 56.0, 107.0], "4": [88.0, 22.0, 25.0], "5": [0.0, 0.0, 10.0], "6": [94.73684210526315, 36.0, 38.0], "7": [NaN, 0.0, 0.0], "8": [NaN, 0.0, 0.0]}