{"0": [55.98591549295775, 159.0, 284.0], "1": [88.0, 22.0, 25.0], "2": [100.0, 22.0, 22.0], "3": [74.43181818181817, 131.0, 176.0], "4": [82.27848101265823, 65.0, 79.0], "5": [43.71584699453552, 80.0, 183.0], "6": [66.88963210702342, 200.0, 299.0], "7": [0.0, 0.0, 8.0], "8": [75.0, 6.0, 8.0]}