precision,accuracy,recall,duration
0.2567072082972735,0.23299565846599132,0.27749409385657825,398.292364358902
