{"0": [99.46524064171123, 186.0, 187.0], "1": [35.714285714285715, 5.0, 14.0], "2": [100.0, 15.0, 15.0], "3": [91.22807017543859, 104.0, 114.0], "4": [80.0, 40.0, 50.0], "5": [39.6551724137931, 46.0, 116.0], "6": [68.47826086956522, 126.0, 184.0], "7": [50.0, 2.0, 4.0], "8": [85.71428571428571, 6.0, 7.0]}