{"0": [72.0, 54.0, 75.0], "1": [67.04545454545455, 59.0, 88.0], "2": [98.18181818181819, 108.0, 110.0], "3": [98.07692307692307, 510.0, 520.0], "4": [98.99497487437185, 197.0, 199.0], "5": [95.3125, 61.0, 64.0], "6": [93.359375, 239.0, 256.0], "7": [0.0, 0.0, 2.0], "8": [27.419354838709676, 17.0, 62.0]}