precision,accuracy,recall,duration
0.30511823589544596,0.25967894239848915,0.2877457327169112,1210.913510799408
