{"0": [27.102803738317753, 29.0, 107.0], "1": [19.047619047619047, 12.0, 63.0], "2": [91.22807017543859, 104.0, 114.0], "3": [77.27759914255091, 721.0, 933.0], "4": [94.77351916376307, 272.0, 287.0], "5": [100.0, 89.0, 89.0], "6": [64.9325626204239, 337.0, 519.0], "7": [NaN, 0.0, 0.0], "8": [66.66666666666666, 4.0, 6.0]}