{"0": [55.53571428571429, 311.0, 560.0], "1": [55.319148936170215, 26.0, 47.0], "2": [100.0, 43.0, 43.0], "3": [74.63556851311954, 256.0, 343.0], "4": [83.33333333333334, 125.0, 150.0], "5": [43.82022471910113, 156.0, 356.0], "6": [56.78119349005425, 314.0, 553.0], "7": [82.35294117647058, 14.0, 17.0], "8": [50.0, 9.0, 18.0]}