{"0": [61.6871704745167, 351.0, 569.0], "1": [38.297872340425535, 18.0, 47.0], "2": [86.36363636363636, 38.0, 44.0], "3": [65.05681818181817, 229.0, 352.0], "4": [92.66666666666666, 139.0, 150.0], "5": [39.178082191780824, 143.0, 365.0], "6": [58.080808080808076, 345.0, 594.0], "7": [64.70588235294117, 11.0, 17.0], "8": [83.33333333333334, 15.0, 18.0]}