{"0": [57.85714285714286, 324.0, 560.0], "1": [36.17021276595745, 17.0, 47.0], "2": [100.0, 43.0, 43.0], "3": [76.96793002915452, 264.0, 343.0], "4": [97.33333333333334, 146.0, 150.0], "5": [39.325842696629216, 140.0, 356.0], "6": [55.33453887884268, 306.0, 553.0], "7": [76.47058823529412, 13.0, 17.0], "8": [66.66666666666666, 12.0, 18.0]}