best_model_train_loss,best_model_val_loss,best_model_train_acc,best_model_val_acc,best_model_learning_rate,best_model_nb_epoch
0.46755436062812805,0.9794992208480835,0.39885714650154114,0.3117313086986542,0.0010000000474974513,76
