precision,accuracy,recall,duration
0.2809223271076325,0.2876064333017975,0.33755769441955574,1189.1876738071442
