{"0": [100.0, 569.0, 569.0], "1": [31.914893617021278, 15.0, 47.0], "2": [93.18181818181817, 41.0, 44.0], "3": [83.23863636363636, 293.0, 352.0], "4": [87.33333333333333, 131.0, 150.0], "5": [38.63013698630137, 141.0, 365.0], "6": [56.22895622895623, 334.0, 594.0], "7": [47.05882352941176, 8.0, 17.0], "8": [61.111111111111114, 11.0, 18.0]}