precision,accuracy,recall,duration
0.35540704450201044,0.40019102196752626,0.3913792858447082,593.7529811859131
