{"0": [45.16129032258064, 126.0, 279.0], "1": [44.0, 11.0, 25.0], "2": [76.19047619047619, 16.0, 21.0], "3": [75.43859649122807, 129.0, 171.0], "4": [82.27848101265823, 65.0, 79.0], "5": [39.8876404494382, 71.0, 178.0], "6": [72.3021582733813, 201.0, 278.0], "7": [25.0, 2.0, 8.0], "8": [87.5, 7.0, 8.0]}