precision,accuracy,recall,duration
0.3150112822067071,0.3929159802306425,0.28577658691508023,466.6258294582367
