precision,accuracy,recall,duration
0.3381563317871261,0.29659798754192623,0.3479728461285626,957.1757504940033
