{"0": [66.25, 371.0, 560.0], "1": [31.914893617021278, 15.0, 47.0], "2": [88.37209302325581, 38.0, 43.0], "3": [90.0874635568513, 309.0, 343.0], "4": [95.33333333333334, 143.0, 150.0], "5": [41.57303370786517, 148.0, 356.0], "6": [77.21518987341773, 427.0, 553.0], "7": [29.411764705882355, 5.0, 17.0], "8": [66.66666666666666, 12.0, 18.0]}