precision,accuracy,recall,duration
0.3617682505025246,0.3953042644944897,0.37828078419005134,936.4110374450684
