{"0": [47.85714285714286, 268.0, 560.0], "1": [40.42553191489361, 19.0, 47.0], "2": [81.3953488372093, 35.0, 43.0], "3": [84.54810495626822, 290.0, 343.0], "4": [88.66666666666667, 133.0, 150.0], "5": [38.48314606741573, 137.0, 356.0], "6": [65.0994575045208, 360.0, 553.0], "7": [35.294117647058826, 6.0, 17.0], "8": [77.77777777777779, 14.0, 18.0]}