precision,accuracy,recall,duration
0.2668017907733929,0.3784119106699752,0.26027246624978845,398.43071818351746
