{"0": [17.562724014336915, 49.0, 279.0], "1": [36.0, 9.0, 25.0], "2": [95.23809523809523, 20.0, 21.0], "3": [54.385964912280706, 93.0, 171.0], "4": [86.07594936708861, 68.0, 79.0], "5": [35.95505617977528, 64.0, 178.0], "6": [50.719424460431654, 141.0, 278.0], "7": [100.0, 8.0, 8.0], "8": [100.0, 8.0, 8.0]}