{"0": [40.106951871657756, 75.0, 187.0], "1": [57.14285714285714, 8.0, 14.0], "2": [93.33333333333333, 14.0, 15.0], "3": [72.80701754385966, 83.0, 114.0], "4": [86.0, 43.0, 50.0], "5": [35.3448275862069, 41.0, 116.0], "6": [52.17391304347826, 96.0, 184.0], "7": [50.0, 2.0, 4.0], "8": [100.0, 7.0, 7.0]}