precision,accuracy,recall,duration
0.35159821020390963,0.4067796610169492,0.3438631356328375,606.5866618156433
