{"0": [48.59154929577465, 138.0, 284.0], "1": [92.0, 23.0, 25.0], "2": [90.9090909090909, 20.0, 22.0], "3": [79.54545454545455, 140.0, 176.0], "4": [79.74683544303798, 63.0, 79.0], "5": [41.53005464480874, 76.0, 183.0], "6": [60.86956521739131, 182.0, 299.0], "7": [0.0, 0.0, 8.0], "8": [100.0, 8.0, 8.0]}