best_model_train_loss,best_model_val_loss,best_model_train_acc,best_model_val_acc,best_model_learning_rate,best_model_nb_epoch
0.46612343192100525,0.558757483959198,0.4269919991493225,0.30354610085487366,0.0010000000474974513,90
