precision,accuracy,recall,duration
0.3213898583030392,0.24397163120567375,0.4437075807146399,416.53093552589417
