{"0": [61.25000000000001, 343.0, 560.0], "1": [34.04255319148936, 16.0, 47.0], "2": [100.0, 43.0, 43.0], "3": [76.0932944606414, 261.0, 343.0], "4": [90.66666666666666, 136.0, 150.0], "5": [39.04494382022472, 139.0, 356.0], "6": [56.23869801084991, 311.0, 553.0], "7": [70.58823529411765, 12.0, 17.0], "8": [72.22222222222221, 13.0, 18.0]}