{"0": [22.22222222222222, 8.0, 36.0], "1": [33.33333333333333, 7.0, 21.0], "2": [80.95238095238095, 34.0, 42.0], "3": [83.92282958199357, 261.0, 311.0], "4": [54.94505494505495, 50.0, 91.0], "5": [31.03448275862069, 9.0, 29.0], "6": [94.25287356321839, 164.0, 174.0], "7": [NaN, 0.0, 0.0], "8": [0.0, 0.0, 1.0]}