best_model_train_loss,best_model_val_loss,best_model_train_acc,best_model_val_acc,best_model_learning_rate,best_model_nb_epoch
0.4512330889701843,0.5280603766441345,0.43240153789520264,0.3829084038734436,0.0010000000474974513,92
