precision,accuracy,recall,duration
0.394702977491555,0.4623044096728307,0.40946651508564336,401.0392005443573
