precision,accuracy,recall,duration
0.39554101647780127,0.3899905571293673,0.4445369013264082,1217.7966933250427
