{"0": [50.26178010471204, 96.0, 191.0], "1": [42.857142857142854, 6.0, 14.0], "2": [81.25, 13.0, 16.0], "3": [52.54237288135594, 62.0, 118.0], "4": [86.0, 43.0, 50.0], "5": [36.666666666666664, 44.0, 120.0], "6": [61.111111111111114, 121.0, 198.0], "7": [25.0, 1.0, 4.0], "8": [100.0, 7.0, 7.0]}