{"0": [26.168224299065418, 28.0, 107.0], "1": [28.57142857142857, 18.0, 63.0], "2": [85.08771929824562, 97.0, 114.0], "3": [66.66666666666666, 622.0, 933.0], "4": [75.60975609756098, 217.0, 287.0], "5": [30.337078651685395, 27.0, 89.0], "6": [54.14258188824663, 281.0, 519.0], "7": [NaN, 0.0, 0.0], "8": [33.33333333333333, 2.0, 6.0]}