precision,accuracy,recall,duration
0.3799337960350047,0.37830188679245286,0.3549471399428104,959.4725210666656
