precision,accuracy,recall,duration
0.3872160174126634,0.4205298013245033,0.35304687310632354,1207.0861084461212
