{"0": [27.102803738317753, 29.0, 107.0], "1": [53.96825396825397, 34.0, 63.0], "2": [91.22807017543859, 104.0, 114.0], "3": [68.48874598070739, 639.0, 933.0], "4": [71.62629757785467, 207.0, 289.0], "5": [32.58426966292135, 29.0, 89.0], "6": [52.215799614643544, 271.0, 519.0], "7": [NaN, 0.0, 0.0], "8": [83.33333333333334, 5.0, 6.0]}