{"0": [53.427065026362044, 304.0, 569.0], "1": [59.57446808510638, 28.0, 47.0], "2": [81.81818181818183, 36.0, 44.0], "3": [65.05681818181817, 229.0, 352.0], "4": [93.33333333333333, 140.0, 150.0], "5": [41.64383561643836, 152.0, 365.0], "6": [59.25925925925925, 352.0, 594.0], "7": [58.82352941176471, 10.0, 17.0], "8": [72.22222222222221, 13.0, 18.0]}