{"0": [51.24999999999999, 287.0, 560.0], "1": [40.42553191489361, 19.0, 47.0], "2": [83.72093023255815, 36.0, 43.0], "3": [58.60058309037901, 201.0, 343.0], "4": [90.0, 135.0, 150.0], "5": [42.13483146067416, 150.0, 356.0], "6": [58.58951175406871, 324.0, 553.0], "7": [76.47058823529412, 13.0, 17.0], "8": [50.0, 9.0, 18.0]}