precision,accuracy,recall,duration
0.3750829416057599,0.39574468085106385,0.4978771996272088,422.1783893108368
