{"0": [19.444444444444446, 7.0, 36.0], "1": [33.33333333333333, 7.0, 21.0], "2": [71.42857142857143, 30.0, 42.0], "3": [60.45016077170418, 188.0, 311.0], "4": [74.72527472527473, 68.0, 91.0], "5": [24.137931034482758, 7.0, 29.0], "6": [68.39080459770115, 119.0, 174.0], "7": [NaN, 0.0, 0.0], "8": [0.0, 0.0, 1.0]}