{"0": [49.28571428571429, 276.0, 560.0], "1": [34.04255319148936, 16.0, 47.0], "2": [97.67441860465115, 42.0, 43.0], "3": [78.71720116618076, 270.0, 343.0], "4": [94.66666666666667, 142.0, 150.0], "5": [36.51685393258427, 130.0, 356.0], "6": [61.48282097649186, 340.0, 553.0], "7": [82.35294117647058, 14.0, 17.0], "8": [72.22222222222221, 13.0, 18.0]}