precision,accuracy,recall,duration
0.2841942999397321,0.3953871499176277,0.2956384097131125,466.93698954582214
