precision,accuracy,recall,duration
0.2511725750337659,0.2102803738317757,0.23783687837549128,59.86614155769348
