{"0": [72.72727272727273, 8.0, 11.0], "1": [80.0, 4.0, 5.0], "2": [94.44444444444444, 17.0, 18.0], "3": [82.2429906542056, 88.0, 107.0], "4": [84.0, 21.0, 25.0], "5": [20.0, 2.0, 10.0], "6": [76.31578947368422, 29.0, 38.0], "7": [NaN, 0.0, 0.0], "8": [NaN, 0.0, 0.0]}