{"0": [100.0, 191.0, 191.0], "1": [14.285714285714285, 2.0, 14.0], "2": [100.0, 16.0, 16.0], "3": [91.52542372881356, 108.0, 118.0], "4": [82.0, 41.0, 50.0], "5": [67.5, 81.0, 120.0], "6": [68.18181818181817, 135.0, 198.0], "7": [100.0, 4.0, 4.0], "8": [85.71428571428571, 6.0, 7.0]}