{"0": [62.32142857142857, 349.0, 560.0], "1": [51.06382978723404, 24.0, 47.0], "2": [100.0, 43.0, 43.0], "3": [91.83673469387756, 315.0, 343.0], "4": [95.33333333333334, 143.0, 150.0], "5": [46.62921348314607, 166.0, 356.0], "6": [55.33453887884268, 306.0, 553.0], "7": [94.11764705882352, 16.0, 17.0], "8": [38.88888888888889, 7.0, 18.0]}