precision,accuracy,recall,duration
0.33631800275568335,0.40272614622057,0.28338319665896944,394.1132037639618
