{"0": [13.989637305699482, 27.0, 193.0], "1": [100.0, 59.0, 59.0], "2": [45.83333333333333, 11.0, 24.0], "3": [80.67226890756302, 96.0, 119.0], "4": [97.9381443298969, 95.0, 97.0], "5": [44.565217391304344, 41.0, 92.0], "6": [61.95652173913043, 114.0, 184.0], "7": [100.0, 39.0, 39.0], "8": [NaN, 0.0, 0.0]}