{"0": [45.69420035149385, 260.0, 569.0], "1": [38.297872340425535, 18.0, 47.0], "2": [90.9090909090909, 40.0, 44.0], "3": [79.26136363636364, 279.0, 352.0], "4": [83.33333333333334, 125.0, 150.0], "5": [44.38356164383562, 162.0, 365.0], "6": [51.010101010101, 303.0, 594.0], "7": [52.94117647058824, 9.0, 17.0], "8": [77.77777777777779, 14.0, 18.0]}