{"0": [48.1283422459893, 90.0, 187.0], "1": [35.714285714285715, 5.0, 14.0], "2": [86.66666666666667, 13.0, 15.0], "3": [60.526315789473685, 69.0, 114.0], "4": [92.0, 46.0, 50.0], "5": [30.17241379310345, 35.0, 116.0], "6": [63.04347826086957, 116.0, 184.0], "7": [50.0, 2.0, 4.0], "8": [100.0, 7.0, 7.0]}