precision,accuracy,recall,duration
0.37425315425315425,0.397196261682243,0.49283410138248845,61.55255317687988
