{"0": [20.0, 2.0, 10.0], "1": [40.0, 2.0, 5.0], "2": [81.81818181818183, 9.0, 11.0], "3": [62.5, 60.0, 96.0], "4": [64.51612903225806, 20.0, 31.0], "5": [18.181818181818183, 2.0, 11.0], "6": [68.0, 34.0, 50.0], "7": [NaN, 0.0, 0.0], "8": [NaN, 0.0, 0.0]}