precision,accuracy,recall,duration
0.24030794062193278,0.15770348837209303,0.30122141336859076,793.5684809684753
