{"0": [66.66666666666666, 50.0, 75.0], "1": [53.40909090909091, 47.0, 88.0], "2": [95.45454545454545, 105.0, 110.0], "3": [84.61538461538461, 440.0, 520.0], "4": [100.0, 199.0, 199.0], "5": [93.75, 60.0, 64.0], "6": [89.84375, 230.0, 256.0], "7": [0.0, 0.0, 2.0], "8": [45.16129032258064, 28.0, 62.0]}