precision,accuracy,recall,duration
0.33410392214248075,0.3239171374764595,0.2869148308877824,613.3223400115967
