{"0": [47.88732394366197, 136.0, 284.0], "1": [52.0, 13.0, 25.0], "2": [81.81818181818183, 18.0, 22.0], "3": [77.8409090909091, 137.0, 176.0], "4": [86.07594936708861, 68.0, 79.0], "5": [77.59562841530054, 142.0, 183.0], "6": [70.90301003344482, 212.0, 299.0], "7": [50.0, 4.0, 8.0], "8": [100.0, 8.0, 8.0]}