{"0": [28.000000000000004, 21.0, 75.0], "1": [61.36363636363637, 54.0, 88.0], "2": [96.36363636363636, 106.0, 110.0], "3": [61.15384615384616, 318.0, 520.0], "4": [86.4321608040201, 172.0, 199.0], "5": [90.625, 58.0, 64.0], "6": [86.71875, 222.0, 256.0], "7": [100.0, 2.0, 2.0], "8": [43.54838709677419, 27.0, 62.0]}