precision,accuracy,recall,duration
0.26862760805759395,0.2768895348837209,0.26643503625295145,200.84228205680847
