{"0": [58.666666666666664, 44.0, 75.0], "1": [90.9090909090909, 80.0, 88.0], "2": [94.54545454545455, 104.0, 110.0], "3": [63.46153846153846, 330.0, 520.0], "4": [85.92964824120602, 171.0, 199.0], "5": [37.5, 24.0, 64.0], "6": [82.421875, 211.0, 256.0], "7": [100.0, 2.0, 2.0], "8": [46.774193548387096, 29.0, 62.0]}