{"0": [63.035714285714285, 353.0, 560.0], "1": [44.680851063829785, 21.0, 47.0], "2": [88.37209302325581, 38.0, 43.0], "3": [84.54810495626822, 290.0, 343.0], "4": [96.66666666666667, 145.0, 150.0], "5": [42.13483146067416, 150.0, 356.0], "6": [62.74864376130199, 347.0, 553.0], "7": [58.82352941176471, 10.0, 17.0], "8": [61.111111111111114, 11.0, 18.0]}