precision,accuracy,recall,duration
0.2923127243107426,0.3304964539007092,0.4473422446220613,399.1062903404236
