{"0": [55.55555555555556, 20.0, 36.0], "1": [33.33333333333333, 7.0, 21.0], "2": [92.85714285714286, 39.0, 42.0], "3": [72.66881028938906, 226.0, 311.0], "4": [52.74725274725275, 48.0, 91.0], "5": [17.24137931034483, 5.0, 29.0], "6": [72.98850574712644, 127.0, 174.0], "7": [NaN, 0.0, 0.0], "8": [0.0, 0.0, 1.0]}