{"0": [68.98395721925134, 129.0, 187.0], "1": [100.0, 14.0, 14.0], "2": [100.0, 15.0, 15.0], "3": [83.33333333333334, 95.0, 114.0], "4": [50.0, 25.0, 50.0], "5": [86.20689655172413, 100.0, 116.0], "6": [61.41304347826087, 113.0, 184.0], "7": [25.0, 1.0, 4.0], "8": [100.0, 7.0, 7.0]}