{"0": [60.71428571428571, 340.0, 560.0], "1": [40.42553191489361, 19.0, 47.0], "2": [100.0, 43.0, 43.0], "3": [70.55393586005832, 242.0, 343.0], "4": [92.66666666666666, 139.0, 150.0], "5": [42.13483146067416, 150.0, 356.0], "6": [56.05786618444847, 310.0, 553.0], "7": [88.23529411764706, 15.0, 17.0], "8": [66.66666666666666, 12.0, 18.0]}