{"0": [57.85714285714286, 324.0, 560.0], "1": [36.17021276595745, 17.0, 47.0], "2": [97.67441860465115, 42.0, 43.0], "3": [69.97084548104957, 240.0, 343.0], "4": [92.66666666666666, 139.0, 150.0], "5": [39.325842696629216, 140.0, 356.0], "6": [56.6003616636528, 313.0, 553.0], "7": [82.35294117647058, 14.0, 17.0], "8": [61.111111111111114, 11.0, 18.0]}