precision,accuracy,recall,duration
0.3384391303746142,0.4188351920693928,0.2996950121576022,398.241334438324
