{"0": [19.170984455958546, 37.0, 193.0], "1": [100.0, 59.0, 59.0], "2": [45.83333333333333, 11.0, 24.0], "3": [78.99159663865547, 94.0, 119.0], "4": [82.4742268041237, 80.0, 97.0], "5": [45.65217391304348, 42.0, 92.0], "6": [58.152173913043484, 107.0, 184.0], "7": [100.0, 39.0, 39.0], "8": [NaN, 0.0, 0.0]}