{"0": [44.991212653778554, 256.0, 569.0], "1": [40.42553191489361, 19.0, 47.0], "2": [95.45454545454545, 42.0, 44.0], "3": [69.60227272727273, 245.0, 352.0], "4": [86.66666666666667, 130.0, 150.0], "5": [32.602739726027394, 119.0, 365.0], "6": [61.61616161616161, 366.0, 594.0], "7": [58.82352941176471, 10.0, 17.0], "8": [83.33333333333334, 15.0, 18.0]}