precision,accuracy,recall,duration
0.36282022283869936,0.3981792045999042,0.3693654201337176,1010.1988081932068
