{"0": [54.285714285714285, 304.0, 560.0], "1": [31.914893617021278, 15.0, 47.0], "2": [81.3953488372093, 35.0, 43.0], "3": [86.88046647230321, 298.0, 343.0], "4": [88.0, 132.0, 150.0], "5": [37.92134831460674, 135.0, 356.0], "6": [56.78119349005425, 314.0, 553.0], "7": [47.05882352941176, 8.0, 17.0], "8": [83.33333333333334, 15.0, 18.0]}