{"0": [64.46428571428572, 361.0, 560.0], "1": [44.680851063829785, 21.0, 47.0], "2": [95.34883720930233, 41.0, 43.0], "3": [89.21282798833819, 306.0, 343.0], "4": [95.33333333333334, 143.0, 150.0], "5": [42.41573033707865, 151.0, 356.0], "6": [56.23869801084991, 311.0, 553.0], "7": [58.82352941176471, 10.0, 17.0], "8": [83.33333333333334, 15.0, 18.0]}