precision,accuracy,recall,duration
0.35521779978798046,0.3380414312617702,0.34606544070418566,619.7893643379211
