precision,accuracy,recall,duration
0.36110362491263753,0.3885960709151893,0.31811729675631384,953.4903087615967
