{"0": [50.89285714285714, 285.0, 560.0], "1": [85.1063829787234, 40.0, 47.0], "2": [88.37209302325581, 38.0, 43.0], "3": [70.8454810495627, 243.0, 343.0], "4": [91.33333333333333, 137.0, 150.0], "5": [47.47191011235955, 169.0, 356.0], "6": [62.0253164556962, 343.0, 553.0], "7": [17.647058823529413, 3.0, 17.0], "8": [100.0, 18.0, 18.0]}