{"0": [56.25, 315.0, 560.0], "1": [63.829787234042556, 30.0, 47.0], "2": [93.02325581395348, 40.0, 43.0], "3": [74.9271137026239, 257.0, 343.0], "4": [80.0, 120.0, 150.0], "5": [39.8876404494382, 142.0, 356.0], "6": [63.11030741410488, 349.0, 553.0], "7": [82.35294117647058, 14.0, 17.0], "8": [44.44444444444444, 8.0, 18.0]}