{"0": [51.832460732984295, 99.0, 191.0], "1": [85.71428571428571, 12.0, 14.0], "2": [81.25, 13.0, 16.0], "3": [79.66101694915254, 94.0, 118.0], "4": [86.0, 43.0, 50.0], "5": [39.166666666666664, 47.0, 120.0], "6": [71.21212121212122, 141.0, 198.0], "7": [25.0, 1.0, 4.0], "8": [100.0, 7.0, 7.0]}