{"0": [46.748681898066785, 266.0, 569.0], "1": [38.297872340425535, 18.0, 47.0], "2": [88.63636363636364, 39.0, 44.0], "3": [69.60227272727273, 245.0, 352.0], "4": [79.33333333333333, 119.0, 150.0], "5": [35.61643835616438, 130.0, 365.0], "6": [57.57575757575758, 342.0, 594.0], "7": [58.82352941176471, 10.0, 17.0], "8": [77.77777777777779, 14.0, 18.0]}