precision,accuracy,recall,duration
0.3568288324908203,0.3645390070921986,0.4898078791710754,408.1438400745392
