precision,accuracy,recall,duration
0.37912699433557023,0.4259789875835721,0.33067706416241005,593.1349759101868
