{"0": [22.22222222222222, 8.0, 36.0], "1": [33.33333333333333, 7.0, 21.0], "2": [80.95238095238095, 34.0, 42.0], "3": [74.91961414790997, 233.0, 311.0], "4": [61.53846153846154, 56.0, 91.0], "5": [27.586206896551722, 8.0, 29.0], "6": [58.620689655172406, 102.0, 174.0], "7": [NaN, 0.0, 0.0], "8": [0.0, 0.0, 1.0]}