precision,accuracy,recall,duration
0.26503972900370215,0.13590116279069767,0.2150741231588006,765.2733035087585
