{"0": [50.0, 142.0, 284.0], "1": [84.0, 21.0, 25.0], "2": [100.0, 22.0, 22.0], "3": [67.61363636363636, 119.0, 176.0], "4": [86.07594936708861, 68.0, 79.0], "5": [32.240437158469945, 59.0, 183.0], "6": [70.5685618729097, 211.0, 299.0], "7": [25.0, 2.0, 8.0], "8": [100.0, 8.0, 8.0]}