{"0": [53.403141361256544, 102.0, 191.0], "1": [50.0, 7.0, 14.0], "2": [81.25, 13.0, 16.0], "3": [74.57627118644068, 88.0, 118.0], "4": [78.0, 39.0, 50.0], "5": [33.33333333333333, 40.0, 120.0], "6": [68.68686868686868, 136.0, 198.0], "7": [50.0, 2.0, 4.0], "8": [100.0, 7.0, 7.0]}