precision,accuracy,recall,duration
0.3189304404366164,0.37626628075253254,0.30893979814626304,397.3082892894745
