{"0": [53.475935828877006, 100.0, 187.0], "1": [85.71428571428571, 12.0, 14.0], "2": [86.66666666666667, 13.0, 15.0], "3": [78.94736842105263, 90.0, 114.0], "4": [92.0, 46.0, 50.0], "5": [32.758620689655174, 38.0, 116.0], "6": [67.3913043478261, 124.0, 184.0], "7": [25.0, 1.0, 4.0], "8": [100.0, 7.0, 7.0]}