precision,accuracy,recall,duration
0.2797686264352931,0.22127659574468084,0.43196338819467767,413.39630484580994
