{"0": [25.0, 9.0, 36.0], "1": [33.33333333333333, 7.0, 21.0], "2": [73.80952380952381, 31.0, 42.0], "3": [88.42443729903538, 275.0, 311.0], "4": [78.02197802197803, 71.0, 91.0], "5": [27.586206896551722, 8.0, 29.0], "6": [85.0574712643678, 148.0, 174.0], "7": [NaN, 0.0, 0.0], "8": [0.0, 0.0, 1.0]}