{"0": [59.285714285714285, 332.0, 560.0], "1": [46.808510638297875, 22.0, 47.0], "2": [95.34883720930233, 41.0, 43.0], "3": [80.75801749271136, 277.0, 343.0], "4": [93.33333333333333, 140.0, 150.0], "5": [39.60674157303371, 141.0, 356.0], "6": [55.51537070524412, 307.0, 553.0], "7": [94.11764705882352, 16.0, 17.0], "8": [66.66666666666666, 12.0, 18.0]}