precision,accuracy,recall,duration
0.3788126364576876,0.32200188857412654,0.39456659170465164,1249.0649309158325
