{"0": [31.775700934579437, 34.0, 107.0], "1": [38.095238095238095, 24.0, 63.0], "2": [86.8421052631579, 99.0, 114.0], "3": [69.66773847802786, 650.0, 933.0], "4": [77.35191637630662, 222.0, 287.0], "5": [35.95505617977528, 32.0, 89.0], "6": [71.86897880539499, 373.0, 519.0], "7": [NaN, 0.0, 0.0], "8": [33.33333333333333, 2.0, 6.0]}