precision,accuracy,recall,duration
0.33931264478303697,0.3773049645390071,0.46780471017267417,429.06420946121216
