{"0": [13.88888888888889, 5.0, 36.0], "1": [52.38095238095239, 11.0, 21.0], "2": [95.23809523809523, 40.0, 42.0], "3": [67.20257234726688, 209.0, 311.0], "4": [69.23076923076923, 63.0, 91.0], "5": [20.689655172413794, 6.0, 29.0], "6": [60.3448275862069, 105.0, 174.0], "7": [NaN, 0.0, 0.0], "8": [0.0, 0.0, 1.0]}