{"0": [59.57820738137083, 339.0, 569.0], "1": [40.42553191489361, 19.0, 47.0], "2": [95.45454545454545, 42.0, 44.0], "3": [90.625, 319.0, 352.0], "4": [86.0, 129.0, 150.0], "5": [49.04109589041096, 179.0, 365.0], "6": [53.03030303030303, 315.0, 594.0], "7": [11.76470588235294, 2.0, 17.0], "8": [83.33333333333334, 15.0, 18.0]}