{"0": [55.88752196836555, 318.0, 569.0], "1": [82.97872340425532, 39.0, 47.0], "2": [84.0909090909091, 37.0, 44.0], "3": [69.0340909090909, 243.0, 352.0], "4": [86.0, 129.0, 150.0], "5": [41.369863013698634, 151.0, 365.0], "6": [68.85521885521885, 409.0, 594.0], "7": [11.76470588235294, 2.0, 17.0], "8": [100.0, 18.0, 18.0]}