best_model_train_loss,best_model_val_loss,best_model_train_acc,best_model_val_acc,best_model_learning_rate,best_model_nb_epoch
0.46238210797309875,0.9809529781341553,0.43176621198654175,0.37204909324645996,0.0010000000474974513,97
