precision,accuracy,recall,duration
0.37258483195682385,0.3994211287988423,0.37037752774218907,397.0437386035919
