precision,accuracy,recall,duration
0.3126115913393024,0.34183191690273845,0.3484664410956525,614.6947672367096
