{"0": [50.80213903743316, 95.0, 187.0], "1": [28.57142857142857, 4.0, 14.0], "2": [80.0, 12.0, 15.0], "3": [87.71929824561403, 100.0, 114.0], "4": [90.0, 45.0, 50.0], "5": [31.896551724137932, 37.0, 116.0], "6": [61.95652173913043, 114.0, 184.0], "7": [50.0, 2.0, 4.0], "8": [85.71428571428571, 6.0, 7.0]}