{"0": [70.37037037037037, 38.0, 54.0], "1": [36.36363636363637, 12.0, 33.0], "2": [82.75862068965517, 48.0, 58.0], "3": [75.48387096774194, 351.0, 465.0], "4": [76.97841726618705, 107.0, 139.0], "5": [20.0, 9.0, 45.0], "6": [49.42528735632184, 129.0, 261.0], "7": [NaN, 0.0, 0.0], "8": [75.0, 3.0, 4.0]}