{"0": [62.741652021089635, 357.0, 569.0], "1": [36.17021276595745, 17.0, 47.0], "2": [95.45454545454545, 42.0, 44.0], "3": [86.93181818181817, 306.0, 352.0], "4": [95.33333333333334, 143.0, 150.0], "5": [43.56164383561644, 159.0, 365.0], "6": [53.198653198653204, 316.0, 594.0], "7": [76.47058823529412, 13.0, 17.0], "8": [44.44444444444444, 8.0, 18.0]}