{"0": [20.0, 2.0, 10.0], "1": [80.0, 4.0, 5.0], "2": [81.81818181818183, 9.0, 11.0], "3": [60.416666666666664, 58.0, 96.0], "4": [77.41935483870968, 24.0, 31.0], "5": [81.81818181818183, 9.0, 11.0], "6": [70.0, 35.0, 50.0], "7": [NaN, 0.0, 0.0], "8": [NaN, 0.0, 0.0]}