precision,accuracy,recall,duration
0.2898187033377251,0.29439252336448596,0.29082143371740027,53.53454804420471
