{"0": [54.54545454545454, 6.0, 11.0], "1": [80.0, 4.0, 5.0], "2": [88.88888888888889, 16.0, 18.0], "3": [68.22429906542055, 73.0, 107.0], "4": [92.0, 23.0, 25.0], "5": [10.0, 1.0, 10.0], "6": [73.68421052631578, 28.0, 38.0], "7": [NaN, 0.0, 0.0], "8": [NaN, 0.0, 0.0]}