precision,accuracy,recall,duration
0.3525031606179923,0.35316336166194523,0.3748707905387739,1207.4768948554993
