precision,accuracy,recall,duration
0.38731557696109653,0.4350282485875706,0.3628417612787328,597.9032981395721
