{"0": [49.29577464788733, 140.0, 284.0], "1": [32.0, 8.0, 25.0], "2": [63.63636363636363, 14.0, 22.0], "3": [75.0, 132.0, 176.0], "4": [87.34177215189874, 69.0, 79.0], "5": [36.0655737704918, 66.0, 183.0], "6": [59.53177257525084, 178.0, 299.0], "7": [75.0, 6.0, 8.0], "8": [100.0, 8.0, 8.0]}