{"0": [60.747663551401864, 65.0, 107.0], "1": [41.269841269841265, 26.0, 63.0], "2": [83.33333333333334, 95.0, 114.0], "3": [64.52304394426581, 602.0, 933.0], "4": [79.09407665505228, 227.0, 287.0], "5": [19.101123595505616, 17.0, 89.0], "6": [64.54720616570327, 335.0, 519.0], "7": [NaN, 0.0, 0.0], "8": [50.0, 3.0, 6.0]}