{"0": [62.67857142857143, 351.0, 560.0], "1": [36.17021276595745, 17.0, 47.0], "2": [100.0, 43.0, 43.0], "3": [90.96209912536443, 312.0, 343.0], "4": [96.66666666666667, 145.0, 150.0], "5": [38.48314606741573, 137.0, 356.0], "6": [55.33453887884268, 306.0, 553.0], "7": [70.58823529411765, 12.0, 17.0], "8": [83.33333333333334, 15.0, 18.0]}