precision,accuracy,recall,duration
0.34153227487609633,0.36198662846227314,0.326080226687554,600.2405230998993
