{"0": [53.04659498207885, 148.0, 279.0], "1": [92.0, 23.0, 25.0], "2": [100.0, 21.0, 21.0], "3": [74.85380116959064, 128.0, 171.0], "4": [87.34177215189874, 69.0, 79.0], "5": [38.764044943820224, 69.0, 178.0], "6": [73.02158273381295, 203.0, 278.0], "7": [0.0, 0.0, 8.0], "8": [87.5, 7.0, 8.0]}