{"0": [54.01069518716578, 101.0, 187.0], "1": [42.857142857142854, 6.0, 14.0], "2": [80.0, 12.0, 15.0], "3": [75.43859649122807, 86.0, 114.0], "4": [60.0, 30.0, 50.0], "5": [66.37931034482759, 77.0, 116.0], "6": [78.26086956521739, 144.0, 184.0], "7": [25.0, 1.0, 4.0], "8": [100.0, 7.0, 7.0]}