precision,accuracy,recall,duration
0.3513830444988691,0.3784295175023652,0.33986668695438016,1213.0284321308136
