{"0": [52.02108963093146, 296.0, 569.0], "1": [89.36170212765957, 42.0, 47.0], "2": [97.72727272727273, 43.0, 44.0], "3": [74.7159090909091, 263.0, 352.0], "4": [86.66666666666667, 130.0, 150.0], "5": [43.83561643835616, 160.0, 365.0], "6": [68.51851851851852, 407.0, 594.0], "7": [5.88235294117647, 1.0, 17.0], "8": [77.77777777777779, 14.0, 18.0]}