{"0": [57.67857142857142, 323.0, 560.0], "1": [36.17021276595745, 17.0, 47.0], "2": [97.67441860465115, 42.0, 43.0], "3": [92.12827988338192, 316.0, 343.0], "4": [89.33333333333333, 134.0, 150.0], "5": [43.82022471910113, 156.0, 356.0], "6": [58.22784810126582, 322.0, 553.0], "7": [58.82352941176471, 10.0, 17.0], "8": [55.55555555555556, 10.0, 18.0]}