precision,accuracy,recall,duration
0.2660274425028523,0.35046728971962615,0.4538053289553536,54.794514894485474
