{"0": [18.181818181818183, 2.0, 11.0], "1": [20.0, 1.0, 5.0], "2": [100.0, 18.0, 18.0], "3": [57.943925233644855, 62.0, 107.0], "4": [92.0, 23.0, 25.0], "5": [10.0, 1.0, 10.0], "6": [84.21052631578947, 32.0, 38.0], "7": [NaN, 0.0, 0.0], "8": [NaN, 0.0, 0.0]}