{"0": [75.62724014336918, 211.0, 279.0], "1": [48.0, 12.0, 25.0], "2": [95.23809523809523, 20.0, 21.0], "3": [85.38011695906432, 146.0, 171.0], "4": [64.55696202531645, 51.0, 79.0], "5": [70.78651685393258, 126.0, 178.0], "6": [58.63309352517986, 163.0, 278.0], "7": [12.5, 1.0, 8.0], "8": [87.5, 7.0, 8.0]}