precision,accuracy,recall,duration
0.2951707803155538,0.3032166508987701,0.32745966632310686,1197.339414358139
