{"0": [100.0, 569.0, 569.0], "1": [34.04255319148936, 16.0, 47.0], "2": [95.45454545454545, 42.0, 44.0], "3": [75.56818181818183, 266.0, 352.0], "4": [92.66666666666666, 139.0, 150.0], "5": [35.06849315068493, 128.0, 365.0], "6": [55.72390572390572, 331.0, 594.0], "7": [52.94117647058824, 9.0, 17.0], "8": [66.66666666666666, 12.0, 18.0]}