precision,accuracy,recall,duration
0.29288472814873223,0.40694789081885857,0.28371191675614593,402.4205393791199
