{"0": [8.808290155440414, 17.0, 193.0], "1": [100.0, 59.0, 59.0], "2": [50.0, 12.0, 24.0], "3": [76.06837606837607, 89.0, 117.0], "4": [100.0, 98.0, 98.0], "5": [41.30434782608695, 38.0, 92.0], "6": [68.47826086956522, 126.0, 184.0], "7": [100.0, 39.0, 39.0], "8": [NaN, 0.0, 0.0]}