precision,accuracy,recall,duration
0.30414115761465194,0.2776735459662289,0.43556283279801594,516.7558991909027
