{"0": [56.25, 18.0, 32.0], "1": [52.63157894736842, 10.0, 19.0], "2": [97.82608695652173, 45.0, 46.0], "3": [71.0204081632653, 174.0, 245.0], "4": [82.08955223880598, 55.0, 67.0], "5": [24.0, 6.0, 25.0], "6": [81.31868131868131, 74.0, 91.0], "7": [0.0, 0.0, 1.0], "8": [42.857142857142854, 3.0, 7.0]}