precision,accuracy,recall,duration
0.318775191036755,0.3475177304964539,0.37554904327828154,417.749547958374
