{"0": [25.71428571428571, 144.0, 560.0], "1": [38.297872340425535, 18.0, 47.0], "2": [100.0, 43.0, 43.0], "3": [78.134110787172, 268.0, 343.0], "4": [90.66666666666666, 136.0, 150.0], "5": [40.73033707865169, 145.0, 356.0], "6": [56.05786618444847, 310.0, 553.0], "7": [100.0, 17.0, 17.0], "8": [61.111111111111114, 11.0, 18.0]}