precision,accuracy,recall,duration
0.3100091836682642,0.42555831265508687,0.3143616956412631,393.53946805000305
