{"0": [9.32642487046632, 18.0, 193.0], "1": [100.0, 59.0, 59.0], "2": [25.0, 6.0, 24.0], "3": [79.48717948717949, 93.0, 117.0], "4": [100.0, 98.0, 98.0], "5": [43.47826086956522, 40.0, 92.0], "6": [59.78260869565217, 110.0, 184.0], "7": [100.0, 39.0, 39.0], "8": [NaN, 0.0, 0.0]}