precision,accuracy,recall,duration
0.26684228272205573,0.30354609929078014,0.3273268319467085,399.6308083534241
