{"0": [55.55555555555556, 20.0, 36.0], "1": [33.33333333333333, 7.0, 21.0], "2": [85.71428571428571, 36.0, 42.0], "3": [80.38585209003215, 250.0, 311.0], "4": [65.93406593406593, 60.0, 91.0], "5": [20.689655172413794, 6.0, 29.0], "6": [63.793103448275865, 111.0, 174.0], "7": [NaN, 0.0, 0.0], "8": [100.0, 1.0, 1.0]}