precision,accuracy,recall,duration
0.3735893490229796,0.2865911237016053,0.3426578408312877,1216.5428211688995
