precision,accuracy,recall,duration
0.36737642433029283,0.41244573082489144,0.37269056712892845,394.062784910202
