{"0": [67.28971962616822, 72.0, 107.0], "1": [42.857142857142854, 27.0, 63.0], "2": [89.47368421052632, 102.0, 114.0], "3": [83.70846730975349, 781.0, 933.0], "4": [83.62369337979094, 240.0, 287.0], "5": [23.595505617977526, 21.0, 89.0], "6": [51.05973025048169, 265.0, 519.0], "7": [NaN, 0.0, 0.0], "8": [50.0, 3.0, 6.0]}