{"0": [50.80213903743316, 95.0, 187.0], "1": [28.57142857142857, 4.0, 14.0], "2": [93.33333333333333, 14.0, 15.0], "3": [84.21052631578947, 96.0, 114.0], "4": [78.0, 39.0, 50.0], "5": [33.62068965517241, 39.0, 116.0], "6": [60.32608695652174, 111.0, 184.0], "7": [50.0, 2.0, 4.0], "8": [85.71428571428571, 6.0, 7.0]}