{"0": [61.49732620320856, 115.0, 187.0], "1": [92.85714285714286, 13.0, 14.0], "2": [100.0, 15.0, 15.0], "3": [77.19298245614034, 88.0, 114.0], "4": [80.0, 40.0, 50.0], "5": [43.103448275862064, 50.0, 116.0], "6": [64.67391304347827, 119.0, 184.0], "7": [0.0, 0.0, 4.0], "8": [100.0, 7.0, 7.0]}