precision,accuracy,recall,duration
0.3923947989673717,0.19405099150141644,0.27457840462686434,1202.7936580181122
