{"0": [28.037383177570092, 30.0, 107.0], "1": [96.82539682539682, 61.0, 63.0], "2": [91.22807017543859, 104.0, 114.0], "3": [90.56806002143622, 845.0, 933.0], "4": [98.60627177700349, 283.0, 287.0], "5": [29.213483146067414, 26.0, 89.0], "6": [68.40077071290945, 355.0, 519.0], "7": [NaN, 0.0, 0.0], "8": [50.0, 3.0, 6.0]}