{"0": [56.41476274165203, 321.0, 569.0], "1": [42.5531914893617, 20.0, 47.0], "2": [93.18181818181817, 41.0, 44.0], "3": [73.29545454545455, 258.0, 352.0], "4": [90.66666666666666, 136.0, 150.0], "5": [42.73972602739726, 156.0, 365.0], "6": [62.79461279461279, 373.0, 594.0], "7": [47.05882352941176, 8.0, 17.0], "8": [61.111111111111114, 11.0, 18.0]}