{"0": [49.28571428571429, 276.0, 560.0], "1": [87.2340425531915, 41.0, 47.0], "2": [97.67441860465115, 42.0, 43.0], "3": [77.84256559766763, 267.0, 343.0], "4": [90.66666666666666, 136.0, 150.0], "5": [39.60674157303371, 141.0, 356.0], "6": [62.20614828209765, 344.0, 553.0], "7": [35.294117647058826, 6.0, 17.0], "8": [88.88888888888889, 16.0, 18.0]}