precision,accuracy,recall,duration
0.271339662341904,0.26049204052098407,0.27273659076224516,400.3003499507904
