{"0": [95.72192513368985, 179.0, 187.0], "1": [35.714285714285715, 5.0, 14.0], "2": [100.0, 15.0, 15.0], "3": [87.71929824561403, 100.0, 114.0], "4": [86.0, 43.0, 50.0], "5": [33.62068965517241, 39.0, 116.0], "6": [65.76086956521739, 121.0, 184.0], "7": [50.0, 2.0, 4.0], "8": [100.0, 7.0, 7.0]}