precision,accuracy,recall,duration
0.3434222239792072,0.35319148936170214,0.37398485498792255,415.08244132995605
