{"0": [48.035714285714285, 269.0, 560.0], "1": [34.04255319148936, 16.0, 47.0], "2": [97.67441860465115, 42.0, 43.0], "3": [56.85131195335277, 195.0, 343.0], "4": [99.33333333333333, 149.0, 150.0], "5": [35.95505617977528, 128.0, 356.0], "6": [55.87703435804702, 309.0, 553.0], "7": [82.35294117647058, 14.0, 17.0], "8": [55.55555555555556, 10.0, 18.0]}