{"0": [22.22222222222222, 8.0, 36.0], "1": [38.095238095238095, 8.0, 21.0], "2": [71.42857142857143, 30.0, 42.0], "3": [69.45337620578779, 216.0, 311.0], "4": [59.34065934065934, 54.0, 91.0], "5": [27.586206896551722, 8.0, 29.0], "6": [75.28735632183908, 131.0, 174.0], "7": [NaN, 0.0, 0.0], "8": [100.0, 1.0, 1.0]}