{"0": [56.42857142857143, 316.0, 560.0], "1": [97.87234042553192, 46.0, 47.0], "2": [58.139534883720934, 25.0, 43.0], "3": [55.68513119533528, 191.0, 343.0], "4": [98.0, 147.0, 150.0], "5": [35.1123595505618, 125.0, 356.0], "6": [56.23869801084991, 311.0, 553.0], "7": [58.82352941176471, 10.0, 17.0], "8": [83.33333333333334, 15.0, 18.0]}