{"0": [54.64285714285714, 306.0, 560.0], "1": [82.97872340425532, 39.0, 47.0], "2": [90.69767441860465, 39.0, 43.0], "3": [77.84256559766763, 267.0, 343.0], "4": [81.33333333333333, 122.0, 150.0], "5": [41.29213483146067, 147.0, 356.0], "6": [55.87703435804702, 309.0, 553.0], "7": [58.82352941176471, 10.0, 17.0], "8": [100.0, 18.0, 18.0]}