best_model_train_loss,best_model_val_loss,best_model_train_acc,best_model_val_acc,best_model_learning_rate,best_model_nb_epoch
0.45231613516807556,0.8469347953796387,0.3984094262123108,0.4590321183204651,0.0010000000474974513,74
