precision,accuracy,recall,duration
0.3785018890774369,0.40536655486344036,0.3588763756743522,947.1040468215942
