precision,accuracy,recall,duration
0.3636772676173807,0.3663833805476865,0.38690384905515135,599.1285834312439
