{"0": [25.925925925925924, 14.0, 54.0], "1": [45.45454545454545, 15.0, 33.0], "2": [94.82758620689656, 55.0, 58.0], "3": [67.95698924731182, 316.0, 465.0], "4": [71.22302158273382, 99.0, 139.0], "5": [37.77777777777778, 17.0, 45.0], "6": [58.620689655172406, 153.0, 261.0], "7": [NaN, 0.0, 0.0], "8": [50.0, 2.0, 4.0]}