{"0": [54.107142857142854, 303.0, 560.0], "1": [27.659574468085108, 13.0, 47.0], "2": [93.02325581395348, 40.0, 43.0], "3": [90.96209912536443, 312.0, 343.0], "4": [86.0, 129.0, 150.0], "5": [35.674157303370784, 127.0, 356.0], "6": [52.98372513562387, 293.0, 553.0], "7": [58.82352941176471, 10.0, 17.0], "8": [77.77777777777779, 14.0, 18.0]}