best_model_train_loss,best_model_val_loss,best_model_train_acc,best_model_val_acc,best_model_learning_rate,best_model_nb_epoch
0.36636003851890564,14.830159187316895,0.5031720995903015,0.4156327545642853,0.0010000000474974513,99
