precision,accuracy,recall,duration
0.30013229587256457,0.41563275434243174,0.30194375931028333,395.76571798324585
