{"0": [53.76344086021505, 150.0, 279.0], "1": [76.0, 19.0, 25.0], "2": [90.47619047619048, 19.0, 21.0], "3": [66.66666666666666, 114.0, 171.0], "4": [89.87341772151899, 71.0, 79.0], "5": [41.01123595505618, 73.0, 178.0], "6": [74.46043165467626, 207.0, 278.0], "7": [0.0, 0.0, 8.0], "8": [100.0, 8.0, 8.0]}