best_model_train_loss,best_model_val_loss,best_model_train_acc,best_model_val_acc,best_model_learning_rate,best_model_nb_epoch
0.4571992754936218,0.6605600714683533,0.42299872636795044,0.39518412947654724,0.0010000000474974513,96
