precision,accuracy,recall,duration
0.3853884285607837,0.41963015647226176,0.3717764585937758,402.2658703327179
