precision,accuracy,recall,duration
0.3848894268976319,0.40509915014164305,0.42944397967224224,1199.0707964897156
