{"0": [28.971962616822427, 31.0, 107.0], "1": [33.33333333333333, 21.0, 63.0], "2": [85.08771929824562, 97.0, 114.0], "3": [62.80814576634513, 586.0, 933.0], "4": [72.12543554006969, 207.0, 287.0], "5": [24.719101123595504, 22.0, 89.0], "6": [56.45472061657033, 293.0, 519.0], "7": [NaN, 0.0, 0.0], "8": [50.0, 3.0, 6.0]}