{"0": [51.832460732984295, 99.0, 191.0], "1": [28.57142857142857, 4.0, 14.0], "2": [81.25, 13.0, 16.0], "3": [72.88135593220339, 86.0, 118.0], "4": [84.0, 42.0, 50.0], "5": [38.333333333333336, 46.0, 120.0], "6": [62.62626262626263, 124.0, 198.0], "7": [50.0, 2.0, 4.0], "8": [100.0, 7.0, 7.0]}