precision,accuracy,recall,duration
0.31681898358552707,0.3616144975288303,0.2531397274740994,469.3841803073883
