{"0": [18.685121107266436, 54.0, 289.0], "1": [100.0, 96.0, 96.0], "2": [50.0, 16.0, 32.0], "3": [93.64161849710982, 162.0, 173.0], "4": [99.31972789115646, 146.0, 147.0], "5": [46.52777777777778, 67.0, 144.0], "6": [64.0, 176.0, 275.0], "7": [100.0, 58.0, 58.0], "8": [NaN, 0.0, 0.0]}