precision,accuracy,recall,duration
0.3430985049564383,0.34184397163120567,0.36793233158314287,412.88285756111145
