{"0": [55.00000000000001, 308.0, 560.0], "1": [51.06382978723404, 24.0, 47.0], "2": [51.162790697674424, 22.0, 43.0], "3": [74.9271137026239, 257.0, 343.0], "4": [92.66666666666666, 139.0, 150.0], "5": [38.764044943820224, 138.0, 356.0], "6": [59.3128390596745, 328.0, 553.0], "7": [76.47058823529412, 13.0, 17.0], "8": [44.44444444444444, 8.0, 18.0]}