{"0": [22.22222222222222, 8.0, 36.0], "1": [33.33333333333333, 7.0, 21.0], "2": [85.71428571428571, 36.0, 42.0], "3": [67.52411575562701, 210.0, 311.0], "4": [56.043956043956044, 51.0, 91.0], "5": [20.689655172413794, 6.0, 29.0], "6": [83.33333333333334, 145.0, 174.0], "7": [NaN, 0.0, 0.0], "8": [100.0, 1.0, 1.0]}