{"0": [48.943661971830984, 139.0, 284.0], "1": [48.0, 12.0, 25.0], "2": [90.9090909090909, 20.0, 22.0], "3": [78.4090909090909, 138.0, 176.0], "4": [83.54430379746836, 66.0, 79.0], "5": [31.147540983606557, 57.0, 183.0], "6": [55.51839464882943, 166.0, 299.0], "7": [50.0, 4.0, 8.0], "8": [87.5, 7.0, 8.0]}