precision,accuracy,recall,duration
0.22408428130523225,0.2586605080831409,0.30471028862841726,173.9526846408844
