{"0": [51.85185185185185, 14.0, 27.0], "1": [58.333333333333336, 14.0, 24.0], "2": [86.36363636363636, 38.0, 44.0], "3": [67.83625730994152, 116.0, 171.0], "4": [88.88888888888889, 56.0, 63.0], "5": [48.148148148148145, 13.0, 27.0], "6": [98.14814814814815, 53.0, 54.0], "7": [50.0, 1.0, 2.0], "8": [76.19047619047619, 16.0, 21.0]}