{"882.141479492188": 0, "882.384155273438": 2, "882.651062011719": 4, "882.862854003906": 6, "883.077209472656": 7, "883.293579101563": 9, "883.49365234375": 11, "884.528930664063": 20, "885.59375": 29, "886.630554199219": 41, "887.695434570313": 57, "888.759887695313": 73, "889.797302246094": 88, "890.860229492188": 104, "891.89501953125": 120, "892.961242675781": 136, "894.026000976563": 152, "895.062316894531": 167, "896.127990722656": 183, "897.160034179688": 199, "898.193725585938": 214, "899.225463867188": 230, "900.260314941406": 245, "901.327270507813": 261, "902.392822265625": 277, "903.427307128906": 293, "904.492431640625": 309, "905.527099609375": 324, "906.559204101563": 340, "907.597106933594": 355, "908.661926269531": 371, "909.725891113281": 387, "910.758422851563": 402, "911.7958984375": 418, "912.858703613281": 434, "913.893310546875": 449, "914.958618164063": 465, "915.993835449219": 481, "917.025634765625": 496, "918.092590332031": 512, "919.12646484375": 528, "920.193542480469": 544, "921.259033203125": 560, "922.293029785156": 575, "923.35888671875": 591, "924.39453125": 607, "925.461791992188": 623, "926.526306152344": 639, "927.558837890625": 654, "928.593811035156": 670, "929.625305175781": 685, "930.661926269531": 701, "931.725524902344": 717, "932.759155273438": 732, "933.826049804688": 748, "934.891906738281": 764, "935.926696777344": 780, "936.997924804688": 796, "938.05908203125": 812, "939.094116210938": 827, "940.158325195313": 843, "941.212951660156": 859, "942.267395019531": 875, "943.326477050781": 891, "944.360290527344": 906, "945.427307128906": 922, "946.147888183594": 933, "946.360900878906": 936, "946.593505859375": 940, "946.825439453125": 943, "947.026062011719": 946, "947.259399414063": 950, "947.461669921875": 953, "947.692199707031": 956, "947.895324707031": 959, "948.126220703125": 963, "948.327026367188": 966, "948.558715820313": 969, "948.760070800781": 972, "948.99365234375": 976, "949.194091796875": 979, "949.396484375": 982, "949.625549316406": 985, "949.826843261719": 988, "950.037475585938": 991, "950.266357421875": 995, "950.467224121094": 998, "950.694763183594": 1001, "950.926208496094": 1005, "951.126647949219": 1008, "951.360107421875": 1011, "951.593078613281": 1015, "951.793151855469": 1018, "951.9970703125": 1021, "952.225891113281": 1024, "952.462524414063": 1028, "952.69384765625": 1031, "952.925964355469": 1035, "953.127807617188": 1038, "953.358947753906": 1041, "953.559509277344": 1044, "953.762145996094": 1047, "953.994567871094": 1051, "954.194641113281": 1054, "954.425720214844": 1057, "954.626159667969": 1060, "954.836608886719": 1063, "955.06201171875": 1067, "955.292358398438": 1070, "955.492980957031": 1073, "955.725891113281": 1077, "955.926452636719": 1080, "956.159057617188": 1083, "956.359130859375": 1086, "956.59375": 1090, "956.824951171875": 1093, "957.027404785156": 1096, "957.259216308594": 1100, "957.461853027344": 1103, "957.692077636719": 1106, "957.893737792969": 1109, "958.126098632813": 1113, "958.326416015625": 1116, "958.533752441406": 1119, "958.758483886719": 1122, "958.958801269531": 1125, "959.159240722656": 1128, "959.359436035156": 1131, "959.592468261719": 1135, "959.794921875": 1138, "960.013732910156": 1141, "960.226135253906": 1144, "960.459350585938": 1148, "960.662780761719": 1151, "960.8935546875": 1154, "961.129028320313": 1158, "961.559020996094": 1164, "961.793640136719": 1168, "962.025756835938": 1171, "962.22607421875": 1174, "962.459594726563": 1178, "962.664184570313": 1181, "962.892272949219": 1184, "963.093139648438": 1188, "963.293334960938": 1191, "963.495727539063": 1194, "963.726745605469": 1197, "963.928344726563": 1200, "964.158874511719": 1204, "964.397583007813": 1207, "964.625915527344": 1211, "964.859436035156": 1214, "965.060852050781": 1217, "965.293518066406": 1221, "965.49462890625": 1224, "965.725769042969": 1227, "965.937744140625": 1230, "966.159606933594": 1234, "966.404907226563": 1237, "966.626953125": 1241, "966.859313964844": 1244, "967.062866210938": 1247, "967.292663574219": 1251, "967.492858886719": 1254, "967.726013183594": 1257, "967.932373046875": 1260, "968.158447265625": 1264, "968.359375": 1267, "968.594970703125": 1270, "968.804748535156": 1273, "969.025817871094": 1277, "969.259765625": 1280, "969.461181640625": 1283, "969.691955566406": 1287, "969.89501953125": 1290, "970.143249511719": 1293, "970.358703613281": 1297, "970.558715820313": 1300, "970.793395996094": 1303, "970.994018554688": 1306, "971.225280761719": 1310, "971.425659179688": 1313, "971.901672363281": 1320, "972.126281738281": 1323, "973.02587890625": 1337, "973.237854003906": 1340, "973.625427246094": 1346, "974.259765625": 1355, "974.660339355469": 1361, "975.258850097656": 1370, "975.46142578125": 1373, "975.692443847656": 1377, "976.293518066406": 1386, "976.52587890625": 1389, "976.726196289063": 1392, "977.326171875": 1401, "977.726867675781": 1407, "977.926940917969": 1410, "978.158996582031": 1413, "978.360412597656": 1416, "978.595397949219": 1420, "979.064697265625": 1427, "979.362487792969": 1431, "979.759399414063": 1437, "980.393005371094": 1447, "980.601623535156": 1450, "981.395812988281": 1462, "982.425537109375": 1477, "982.859680175781": 1484, "983.292053222656": 1490, "983.494079589844": 1493, "983.862182617188": 1499, "984.49267578125": 1508, "984.89306640625": 1514, "985.498718261719": 1523, "985.925842285156": 1530, "986.158874511719": 1533, "986.526428222656": 1539, "986.926879882813": 1545, "987.160583496094": 1548, "987.559387207031": 1554, "987.959411621094": 1560, "988.392944335938": 1567, "989.425720214844": 1582, "989.725280761719": 1587, "989.928039550781": 1590, "990.159362792969": 1593, "990.425537109375": 1597, "990.626098632813": 1600, "991.02587890625": 1606, "991.258972167969": 1610, "992.058898925781": 1622, "992.259460449219": 1625, "993.325622558594": 1641, "994.359802246094": 1656, "995.126647949219": 1668, "995.330871582031": 1671, "995.562744140625": 1675, "996.093383789063": 1683, "996.294921875": 1686, "996.501953125": 1689, "997.560546875": 1705, "998.293334960938": 1716, "998.525573730469": 1719, "998.725952148438": 1722, "999.227233886719": 1730, "999.459716796875": 1733, "999.66064453125": 1736, "1000.26025390625": 1745, "1000.49230957031": 1749, "1000.69293212891": 1752, "1000.89312744141": 1755, "1001.29248046875": 1761, "1001.66662597656": 1766, "1002.29296875": 1776, "1002.72619628906": 1782, "1003.32543945313": 1791, "1003.72564697266": 1797, "1003.92614746094": 1800, "1004.15893554688": 1804, "1004.36114501953": 1807, "1004.76013183594": 1813, "1005.42645263672": 1823, "1005.79370117188": 1828, "1006.82598876953": 1844, "1007.82592773438": 1859, "1008.02618408203": 1862, "1009.09490966797": 1878, "1009.89263916016": 1889, "1010.4921875": 1898, "1010.89154052734": 1904, "1011.92584228516": 1920, "1012.99224853516": 1936, "1013.42596435547": 1942, "1013.6591796875": 1946, "1014.69390869141": 1961, "1015.76055908203": 1977, "1016.82592773438": 1993, "1017.86022949219": 2009, "1018.92596435547": 2025, "1019.96069335938": 2040, "1021.02581787109": 2056, "1022.09191894531": 2072, "1023.12805175781": 2088, "1024.19445800781": 2104, "1025.27746582031": 2120, "1026.32629394531": 2136, "1027.392578125": 2152, "1028.42578125": 2167, "1029.45947265625": 2183, "1030.52697753906": 2199, "1031.59265136719": 2215, "1032.62719726563": 2230, "1033.69311523438": 2246, "1034.73120117188": 2262, "1035.79235839844": 2278, "1036.82580566406": 2293, "1037.86193847656": 2309, "1038.92578125": 2325, "1039.962890625": 2340, "1041.0263671875": 2356, "1042.05969238281": 2372, "1043.09387207031": 2387, "1044.15942382813": 2403, "1045.19250488281": 2419, "1046.22705078125": 2434, "1047.29333496094": 2450, "1048.32678222656": 2466, "1049.39270019531": 2482, "1050.42834472656": 2497, "1051.49328613281": 2513, "1052.55908203125": 2529, "1053.59240722656": 2545, "1054.65979003906": 2561, "1055.72631835938": 2577,