{"0": [49.82142857142857, 279.0, 560.0], "1": [40.42553191489361, 19.0, 47.0], "2": [74.4186046511628, 32.0, 43.0], "3": [88.0466472303207, 302.0, 343.0], "4": [92.0, 138.0, 150.0], "5": [39.325842696629216, 140.0, 356.0], "6": [56.23869801084991, 311.0, 553.0], "7": [76.47058823529412, 13.0, 17.0], "8": [72.22222222222221, 13.0, 18.0]}