{"0": [57.11775043936731, 325.0, 569.0], "1": [34.04255319148936, 16.0, 47.0], "2": [93.18181818181817, 41.0, 44.0], "3": [51.98863636363637, 183.0, 352.0], "4": [96.0, 144.0, 150.0], "5": [39.45205479452055, 144.0, 365.0], "6": [61.27946127946128, 364.0, 594.0], "7": [58.82352941176471, 10.0, 17.0], "8": [83.33333333333334, 15.0, 18.0]}