precision,accuracy,recall,duration
0.3407936820173973,0.37960339943342775,0.35943344858575293,599.5435485839844
