{"0": [68.51851851851852, 37.0, 54.0], "1": [33.33333333333333, 11.0, 33.0], "2": [82.75862068965517, 48.0, 58.0], "3": [66.02150537634408, 307.0, 465.0], "4": [77.6978417266187, 108.0, 139.0], "5": [22.22222222222222, 10.0, 45.0], "6": [50.95785440613027, 133.0, 261.0], "7": [NaN, 0.0, 0.0], "8": [75.0, 3.0, 4.0]}