{"0": [59.64285714285714, 334.0, 560.0], "1": [40.42553191489361, 19.0, 47.0], "2": [93.02325581395348, 40.0, 43.0], "3": [83.6734693877551, 287.0, 343.0], "4": [94.66666666666667, 142.0, 150.0], "5": [39.60674157303371, 141.0, 356.0], "6": [55.69620253164557, 308.0, 553.0], "7": [88.23529411764706, 15.0, 17.0], "8": [77.77777777777779, 14.0, 18.0]}