precision,accuracy,recall,duration
0.3070466872967075,0.2894356005788712,0.31056783476390243,396.025603055954
