precision,accuracy,recall,duration
0.399995449021014,0.4283660757067561,0.3628678093966939,944.302473783493
