precision,accuracy,recall,duration
0.35886281789864505,0.37110481586402266,0.34362227127845557,604.3980071544647
