{"0": [29.629629629629626, 16.0, 54.0], "1": [36.36363636363637, 12.0, 33.0], "2": [89.65517241379311, 52.0, 58.0], "3": [69.46236559139784, 323.0, 465.0], "4": [71.22302158273382, 99.0, 139.0], "5": [40.0, 18.0, 45.0], "6": [54.406130268199234, 142.0, 261.0], "7": [NaN, 0.0, 0.0], "8": [100.0, 4.0, 4.0]}