{"0": [54.46428571428571, 305.0, 560.0], "1": [38.297872340425535, 18.0, 47.0], "2": [93.02325581395348, 40.0, 43.0], "3": [72.30320699708454, 248.0, 343.0], "4": [88.66666666666667, 133.0, 150.0], "5": [37.07865168539326, 132.0, 356.0], "6": [52.98372513562387, 293.0, 553.0], "7": [58.82352941176471, 10.0, 17.0], "8": [77.77777777777779, 14.0, 18.0]}