best_model_train_loss,best_model_val_loss,best_model_train_acc,best_model_val_acc,best_model_learning_rate,best_model_nb_epoch
0.45048120617866516,1.0017127990722656,0.40982556343078613,0.4427407681941986,0.0010000000474974513,87
