precision,accuracy,recall,duration
0.3569841872409929,0.38526912181303113,0.38955863634616733,602.2581176757812
