precision,accuracy,recall,duration
0.39438245459043275,0.3953042644944897,0.3417337960861651,943.6859464645386
