{"0": [27.77777777777778, 15.0, 54.0], "1": [36.36363636363637, 12.0, 33.0], "2": [84.48275862068965, 49.0, 58.0], "3": [64.51612903225806, 300.0, 465.0], "4": [74.82014388489209, 104.0, 139.0], "5": [26.666666666666668, 12.0, 45.0], "6": [59.77011494252874, 156.0, 261.0], "7": [NaN, 0.0, 0.0], "8": [75.0, 3.0, 4.0]}