{"0": [56.07142857142857, 314.0, 560.0], "1": [40.42553191489361, 19.0, 47.0], "2": [88.37209302325581, 38.0, 43.0], "3": [91.25364431486881, 313.0, 343.0], "4": [87.33333333333333, 131.0, 150.0], "5": [41.853932584269664, 149.0, 356.0], "6": [49.54792043399638, 274.0, 553.0], "7": [76.47058823529412, 13.0, 17.0], "8": [61.111111111111114, 11.0, 18.0]}