precision,accuracy,recall,duration
0.3624317040331464,0.41111643507426926,0.3876248343144475,948.4794421195984
