{"0": [48.75, 273.0, 560.0], "1": [42.5531914893617, 20.0, 47.0], "2": [86.04651162790698, 37.0, 43.0], "3": [86.29737609329446, 296.0, 343.0], "4": [85.33333333333334, 128.0, 150.0], "5": [35.1123595505618, 125.0, 356.0], "6": [59.85533453887884, 331.0, 553.0], "7": [29.411764705882355, 5.0, 17.0], "8": [77.77777777777779, 14.0, 18.0]}