{"0": [60.89285714285714, 341.0, 560.0], "1": [36.17021276595745, 17.0, 47.0], "2": [79.06976744186046, 34.0, 43.0], "3": [80.466472303207, 276.0, 343.0], "4": [92.0, 138.0, 150.0], "5": [40.168539325842694, 143.0, 356.0], "6": [53.16455696202531, 294.0, 553.0], "7": [76.47058823529412, 13.0, 17.0], "8": [72.22222222222221, 13.0, 18.0]}