{"0": [72.1830985915493, 205.0, 284.0], "1": [100.0, 25.0, 25.0], "2": [100.0, 22.0, 22.0], "3": [81.81818181818183, 144.0, 176.0], "4": [64.55696202531645, 51.0, 79.0], "5": [75.95628415300546, 139.0, 183.0], "6": [61.53846153846154, 184.0, 299.0], "7": [0.0, 0.0, 8.0], "8": [75.0, 6.0, 8.0]}