precision,accuracy,recall,duration
0.3841997503249553,0.45364238410596025,0.40594435119971206,557.3222417831421
