{"0": [47.803163444639715, 272.0, 569.0], "1": [36.17021276595745, 17.0, 47.0], "2": [81.81818181818183, 36.0, 44.0], "3": [53.97727272727273, 190.0, 352.0], "4": [96.66666666666667, 145.0, 150.0], "5": [36.71232876712329, 134.0, 365.0], "6": [63.804713804713806, 379.0, 594.0], "7": [64.70588235294117, 11.0, 17.0], "8": [55.55555555555556, 10.0, 18.0]}