precision,accuracy,recall,duration
0.2917685795208955,0.3079470198675497,0.3548742620959736,1196.8026032447815
