{"0": [100.0, 569.0, 569.0], "1": [29.78723404255319, 14.0, 47.0], "2": [93.18181818181817, 41.0, 44.0], "3": [69.0340909090909, 243.0, 352.0], "4": [87.33333333333333, 131.0, 150.0], "5": [37.534246575342465, 137.0, 365.0], "6": [58.75420875420876, 349.0, 594.0], "7": [41.17647058823529, 7.0, 17.0], "8": [66.66666666666666, 12.0, 18.0]}