{"0": [30.0, 3.0, 10.0], "1": [80.0, 4.0, 5.0], "2": [90.9090909090909, 10.0, 11.0], "3": [72.91666666666666, 70.0, 96.0], "4": [58.06451612903226, 18.0, 31.0], "5": [18.181818181818183, 2.0, 11.0], "6": [78.0, 39.0, 50.0], "7": [NaN, 0.0, 0.0], "8": [NaN, 0.0, 0.0]}