precision,accuracy,recall,duration
0.2785734598379418,0.28085106382978725,0.3647021597736755,405.5138349533081
