{"0": [8.333333333333332, 3.0, 36.0], "1": [42.857142857142854, 9.0, 21.0], "2": [83.33333333333334, 35.0, 42.0], "3": [84.2443729903537, 262.0, 311.0], "4": [47.25274725274725, 43.0, 91.0], "5": [20.689655172413794, 6.0, 29.0], "6": [85.0574712643678, 148.0, 174.0], "7": [NaN, 0.0, 0.0], "8": [100.0, 1.0, 1.0]}