{"0": [59.64285714285714, 334.0, 560.0], "1": [36.17021276595745, 17.0, 47.0], "2": [95.34883720930233, 41.0, 43.0], "3": [57.14285714285714, 196.0, 343.0], "4": [96.66666666666667, 145.0, 150.0], "5": [40.168539325842694, 143.0, 356.0], "6": [54.97287522603978, 304.0, 553.0], "7": [70.58823529411765, 12.0, 17.0], "8": [61.111111111111114, 11.0, 18.0]}