precision,accuracy,recall,duration
0.32727899357560797,0.3578847969782814,0.3290132889291834,1224.2905113697052
