{"0": [28.037383177570092, 30.0, 107.0], "1": [88.88888888888889, 56.0, 63.0], "2": [80.7017543859649, 92.0, 114.0], "3": [67.20257234726688, 627.0, 933.0], "4": [59.23344947735192, 170.0, 287.0], "5": [28.08988764044944, 25.0, 89.0], "6": [68.40077071290945, 355.0, 519.0], "7": [NaN, 0.0, 0.0], "8": [83.33333333333334, 5.0, 6.0]}