precision,accuracy,recall,duration
0.275550156905474,0.28557784145176696,0.3052193844272357,599.959587097168
