{"0": [40.597539543058, 231.0, 569.0], "1": [31.914893617021278, 15.0, 47.0], "2": [90.9090909090909, 40.0, 44.0], "3": [70.73863636363636, 249.0, 352.0], "4": [100.0, 150.0, 150.0], "5": [37.80821917808219, 138.0, 365.0], "6": [61.111111111111114, 363.0, 594.0], "7": [94.11764705882352, 16.0, 17.0], "8": [50.0, 9.0, 18.0]}