precision,accuracy,recall,duration
0.33423574495714714,0.32011331444759206,0.35642169829489606,608.0693507194519
