{"0": [27.77777777777778, 15.0, 54.0], "1": [45.45454545454545, 15.0, 33.0], "2": [91.37931034482759, 53.0, 58.0], "3": [69.89247311827957, 325.0, 465.0], "4": [62.589928057553955, 87.0, 139.0], "5": [26.666666666666668, 12.0, 45.0], "6": [80.45977011494253, 210.0, 261.0], "7": [NaN, 0.0, 0.0], "8": [75.0, 3.0, 4.0]}