precision,accuracy,recall,duration
0.34586085711585857,0.3191489361702128,0.44678756610973785,403.4298143386841
