{"0": [22.22222222222222, 8.0, 36.0], "1": [47.61904761904761, 10.0, 21.0], "2": [92.85714285714286, 39.0, 42.0], "3": [76.20578778135048, 237.0, 311.0], "4": [67.03296703296702, 61.0, 91.0], "5": [24.137931034482758, 7.0, 29.0], "6": [67.81609195402298, 118.0, 174.0], "7": [NaN, 0.0, 0.0], "8": [0.0, 0.0, 1.0]}