best_model_train_loss,best_model_val_loss,best_model_train_acc,best_model_val_acc,best_model_learning_rate,best_model_nb_epoch
0.4630018174648285,0.5702655911445618,0.44986656308174133,0.33191490173339844,0.0010000000474974513,98
