precision,accuracy,recall,duration
0.32546204444505233,0.3659574468085106,0.48416466893201193,418.90935015678406
