{"0": [48.92857142857142, 274.0, 560.0], "1": [46.808510638297875, 22.0, 47.0], "2": [97.67441860465115, 42.0, 43.0], "3": [79.88338192419825, 274.0, 343.0], "4": [86.0, 129.0, 150.0], "5": [35.674157303370784, 127.0, 356.0], "6": [56.6003616636528, 313.0, 553.0], "7": [94.11764705882352, 16.0, 17.0], "8": [66.66666666666666, 12.0, 18.0]}