{"0": [13.88888888888889, 5.0, 36.0], "1": [42.857142857142854, 9.0, 21.0], "2": [83.33333333333334, 35.0, 42.0], "3": [64.95176848874597, 202.0, 311.0], "4": [49.45054945054945, 45.0, 91.0], "5": [27.586206896551722, 8.0, 29.0], "6": [82.18390804597702, 143.0, 174.0], "7": [NaN, 0.0, 0.0], "8": [0.0, 0.0, 1.0]}