precision,accuracy,recall,duration
0.2592367361045906,0.31841652323580033,0.3199564437633385,414.05594205856323
