{"0": [43.75, 49.0, 112.0], "1": [70.93023255813954, 61.0, 86.0], "2": [85.48387096774194, 159.0, 186.0], "3": [60.83086053412463, 410.0, 674.0], "4": [78.8679245283019, 209.0, 265.0], "5": [48.54368932038835, 50.0, 103.0], "6": [97.6303317535545, 206.0, 211.0], "7": [88.88888888888889, 8.0, 9.0], "8": [37.11340206185567, 36.0, 97.0]}