{"0": [20.32085561497326, 38.0, 187.0], "1": [42.857142857142854, 6.0, 14.0], "2": [86.66666666666667, 13.0, 15.0], "3": [77.19298245614034, 88.0, 114.0], "4": [57.99999999999999, 29.0, 50.0], "5": [85.34482758620689, 99.0, 116.0], "6": [67.3913043478261, 124.0, 184.0], "7": [100.0, 4.0, 4.0], "8": [100.0, 7.0, 7.0]}