{"0": [59.35828877005348, 111.0, 187.0], "1": [100.0, 14.0, 14.0], "2": [93.33333333333333, 14.0, 15.0], "3": [78.94736842105263, 90.0, 114.0], "4": [80.0, 40.0, 50.0], "5": [33.62068965517241, 39.0, 116.0], "6": [69.56521739130434, 128.0, 184.0], "7": [0.0, 0.0, 4.0], "8": [100.0, 7.0, 7.0]}