{"0": [51.24999999999999, 287.0, 560.0], "1": [36.17021276595745, 17.0, 47.0], "2": [72.09302325581395, 31.0, 43.0], "3": [58.01749271137027, 199.0, 343.0], "4": [96.66666666666667, 145.0, 150.0], "5": [37.359550561797754, 133.0, 356.0], "6": [56.05786618444847, 310.0, 553.0], "7": [76.47058823529412, 13.0, 17.0], "8": [55.55555555555556, 10.0, 18.0]}