precision,accuracy,recall,duration
0.3253899028184995,0.33191489361702126,0.4382280799474132,326.89997363090515
