precision,accuracy,recall,duration
0.38059077321412726,0.3945386064030132,0.31134991902001247,602.8861479759216
