{"0": [50.70422535211267, 144.0, 284.0], "1": [48.0, 12.0, 25.0], "2": [63.63636363636363, 14.0, 22.0], "3": [82.38636363636364, 145.0, 176.0], "4": [87.34177215189874, 69.0, 79.0], "5": [40.43715846994536, 74.0, 183.0], "6": [63.87959866220736, 191.0, 299.0], "7": [87.5, 7.0, 8.0], "8": [100.0, 8.0, 8.0]}