precision,accuracy,recall,duration
0.3225310007910481,0.2936170212765957,0.4484670764468969,403.41613245010376
