{"0": [25.0, 9.0, 36.0], "1": [33.33333333333333, 7.0, 21.0], "2": [88.09523809523809, 37.0, 42.0], "3": [76.84887459807074, 239.0, 311.0], "4": [72.52747252747253, 66.0, 91.0], "5": [24.137931034482758, 7.0, 29.0], "6": [76.4367816091954, 133.0, 174.0], "7": [NaN, 0.0, 0.0], "8": [0.0, 0.0, 1.0]}