precision,accuracy,recall,duration
0.34786721928985337,0.3304964539007092,0.47555708867014623,414.85537981987
