{"0": [61.07142857142858, 342.0, 560.0], "1": [63.829787234042556, 30.0, 47.0], "2": [48.837209302325576, 21.0, 43.0], "3": [88.92128279883383, 305.0, 343.0], "4": [99.33333333333333, 149.0, 150.0], "5": [39.60674157303371, 141.0, 356.0], "6": [54.97287522603978, 304.0, 553.0], "7": [82.35294117647058, 14.0, 17.0], "8": [66.66666666666666, 12.0, 18.0]}