precision,accuracy,recall,duration
0.36535609773083433,0.33191489361702126,0.4516645274212632,403.783011674881
