precision,accuracy,recall,duration
0.33770765006347975,0.37446808510638296,0.3773208007232474,426.37899351119995
