{"0": [50.17857142857143, 281.0, 560.0], "1": [38.297872340425535, 18.0, 47.0], "2": [95.34883720930233, 41.0, 43.0], "3": [59.183673469387756, 203.0, 343.0], "4": [94.0, 141.0, 150.0], "5": [41.29213483146067, 147.0, 356.0], "6": [57.14285714285714, 316.0, 553.0], "7": [82.35294117647058, 14.0, 17.0], "8": [55.55555555555556, 10.0, 18.0]}