{"0": [22.22222222222222, 8.0, 36.0], "1": [52.38095238095239, 11.0, 21.0], "2": [78.57142857142857, 33.0, 42.0], "3": [67.20257234726688, 209.0, 311.0], "4": [41.75824175824176, 38.0, 91.0], "5": [20.689655172413794, 6.0, 29.0], "6": [77.58620689655173, 135.0, 174.0], "7": [NaN, 0.0, 0.0], "8": [100.0, 1.0, 1.0]}