precision,accuracy,recall,duration
0.23736699850436566,0.350844277673546,0.29832943783347043,73.511465549469
