{"0": [25.0, 8.0, 32.0], "1": [100.0, 19.0, 19.0], "2": [95.65217391304348, 44.0, 46.0], "3": [60.40816326530612, 148.0, 245.0], "4": [80.59701492537313, 54.0, 67.0], "5": [16.0, 4.0, 25.0], "6": [68.13186813186813, 62.0, 91.0], "7": [100.0, 1.0, 1.0], "8": [85.71428571428571, 6.0, 7.0]}