precision,accuracy,recall,duration
0.40840850656458444,0.44508118433619864,0.39462941117593214,623.05184674263
