{"0": [59.49820788530465, 166.0, 279.0], "1": [28.000000000000004, 7.0, 25.0], "2": [85.71428571428571, 18.0, 21.0], "3": [56.72514619883041, 97.0, 171.0], "4": [88.60759493670885, 70.0, 79.0], "5": [34.831460674157306, 62.0, 178.0], "6": [53.956834532374096, 150.0, 278.0], "7": [37.5, 3.0, 8.0], "8": [100.0, 8.0, 8.0]}