precision,accuracy,recall,duration
0.32070711448513345,0.37794299876084264,0.251918088995992,399.0803027153015
