{"0": [17.616580310880828, 34.0, 193.0], "1": [100.0, 59.0, 59.0], "2": [70.83333333333334, 17.0, 24.0], "3": [82.35294117647058, 98.0, 119.0], "4": [84.5360824742268, 82.0, 97.0], "5": [47.82608695652174, 44.0, 92.0], "6": [70.1086956521739, 129.0, 184.0], "7": [100.0, 39.0, 39.0], "8": [NaN, 0.0, 0.0]}