precision,accuracy,recall,duration
0.2837441410242683,0.2842304060434372,0.33544652762937754,601.932859659195
