{"0": [68.51851851851852, 37.0, 54.0], "1": [33.33333333333333, 11.0, 33.0], "2": [75.86206896551724, 44.0, 58.0], "3": [81.50537634408602, 379.0, 465.0], "4": [86.33093525179856, 120.0, 139.0], "5": [17.77777777777778, 8.0, 45.0], "6": [59.77011494252874, 156.0, 261.0], "7": [NaN, 0.0, 0.0], "8": [75.0, 3.0, 4.0]}