best_model_train_loss,best_model_val_loss,best_model_train_acc,best_model_val_acc,best_model_learning_rate,best_model_nb_epoch
0.5276078581809998,0.7013862729072571,0.4165687561035156,0.3204941749572754,0.0010000000474974513,113
