precision,accuracy,recall,duration
0.37928428566724715,0.3379360465116279,0.3728820301456572,1103.5303115844727
