{"0": [82.02247191011236, 73.0, 89.0], "1": [51.724137931034484, 30.0, 58.0], "2": [93.61702127659575, 132.0, 141.0], "3": [55.38194444444444, 319.0, 576.0], "4": [82.25806451612904, 153.0, 186.0], "5": [30.666666666666664, 23.0, 75.0], "6": [80.09950248756219, 161.0, 201.0], "7": [50.0, 3.0, 6.0], "8": [38.63636363636363, 17.0, 44.0]}