precision,accuracy,recall,duration
0.2920842632245047,0.2865248226950355,0.37752805398885897,405.47556734085083
