{"0": [16.666666666666664, 6.0, 36.0], "1": [33.33333333333333, 7.0, 21.0], "2": [80.95238095238095, 34.0, 42.0], "3": [70.41800643086816, 219.0, 311.0], "4": [82.41758241758241, 75.0, 91.0], "5": [100.0, 29.0, 29.0], "6": [76.4367816091954, 133.0, 174.0], "7": [NaN, 0.0, 0.0], "8": [0.0, 0.0, 1.0]}