precision,accuracy,recall,duration
0.3606599686700672,0.3598466698610446,0.32863400160275597,947.2567670345306
