{"0": [55.53571428571429, 311.0, 560.0], "1": [91.48936170212765, 43.0, 47.0], "2": [97.67441860465115, 42.0, 43.0], "3": [84.8396501457726, 291.0, 343.0], "4": [90.66666666666666, 136.0, 150.0], "5": [44.9438202247191, 160.0, 356.0], "6": [61.30198915009042, 339.0, 553.0], "7": [0.0, 0.0, 17.0], "8": [77.77777777777779, 14.0, 18.0]}