{"0": [62.32142857142857, 349.0, 560.0], "1": [34.04255319148936, 16.0, 47.0], "2": [97.67441860465115, 42.0, 43.0], "3": [89.21282798833819, 306.0, 343.0], "4": [90.0, 135.0, 150.0], "5": [41.01123595505618, 146.0, 356.0], "6": [55.51537070524412, 307.0, 553.0], "7": [70.58823529411765, 12.0, 17.0], "8": [72.22222222222221, 13.0, 18.0]}