precision,accuracy,recall,duration
0.2764146520241243,0.39209225700164746,0.29241486812441075,476.21471786499023
