{"0": [14.53287197231834, 42.0, 289.0], "1": [100.0, 96.0, 96.0], "2": [37.5, 12.0, 32.0], "3": [74.56647398843931, 129.0, 173.0], "4": [100.0, 147.0, 147.0], "5": [37.5, 54.0, 144.0], "6": [72.72727272727273, 200.0, 275.0], "7": [100.0, 58.0, 58.0], "8": [NaN, 0.0, 0.0]}