precision,accuracy,recall,duration
0.3155918709417825,0.3574468085106383,0.5004231709150954,419.6510536670685
