{"0": [56.42857142857143, 316.0, 560.0], "1": [48.93617021276596, 23.0, 47.0], "2": [95.34883720930233, 41.0, 43.0], "3": [74.34402332361516, 255.0, 343.0], "4": [87.33333333333333, 131.0, 150.0], "5": [43.53932584269663, 155.0, 356.0], "6": [56.6003616636528, 313.0, 553.0], "7": [82.35294117647058, 14.0, 17.0], "8": [50.0, 9.0, 18.0]}