{"0": [5.555555555555555, 2.0, 36.0], "1": [38.095238095238095, 8.0, 21.0], "2": [83.33333333333334, 35.0, 42.0], "3": [66.55948553054662, 207.0, 311.0], "4": [42.857142857142854, 39.0, 91.0], "5": [24.137931034482758, 7.0, 29.0], "6": [89.08045977011494, 155.0, 174.0], "7": [NaN, 0.0, 0.0], "8": [0.0, 0.0, 1.0]}