{"0": [51.84534270650264, 295.0, 569.0], "1": [44.680851063829785, 21.0, 47.0], "2": [79.54545454545455, 35.0, 44.0], "3": [82.67045454545455, 291.0, 352.0], "4": [74.66666666666667, 112.0, 150.0], "5": [39.178082191780824, 143.0, 365.0], "6": [49.158249158249156, 292.0, 594.0], "7": [17.647058823529413, 3.0, 17.0], "8": [83.33333333333334, 15.0, 18.0]}