{"0": [60.71428571428571, 340.0, 560.0], "1": [38.297872340425535, 18.0, 47.0], "2": [100.0, 43.0, 43.0], "3": [78.4256559766764, 269.0, 343.0], "4": [73.33333333333333, 110.0, 150.0], "5": [42.97752808988764, 153.0, 356.0], "6": [56.23869801084991, 311.0, 553.0], "7": [76.47058823529412, 13.0, 17.0], "8": [77.77777777777779, 14.0, 18.0]}