precision,accuracy,recall,duration
0.30716127102931723,0.3607176581680831,0.3502041912347987,1197.828145980835
