{"0": [98.13084112149532, 105.0, 107.0], "1": [36.507936507936506, 23.0, 63.0], "2": [85.08771929824562, 97.0, 114.0], "3": [69.989281886388, 653.0, 933.0], "4": [72.82229965156795, 209.0, 287.0], "5": [25.842696629213485, 23.0, 89.0], "6": [46.4354527938343, 241.0, 519.0], "7": [NaN, 0.0, 0.0], "8": [50.0, 3.0, 6.0]}