{"0": [59.75395430579965, 340.0, 569.0], "1": [34.04255319148936, 16.0, 47.0], "2": [93.18181818181817, 41.0, 44.0], "3": [87.5, 308.0, 352.0], "4": [98.0, 147.0, 150.0], "5": [40.821917808219176, 149.0, 365.0], "6": [58.92255892255892, 350.0, 594.0], "7": [76.47058823529412, 13.0, 17.0], "8": [55.55555555555556, 10.0, 18.0]}