precision,accuracy,recall,duration
0.38751195095546553,0.46121097445600756,0.3924261181278241,513.9596095085144
