{"0": [47.803163444639715, 272.0, 569.0], "1": [40.42553191489361, 19.0, 47.0], "2": [81.81818181818183, 36.0, 44.0], "3": [51.98863636363637, 183.0, 352.0], "4": [97.33333333333334, 146.0, 150.0], "5": [36.71232876712329, 134.0, 365.0], "6": [61.61616161616161, 366.0, 594.0], "7": [76.47058823529412, 13.0, 17.0], "8": [55.55555555555556, 10.0, 18.0]}