precision,accuracy,recall,duration
0.35142066426856766,0.310099573257468,0.31937113227660213,472.30201268196106
