{"0": [71.20418848167539, 136.0, 191.0], "1": [35.714285714285715, 5.0, 14.0], "2": [87.5, 14.0, 16.0], "3": [94.0677966101695, 111.0, 118.0], "4": [96.0, 48.0, 50.0], "5": [42.5, 51.0, 120.0], "6": [64.14141414141415, 127.0, 198.0], "7": [25.0, 1.0, 4.0], "8": [100.0, 7.0, 7.0]}