precision,accuracy,recall,duration
0.36154679227153175,0.37901293723047436,0.38000002252131404,936.6153695583344
