{"0": [48.75, 273.0, 560.0], "1": [40.42553191489361, 19.0, 47.0], "2": [90.69767441860465, 39.0, 43.0], "3": [90.0874635568513, 309.0, 343.0], "4": [90.66666666666666, 136.0, 150.0], "5": [44.10112359550562, 157.0, 356.0], "6": [62.74864376130199, 347.0, 553.0], "7": [29.411764705882355, 5.0, 17.0], "8": [61.111111111111114, 11.0, 18.0]}