{"0": [52.32142857142858, 293.0, 560.0], "1": [48.93617021276596, 23.0, 47.0], "2": [97.67441860465115, 42.0, 43.0], "3": [55.68513119533528, 191.0, 343.0], "4": [77.33333333333333, 116.0, 150.0], "5": [43.258426966292134, 154.0, 356.0], "6": [56.23869801084991, 311.0, 553.0], "7": [76.47058823529412, 13.0, 17.0], "8": [61.111111111111114, 11.0, 18.0]}