precision,accuracy,recall,duration
0.2989488157804673,0.2844950213371266,0.31736290296256653,320.55612301826477
