precision,accuracy,recall,duration
0.35015085005583013,0.4164278892072588,0.38816799926857476,599.1930515766144
