{"0": [45.878136200716845, 128.0, 279.0], "1": [40.0, 10.0, 25.0], "2": [85.71428571428571, 18.0, 21.0], "3": [78.3625730994152, 134.0, 171.0], "4": [86.07594936708861, 68.0, 79.0], "5": [39.8876404494382, 71.0, 178.0], "6": [62.23021582733813, 173.0, 278.0], "7": [25.0, 2.0, 8.0], "8": [87.5, 7.0, 8.0]}