precision,accuracy,recall,duration
0.3056331244659072,0.3920595533498759,0.2884461873696901,397.0359630584717
