{"0": [15.544041450777202, 30.0, 193.0], "1": [100.0, 59.0, 59.0], "2": [41.66666666666667, 10.0, 24.0], "3": [74.35897435897436, 87.0, 117.0], "4": [97.95918367346938, 96.0, 98.0], "5": [38.04347826086957, 35.0, 92.0], "6": [72.82608695652173, 134.0, 184.0], "7": [100.0, 39.0, 39.0], "8": [NaN, 0.0, 0.0]}