best_model_train_loss,best_model_val_loss,best_model_train_acc,best_model_val_acc,best_model_learning_rate,best_model_nb_epoch
0.46948638558387756,1.2173161506652832,0.36797967553138733,0.27667611837387085,0.0010000000474974513,99
