precision,accuracy,recall,duration
0.3050855535890246,0.2766761095372993,0.29254273416358656,614.3656148910522
