{"0": [27.77777777777778, 15.0, 54.0], "1": [87.87878787878788, 29.0, 33.0], "2": [96.55172413793103, 56.0, 58.0], "3": [78.70967741935485, 366.0, 465.0], "4": [58.992805755395686, 82.0, 139.0], "5": [35.55555555555556, 16.0, 45.0], "6": [76.24521072796935, 199.0, 261.0], "7": [NaN, 0.0, 0.0], "8": [75.0, 3.0, 4.0]}