{"0": [51.60714285714286, 289.0, 560.0], "1": [46.808510638297875, 22.0, 47.0], "2": [88.37209302325581, 38.0, 43.0], "3": [58.01749271137027, 199.0, 343.0], "4": [87.33333333333333, 131.0, 150.0], "5": [30.337078651685395, 108.0, 356.0], "6": [51.71790235081374, 286.0, 553.0], "7": [58.82352941176471, 10.0, 17.0], "8": [83.33333333333334, 15.0, 18.0]}