precision,accuracy,recall,duration
0.3715124037374939,0.3475177304964539,0.4894436629200276,413.93131470680237
