{"0": [19.444444444444446, 7.0, 36.0], "1": [38.095238095238095, 8.0, 21.0], "2": [59.523809523809526, 25.0, 42.0], "3": [68.48874598070739, 213.0, 311.0], "4": [79.12087912087912, 72.0, 91.0], "5": [20.689655172413794, 6.0, 29.0], "6": [74.13793103448276, 129.0, 174.0], "7": [NaN, 0.0, 0.0], "8": [0.0, 0.0, 1.0]}