best_model_train_loss,best_model_val_loss,best_model_train_acc,best_model_val_acc,best_model_learning_rate,best_model_nb_epoch
0.4412458837032318,0.5099549889564514,0.42508578300476074,0.3446808457374573,0.0010000000474974513,99
