precision,accuracy,recall,duration
0.358393150630614,0.3446808510638298,0.4828772746132394,405.81934785842896
