precision,accuracy,recall,duration
0.380928326505087,0.4250238777459408,0.326766361614266,596.0645134449005
