{"0": [47.67025089605735, 133.0, 279.0], "1": [28.000000000000004, 7.0, 25.0], "2": [80.95238095238095, 17.0, 21.0], "3": [75.43859649122807, 129.0, 171.0], "4": [89.87341772151899, 71.0, 79.0], "5": [38.20224719101123, 68.0, 178.0], "6": [58.27338129496403, 162.0, 278.0], "7": [87.5, 7.0, 8.0], "8": [100.0, 8.0, 8.0]}