precision,accuracy,recall,duration
0.24870135486628703,0.20804597701149424,0.2898942007945642,520.0214750766754
