{"0": [94.64285714285714, 53.0, 56.0], "1": [56.09756097560976, 23.0, 41.0], "2": [89.77272727272727, 79.0, 88.0], "3": [83.1858407079646, 282.0, 339.0], "4": [78.62595419847328, 103.0, 131.0], "5": [49.056603773584904, 26.0, 53.0], "6": [93.26923076923077, 97.0, 104.0], "7": [50.0, 2.0, 4.0], "8": [44.44444444444444, 24.0, 54.0]}