{"0": [58.392857142857146, 327.0, 560.0], "1": [97.87234042553192, 46.0, 47.0], "2": [41.86046511627907, 18.0, 43.0], "3": [73.46938775510205, 252.0, 343.0], "4": [100.0, 150.0, 150.0], "5": [39.04494382022472, 139.0, 356.0], "6": [56.9620253164557, 315.0, 553.0], "7": [94.11764705882352, 16.0, 17.0], "8": [55.55555555555556, 10.0, 18.0]}