best_model_train_loss,best_model_val_loss,best_model_train_acc,best_model_val_acc,best_model_learning_rate,best_model_nb_epoch
0.46453917026519775,0.7394374012947083,0.4343074858188629,0.33899906277656555,0.0010000000474974513,82
