precision,accuracy,recall,duration
0.29997718989287464,0.3323890462700661,0.29258388322029405,1202.1859211921692
