{"0": [100.0, 107.0, 107.0], "1": [38.095238095238095, 24.0, 63.0], "2": [87.71929824561403, 100.0, 114.0], "3": [67.95284030010717, 634.0, 933.0], "4": [82.92682926829268, 238.0, 287.0], "5": [21.34831460674157, 19.0, 89.0], "6": [55.29865125240848, 287.0, 519.0], "7": [NaN, 0.0, 0.0], "8": [83.33333333333334, 5.0, 6.0]}