{"0": [56.54450261780105, 108.0, 191.0], "1": [35.714285714285715, 5.0, 14.0], "2": [93.75, 15.0, 16.0], "3": [81.35593220338984, 96.0, 118.0], "4": [100.0, 50.0, 50.0], "5": [37.5, 45.0, 120.0], "6": [74.74747474747475, 148.0, 198.0], "7": [50.0, 2.0, 4.0], "8": [71.42857142857143, 5.0, 7.0]}