{"0": [38.46153846153847, 10.0, 26.0], "1": [51.724137931034484, 15.0, 29.0], "2": [88.23529411764706, 30.0, 34.0], "3": [75.22522522522522, 167.0, 222.0], "4": [50.66666666666667, 38.0, 75.0], "5": [100.0, 26.0, 26.0], "6": [80.18018018018019, 89.0, 111.0], "7": [NaN, 0.0, 0.0], "8": [50.0, 5.0, 10.0]}