precision,accuracy,recall,duration
0.2843336674219027,0.36585365853658536,0.31567477916362296,157.05438423156738
