{"0": [57.21925133689839, 107.0, 187.0], "1": [85.71428571428571, 12.0, 14.0], "2": [100.0, 15.0, 15.0], "3": [68.42105263157895, 78.0, 114.0], "4": [88.0, 44.0, 50.0], "5": [34.48275862068966, 40.0, 116.0], "6": [70.1086956521739, 129.0, 184.0], "7": [0.0, 0.0, 4.0], "8": [100.0, 7.0, 7.0]}