{"0": [50.43936731107206, 287.0, 569.0], "1": [42.5531914893617, 20.0, 47.0], "2": [90.9090909090909, 40.0, 44.0], "3": [71.5909090909091, 252.0, 352.0], "4": [84.66666666666667, 127.0, 150.0], "5": [40.0, 146.0, 365.0], "6": [63.804713804713806, 379.0, 594.0], "7": [23.52941176470588, 4.0, 17.0], "8": [72.22222222222221, 13.0, 18.0]}