precision,accuracy,recall,duration
0.3435155174948227,0.3333333333333333,0.46126880139335324,407.60594630241394
