precision,accuracy,recall,duration
0.3466810962955832,0.39971550497866287,0.3460159469344344,324.0500020980835
