{"0": [43.97905759162304, 84.0, 191.0], "1": [42.857142857142854, 6.0, 14.0], "2": [81.25, 13.0, 16.0], "3": [76.27118644067797, 90.0, 118.0], "4": [82.0, 41.0, 50.0], "5": [45.0, 54.0, 120.0], "6": [70.70707070707071, 140.0, 198.0], "7": [50.0, 2.0, 4.0], "8": [100.0, 7.0, 7.0]}