precision,accuracy,recall,duration
0.3130514178160236,0.41563275434243174,0.3032599549833161,400.2281873226166
