precision,accuracy,recall,duration
0.36877134601045536,0.5487228003784295,0.38296067479614826,1132.0148811340332
