{"0": [33.91915641476274, 193.0, 569.0], "1": [59.57446808510638, 28.0, 47.0], "2": [88.63636363636364, 39.0, 44.0], "3": [49.43181818181818, 174.0, 352.0], "4": [80.0, 120.0, 150.0], "5": [34.52054794520548, 126.0, 365.0], "6": [45.11784511784512, 268.0, 594.0], "7": [70.58823529411765, 12.0, 17.0], "8": [94.44444444444444, 17.0, 18.0]}