best_model_train_loss,best_model_val_loss,best_model_train_acc,best_model_val_acc,best_model_learning_rate,best_model_nb_epoch
0.43222570419311523,1.7445124387741089,0.4379756450653076,0.44238975644111633,0.0010000000474974513,96
