precision,accuracy,recall,duration
0.38214246020332865,0.42105263157894735,0.3719273353391577,317.89199709892273
