{"0": [49.73821989528796, 95.0, 191.0], "1": [28.57142857142857, 4.0, 14.0], "2": [93.75, 15.0, 16.0], "3": [77.96610169491525, 92.0, 118.0], "4": [84.0, 42.0, 50.0], "5": [38.333333333333336, 46.0, 120.0], "6": [60.60606060606061, 120.0, 198.0], "7": [50.0, 2.0, 4.0], "8": [85.71428571428571, 6.0, 7.0]}