{"0": [59.75395430579965, 340.0, 569.0], "1": [46.808510638297875, 22.0, 47.0], "2": [93.18181818181817, 41.0, 44.0], "3": [80.9659090909091, 285.0, 352.0], "4": [86.66666666666667, 130.0, 150.0], "5": [39.726027397260275, 145.0, 365.0], "6": [58.080808080808076, 345.0, 594.0], "7": [23.52941176470588, 4.0, 17.0], "8": [66.66666666666666, 12.0, 18.0]}