precision,accuracy,recall,duration
0.3640966281760317,0.3801418439716312,0.48446260866337,425.5716361999512
