{"0": [22.22222222222222, 8.0, 36.0], "1": [38.095238095238095, 8.0, 21.0], "2": [83.33333333333334, 35.0, 42.0], "3": [61.09324758842444, 190.0, 311.0], "4": [61.53846153846154, 56.0, 91.0], "5": [20.689655172413794, 6.0, 29.0], "6": [77.01149425287356, 134.0, 174.0], "7": [NaN, 0.0, 0.0], "8": [0.0, 0.0, 1.0]}