precision,accuracy,recall,duration
0.36131441378661916,0.30711610486891383,0.366498749924488,333.49386763572693
