precision,accuracy,recall,duration
0.33048399073602047,0.3219858156028369,0.45669438276711805,418.49072527885437
