{"0": [60.535714285714285, 339.0, 560.0], "1": [36.17021276595745, 17.0, 47.0], "2": [86.04651162790698, 37.0, 43.0], "3": [77.25947521865889, 265.0, 343.0], "4": [92.66666666666666, 139.0, 150.0], "5": [40.73033707865169, 145.0, 356.0], "6": [56.9620253164557, 315.0, 553.0], "7": [76.47058823529412, 13.0, 17.0], "8": [72.22222222222221, 13.0, 18.0]}