{"0": [58.87521968365553, 335.0, 569.0], "1": [87.2340425531915, 41.0, 47.0], "2": [100.0, 44.0, 44.0], "3": [74.14772727272727, 261.0, 352.0], "4": [92.0, 138.0, 150.0], "5": [39.45205479452055, 144.0, 365.0], "6": [61.111111111111114, 363.0, 594.0], "7": [29.411764705882355, 5.0, 17.0], "8": [77.77777777777779, 14.0, 18.0]}