precision,accuracy,recall,duration
0.34154694675215513,0.4190207156308851,0.34987246373606173,603.7196476459503
