precision,accuracy,recall,duration
0.31098928796271313,0.2983947119924457,0.33732850693686245,1193.1200506687164
