{"0": [83.17757009345794, 89.0, 107.0], "1": [38.095238095238095, 24.0, 63.0], "2": [81.57894736842105, 93.0, 114.0], "3": [74.49088960342979, 695.0, 933.0], "4": [79.44250871080139, 228.0, 287.0], "5": [25.842696629213485, 23.0, 89.0], "6": [63.77649325626204, 331.0, 519.0], "7": [NaN, 0.0, 0.0], "8": [50.0, 3.0, 6.0]}