precision,accuracy,recall,duration
0.3210073884626314,0.32710280373831774,0.4420437089791928,56.44576716423035
