{"0": [20.0, 2.0, 10.0], "1": [40.0, 2.0, 5.0], "2": [100.0, 11.0, 11.0], "3": [70.83333333333334, 68.0, 96.0], "4": [80.64516129032258, 25.0, 31.0], "5": [9.090909090909092, 1.0, 11.0], "6": [70.0, 35.0, 50.0], "7": [NaN, 0.0, 0.0], "8": [NaN, 0.0, 0.0]}