{"0": [63.101604278074866, 118.0, 187.0], "1": [100.0, 14.0, 14.0], "2": [93.33333333333333, 14.0, 15.0], "3": [85.96491228070175, 98.0, 114.0], "4": [80.0, 40.0, 50.0], "5": [58.620689655172406, 68.0, 116.0], "6": [61.41304347826087, 113.0, 184.0], "7": [0.0, 0.0, 4.0], "8": [100.0, 7.0, 7.0]}