{"0": [54.6572934973638, 311.0, 569.0], "1": [44.680851063829785, 21.0, 47.0], "2": [68.18181818181817, 30.0, 44.0], "3": [74.7159090909091, 263.0, 352.0], "4": [96.66666666666667, 145.0, 150.0], "5": [39.178082191780824, 143.0, 365.0], "6": [59.25925925925925, 352.0, 594.0], "7": [82.35294117647058, 14.0, 17.0], "8": [55.55555555555556, 10.0, 18.0]}