{"0": [53.214285714285715, 298.0, 560.0], "1": [44.680851063829785, 21.0, 47.0], "2": [100.0, 43.0, 43.0], "3": [86.58892128279884, 297.0, 343.0], "4": [87.33333333333333, 131.0, 150.0], "5": [41.01123595505618, 146.0, 356.0], "6": [59.85533453887884, 331.0, 553.0], "7": [41.17647058823529, 7.0, 17.0], "8": [61.111111111111114, 11.0, 18.0]}