best_model_train_loss,best_model_val_loss,best_model_train_acc,best_model_val_acc,best_model_learning_rate,best_model_nb_epoch
0.43838343024253845,0.49593496322631836,0.4338543713092804,0.37730497121810913,0.0010000000474974513,89
