precision,accuracy,recall,duration
0.36233504347742884,0.31631205673758866,0.46614844776133907,406.130619764328
