precision,accuracy,recall,duration
0.4210567318363824,0.4370860927152318,0.4061025464938002,1193.6018183231354
