{"0": [53.25131810193322, 303.0, 569.0], "1": [42.5531914893617, 20.0, 47.0], "2": [86.36363636363636, 38.0, 44.0], "3": [65.625, 231.0, 352.0], "4": [89.33333333333333, 134.0, 150.0], "5": [40.0, 146.0, 365.0], "6": [57.07070707070707, 339.0, 594.0], "7": [58.82352941176471, 10.0, 17.0], "8": [44.44444444444444, 8.0, 18.0]}