precision,accuracy,recall,duration
0.39177455580453463,0.4246704331450094,0.32783816535052446,599.0435338020325
