precision,accuracy,recall,duration
0.3637197050907267,0.28753541076487255,0.3348426842290424,1211.4208614826202
