{"0": [91.58878504672897, 98.0, 107.0], "1": [39.682539682539684, 25.0, 63.0], "2": [83.33333333333334, 95.0, 114.0], "3": [84.994640943194, 793.0, 933.0], "4": [80.48780487804879, 231.0, 287.0], "5": [21.34831460674157, 19.0, 89.0], "6": [47.20616570327553, 245.0, 519.0], "7": [NaN, 0.0, 0.0], "8": [50.0, 3.0, 6.0]}