{"0": [51.40845070422535, 146.0, 284.0], "1": [28.000000000000004, 7.0, 25.0], "2": [95.45454545454545, 21.0, 22.0], "3": [76.13636363636364, 134.0, 176.0], "4": [87.34177215189874, 69.0, 79.0], "5": [36.0655737704918, 66.0, 183.0], "6": [58.19397993311036, 174.0, 299.0], "7": [75.0, 6.0, 8.0], "8": [100.0, 8.0, 8.0]}