{"0": [56.42857142857143, 316.0, 560.0], "1": [36.17021276595745, 17.0, 47.0], "2": [95.34883720930233, 41.0, 43.0], "3": [54.22740524781341, 186.0, 343.0], "4": [91.33333333333333, 137.0, 150.0], "5": [44.10112359550562, 157.0, 356.0], "6": [58.40867992766727, 323.0, 553.0], "7": [76.47058823529412, 13.0, 17.0], "8": [66.66666666666666, 12.0, 18.0]}