precision,accuracy,recall,duration
0.3122750804900906,0.251063829787234,0.42072116961239925,403.2834544181824
