{"0": [25.0, 9.0, 36.0], "1": [38.095238095238095, 8.0, 21.0], "2": [85.71428571428571, 36.0, 42.0], "3": [80.70739549839229, 251.0, 311.0], "4": [90.10989010989012, 82.0, 91.0], "5": [24.137931034482758, 7.0, 29.0], "6": [77.58620689655173, 135.0, 174.0], "7": [NaN, 0.0, 0.0], "8": [0.0, 0.0, 1.0]}