precision,accuracy,recall,duration
0.3684403845303582,0.4077212806026365,0.3830130959424071,604.256429195404
