{"0": [44.014084507042256, 125.0, 284.0], "1": [44.0, 11.0, 25.0], "2": [86.36363636363636, 19.0, 22.0], "3": [81.25, 143.0, 176.0], "4": [81.0126582278481, 64.0, 79.0], "5": [39.89071038251366, 73.0, 183.0], "6": [68.89632107023411, 206.0, 299.0], "7": [50.0, 4.0, 8.0], "8": [62.5, 5.0, 8.0]}