precision,accuracy,recall,duration
0.35263730658961384,0.4114002478314746,0.28656328346343357,402.93334579467773
