{"0": [19.689119170984455, 38.0, 193.0], "1": [100.0, 59.0, 59.0], "2": [58.333333333333336, 14.0, 24.0], "3": [84.03361344537815, 100.0, 119.0], "4": [77.31958762886599, 75.0, 97.0], "5": [42.391304347826086, 39.0, 92.0], "6": [60.32608695652174, 111.0, 184.0], "7": [100.0, 39.0, 39.0], "8": [NaN, 0.0, 0.0]}