best_model_train_loss,best_model_val_loss,best_model_train_acc,best_model_val_acc,best_model_learning_rate,best_model_nb_epoch
0.48287907242774963,0.6992293000221252,0.39858728647232056,0.3864915668964386,0.0010000000474974513,113
