precision,accuracy,recall,duration
0.2688343382985033,0.36397748592870544,0.2993579172507146,349.3912811279297
