{"0": [56.25, 18.0, 32.0], "1": [63.1578947368421, 12.0, 19.0], "2": [97.82608695652173, 45.0, 46.0], "3": [44.08163265306123, 108.0, 245.0], "4": [76.11940298507463, 51.0, 67.0], "5": [36.0, 9.0, 25.0], "6": [100.0, 91.0, 91.0], "7": [100.0, 1.0, 1.0], "8": [57.14285714285714, 4.0, 7.0]}