precision,accuracy,recall,duration
0.3650659296285335,0.30638297872340425,0.4684827546194291,427.01931858062744
