{"0": [22.22222222222222, 8.0, 36.0], "1": [28.57142857142857, 6.0, 21.0], "2": [85.71428571428571, 36.0, 42.0], "3": [78.77813504823152, 245.0, 311.0], "4": [78.02197802197803, 71.0, 91.0], "5": [17.24137931034483, 5.0, 29.0], "6": [67.81609195402298, 118.0, 174.0], "7": [NaN, 0.0, 0.0], "8": [0.0, 0.0, 1.0]}