precision,accuracy,recall,duration
0.3562244975089708,0.391674550614948,0.3337033837162877,1205.7570660114288
