{"0": [52.899824253075565, 301.0, 569.0], "1": [91.48936170212765, 43.0, 47.0], "2": [95.45454545454545, 42.0, 44.0], "3": [78.4090909090909, 276.0, 352.0], "4": [86.66666666666667, 130.0, 150.0], "5": [41.0958904109589, 150.0, 365.0], "6": [61.95286195286195, 368.0, 594.0], "7": [0.0, 0.0, 17.0], "8": [94.44444444444444, 17.0, 18.0]}