precision,accuracy,recall,duration
0.37059100308181747,0.4020715630885122,0.3351264971342844,622.6424570083618
