{"0": [60.2112676056338, 171.0, 284.0], "1": [32.0, 8.0, 25.0], "2": [77.27272727272727, 17.0, 22.0], "3": [65.9090909090909, 116.0, 176.0], "4": [91.13924050632912, 72.0, 79.0], "5": [36.0655737704918, 66.0, 183.0], "6": [64.21404682274247, 192.0, 299.0], "7": [75.0, 6.0, 8.0], "8": [100.0, 8.0, 8.0]}