{"0": [22.142857142857142, 124.0, 560.0], "1": [36.17021276595745, 17.0, 47.0], "2": [81.3953488372093, 35.0, 43.0], "3": [67.63848396501457, 232.0, 343.0], "4": [96.0, 144.0, 150.0], "5": [41.01123595505618, 146.0, 356.0], "6": [58.95117540687161, 326.0, 553.0], "7": [100.0, 17.0, 17.0], "8": [61.111111111111114, 11.0, 18.0]}