precision,accuracy,recall,duration
0.3836486201701666,0.26062322946175637,0.35125359531178585,596.4648857116699
