{"0": [31.48148148148148, 17.0, 54.0], "1": [45.45454545454545, 15.0, 33.0], "2": [89.65517241379311, 52.0, 58.0], "3": [81.29032258064515, 378.0, 465.0], "4": [89.20863309352518, 124.0, 139.0], "5": [26.666666666666668, 12.0, 45.0], "6": [70.11494252873564, 183.0, 261.0], "7": [NaN, 0.0, 0.0], "8": [50.0, 2.0, 4.0]}