best_model_train_loss,best_model_val_loss,best_model_train_acc,best_model_val_acc,best_model_learning_rate,best_model_nb_epoch
0.46428215503692627,1.2548986673355103,0.41028890013694763,0.39453861117362976,0.0010000000474974513,96
