best_model_train_loss,best_model_val_loss,best_model_train_acc,best_model_val_acc,best_model_learning_rate,best_model_nb_epoch
0.46796849370002747,0.5294970870018005,0.40320122241973877,0.283687949180603,0.0010000000474974513,98
