precision,accuracy,recall,duration
0.3483593182214071,0.3662900188323917,0.33179702162890845,601.147125005722
