precision,accuracy,recall,duration
0.35924826893976197,0.36879432624113473,0.4454402280935155,324.39080715179443
