{"0": [25.0, 9.0, 36.0], "1": [47.61904761904761, 10.0, 21.0], "2": [92.85714285714286, 39.0, 42.0], "3": [68.16720257234726, 212.0, 311.0], "4": [63.73626373626373, 58.0, 91.0], "5": [41.37931034482759, 12.0, 29.0], "6": [60.3448275862069, 105.0, 174.0], "7": [NaN, 0.0, 0.0], "8": [0.0, 0.0, 1.0]}