{"0": [54.22535211267606, 154.0, 284.0], "1": [32.0, 8.0, 25.0], "2": [77.27272727272727, 17.0, 22.0], "3": [89.20454545454545, 157.0, 176.0], "4": [96.20253164556962, 76.0, 79.0], "5": [39.89071038251366, 73.0, 183.0], "6": [65.88628762541806, 197.0, 299.0], "7": [50.0, 4.0, 8.0], "8": [100.0, 8.0, 8.0]}