{"0": [54.13005272407732, 308.0, 569.0], "1": [40.42553191489361, 19.0, 47.0], "2": [79.54545454545455, 35.0, 44.0], "3": [83.52272727272727, 294.0, 352.0], "4": [84.66666666666667, 127.0, 150.0], "5": [42.465753424657535, 155.0, 365.0], "6": [48.31649831649832, 287.0, 594.0], "7": [35.294117647058826, 6.0, 17.0], "8": [88.88888888888889, 16.0, 18.0]}