{"0": [45.0261780104712, 86.0, 191.0], "1": [50.0, 7.0, 14.0], "2": [100.0, 16.0, 16.0], "3": [72.88135593220339, 86.0, 118.0], "4": [84.0, 42.0, 50.0], "5": [36.666666666666664, 44.0, 120.0], "6": [66.66666666666666, 132.0, 198.0], "7": [50.0, 2.0, 4.0], "8": [100.0, 7.0, 7.0]}