precision,accuracy,recall,duration
0.3604341146614066,0.402081362346263,0.33811192262894324,1210.4403126239777
