{"0": [54.48154657293497, 310.0, 569.0], "1": [91.48936170212765, 43.0, 47.0], "2": [100.0, 44.0, 44.0], "3": [67.61363636363636, 238.0, 352.0], "4": [77.33333333333333, 116.0, 150.0], "5": [44.38356164383562, 162.0, 365.0], "6": [62.79461279461279, 373.0, 594.0], "7": [0.0, 0.0, 17.0], "8": [100.0, 18.0, 18.0]}