precision,accuracy,recall,duration
0.32534093081884036,0.37346553352219075,0.33381835143582,1206.3031830787659
