{"0": [84.11214953271028, 90.0, 107.0], "1": [36.507936507936506, 23.0, 63.0], "2": [84.21052631578947, 96.0, 114.0], "3": [65.05894962486603, 607.0, 933.0], "4": [73.86759581881533, 212.0, 287.0], "5": [19.101123595505616, 17.0, 89.0], "6": [53.371868978805395, 277.0, 519.0], "7": [NaN, 0.0, 0.0], "8": [83.33333333333334, 5.0, 6.0]}