precision,accuracy,recall,duration
0.33059414049283636,0.35241248817407755,0.35912275747824407,1201.8217463493347
