{"0": [51.66959578207382, 294.0, 569.0], "1": [40.42553191489361, 19.0, 47.0], "2": [86.36363636363636, 38.0, 44.0], "3": [97.44318181818183, 343.0, 352.0], "4": [90.0, 135.0, 150.0], "5": [44.109589041095894, 161.0, 365.0], "6": [67.67676767676768, 402.0, 594.0], "7": [29.411764705882355, 5.0, 17.0], "8": [72.22222222222221, 13.0, 18.0]}