{"0": [60.71428571428571, 340.0, 560.0], "1": [38.297872340425535, 18.0, 47.0], "2": [93.02325581395348, 40.0, 43.0], "3": [95.91836734693877, 329.0, 343.0], "4": [93.33333333333333, 140.0, 150.0], "5": [39.8876404494382, 142.0, 356.0], "6": [52.62206148282098, 291.0, 553.0], "7": [47.05882352941176, 8.0, 17.0], "8": [72.22222222222221, 13.0, 18.0]}