precision,accuracy,recall,duration
0.3336285157318563,0.3661360347322721,0.34378547246822083,399.7921326160431
