{"0": [46.524064171122994, 87.0, 187.0], "1": [42.857142857142854, 6.0, 14.0], "2": [93.33333333333333, 14.0, 15.0], "3": [79.82456140350878, 91.0, 114.0], "4": [86.0, 43.0, 50.0], "5": [38.793103448275865, 45.0, 116.0], "6": [78.26086956521739, 144.0, 184.0], "7": [25.0, 1.0, 4.0], "8": [100.0, 7.0, 7.0]}