precision,accuracy,recall,duration
0.2672753866670042,0.31990794016110474,0.33007991741282683,395.6198492050171
