{"0": [50.0, 28.0, 56.0], "1": [65.85365853658537, 27.0, 41.0], "2": [86.36363636363636, 76.0, 88.0], "3": [66.96165191740413, 227.0, 339.0], "4": [72.51908396946564, 95.0, 131.0], "5": [41.509433962264154, 22.0, 53.0], "6": [95.1923076923077, 99.0, 104.0], "7": [100.0, 4.0, 4.0], "8": [24.528301886792452, 13.0, 53.0]}