precision,accuracy,recall,duration
0.3267116217720905,0.4133709981167608,0.3265336947707864,633.1470439434052
