{"0": [52.112676056338024, 148.0, 284.0], "1": [48.0, 12.0, 25.0], "2": [95.45454545454545, 21.0, 22.0], "3": [78.4090909090909, 138.0, 176.0], "4": [75.9493670886076, 60.0, 79.0], "5": [30.601092896174865, 56.0, 183.0], "6": [64.88294314381271, 194.0, 299.0], "7": [62.5, 5.0, 8.0], "8": [100.0, 8.0, 8.0]}