precision,accuracy,recall,duration
0.3291343880416726,0.32907801418439714,0.46567838613335155,413.88755464553833
