{"0": [55.714285714285715, 312.0, 560.0], "1": [34.04255319148936, 16.0, 47.0], "2": [90.69767441860465, 39.0, 43.0], "3": [87.17201166180757, 299.0, 343.0], "4": [94.0, 141.0, 150.0], "5": [40.168539325842694, 143.0, 356.0], "6": [57.68535262206148, 319.0, 553.0], "7": [70.58823529411765, 12.0, 17.0], "8": [72.22222222222221, 13.0, 18.0]}