{"0": [19.444444444444446, 7.0, 36.0], "1": [47.61904761904761, 10.0, 21.0], "2": [71.42857142857143, 30.0, 42.0], "3": [65.91639871382637, 205.0, 311.0], "4": [61.53846153846154, 56.0, 91.0], "5": [24.137931034482758, 7.0, 29.0], "6": [90.80459770114942, 158.0, 174.0], "7": [NaN, 0.0, 0.0], "8": [0.0, 0.0, 1.0]}