best_model_train_loss,best_model_val_loss,best_model_train_acc,best_model_val_acc,best_model_learning_rate,best_model_nb_epoch
0.25579312443733215,2.0116007328033447,0.6880874037742615,0.46986818313598633,0.0010000000474974513,96
