precision,accuracy,recall,duration
0.32342302846331134,0.4576271186440678,0.29524465531301636,639.6507930755615
