{"0": [41.901408450704224, 119.0, 284.0], "1": [64.0, 16.0, 25.0], "2": [90.9090909090909, 20.0, 22.0], "3": [59.65909090909091, 105.0, 176.0], "4": [79.74683544303798, 63.0, 79.0], "5": [37.704918032786885, 69.0, 183.0], "6": [62.207357859531776, 186.0, 299.0], "7": [100.0, 8.0, 8.0], "8": [100.0, 8.0, 8.0]}