precision,accuracy,recall,duration
0.27277325885460807,0.2735166425470333,0.29448255706983156,396.52767539024353
