{"0": [98.93048128342245, 185.0, 187.0], "1": [35.714285714285715, 5.0, 14.0], "2": [86.66666666666667, 13.0, 15.0], "3": [78.94736842105263, 90.0, 114.0], "4": [86.0, 43.0, 50.0], "5": [36.206896551724135, 42.0, 116.0], "6": [62.5, 115.0, 184.0], "7": [50.0, 2.0, 4.0], "8": [100.0, 7.0, 7.0]}