best_model_train_loss,best_model_val_loss,best_model_train_acc,best_model_val_acc,best_model_learning_rate,best_model_nb_epoch
0.43501394987106323,1.1762844324111938,0.43078485131263733,0.46704331040382385,0.0010000000474974513,94
