best_model_train_loss,best_model_val_loss,best_model_train_acc,best_model_val_acc,best_model_learning_rate,best_model_nb_epoch
0.47241953015327454,0.6064437627792358,0.4315120577812195,0.2672332525253296,0.0010000000474974513,78
