precision,accuracy,recall,duration
0.35987833104059863,0.37488196411709157,0.3928227628284141,1212.659039258957
