precision,accuracy,recall,duration
0.3995067107620398,0.4425612052730697,0.36675553922336857,608.1516284942627
