{"0": [63.55140186915887, 68.0, 107.0], "1": [46.03174603174603, 29.0, 63.0], "2": [84.21052631578947, 96.0, 114.0], "3": [65.59485530546624, 612.0, 933.0], "4": [75.26132404181185, 216.0, 287.0], "5": [24.719101123595504, 22.0, 89.0], "6": [53.75722543352601, 279.0, 519.0], "7": [NaN, 0.0, 0.0], "8": [33.33333333333333, 2.0, 6.0]}