precision,accuracy,recall,duration
0.3541624771264675,0.38526912181303113,0.3569596620098931,1212.246256351471
