precision,accuracy,recall,duration
0.3892803807498109,0.4435028248587571,0.36158816598072957,596.2219386100769
