{"0": [48.943661971830984, 139.0, 284.0], "1": [24.0, 6.0, 25.0], "2": [77.27272727272727, 17.0, 22.0], "3": [68.18181818181817, 120.0, 176.0], "4": [87.34177215189874, 69.0, 79.0], "5": [38.79781420765027, 71.0, 183.0], "6": [58.52842809364549, 175.0, 299.0], "7": [75.0, 6.0, 8.0], "8": [100.0, 8.0, 8.0]}