{"0": [57.009345794392516, 61.0, 107.0], "1": [33.33333333333333, 21.0, 63.0], "2": [89.47368421052632, 102.0, 114.0], "3": [67.20257234726688, 627.0, 933.0], "4": [74.56445993031359, 214.0, 287.0], "5": [25.842696629213485, 23.0, 89.0], "6": [47.97687861271676, 249.0, 519.0], "7": [NaN, 0.0, 0.0], "8": [83.33333333333334, 5.0, 6.0]}