{"0": [60.105448154657296, 342.0, 569.0], "1": [40.42553191489361, 19.0, 47.0], "2": [88.63636363636364, 39.0, 44.0], "3": [74.14772727272727, 261.0, 352.0], "4": [98.66666666666667, 148.0, 150.0], "5": [36.16438356164384, 132.0, 365.0], "6": [63.468013468013474, 377.0, 594.0], "7": [70.58823529411765, 12.0, 17.0], "8": [66.66666666666666, 12.0, 18.0]}