{"0": [61.07142857142858, 342.0, 560.0], "1": [46.808510638297875, 22.0, 47.0], "2": [95.34883720930233, 41.0, 43.0], "3": [76.67638483965014, 263.0, 343.0], "4": [97.33333333333334, 146.0, 150.0], "5": [42.13483146067416, 150.0, 356.0], "6": [55.51537070524412, 307.0, 553.0], "7": [70.58823529411765, 12.0, 17.0], "8": [66.66666666666666, 12.0, 18.0]}