precision,accuracy,recall,duration
0.342367495191101,0.3694627709707823,0.3402608327268509,609.0830371379852
