precision,accuracy,recall,duration
0.3553026771081575,0.332378223495702,0.27097070911547005,590.7079179286957
