{"0": [33.33333333333333, 18.0, 54.0], "1": [45.45454545454545, 15.0, 33.0], "2": [74.13793103448276, 43.0, 58.0], "3": [64.73118279569893, 301.0, 465.0], "4": [95.0354609929078, 134.0, 141.0], "5": [26.666666666666668, 12.0, 45.0], "6": [54.406130268199234, 142.0, 261.0], "7": [NaN, 0.0, 0.0], "8": [100.0, 4.0, 4.0]}