{"0": [54.121863799283155, 151.0, 279.0], "1": [80.0, 20.0, 25.0], "2": [33.33333333333333, 7.0, 21.0], "3": [91.81286549707602, 157.0, 171.0], "4": [96.20253164556962, 76.0, 79.0], "5": [41.57303370786517, 74.0, 178.0], "6": [71.58273381294964, 199.0, 278.0], "7": [87.5, 7.0, 8.0], "8": [100.0, 8.0, 8.0]}