best_model_train_loss,best_model_val_loss,best_model_train_acc,best_model_val_acc,best_model_learning_rate,best_model_nb_epoch
0.4384845197200775,0.4990628659725189,0.43728554248809814,0.4000000059604645,0.0010000000474974513,99
