precision,accuracy,recall,duration
0.37534669619114175,0.4,0.505519276456557,403.57292318344116
