precision,accuracy,recall,duration
0.3739334555577971,0.42024832855778416,0.3073699025761314,599.2735619544983
