{"0": [44.80286738351255, 125.0, 279.0], "1": [28.000000000000004, 7.0, 25.0], "2": [95.23809523809523, 20.0, 21.0], "3": [85.96491228070175, 147.0, 171.0], "4": [87.34177215189874, 69.0, 79.0], "5": [38.764044943820224, 69.0, 178.0], "6": [55.75539568345324, 155.0, 278.0], "7": [87.5, 7.0, 8.0], "8": [100.0, 8.0, 8.0]}