{"0": [19.444444444444446, 7.0, 36.0], "1": [33.33333333333333, 7.0, 21.0], "2": [73.80952380952381, 31.0, 42.0], "3": [64.30868167202573, 200.0, 311.0], "4": [72.52747252747253, 66.0, 91.0], "5": [20.689655172413794, 6.0, 29.0], "6": [60.91954022988506, 106.0, 174.0], "7": [NaN, 0.0, 0.0], "8": [0.0, 0.0, 1.0]}