precision,accuracy,recall,duration
0.32218616752841367,0.3704775687409551,0.3309699946219689,401.85279512405396
