{"0": [55.61497326203209, 104.0, 187.0], "1": [85.71428571428571, 12.0, 14.0], "2": [100.0, 15.0, 15.0], "3": [85.96491228070175, 98.0, 114.0], "4": [78.0, 39.0, 50.0], "5": [26.72413793103448, 31.0, 116.0], "6": [70.1086956521739, 129.0, 184.0], "7": [0.0, 0.0, 4.0], "8": [100.0, 7.0, 7.0]}