precision,accuracy,recall,duration
0.3513219278670264,0.2544853635505194,0.2660780147774621,1210.5062928199768
