{"0": [31.775700934579437, 34.0, 107.0], "1": [93.65079365079364, 59.0, 63.0], "2": [85.08771929824562, 97.0, 114.0], "3": [73.63344051446946, 687.0, 933.0], "4": [92.6829268292683, 266.0, 287.0], "5": [60.67415730337079, 54.0, 89.0], "6": [73.02504816955684, 379.0, 519.0], "7": [NaN, 0.0, 0.0], "8": [50.0, 3.0, 6.0]}