{"0": [58.92857142857143, 330.0, 560.0], "1": [40.42553191489361, 19.0, 47.0], "2": [86.04651162790698, 37.0, 43.0], "3": [76.0932944606414, 261.0, 343.0], "4": [89.33333333333333, 134.0, 150.0], "5": [39.325842696629216, 140.0, 356.0], "6": [57.68535262206148, 319.0, 553.0], "7": [64.70588235294117, 11.0, 17.0], "8": [77.77777777777779, 14.0, 18.0]}