best_model_train_loss,best_model_val_loss,best_model_train_acc,best_model_val_acc,best_model_learning_rate,best_model_nb_epoch
0.4790472984313965,2.6070215702056885,0.3222983181476593,0.37411096692085266,0.0010000000474974513,88
