precision,accuracy,recall,duration
0.325562546070745,0.38975817923186346,0.3156112872112131,324.40387201309204
