{"0": [51.832460732984295, 99.0, 191.0], "1": [85.71428571428571, 12.0, 14.0], "2": [100.0, 16.0, 16.0], "3": [72.88135593220339, 86.0, 118.0], "4": [74.0, 37.0, 50.0], "5": [37.5, 45.0, 120.0], "6": [71.21212121212122, 141.0, 198.0], "7": [25.0, 1.0, 4.0], "8": [100.0, 7.0, 7.0]}