{"0": [87.95811518324608, 168.0, 191.0], "1": [35.714285714285715, 5.0, 14.0], "2": [93.75, 15.0, 16.0], "3": [89.83050847457628, 106.0, 118.0], "4": [50.0, 25.0, 50.0], "5": [91.66666666666666, 110.0, 120.0], "6": [71.71717171717171, 142.0, 198.0], "7": [75.0, 3.0, 4.0], "8": [100.0, 7.0, 7.0]}