precision,accuracy,recall,duration
0.3312458260561552,0.36891385767790263,0.4095336170890078,335.85425329208374
