{"0": [54.54545454545454, 18.0, 33.0], "1": [100.0, 19.0, 19.0], "2": [89.13043478260869, 41.0, 46.0], "3": [55.91836734693878, 137.0, 245.0], "4": [65.67164179104478, 44.0, 67.0], "5": [20.0, 5.0, 25.0], "6": [74.72527472527473, 68.0, 91.0], "7": [0.0, 0.0, 1.0], "8": [71.42857142857143, 5.0, 7.0]}