{"0": [60.71428571428571, 340.0, 560.0], "1": [46.808510638297875, 22.0, 47.0], "2": [95.34883720930233, 41.0, 43.0], "3": [93.00291545189503, 319.0, 343.0], "4": [94.66666666666667, 142.0, 150.0], "5": [41.01123595505618, 146.0, 356.0], "6": [55.51537070524412, 307.0, 553.0], "7": [58.82352941176471, 10.0, 17.0], "8": [50.0, 9.0, 18.0]}