{"0": [68.66197183098592, 195.0, 284.0], "1": [100.0, 25.0, 25.0], "2": [95.45454545454545, 21.0, 22.0], "3": [90.9090909090909, 160.0, 176.0], "4": [79.74683544303798, 63.0, 79.0], "5": [62.841530054644814, 115.0, 183.0], "6": [65.55183946488295, 196.0, 299.0], "7": [0.0, 0.0, 8.0], "8": [75.0, 6.0, 8.0]}