{"0": [60.71428571428571, 340.0, 560.0], "1": [31.914893617021278, 15.0, 47.0], "2": [93.02325581395348, 40.0, 43.0], "3": [69.97084548104957, 240.0, 343.0], "4": [98.66666666666667, 148.0, 150.0], "5": [40.44943820224719, 144.0, 356.0], "6": [56.6003616636528, 313.0, 553.0], "7": [70.58823529411765, 12.0, 17.0], "8": [72.22222222222221, 13.0, 18.0]}