precision,accuracy,recall,duration
0.3041078848443228,0.2874880611270296,0.31320966822828883,602.3456220626831
