{"0": [99.6415770609319, 278.0, 279.0], "1": [32.0, 8.0, 25.0], "2": [85.71428571428571, 18.0, 21.0], "3": [85.38011695906432, 146.0, 171.0], "4": [86.07594936708861, 68.0, 79.0], "5": [38.20224719101123, 68.0, 178.0], "6": [53.597122302158276, 149.0, 278.0], "7": [37.5, 3.0, 8.0], "8": [100.0, 8.0, 8.0]}