best_model_train_loss,best_model_val_loss,best_model_train_acc,best_model_val_acc,best_model_learning_rate,best_model_nb_epoch
0.44308510422706604,1.0124458074569702,0.4171428680419922,0.4035004675388336,0.0010000000474974513,99
