precision,accuracy,recall,duration
0.35925142182160397,0.4035004730368969,0.36085910203724575,1209.190663099289
