{"0": [46.748681898066785, 266.0, 569.0], "1": [40.42553191489361, 19.0, 47.0], "2": [86.36363636363636, 38.0, 44.0], "3": [78.69318181818183, 277.0, 352.0], "4": [90.0, 135.0, 150.0], "5": [35.61643835616438, 130.0, 365.0], "6": [69.52861952861953, 413.0, 594.0], "7": [41.17647058823529, 7.0, 17.0], "8": [88.88888888888889, 16.0, 18.0]}