precision,accuracy,recall,duration
0.32141799942331833,0.33191489361702126,0.46688891036934055,417.6599831581116
