{"0": [25.0, 9.0, 36.0], "1": [33.33333333333333, 7.0, 21.0], "2": [88.09523809523809, 37.0, 42.0], "3": [66.55948553054662, 207.0, 311.0], "4": [59.34065934065934, 54.0, 91.0], "5": [20.689655172413794, 6.0, 29.0], "6": [86.7816091954023, 151.0, 174.0], "7": [NaN, 0.0, 0.0], "8": [0.0, 0.0, 1.0]}