{"0": [18.928571428571427, 106.0, 560.0], "1": [40.42553191489361, 19.0, 47.0], "2": [53.48837209302325, 23.0, 43.0], "3": [57.434402332361515, 197.0, 343.0], "4": [97.33333333333334, 146.0, 150.0], "5": [41.57303370786517, 148.0, 356.0], "6": [53.16455696202531, 294.0, 553.0], "7": [100.0, 17.0, 17.0], "8": [77.77777777777779, 14.0, 18.0]}