precision,accuracy,recall,duration
0.3262110866559988,0.33900709219858155,0.46895110518202515,413.45571994781494
