{"0": [60.0, 336.0, 560.0], "1": [36.17021276595745, 17.0, 47.0], "2": [86.04651162790698, 37.0, 43.0], "3": [57.7259475218659, 198.0, 343.0], "4": [97.33333333333334, 146.0, 150.0], "5": [41.853932584269664, 149.0, 356.0], "6": [57.14285714285714, 316.0, 553.0], "7": [58.82352941176471, 10.0, 17.0], "8": [72.22222222222221, 13.0, 18.0]}