{"0": [22.22222222222222, 8.0, 36.0], "1": [42.857142857142854, 9.0, 21.0], "2": [88.09523809523809, 37.0, 42.0], "3": [70.41800643086816, 219.0, 311.0], "4": [42.857142857142854, 39.0, 91.0], "5": [27.586206896551722, 8.0, 29.0], "6": [83.9080459770115, 146.0, 174.0], "7": [NaN, 0.0, 0.0], "8": [0.0, 0.0, 1.0]}