precision,accuracy,recall,duration
0.20664790544759043,0.1624569460390356,0.26701421306785933,528.6319539546967
