{"0": [28.57142857142857, 32.0, 112.0], "1": [81.3953488372093, 70.0, 86.0], "2": [90.86021505376344, 169.0, 186.0], "3": [99.70282317979198, 671.0, 673.0], "4": [83.01886792452831, 220.0, 265.0], "5": [52.42718446601942, 54.0, 103.0], "6": [100.0, 211.0, 211.0], "7": [100.0, 9.0, 9.0], "8": [23.711340206185564, 23.0, 97.0]}