best_model_train_loss,best_model_val_loss,best_model_train_acc,best_model_val_acc,best_model_learning_rate,best_model_nb_epoch
0.4925132989883423,0.8959736824035645,0.3534942865371704,0.29225683212280273,0.0010000000474974513,91
