precision,accuracy,recall,duration
0.336693173675291,0.34702549575070823,0.3283920045532711,1199.1564090251923
