precision,accuracy,recall,duration
0.33041487765727046,0.26062322946175637,0.2928335043831257,1211.031367778778
