{"0": [29.906542056074763, 32.0, 107.0], "1": [77.77777777777779, 49.0, 63.0], "2": [85.96491228070175, 98.0, 114.0], "3": [68.16720257234726, 636.0, 933.0], "4": [65.1567944250871, 187.0, 287.0], "5": [46.06741573033708, 41.0, 89.0], "6": [64.73988439306359, 336.0, 519.0], "7": [NaN, 0.0, 0.0], "8": [66.66666666666666, 4.0, 6.0]}