{"0": [28.971962616822427, 31.0, 107.0], "1": [80.95238095238095, 51.0, 63.0], "2": [82.45614035087719, 94.0, 114.0], "3": [80.17148981779206, 748.0, 933.0], "4": [80.8362369337979, 232.0, 287.0], "5": [46.06741573033708, 41.0, 89.0], "6": [70.32755298651252, 365.0, 519.0], "7": [NaN, 0.0, 0.0], "8": [66.66666666666666, 4.0, 6.0]}