{"0": [60.632688927943754, 345.0, 569.0], "1": [55.319148936170215, 26.0, 47.0], "2": [88.63636363636364, 39.0, 44.0], "3": [96.875, 341.0, 352.0], "4": [90.0, 135.0, 150.0], "5": [52.602739726027394, 192.0, 365.0], "6": [56.22895622895623, 334.0, 594.0], "7": [35.294117647058826, 6.0, 17.0], "8": [77.77777777777779, 14.0, 18.0]}