{"0": [56.76625659050967, 323.0, 569.0], "1": [36.17021276595745, 17.0, 47.0], "2": [88.63636363636364, 39.0, 44.0], "3": [73.86363636363636, 260.0, 352.0], "4": [92.0, 138.0, 150.0], "5": [37.80821917808219, 138.0, 365.0], "6": [55.218855218855225, 328.0, 594.0], "7": [70.58823529411765, 12.0, 17.0], "8": [77.77777777777779, 14.0, 18.0]}