precision,accuracy,recall,duration
0.3507504855211681,0.4,0.49367874155359837,424.95531845092773
