{"0": [19.444444444444446, 7.0, 36.0], "1": [38.095238095238095, 8.0, 21.0], "2": [78.57142857142857, 33.0, 42.0], "3": [63.022508038585215, 196.0, 311.0], "4": [82.41758241758241, 75.0, 91.0], "5": [17.24137931034483, 5.0, 29.0], "6": [56.896551724137936, 99.0, 174.0], "7": [NaN, 0.0, 0.0], "8": [0.0, 0.0, 1.0]}