{"0": [57.85714285714286, 324.0, 560.0], "1": [36.17021276595745, 17.0, 47.0], "2": [60.46511627906976, 26.0, 43.0], "3": [61.224489795918366, 210.0, 343.0], "4": [98.66666666666667, 148.0, 150.0], "5": [36.51685393258427, 130.0, 356.0], "6": [58.77034358047016, 325.0, 553.0], "7": [47.05882352941176, 8.0, 17.0], "8": [83.33333333333334, 15.0, 18.0]}