precision,accuracy,recall,duration
0.346456649408438,0.37016052880075545,0.3644575615635475,613.71750664711
