precision,accuracy,recall,duration
0.37329450991727364,0.4037626628075253,0.3592910835983417,397.25225949287415
