{"0": [49.73262032085562, 93.0, 187.0], "1": [28.57142857142857, 4.0, 14.0], "2": [80.0, 12.0, 15.0], "3": [83.33333333333334, 95.0, 114.0], "4": [72.0, 36.0, 50.0], "5": [37.06896551724138, 43.0, 116.0], "6": [65.21739130434783, 120.0, 184.0], "7": [75.0, 3.0, 4.0], "8": [85.71428571428571, 6.0, 7.0]}