{"0": [68.51851851851852, 37.0, 54.0], "1": [30.303030303030305, 10.0, 33.0], "2": [82.75862068965517, 48.0, 58.0], "3": [67.52688172043011, 314.0, 465.0], "4": [71.94244604316546, 100.0, 139.0], "5": [20.0, 9.0, 45.0], "6": [55.938697318007655, 146.0, 261.0], "7": [NaN, 0.0, 0.0], "8": [75.0, 3.0, 4.0]}