precision,accuracy,recall,duration
0.381127361892262,0.3623819898329702,0.4102892280408071,784.4486794471741
