{"0": [80.89887640449437, 72.0, 89.0], "1": [89.65517241379311, 52.0, 58.0], "2": [73.75886524822694, 104.0, 141.0], "3": [54.24610051993067, 313.0, 577.0], "4": [76.88172043010752, 143.0, 186.0], "5": [22.666666666666664, 17.0, 75.0], "6": [79.60199004975125, 160.0, 201.0], "7": [16.666666666666664, 1.0, 6.0], "8": [36.36363636363637, 16.0, 44.0]}