{"0": [57.59162303664922, 110.0, 191.0], "1": [50.0, 7.0, 14.0], "2": [81.25, 13.0, 16.0], "3": [73.72881355932203, 87.0, 118.0], "4": [92.0, 46.0, 50.0], "5": [40.0, 48.0, 120.0], "6": [59.09090909090909, 117.0, 198.0], "7": [50.0, 2.0, 4.0], "8": [100.0, 7.0, 7.0]}