precision,accuracy,recall,duration
0.3615270468077461,0.5122989593188269,0.3626313274340254,1258.847707271576
