{"0": [42.35500878734622, 241.0, 569.0], "1": [65.95744680851064, 31.0, 47.0], "2": [93.18181818181817, 41.0, 44.0], "3": [58.23863636363637, 205.0, 352.0], "4": [82.66666666666667, 124.0, 150.0], "5": [36.71232876712329, 134.0, 365.0], "6": [43.77104377104377, 260.0, 594.0], "7": [58.82352941176471, 10.0, 17.0], "8": [94.44444444444444, 17.0, 18.0]}