precision,accuracy,recall,duration
0.2230773741581747,0.13333333333333333,0.2674922559516842,1154.4188821315765
