{"0": [100.0, 112.0, 112.0], "1": [67.44186046511628, 58.0, 86.0], "2": [86.02150537634408, 160.0, 186.0], "3": [96.57228017883756, 648.0, 671.0], "4": [92.45283018867924, 245.0, 265.0], "5": [51.45631067961165, 53.0, 103.0], "6": [97.1563981042654, 205.0, 211.0], "7": [44.44444444444444, 4.0, 9.0], "8": [23.711340206185564, 23.0, 97.0]}