precision,accuracy,recall,duration
0.3643335921915435,0.3659574468085106,0.46390151053454454,422.6510453224182
