{"0": [99.29701230228471, 565.0, 569.0], "1": [34.04255319148936, 16.0, 47.0], "2": [90.9090909090909, 40.0, 44.0], "3": [63.63636363636363, 224.0, 352.0], "4": [92.0, 138.0, 150.0], "5": [40.821917808219176, 149.0, 365.0], "6": [64.64646464646465, 384.0, 594.0], "7": [52.94117647058824, 9.0, 17.0], "8": [38.88888888888889, 7.0, 18.0]}