{"0": [61.511423550087876, 350.0, 569.0], "1": [59.57446808510638, 28.0, 47.0], "2": [93.18181818181817, 41.0, 44.0], "3": [65.3409090909091, 230.0, 352.0], "4": [81.33333333333333, 122.0, 150.0], "5": [44.93150684931507, 164.0, 365.0], "6": [59.25925925925925, 352.0, 594.0], "7": [70.58823529411765, 12.0, 17.0], "8": [83.33333333333334, 15.0, 18.0]}