precision,accuracy,recall,duration
0.2750996083869474,0.21624173748819642,0.24572196018505116,1195.444741487503
