{"0": [23.364485981308412, 25.0, 107.0], "1": [34.92063492063492, 22.0, 63.0], "2": [92.98245614035088, 106.0, 114.0], "3": [89.38906752411575, 834.0, 933.0], "4": [96.86411149825784, 278.0, 287.0], "5": [100.0, 89.0, 89.0], "6": [57.996146435452786, 301.0, 519.0], "7": [NaN, 0.0, 0.0], "8": [83.33333333333334, 5.0, 6.0]}