{"0": [60.632688927943754, 345.0, 569.0], "1": [53.191489361702125, 25.0, 47.0], "2": [90.9090909090909, 40.0, 44.0], "3": [94.88636363636364, 334.0, 352.0], "4": [88.66666666666667, 133.0, 150.0], "5": [41.64383561643836, 152.0, 365.0], "6": [62.62626262626263, 372.0, 594.0], "7": [5.88235294117647, 1.0, 17.0], "8": [83.33333333333334, 15.0, 18.0]}