best_model_train_loss,best_model_val_loss,best_model_train_acc,best_model_val_acc,best_model_learning_rate,best_model_nb_epoch
0.4407653212547302,0.5104220509529114,0.44224169850349426,0.3744680881500244,0.0010000000474974513,90
