precision,accuracy,recall,duration
0.3630210955327125,0.35602836879432626,0.4779066973415941,432.17603969573975
