precision,accuracy,recall,duration
0.36488503516597226,0.4280983916745506,0.35478541510945544,1235.7414228916168
