{"0": [56.239015817223205, 320.0, 569.0], "1": [48.93617021276596, 23.0, 47.0], "2": [88.63636363636364, 39.0, 44.0], "3": [71.875, 253.0, 352.0], "4": [66.0, 99.0, 150.0], "5": [43.56164383561644, 159.0, 365.0], "6": [52.861952861952865, 314.0, 594.0], "7": [58.82352941176471, 10.0, 17.0], "8": [94.44444444444444, 17.0, 18.0]}