precision,accuracy,recall,duration
0.21882550512367957,0.2102803738317757,0.23070237545151465,35.91313362121582
