{"0": [72.72727272727273, 8.0, 11.0], "1": [100.0, 5.0, 5.0], "2": [88.88888888888889, 16.0, 18.0], "3": [82.2429906542056, 88.0, 107.0], "4": [80.0, 20.0, 25.0], "5": [10.0, 1.0, 10.0], "6": [81.57894736842105, 31.0, 38.0], "7": [NaN, 0.0, 0.0], "8": [NaN, 0.0, 0.0]}