precision,accuracy,recall,duration
0.29932508421078274,0.3305004721435316,0.3557111699882911,598.9407711029053
