{"0": [55.55555555555556, 30.0, 54.0], "1": [39.39393939393939, 13.0, 33.0], "2": [86.20689655172413, 50.0, 58.0], "3": [75.6989247311828, 352.0, 465.0], "4": [71.22302158273382, 99.0, 139.0], "5": [17.77777777777778, 8.0, 45.0], "6": [59.00383141762452, 154.0, 261.0], "7": [NaN, 0.0, 0.0], "8": [75.0, 3.0, 4.0]}