precision,accuracy,recall,duration
0.3500735603368073,0.4011299435028249,0.35358207097308075,602.3385059833527
