{"0": [48.59154929577465, 138.0, 284.0], "1": [88.0, 22.0, 25.0], "2": [100.0, 22.0, 22.0], "3": [71.02272727272727, 125.0, 176.0], "4": [82.27848101265823, 65.0, 79.0], "5": [33.87978142076503, 62.0, 183.0], "6": [72.5752508361204, 217.0, 299.0], "7": [0.0, 0.0, 8.0], "8": [87.5, 7.0, 8.0]}