precision,accuracy,recall,duration
0.37430651125276104,0.4124293785310734,0.36250069019303227,611.3546738624573
