{"0": [40.74074074074074, 11.0, 27.0], "1": [62.06896551724138, 18.0, 29.0], "2": [91.17647058823529, 31.0, 34.0], "3": [76.57657657657657, 170.0, 222.0], "4": [49.333333333333336, 37.0, 75.0], "5": [100.0, 26.0, 26.0], "6": [74.77477477477478, 83.0, 111.0], "7": [NaN, 0.0, 0.0], "8": [60.0, 6.0, 10.0]}