{"0": [60.105448154657296, 342.0, 569.0], "1": [38.297872340425535, 18.0, 47.0], "2": [95.45454545454545, 42.0, 44.0], "3": [82.10227272727273, 289.0, 352.0], "4": [98.0, 147.0, 150.0], "5": [41.64383561643836, 152.0, 365.0], "6": [59.764309764309765, 355.0, 594.0], "7": [94.11764705882352, 16.0, 17.0], "8": [66.66666666666666, 12.0, 18.0]}