precision,accuracy,recall,duration
0.37633422913357817,0.4416195856873823,0.33987040711424554,600.8011653423309
