precision,accuracy,recall,duration
0.36393473298061196,0.3814919735599622,0.37915836367931166,1211.9970338344574
