{"0": [69.1588785046729, 74.0, 107.0], "1": [41.269841269841265, 26.0, 63.0], "2": [86.8421052631579, 99.0, 114.0], "3": [64.52304394426581, 602.0, 933.0], "4": [75.26132404181185, 216.0, 287.0], "5": [19.101123595505616, 17.0, 89.0], "6": [52.601156069364166, 273.0, 519.0], "7": [NaN, 0.0, 0.0], "8": [50.0, 3.0, 6.0]}