{"0": [50.0, 142.0, 284.0], "1": [32.0, 8.0, 25.0], "2": [90.9090909090909, 20.0, 22.0], "3": [56.81818181818182, 100.0, 176.0], "4": [91.13924050632912, 72.0, 79.0], "5": [38.25136612021858, 70.0, 183.0], "6": [63.21070234113713, 189.0, 299.0], "7": [75.0, 6.0, 8.0], "8": [100.0, 8.0, 8.0]}