{"0": [26.737967914438503, 50.0, 187.0], "1": [35.714285714285715, 5.0, 14.0], "2": [80.0, 12.0, 15.0], "3": [75.43859649122807, 86.0, 114.0], "4": [86.0, 43.0, 50.0], "5": [42.241379310344826, 49.0, 116.0], "6": [48.369565217391305, 89.0, 184.0], "7": [100.0, 4.0, 4.0], "8": [100.0, 7.0, 7.0]}