precision,accuracy,recall,duration
0.38523999675236004,0.3588652482269504,0.4777986369811036,399.62870740890503
