{"0": [58.92857142857143, 330.0, 560.0], "1": [31.914893617021278, 15.0, 47.0], "2": [97.67441860465115, 42.0, 43.0], "3": [75.80174927113703, 260.0, 343.0], "4": [88.66666666666667, 133.0, 150.0], "5": [40.73033707865169, 145.0, 356.0], "6": [58.04701627486437, 321.0, 553.0], "7": [70.58823529411765, 12.0, 17.0], "8": [77.77777777777779, 14.0, 18.0]}