{"0": [59.929701230228474, 341.0, 569.0], "1": [55.319148936170215, 26.0, 47.0], "2": [95.45454545454545, 42.0, 44.0], "3": [97.1590909090909, 342.0, 352.0], "4": [89.33333333333333, 134.0, 150.0], "5": [39.45205479452055, 144.0, 365.0], "6": [57.744107744107744, 343.0, 594.0], "7": [5.88235294117647, 1.0, 17.0], "8": [77.77777777777779, 14.0, 18.0]}