precision,accuracy,recall,duration
0.36749654300256335,0.36224245328222326,0.3381520024593317,936.5610468387604
