{"0": [49.28571428571429, 276.0, 560.0], "1": [61.702127659574465, 29.0, 47.0], "2": [83.72093023255815, 36.0, 43.0], "3": [91.25364431486881, 313.0, 343.0], "4": [91.33333333333333, 137.0, 150.0], "5": [45.78651685393258, 163.0, 356.0], "6": [64.73779385171791, 358.0, 553.0], "7": [41.17647058823529, 7.0, 17.0], "8": [66.66666666666666, 12.0, 18.0]}