{"0": [58.87521968365553, 335.0, 569.0], "1": [34.04255319148936, 16.0, 47.0], "2": [81.81818181818183, 36.0, 44.0], "3": [56.25, 198.0, 352.0], "4": [98.0, 147.0, 150.0], "5": [36.16438356164384, 132.0, 365.0], "6": [55.05050505050505, 327.0, 594.0], "7": [64.70588235294117, 11.0, 17.0], "8": [77.77777777777779, 14.0, 18.0]}