{"0": [26.923076923076923, 7.0, 26.0], "1": [44.827586206896555, 13.0, 29.0], "2": [82.35294117647058, 28.0, 34.0], "3": [91.8918918918919, 204.0, 222.0], "4": [78.66666666666666, 59.0, 75.0], "5": [100.0, 26.0, 26.0], "6": [79.27927927927928, 88.0, 111.0], "7": [NaN, 0.0, 0.0], "8": [60.0, 6.0, 10.0]}