precision,accuracy,recall,duration
0.32288036681281507,0.3661360347322721,0.31868191735645,396.4531760215759
