{"0": [41.711229946524064, 78.0, 187.0], "1": [42.857142857142854, 6.0, 14.0], "2": [93.33333333333333, 14.0, 15.0], "3": [78.0701754385965, 89.0, 114.0], "4": [86.0, 43.0, 50.0], "5": [35.3448275862069, 41.0, 116.0], "6": [85.86956521739131, 158.0, 184.0], "7": [50.0, 2.0, 4.0], "8": [100.0, 7.0, 7.0]}