precision,accuracy,recall,duration
0.34378586100863295,0.4049665711556829,0.350124326620463,599.7574973106384
