{"0": [45.51971326164875, 127.0, 279.0], "1": [48.0, 12.0, 25.0], "2": [85.71428571428571, 18.0, 21.0], "3": [77.77777777777779, 133.0, 171.0], "4": [86.07594936708861, 68.0, 79.0], "5": [35.95505617977528, 64.0, 178.0], "6": [68.34532374100719, 190.0, 278.0], "7": [37.5, 3.0, 8.0], "8": [100.0, 8.0, 8.0]}