precision,accuracy,recall,duration
0.3688609148353199,0.3812677388836329,0.3669289175689493,1190.7491357326508
