{"0": [49.73637961335677, 283.0, 569.0], "1": [46.808510638297875, 22.0, 47.0], "2": [95.45454545454545, 42.0, 44.0], "3": [89.48863636363636, 315.0, 352.0], "4": [88.0, 132.0, 150.0], "5": [43.83561643835616, 160.0, 365.0], "6": [63.63636363636363, 378.0, 594.0], "7": [17.647058823529413, 3.0, 17.0], "8": [77.77777777777779, 14.0, 18.0]}