precision,accuracy,recall,duration
0.3149672634703206,0.2570093457943925,0.2921554252199414,96.95635342597961
