precision,accuracy,recall,duration
0.27654842893533826,0.27909176915799433,0.32766966502175365,1193.8806827068329
