{"0": [100.0, 569.0, 569.0], "1": [36.17021276595745, 17.0, 47.0], "2": [95.45454545454545, 42.0, 44.0], "3": [77.55681818181817, 273.0, 352.0], "4": [88.66666666666667, 133.0, 150.0], "5": [39.726027397260275, 145.0, 365.0], "6": [61.95286195286195, 368.0, 594.0], "7": [52.94117647058824, 9.0, 17.0], "8": [55.55555555555556, 10.0, 18.0]}