precision,accuracy,recall,duration
0.3546535357010073,0.3546099290780142,0.444427063028534,420.22152829170227
