{"0": [22.22222222222222, 8.0, 36.0], "1": [47.61904761904761, 10.0, 21.0], "2": [88.09523809523809, 37.0, 42.0], "3": [63.665594855305464, 198.0, 311.0], "4": [94.5054945054945, 86.0, 91.0], "5": [20.689655172413794, 6.0, 29.0], "6": [63.2183908045977, 110.0, 174.0], "7": [NaN, 0.0, 0.0], "8": [0.0, 0.0, 1.0]}