precision,accuracy,recall,duration
0.311769245592775,0.37383177570093457,0.3868398704789834,129.81961154937744
