{"0": [50.0, 5.0, 10.0], "1": [20.0, 1.0, 5.0], "2": [100.0, 11.0, 11.0], "3": [60.416666666666664, 58.0, 96.0], "4": [54.83870967741935, 17.0, 31.0], "5": [27.27272727272727, 3.0, 11.0], "6": [78.0, 39.0, 50.0], "7": [NaN, 0.0, 0.0], "8": [NaN, 0.0, 0.0]}