precision,accuracy,recall,duration
0.29234291350158,0.35602836879432626,0.48065065957847863,415.38363814353943
