{"0": [8.333333333333332, 3.0, 36.0], "1": [38.095238095238095, 8.0, 21.0], "2": [90.47619047619048, 38.0, 42.0], "3": [63.344051446945336, 197.0, 311.0], "4": [51.64835164835166, 47.0, 91.0], "5": [27.586206896551722, 8.0, 29.0], "6": [87.93103448275862, 153.0, 174.0], "7": [NaN, 0.0, 0.0], "8": [0.0, 0.0, 1.0]}