{"0": [60.357142857142854, 338.0, 560.0], "1": [36.17021276595745, 17.0, 47.0], "2": [95.34883720930233, 41.0, 43.0], "3": [85.71428571428571, 294.0, 343.0], "4": [96.66666666666667, 145.0, 150.0], "5": [41.57303370786517, 148.0, 356.0], "6": [57.50452079566004, 318.0, 553.0], "7": [64.70588235294117, 11.0, 17.0], "8": [44.44444444444444, 8.0, 18.0]}