precision,accuracy,recall,duration
0.17960662525879917,0.14485981308411214,0.19077762375352142,64.87842988967896
