{"0": [90.9090909090909, 10.0, 11.0], "1": [80.0, 4.0, 5.0], "2": [100.0, 18.0, 18.0], "3": [90.65420560747664, 97.0, 107.0], "4": [72.0, 18.0, 25.0], "5": [0.0, 0.0, 10.0], "6": [94.73684210526315, 36.0, 38.0], "7": [NaN, 0.0, 0.0], "8": [NaN, 0.0, 0.0]}