{"0": [60.632688927943754, 345.0, 569.0], "1": [51.06382978723404, 24.0, 47.0], "2": [84.0909090909091, 37.0, 44.0], "3": [67.32954545454545, 237.0, 352.0], "4": [86.0, 129.0, 150.0], "5": [39.178082191780824, 143.0, 365.0], "6": [48.31649831649832, 287.0, 594.0], "7": [70.58823529411765, 12.0, 17.0], "8": [72.22222222222221, 13.0, 18.0]}