{"0": [71.20418848167539, 136.0, 191.0], "1": [100.0, 14.0, 14.0], "2": [100.0, 16.0, 16.0], "3": [75.42372881355932, 89.0, 118.0], "4": [50.0, 25.0, 50.0], "5": [84.16666666666667, 101.0, 120.0], "6": [72.22222222222221, 143.0, 198.0], "7": [0.0, 0.0, 4.0], "8": [100.0, 7.0, 7.0]}