{"0": [54.82142857142858, 307.0, 560.0], "1": [38.297872340425535, 18.0, 47.0], "2": [83.72093023255815, 36.0, 43.0], "3": [83.38192419825073, 286.0, 343.0], "4": [94.0, 141.0, 150.0], "5": [41.57303370786517, 148.0, 356.0], "6": [59.6745027124774, 330.0, 553.0], "7": [64.70588235294117, 11.0, 17.0], "8": [83.33333333333334, 15.0, 18.0]}