best_model_train_loss,best_model_val_loss,best_model_train_acc,best_model_val_acc,best_model_learning_rate,best_model_nb_epoch
0.4492078125476837,0.5306280255317688,0.44262295961380005,0.36595743894577026,0.0010000000474974513,94
