precision,accuracy,recall,duration
0.3457506791419205,0.32907801418439714,0.46686271790680994,421.3724744319916
