{"0": [61.07142857142858, 342.0, 560.0], "1": [38.297872340425535, 18.0, 47.0], "2": [97.67441860465115, 42.0, 43.0], "3": [95.91836734693877, 329.0, 343.0], "4": [96.0, 144.0, 150.0], "5": [44.662921348314605, 159.0, 356.0], "6": [56.6003616636528, 313.0, 553.0], "7": [82.35294117647058, 14.0, 17.0], "8": [50.0, 9.0, 18.0]}