{"0": [22.22222222222222, 8.0, 36.0], "1": [38.095238095238095, 8.0, 21.0], "2": [88.09523809523809, 37.0, 42.0], "3": [68.16720257234726, 212.0, 311.0], "4": [49.45054945054945, 45.0, 91.0], "5": [24.137931034482758, 7.0, 29.0], "6": [89.65517241379311, 156.0, 174.0], "7": [NaN, 0.0, 0.0], "8": [0.0, 0.0, 1.0]}