{"0": [33.155080213903744, 62.0, 187.0], "1": [57.14285714285714, 8.0, 14.0], "2": [80.0, 12.0, 15.0], "3": [65.78947368421053, 75.0, 114.0], "4": [88.0, 44.0, 50.0], "5": [38.793103448275865, 45.0, 116.0], "6": [62.5, 115.0, 184.0], "7": [100.0, 4.0, 4.0], "8": [100.0, 7.0, 7.0]}