{"0": [55.61497326203209, 104.0, 187.0], "1": [92.85714285714286, 13.0, 14.0], "2": [93.33333333333333, 14.0, 15.0], "3": [64.03508771929825, 73.0, 114.0], "4": [90.0, 45.0, 50.0], "5": [40.51724137931034, 47.0, 116.0], "6": [72.28260869565217, 133.0, 184.0], "7": [25.0, 1.0, 4.0], "8": [100.0, 7.0, 7.0]}