precision,accuracy,recall,duration
0.3951003486574929,0.3588652482269504,0.47809184965928136,408.38360047340393
