best_model_train_loss,best_model_val_loss,best_model_train_acc,best_model_val_acc,best_model_learning_rate,best_model_nb_epoch
0.4593835771083832,1.6428685188293457,0.40937021374702454,0.4536771774291992,0.0010000000474974513,90
