best_model_train_loss,best_model_val_loss,best_model_train_acc,best_model_val_acc,best_model_learning_rate,best_model_nb_epoch
0.47018808126449585,0.7377533912658691,0.4084221124649048,0.2704995274543762,0.0010000000474974513,91
