precision,accuracy,recall,duration
0.3632231343161887,0.38204393505253104,0.3042785086478582,588.9815068244934
