precision,accuracy,recall,duration
0.33500421525328383,0.25918944392082943,0.3145630344118551,610.1088869571686
