{"0": [29.629629629629626, 16.0, 54.0], "1": [66.66666666666666, 22.0, 33.0], "2": [68.96551724137932, 40.0, 58.0], "3": [86.88172043010752, 404.0, 465.0], "4": [97.87234042553192, 138.0, 141.0], "5": [35.55555555555556, 16.0, 45.0], "6": [56.32183908045977, 147.0, 261.0], "7": [NaN, 0.0, 0.0], "8": [75.0, 3.0, 4.0]}