{"0": [50.89605734767025, 142.0, 279.0], "1": [32.0, 8.0, 25.0], "2": [85.71428571428571, 18.0, 21.0], "3": [85.38011695906432, 146.0, 171.0], "4": [93.67088607594937, 74.0, 79.0], "5": [42.69662921348314, 76.0, 178.0], "6": [60.79136690647482, 169.0, 278.0], "7": [75.0, 6.0, 8.0], "8": [100.0, 8.0, 8.0]}