precision,accuracy,recall,duration
0.3409699294201483,0.3574468085106383,0.4658177796737134,401.44530844688416
