{"0": [22.22222222222222, 8.0, 36.0], "1": [28.57142857142857, 6.0, 21.0], "2": [85.71428571428571, 36.0, 42.0], "3": [61.09324758842444, 190.0, 311.0], "4": [91.20879120879121, 83.0, 91.0], "5": [20.689655172413794, 6.0, 29.0], "6": [71.26436781609196, 124.0, 174.0], "7": [NaN, 0.0, 0.0], "8": [0.0, 0.0, 1.0]}