precision,accuracy,recall,duration
0.3554662769741488,0.36703402012458075,0.3554375976655286,939.5388038158417
