{"0": [47.85714285714286, 268.0, 560.0], "1": [38.297872340425535, 18.0, 47.0], "2": [95.34883720930233, 41.0, 43.0], "3": [92.71137026239067, 318.0, 343.0], "4": [91.33333333333333, 137.0, 150.0], "5": [36.51685393258427, 130.0, 356.0], "6": [70.5244122965642, 390.0, 553.0], "7": [35.294117647058826, 6.0, 17.0], "8": [72.22222222222221, 13.0, 18.0]}