best_model_train_loss,best_model_val_loss,best_model_train_acc,best_model_val_acc,best_model_learning_rate,best_model_nb_epoch
0.46067824959754944,1.3844678401947021,0.3923761248588562,0.2521246373653412,0.0010000000474974513,98
