precision,accuracy,recall,duration
0.2773762908416901,0.2757318224740321,0.2504007926118292,600.1341643333435
