{"0": [27.77777777777778, 15.0, 54.0], "1": [45.45454545454545, 15.0, 33.0], "2": [89.65517241379311, 52.0, 58.0], "3": [82.58064516129032, 384.0, 465.0], "4": [69.7841726618705, 97.0, 139.0], "5": [100.0, 45.0, 45.0], "6": [59.38697318007663, 155.0, 261.0], "7": [NaN, 0.0, 0.0], "8": [100.0, 4.0, 4.0]}