best_model_train_loss,best_model_val_loss,best_model_train_acc,best_model_val_acc,best_model_learning_rate,best_model_nb_epoch
0.4610365331172943,0.7522037029266357,0.4439370930194855,0.38548538088798523,0.0010000000474974513,90
