precision,accuracy,recall,duration
0.33638674478542785,0.3600377002827521,0.31422600868767747,608.0778110027313
