precision,accuracy,recall,duration
0.3541492668338219,0.3661305581835383,0.3306545809264818,1202.6582615375519
