{"0": [56.06326889279437, 319.0, 569.0], "1": [40.42553191489361, 19.0, 47.0], "2": [86.36363636363636, 38.0, 44.0], "3": [90.9090909090909, 320.0, 352.0], "4": [96.66666666666667, 145.0, 150.0], "5": [42.19178082191781, 154.0, 365.0], "6": [61.111111111111114, 363.0, 594.0], "7": [70.58823529411765, 12.0, 17.0], "8": [61.111111111111114, 11.0, 18.0]}