{"0": [29.629629629629626, 16.0, 54.0], "1": [54.54545454545454, 18.0, 33.0], "2": [82.75862068965517, 48.0, 58.0], "3": [62.795698924731184, 292.0, 465.0], "4": [92.90780141843972, 131.0, 141.0], "5": [35.55555555555556, 16.0, 45.0], "6": [59.00383141762452, 154.0, 261.0], "7": [NaN, 0.0, 0.0], "8": [100.0, 4.0, 4.0]}