precision,accuracy,recall,duration
0.3122847896649451,0.34579439252336447,0.36061732920603895,102.75598073005676
