precision,accuracy,recall,duration
0.29179180249873365,0.28126497364638237,0.3048098754668152,937.232143163681
