{"0": [100.0, 560.0, 560.0], "1": [34.04255319148936, 16.0, 47.0], "2": [93.02325581395348, 40.0, 43.0], "3": [93.29446064139941, 320.0, 343.0], "4": [86.0, 129.0, 150.0], "5": [36.79775280898877, 131.0, 356.0], "6": [50.81374321880651, 281.0, 553.0], "7": [70.58823529411765, 12.0, 17.0], "8": [61.111111111111114, 11.0, 18.0]}