{"0": [34.62214411247803, 197.0, 569.0], "1": [53.191489361702125, 25.0, 47.0], "2": [95.45454545454545, 42.0, 44.0], "3": [73.01136363636364, 257.0, 352.0], "4": [92.0, 138.0, 150.0], "5": [33.97260273972603, 124.0, 365.0], "6": [50.16835016835017, 298.0, 594.0], "7": [58.82352941176471, 10.0, 17.0], "8": [50.0, 9.0, 18.0]}