{"0": [15.18324607329843, 29.0, 191.0], "1": [42.857142857142854, 6.0, 14.0], "2": [100.0, 16.0, 16.0], "3": [84.7457627118644, 100.0, 118.0], "4": [88.0, 44.0, 50.0], "5": [34.166666666666664, 41.0, 120.0], "6": [67.67676767676768, 134.0, 198.0], "7": [100.0, 4.0, 4.0], "8": [85.71428571428571, 6.0, 7.0]}