precision,accuracy,recall,duration
0.2981275307644373,0.27801418439716313,0.453478708006187,417.7443664073944
