{"0": [62.67857142857143, 351.0, 560.0], "1": [51.06382978723404, 24.0, 47.0], "2": [83.72093023255815, 36.0, 43.0], "3": [95.04373177842565, 326.0, 343.0], "4": [98.66666666666667, 148.0, 150.0], "5": [44.10112359550562, 157.0, 356.0], "6": [54.43037974683544, 301.0, 553.0], "7": [76.47058823529412, 13.0, 17.0], "8": [61.111111111111114, 11.0, 18.0]}