{"0": [19.444444444444446, 7.0, 36.0], "1": [42.857142857142854, 9.0, 21.0], "2": [80.95238095238095, 34.0, 42.0], "3": [78.77813504823152, 245.0, 311.0], "4": [56.043956043956044, 51.0, 91.0], "5": [24.137931034482758, 7.0, 29.0], "6": [89.65517241379311, 156.0, 174.0], "7": [NaN, 0.0, 0.0], "8": [0.0, 0.0, 1.0]}