precision,accuracy,recall,duration
0.24173236319177027,0.3349875930521092,0.20850773493005859,1193.3413112163544
