{"0": [12.32638888888889, 71.0, 576.0], "1": [97.83783783783784, 181.0, 185.0], "2": [65.15151515151516, 43.0, 66.0], "3": [84.6820809248555, 293.0, 346.0], "4": [100.0, 296.0, 296.0], "5": [86.41114982578398, 248.0, 287.0], "6": [65.93406593406593, 360.0, 546.0], "7": [100.0, 116.0, 116.0], "8": [NaN, 0.0, 0.0]}