precision,accuracy,recall,duration
0.3507365306818156,0.4250309789343247,0.29523093897607805,394.93056416511536
