{"0": [13.471502590673575, 26.0, 193.0], "1": [100.0, 59.0, 59.0], "2": [54.166666666666664, 13.0, 24.0], "3": [79.83193277310924, 95.0, 119.0], "4": [82.4742268041237, 80.0, 97.0], "5": [43.47826086956522, 40.0, 92.0], "6": [60.86956521739131, 112.0, 184.0], "7": [100.0, 39.0, 39.0], "8": [NaN, 0.0, 0.0]}