precision,accuracy,recall,duration
0.31463692126173215,0.38226744186046513,0.3819754716849226,365.0030663013458
