{"0": [26.96629213483146, 24.0, 89.0], "1": [55.172413793103445, 32.0, 58.0], "2": [95.74468085106383, 135.0, 141.0], "3": [53.645833333333336, 309.0, 576.0], "4": [77.95698924731182, 145.0, 186.0], "5": [28.000000000000004, 21.0, 75.0], "6": [80.09950248756219, 161.0, 201.0], "7": [100.0, 6.0, 6.0], "8": [38.63636363636363, 17.0, 44.0]}