{"0": [58.92857142857143, 330.0, 560.0], "1": [46.808510638297875, 22.0, 47.0], "2": [100.0, 43.0, 43.0], "3": [91.54518950437318, 314.0, 343.0], "4": [90.0, 135.0, 150.0], "5": [42.41573033707865, 151.0, 356.0], "6": [56.41952983725136, 312.0, 553.0], "7": [76.47058823529412, 13.0, 17.0], "8": [55.55555555555556, 10.0, 18.0]}