best_model_train_loss,best_model_val_loss,best_model_train_acc,best_model_val_acc,best_model_learning_rate,best_model_nb_epoch
0.45716625452041626,0.6156508922576904,0.42846250534057617,0.29320111870765686,0.0010000000474974513,98
