precision,accuracy,recall,duration
0.38906868015065277,0.36779981114258736,0.3978839423071437,1206.3948469161987
