precision,accuracy,recall,duration
0.353906693903987,0.3921852387843705,0.34774924821195025,401.47137904167175
