{"0": [51.87165775401069, 97.0, 187.0], "1": [28.57142857142857, 4.0, 14.0], "2": [86.66666666666667, 13.0, 15.0], "3": [84.21052631578947, 96.0, 114.0], "4": [84.0, 42.0, 50.0], "5": [41.37931034482759, 48.0, 116.0], "6": [60.32608695652174, 111.0, 184.0], "7": [50.0, 2.0, 4.0], "8": [100.0, 7.0, 7.0]}