{"0": [24.299065420560748, 26.0, 107.0], "1": [34.92063492063492, 22.0, 63.0], "2": [83.33333333333334, 95.0, 114.0], "3": [71.27545551982851, 665.0, 933.0], "4": [77.70034843205575, 223.0, 287.0], "5": [30.337078651685395, 27.0, 89.0], "6": [53.371868978805395, 277.0, 519.0], "7": [NaN, 0.0, 0.0], "8": [66.66666666666666, 4.0, 6.0]}