{"0": [65.17857142857143, 365.0, 560.0], "1": [59.57446808510638, 28.0, 47.0], "2": [95.34883720930233, 41.0, 43.0], "3": [86.58892128279884, 297.0, 343.0], "4": [86.66666666666667, 130.0, 150.0], "5": [45.78651685393258, 163.0, 356.0], "6": [58.04701627486437, 321.0, 553.0], "7": [88.23529411764706, 15.0, 17.0], "8": [50.0, 9.0, 18.0]}