best_model_train_loss,best_model_val_loss,best_model_train_acc,best_model_val_acc,best_model_learning_rate,best_model_nb_epoch
0.45388537645339966,1.3701837062835693,0.39288437366485596,0.29178470373153687,0.0010000000474974513,91
