precision,accuracy,recall,duration
0.2851518708259768,0.2719546742209632,0.2534190936932592,598.2711112499237
