{"0": [27.77777777777778, 15.0, 54.0], "1": [30.303030303030305, 10.0, 33.0], "2": [96.55172413793103, 56.0, 58.0], "3": [72.68817204301075, 338.0, 465.0], "4": [96.40287769784173, 134.0, 139.0], "5": [80.0, 36.0, 45.0], "6": [68.19923371647509, 178.0, 261.0], "7": [NaN, 0.0, 0.0], "8": [100.0, 4.0, 4.0]}