precision,accuracy,recall,duration
0.2464994894505229,0.3242349048800662,0.19027778252835822,1173.2244007587433
