{"0": [11.11111111111111, 64.0, 576.0], "1": [89.1891891891892, 165.0, 185.0], "2": [81.81818181818183, 54.0, 66.0], "3": [84.6820809248555, 293.0, 346.0], "4": [100.0, 296.0, 296.0], "5": [91.98606271777004, 264.0, 287.0], "6": [69.96336996336996, 382.0, 546.0], "7": [100.0, 116.0, 116.0], "8": [NaN, 0.0, 0.0]}