{"0": [65.17857142857143, 365.0, 560.0], "1": [42.5531914893617, 20.0, 47.0], "2": [83.72093023255815, 36.0, 43.0], "3": [92.4198250728863, 317.0, 343.0], "4": [90.66666666666666, 136.0, 150.0], "5": [42.69662921348314, 152.0, 356.0], "6": [52.98372513562387, 293.0, 553.0], "7": [23.52941176470588, 4.0, 17.0], "8": [83.33333333333334, 15.0, 18.0]}