{"0": [49.82142857142857, 279.0, 560.0], "1": [74.46808510638297, 35.0, 47.0], "2": [86.04651162790698, 37.0, 43.0], "3": [79.59183673469387, 273.0, 343.0], "4": [83.33333333333334, 125.0, 150.0], "5": [32.58426966292135, 116.0, 356.0], "6": [61.48282097649186, 340.0, 553.0], "7": [29.411764705882355, 5.0, 17.0], "8": [94.44444444444444, 17.0, 18.0]}