{"0": [49.19786096256685, 92.0, 187.0], "1": [85.71428571428571, 12.0, 14.0], "2": [100.0, 15.0, 15.0], "3": [78.0701754385965, 89.0, 114.0], "4": [80.0, 40.0, 50.0], "5": [40.51724137931034, 47.0, 116.0], "6": [54.891304347826086, 101.0, 184.0], "7": [0.0, 0.0, 4.0], "8": [100.0, 7.0, 7.0]}