{"0": [59.35828877005348, 111.0, 187.0], "1": [42.857142857142854, 6.0, 14.0], "2": [73.33333333333333, 11.0, 15.0], "3": [81.57894736842105, 93.0, 114.0], "4": [92.0, 46.0, 50.0], "5": [42.241379310344826, 49.0, 116.0], "6": [60.32608695652174, 111.0, 184.0], "7": [50.0, 2.0, 4.0], "8": [85.71428571428571, 6.0, 7.0]}