{"0": [56.690140845070424, 161.0, 284.0], "1": [96.0, 24.0, 25.0], "2": [95.45454545454545, 21.0, 22.0], "3": [63.06818181818182, 111.0, 176.0], "4": [88.60759493670885, 70.0, 79.0], "5": [37.15846994535519, 68.0, 183.0], "6": [72.5752508361204, 217.0, 299.0], "7": [0.0, 0.0, 8.0], "8": [75.0, 6.0, 8.0]}