{"0": [60.80843585237259, 346.0, 569.0], "1": [38.297872340425535, 18.0, 47.0], "2": [97.72727272727273, 43.0, 44.0], "3": [65.9090909090909, 232.0, 352.0], "4": [96.66666666666667, 145.0, 150.0], "5": [41.64383561643836, 152.0, 365.0], "6": [57.407407407407405, 341.0, 594.0], "7": [82.35294117647058, 14.0, 17.0], "8": [77.77777777777779, 14.0, 18.0]}