{"0": [58.78136200716846, 164.0, 279.0], "1": [100.0, 25.0, 25.0], "2": [100.0, 21.0, 21.0], "3": [83.04093567251462, 142.0, 171.0], "4": [79.74683544303798, 63.0, 79.0], "5": [44.9438202247191, 80.0, 178.0], "6": [53.23741007194245, 148.0, 278.0], "7": [0.0, 0.0, 8.0], "8": [100.0, 8.0, 8.0]}