precision,accuracy,recall,duration
0.3331977654519095,0.3812233285917496,0.30406847057352293,318.67624592781067
