{"0": [53.92670157068062, 103.0, 191.0], "1": [92.85714285714286, 13.0, 14.0], "2": [100.0, 16.0, 16.0], "3": [74.57627118644068, 88.0, 118.0], "4": [74.0, 37.0, 50.0], "5": [37.5, 45.0, 120.0], "6": [70.70707070707071, 140.0, 198.0], "7": [25.0, 1.0, 4.0], "8": [100.0, 7.0, 7.0]}