precision,accuracy,recall,duration
0.3018055622756366,0.22001888574126535,0.27390954508131654,1192.815637588501
