{"0": [24.299065420560748, 26.0, 107.0], "1": [31.746031746031743, 20.0, 63.0], "2": [89.47368421052632, 102.0, 114.0], "3": [88.31725616291533, 824.0, 933.0], "4": [91.28919860627178, 262.0, 287.0], "5": [98.87640449438202, 88.0, 89.0], "6": [62.813102119460495, 326.0, 519.0], "7": [NaN, 0.0, 0.0], "8": [66.66666666666666, 4.0, 6.0]}