best_model_train_loss,best_model_val_loss,best_model_train_acc,best_model_val_acc,best_model_learning_rate,best_model_nb_epoch
0.44846901297569275,0.5013309121131897,0.44147923588752747,0.39716312289237976,0.0010000000474974513,97
