precision,accuracy,recall,duration
0.3816220529449101,0.37872340425531914,0.4784623009574039,419.50791335105896
