{"0": [19.444444444444446, 7.0, 36.0], "1": [38.095238095238095, 8.0, 21.0], "2": [88.09523809523809, 37.0, 42.0], "3": [61.41479099678456, 191.0, 311.0], "4": [69.23076923076923, 63.0, 91.0], "5": [20.689655172413794, 6.0, 29.0], "6": [72.41379310344827, 126.0, 174.0], "7": [NaN, 0.0, 0.0], "8": [0.0, 0.0, 1.0]}