precision,accuracy,recall,duration
0.26548989645682275,0.31808278867102396,0.3383134685245997,852.351407289505
