{"0": [71.91011235955057, 64.0, 89.0], "1": [96.55172413793103, 56.0, 58.0], "2": [97.87234042553192, 138.0, 141.0], "3": [61.35181975736569, 354.0, 577.0], "4": [66.12903225806451, 123.0, 186.0], "5": [40.0, 30.0, 75.0], "6": [77.61194029850746, 156.0, 201.0], "7": [50.0, 3.0, 6.0], "8": [34.090909090909086, 15.0, 44.0]}