best_model_train_loss,best_model_val_loss,best_model_train_acc,best_model_val_acc,best_model_learning_rate,best_model_nb_epoch
0.4378133714199066,0.6859556436538696,0.43888184428215027,0.37110480666160583,0.0010000000474974513,93
