precision,accuracy,recall,duration
0.40111474052200224,0.40776233828461905,0.3624865821798622,950.0620532035828
