precision,accuracy,recall,duration
0.3642068444809027,0.3371104815864023,0.35725012526392336,605.531533241272
