{"0": [50.71428571428571, 284.0, 560.0], "1": [31.914893617021278, 15.0, 47.0], "2": [95.34883720930233, 41.0, 43.0], "3": [84.25655976676384, 289.0, 343.0], "4": [90.0, 135.0, 150.0], "5": [39.325842696629216, 140.0, 356.0], "6": [56.05786618444847, 310.0, 553.0], "7": [70.58823529411765, 12.0, 17.0], "8": [55.55555555555556, 10.0, 18.0]}