{"0": [31.48148148148148, 17.0, 54.0], "1": [42.42424242424242, 14.0, 33.0], "2": [84.48275862068965, 49.0, 58.0], "3": [74.40860215053763, 346.0, 465.0], "4": [78.41726618705036, 109.0, 139.0], "5": [35.55555555555556, 16.0, 45.0], "6": [56.70498084291188, 148.0, 261.0], "7": [NaN, 0.0, 0.0], "8": [75.0, 3.0, 4.0]}