{"0": [63.79613356766256, 363.0, 569.0], "1": [57.446808510638306, 27.0, 47.0], "2": [90.9090909090909, 40.0, 44.0], "3": [91.47727272727273, 322.0, 352.0], "4": [90.0, 135.0, 150.0], "5": [48.49315068493151, 177.0, 365.0], "6": [57.07070707070707, 339.0, 594.0], "7": [47.05882352941176, 8.0, 17.0], "8": [55.55555555555556, 10.0, 18.0]}