{"0": [37.634408602150536, 105.0, 279.0], "1": [52.0, 13.0, 25.0], "2": [90.47619047619048, 19.0, 21.0], "3": [76.60818713450293, 131.0, 171.0], "4": [91.13924050632912, 72.0, 79.0], "5": [31.46067415730337, 56.0, 178.0], "6": [54.31654676258992, 151.0, 278.0], "7": [62.5, 5.0, 8.0], "8": [100.0, 8.0, 8.0]}