best_model_train_loss,best_model_val_loss,best_model_train_acc,best_model_val_acc,best_model_learning_rate,best_model_nb_epoch
0.48376888036727905,0.9897307753562927,0.3665819466114044,0.31728044152259827,0.0010000000474974513,93
