best_model_train_loss,best_model_val_loss,best_model_train_acc,best_model_val_acc,best_model_learning_rate,best_model_nb_epoch
0.4858769178390503,0.9986685514450073,0.3688691258430481,0.32011330127716064,0.0010000000474974513,98
