precision,accuracy,recall,duration
0.332063179247936,0.26912181303116145,0.25487444684826593,1216.6519050598145
