precision,accuracy,recall,duration
0.3224195612020439,0.32577903682719545,0.29678656863778835,1191.9937453269958
