{"0": [26.168224299065418, 28.0, 107.0], "1": [92.06349206349206, 58.0, 63.0], "2": [84.21052631578947, 96.0, 114.0], "3": [75.13397642015005, 701.0, 933.0], "4": [86.7595818815331, 249.0, 287.0], "5": [52.80898876404494, 47.0, 89.0], "6": [70.13487475915221, 364.0, 519.0], "7": [NaN, 0.0, 0.0], "8": [83.33333333333334, 5.0, 6.0]}