{"0": [33.64485981308411, 36.0, 107.0], "1": [82.53968253968253, 52.0, 63.0], "2": [84.21052631578947, 96.0, 114.0], "3": [68.38156484458734, 638.0, 933.0], "4": [74.56445993031359, 214.0, 287.0], "5": [38.20224719101123, 34.0, 89.0], "6": [68.01541425818883, 353.0, 519.0], "7": [NaN, 0.0, 0.0], "8": [83.33333333333334, 5.0, 6.0]}