precision,accuracy,recall,duration
0.33021839430463523,0.3024602026049204,0.29253821860284884,397.3641400337219
