{"0": [88.77005347593582, 166.0, 187.0], "1": [35.714285714285715, 5.0, 14.0], "2": [93.33333333333333, 14.0, 15.0], "3": [64.91228070175438, 74.0, 114.0], "4": [86.0, 43.0, 50.0], "5": [38.793103448275865, 45.0, 116.0], "6": [68.47826086956522, 126.0, 184.0], "7": [75.0, 3.0, 4.0], "8": [85.71428571428571, 6.0, 7.0]}