{"0": [55.711775043936726, 317.0, 569.0], "1": [51.06382978723404, 24.0, 47.0], "2": [72.72727272727273, 32.0, 44.0], "3": [70.17045454545455, 247.0, 352.0], "4": [98.0, 147.0, 150.0], "5": [41.917808219178085, 153.0, 365.0], "6": [59.09090909090909, 351.0, 594.0], "7": [94.11764705882352, 16.0, 17.0], "8": [61.111111111111114, 11.0, 18.0]}