best_model_train_loss,best_model_val_loss,best_model_train_acc,best_model_val_acc,best_model_learning_rate,best_model_nb_epoch
0.48075467348098755,0.611122727394104,0.3667556345462799,0.32056736946105957,0.0010000000474974513,97
