precision,accuracy,recall,duration
0.32002451454717434,0.31347517730496455,0.28036223863551357,407.6780433654785
