{"0": [22.22222222222222, 8.0, 36.0], "1": [90.47619047619048, 19.0, 21.0], "2": [92.85714285714286, 39.0, 42.0], "3": [73.95498392282958, 230.0, 311.0], "4": [54.94505494505495, 50.0, 91.0], "5": [41.37931034482759, 12.0, 29.0], "6": [71.83908045977012, 125.0, 174.0], "7": [NaN, 0.0, 0.0], "8": [100.0, 1.0, 1.0]}