precision,accuracy,recall,duration
0.30264481114226055,0.279508970727101,0.264135483222505,607.5772576332092
