{"0": [27.77777777777778, 15.0, 54.0], "1": [84.84848484848484, 28.0, 33.0], "2": [84.48275862068965, 49.0, 58.0], "3": [74.19354838709677, 345.0, 465.0], "4": [85.61151079136691, 119.0, 139.0], "5": [33.33333333333333, 15.0, 45.0], "6": [72.03065134099617, 188.0, 261.0], "7": [NaN, 0.0, 0.0], "8": [100.0, 4.0, 4.0]}