precision,accuracy,recall,duration
0.30066269742865487,0.2757318224740321,0.2892443849140116,597.7792303562164
