{"0": [31.48148148148148, 17.0, 54.0], "1": [21.21212121212121, 7.0, 33.0], "2": [91.37931034482759, 53.0, 58.0], "3": [78.49462365591397, 365.0, 465.0], "4": [76.97841726618705, 107.0, 139.0], "5": [100.0, 45.0, 45.0], "6": [65.13409961685824, 170.0, 261.0], "7": [NaN, 0.0, 0.0], "8": [75.0, 3.0, 4.0]}