{"0": [62.038664323374334, 353.0, 569.0], "1": [53.191489361702125, 25.0, 47.0], "2": [70.45454545454545, 31.0, 44.0], "3": [51.98863636363637, 183.0, 352.0], "4": [94.66666666666667, 142.0, 150.0], "5": [43.013698630136986, 157.0, 365.0], "6": [58.92255892255892, 350.0, 594.0], "7": [76.47058823529412, 13.0, 17.0], "8": [72.22222222222221, 13.0, 18.0]}