precision,accuracy,recall,duration
0.274894801271404,0.25218023255813954,0.2944302645783944,328.3112096786499
