{"0": [78.65168539325843, 70.0, 89.0], "1": [100.0, 58.0, 58.0], "2": [97.87234042553192, 138.0, 141.0], "3": [62.84722222222222, 362.0, 576.0], "4": [88.17204301075269, 164.0, 186.0], "5": [40.0, 30.0, 75.0], "6": [97.01492537313433, 195.0, 201.0], "7": [50.0, 3.0, 6.0], "8": [20.454545454545457, 9.0, 44.0]}