best_model_train_loss,best_model_val_loss,best_model_train_acc,best_model_val_acc,best_model_learning_rate,best_model_nb_epoch
0.46246010065078735,1.5431797504425049,0.3984752297401428,0.2861189842224121,0.0010000000474974513,74
