precision,accuracy,recall,duration
0.2692094787036241,0.25401322001888577,0.25968783457595523,605.9411668777466
