{"0": [29.629629629629626, 16.0, 54.0], "1": [39.39393939393939, 13.0, 33.0], "2": [86.20689655172413, 50.0, 58.0], "3": [75.05376344086021, 349.0, 465.0], "4": [87.05035971223022, 121.0, 139.0], "5": [100.0, 45.0, 45.0], "6": [73.9463601532567, 193.0, 261.0], "7": [NaN, 0.0, 0.0], "8": [75.0, 3.0, 4.0]}