best_model_train_loss,best_model_val_loss,best_model_train_acc,best_model_val_acc,best_model_learning_rate,best_model_nb_epoch
0.46279993653297424,1.3203266859054565,0.39934036135673523,0.36092716455459595,0.0010000000474974513,77
