precision,accuracy,recall,duration
0.3560503651158202,0.3609271523178808,0.3253846969727373,1238.0259120464325
