{"0": [59.929701230228474, 341.0, 569.0], "1": [34.04255319148936, 16.0, 47.0], "2": [70.45454545454545, 31.0, 44.0], "3": [90.3409090909091, 318.0, 352.0], "4": [94.66666666666667, 142.0, 150.0], "5": [37.80821917808219, 138.0, 365.0], "6": [63.468013468013474, 377.0, 594.0], "7": [70.58823529411765, 12.0, 17.0], "8": [88.88888888888889, 16.0, 18.0]}