precision,accuracy,recall,duration
0.35473139289893507,0.28895184135977336,0.27408938969634156,1199.1477563381195
