precision,accuracy,recall,duration
0.3411547906015651,0.267233238904627,0.2738351955210666,1220.5539860725403
