{"0": [26.168224299065418, 28.0, 107.0], "1": [84.12698412698413, 53.0, 63.0], "2": [88.59649122807018, 101.0, 114.0], "3": [76.84887459807074, 717.0, 933.0], "4": [80.13937282229965, 230.0, 287.0], "5": [60.67415730337079, 54.0, 89.0], "6": [70.32755298651252, 365.0, 519.0], "7": [NaN, 0.0, 0.0], "8": [66.66666666666666, 4.0, 6.0]}