{"0": [32.71028037383177, 35.0, 107.0], "1": [76.19047619047619, 48.0, 63.0], "2": [78.94736842105263, 90.0, 114.0], "3": [69.77491961414792, 651.0, 933.0], "4": [89.54703832752612, 257.0, 287.0], "5": [50.56179775280899, 45.0, 89.0], "6": [72.25433526011561, 375.0, 519.0], "7": [NaN, 0.0, 0.0], "8": [83.33333333333334, 5.0, 6.0]}