{"0": [62.142857142857146, 348.0, 560.0], "1": [40.42553191489361, 19.0, 47.0], "2": [100.0, 43.0, 43.0], "3": [90.67055393586006, 311.0, 343.0], "4": [94.66666666666667, 142.0, 150.0], "5": [45.50561797752809, 162.0, 356.0], "6": [63.47197106690777, 351.0, 553.0], "7": [76.47058823529412, 13.0, 17.0], "8": [33.33333333333333, 6.0, 18.0]}