best_model_train_loss,best_model_val_loss,best_model_train_acc,best_model_val_acc,best_model_learning_rate,best_model_nb_epoch
0.4486713111400604,0.5592561364173889,0.44262295961380005,0.24822695553302765,0.0010000000474974513,96
