precision,accuracy,recall,duration
0.351448302192295,0.32340425531914896,0.4654259607414059,414.849059343338
