precision,accuracy,recall,duration
0.30305735930735933,0.3644859813084112,0.3518559078690127,65.08110666275024
