precision,accuracy,recall,duration
0.37938483873029116,0.4384949348769899,0.38832297022562573,402.5153374671936
