precision,accuracy,recall,duration
0.35703653908098865,0.37110481586402266,0.3789629848416364,1220.4086315631866
