{"0": [50.80213903743316, 95.0, 187.0], "1": [28.57142857142857, 4.0, 14.0], "2": [86.66666666666667, 13.0, 15.0], "3": [74.56140350877193, 85.0, 114.0], "4": [86.0, 43.0, 50.0], "5": [32.758620689655174, 38.0, 116.0], "6": [55.434782608695656, 102.0, 184.0], "7": [50.0, 2.0, 4.0], "8": [85.71428571428571, 6.0, 7.0]}