{"0": [59.813084112149525, 64.0, 107.0], "1": [42.857142857142854, 27.0, 63.0], "2": [88.59649122807018, 101.0, 114.0], "3": [67.09539121114683, 626.0, 933.0], "4": [79.09407665505228, 227.0, 287.0], "5": [20.224719101123593, 18.0, 89.0], "6": [51.252408477842, 266.0, 519.0], "7": [NaN, 0.0, 0.0], "8": [50.0, 3.0, 6.0]}