{"0": [90.17857142857143, 505.0, 560.0], "1": [59.57446808510638, 28.0, 47.0], "2": [81.3953488372093, 35.0, 43.0], "3": [93.87755102040816, 322.0, 343.0], "4": [62.66666666666667, 94.0, 150.0], "5": [89.32584269662921, 318.0, 356.0], "6": [62.92947558770343, 348.0, 553.0], "7": [0.0, 0.0, 17.0], "8": [83.33333333333334, 15.0, 18.0]}