{"0": [47.85714285714286, 268.0, 560.0], "1": [36.17021276595745, 17.0, 47.0], "2": [81.3953488372093, 35.0, 43.0], "3": [86.88046647230321, 298.0, 343.0], "4": [96.0, 144.0, 150.0], "5": [39.325842696629216, 140.0, 356.0], "6": [56.6003616636528, 313.0, 553.0], "7": [88.23529411764706, 15.0, 17.0], "8": [50.0, 9.0, 18.0]}