{"0": [41.65202108963093, 237.0, 569.0], "1": [51.06382978723404, 24.0, 47.0], "2": [90.9090909090909, 40.0, 44.0], "3": [90.9090909090909, 320.0, 352.0], "4": [88.66666666666667, 133.0, 150.0], "5": [44.657534246575345, 163.0, 365.0], "6": [51.68350168350169, 307.0, 594.0], "7": [64.70588235294117, 11.0, 17.0], "8": [72.22222222222221, 13.0, 18.0]}