precision,accuracy,recall,duration
0.23679717414194051,0.3283705541770058,0.20329179223247318,1180.7970011234283
