{"0": [11.458333333333332, 66.0, 576.0], "1": [92.43243243243244, 171.0, 185.0], "2": [68.18181818181817, 45.0, 66.0], "3": [89.59537572254335, 310.0, 346.0], "4": [100.0, 296.0, 296.0], "5": [88.15331010452961, 253.0, 287.0], "6": [67.21611721611723, 367.0, 546.0], "7": [100.0, 116.0, 116.0], "8": [NaN, 0.0, 0.0]}