precision,accuracy,recall,duration
0.3749933533534921,0.49474689589302767,0.39835587124925476,621.5046172142029
