{"0": [27.24014336917563, 76.0, 279.0], "1": [36.0, 9.0, 25.0], "2": [57.14285714285714, 12.0, 21.0], "3": [67.83625730994152, 116.0, 171.0], "4": [74.68354430379746, 59.0, 79.0], "5": [44.9438202247191, 80.0, 178.0], "6": [58.63309352517986, 163.0, 278.0], "7": [75.0, 6.0, 8.0], "8": [100.0, 8.0, 8.0]}