precision,accuracy,recall,duration
0.3696176153359678,0.36737588652482267,0.4573839496410365,325.3581714630127
