precision,accuracy,recall,duration
0.337158642781412,0.3704775687409551,0.3226615741579931,399.75012731552124
