{"0": [22.22222222222222, 8.0, 36.0], "1": [47.61904761904761, 10.0, 21.0], "2": [85.71428571428571, 36.0, 42.0], "3": [65.27331189710611, 203.0, 311.0], "4": [81.31868131868131, 74.0, 91.0], "5": [24.137931034482758, 7.0, 29.0], "6": [62.06896551724138, 108.0, 174.0], "7": [NaN, 0.0, 0.0], "8": [0.0, 0.0, 1.0]}