{"0": [50.26737967914438, 94.0, 187.0], "1": [28.57142857142857, 4.0, 14.0], "2": [100.0, 15.0, 15.0], "3": [87.71929824561403, 100.0, 114.0], "4": [86.0, 43.0, 50.0], "5": [39.6551724137931, 46.0, 116.0], "6": [67.3913043478261, 124.0, 184.0], "7": [50.0, 2.0, 4.0], "8": [100.0, 7.0, 7.0]}