precision,accuracy,recall,duration
0.3887519060292448,0.34277620396600567,0.42740156501221604,1196.2074992656708
