precision,accuracy,recall,duration
0.34662016694381403,0.34992887624466573,0.3502467980718626,401.649286031723
