{"0": [26.168224299065418, 28.0, 107.0], "1": [33.33333333333333, 21.0, 63.0], "2": [81.57894736842105, 93.0, 114.0], "3": [70.20364415862808, 655.0, 933.0], "4": [82.57839721254355, 237.0, 287.0], "5": [23.595505617977526, 21.0, 89.0], "6": [64.54720616570327, 335.0, 519.0], "7": [NaN, 0.0, 0.0], "8": [33.33333333333333, 2.0, 6.0]}