{"0": [56.02094240837696, 107.0, 191.0], "1": [28.57142857142857, 4.0, 14.0], "2": [87.5, 14.0, 16.0], "3": [92.37288135593221, 109.0, 118.0], "4": [92.0, 46.0, 50.0], "5": [42.5, 51.0, 120.0], "6": [67.67676767676768, 134.0, 198.0], "7": [50.0, 2.0, 4.0], "8": [71.42857142857143, 5.0, 7.0]}