precision,accuracy,recall,duration
0.39293090237936745,0.2667610953729934,0.3549370298421344,1207.5812435150146
