{"0": [24.299065420560748, 26.0, 107.0], "1": [58.730158730158735, 37.0, 63.0], "2": [84.21052631578947, 96.0, 114.0], "3": [81.35048231511254, 759.0, 933.0], "4": [86.7595818815331, 249.0, 287.0], "5": [25.842696629213485, 23.0, 89.0], "6": [69.36416184971098, 360.0, 519.0], "7": [NaN, 0.0, 0.0], "8": [50.0, 3.0, 6.0]}