{"0": [58.75, 329.0, 560.0], "1": [36.17021276595745, 17.0, 47.0], "2": [86.04651162790698, 37.0, 43.0], "3": [69.09620991253644, 237.0, 343.0], "4": [95.33333333333334, 143.0, 150.0], "5": [41.29213483146067, 147.0, 356.0], "6": [59.85533453887884, 331.0, 553.0], "7": [64.70588235294117, 11.0, 17.0], "8": [66.66666666666666, 12.0, 18.0]}