precision,accuracy,recall,duration
0.2430987681046591,0.3213399503722084,0.1981475101813816,1176.3591136932373
