{"0": [11.458333333333332, 66.0, 576.0], "1": [93.51351351351352, 173.0, 185.0], "2": [65.15151515151516, 43.0, 66.0], "3": [93.64161849710982, 324.0, 346.0], "4": [100.0, 296.0, 296.0], "5": [92.33449477351915, 265.0, 287.0], "6": [65.56776556776556, 358.0, 546.0], "7": [100.0, 116.0, 116.0], "8": [NaN, 0.0, 0.0]}