{"0": [65.5536028119508, 373.0, 569.0], "1": [38.297872340425535, 18.0, 47.0], "2": [95.45454545454545, 42.0, 44.0], "3": [85.22727272727273, 300.0, 352.0], "4": [92.66666666666666, 139.0, 150.0], "5": [40.273972602739725, 147.0, 365.0], "6": [56.22895622895623, 334.0, 594.0], "7": [58.82352941176471, 10.0, 17.0], "8": [66.66666666666666, 12.0, 18.0]}