{"0": [52.32974910394266, 146.0, 279.0], "1": [76.0, 19.0, 25.0], "2": [95.23809523809523, 20.0, 21.0], "3": [65.49707602339181, 112.0, 171.0], "4": [88.60759493670885, 70.0, 79.0], "5": [36.51685393258427, 65.0, 178.0], "6": [80.57553956834532, 224.0, 278.0], "7": [12.5, 1.0, 8.0], "8": [100.0, 8.0, 8.0]}