best_model_train_loss,best_model_val_loss,best_model_train_acc,best_model_val_acc,best_model_learning_rate,best_model_nb_epoch
0.44962790608406067,1.3116754293441772,0.46734434366226196,0.38338056206703186,0.0010000000474974513,99
