precision,accuracy,recall,duration
0.3240551439570065,0.3833805476864967,0.39883388413294185,595.4434669017792
