{"0": [48.148148148148145, 26.0, 54.0], "1": [36.36363636363637, 12.0, 33.0], "2": [75.86206896551724, 44.0, 58.0], "3": [60.215053763440864, 280.0, 465.0], "4": [80.57553956834532, 112.0, 139.0], "5": [26.666666666666668, 12.0, 45.0], "6": [63.2183908045977, 165.0, 261.0], "7": [NaN, 0.0, 0.0], "8": [50.0, 2.0, 4.0]}