{"0": [51.30890052356021, 98.0, 191.0], "1": [35.714285714285715, 5.0, 14.0], "2": [87.5, 14.0, 16.0], "3": [51.69491525423729, 61.0, 118.0], "4": [88.0, 44.0, 50.0], "5": [40.833333333333336, 49.0, 120.0], "6": [61.111111111111114, 121.0, 198.0], "7": [50.0, 2.0, 4.0], "8": [100.0, 7.0, 7.0]}