precision,accuracy,recall,duration
0.36255563520397155,0.29645390070921984,0.4257575307673249,423.1722152233124
