precision,accuracy,recall,duration
0.3588098729227761,0.4532710280373832,0.5277839263267202,63.76276421546936
