{"0": [0.0, 0.0, 11.0], "1": [0.0, 0.0, 5.0], "2": [77.77777777777779, 14.0, 18.0], "3": [54.20560747663551, 58.0, 107.0], "4": [80.0, 20.0, 25.0], "5": [0.0, 0.0, 10.0], "6": [65.78947368421053, 25.0, 38.0], "7": [NaN, 0.0, 0.0], "8": [NaN, 0.0, 0.0]}