{"0": [27.67857142857143, 155.0, 560.0], "1": [48.93617021276596, 23.0, 47.0], "2": [90.69767441860465, 39.0, 43.0], "3": [55.68513119533528, 191.0, 343.0], "4": [81.33333333333333, 122.0, 150.0], "5": [30.61797752808989, 109.0, 356.0], "6": [53.70705244122965, 297.0, 553.0], "7": [58.82352941176471, 10.0, 17.0], "8": [94.44444444444444, 17.0, 18.0]}