precision,accuracy,recall,duration
0.2830848086639546,0.3411214953271028,0.36952293674067865,35.15611958503723
