{"0": [20.0, 2.0, 10.0], "1": [40.0, 2.0, 5.0], "2": [81.81818181818183, 9.0, 11.0], "3": [59.375, 57.0, 96.0], "4": [90.32258064516128, 28.0, 31.0], "5": [81.81818181818183, 9.0, 11.0], "6": [68.0, 34.0, 50.0], "7": [NaN, 0.0, 0.0], "8": [NaN, 0.0, 0.0]}