precision,accuracy,recall,duration
0.30120519866011164,0.3323890462700661,0.3655160410047935,601.8844163417816
