{"0": [66.66666666666666, 36.0, 54.0], "1": [33.33333333333333, 11.0, 33.0], "2": [75.86206896551724, 44.0, 58.0], "3": [79.35483870967742, 369.0, 465.0], "4": [69.7841726618705, 97.0, 139.0], "5": [17.77777777777778, 8.0, 45.0], "6": [53.25670498084292, 139.0, 261.0], "7": [NaN, 0.0, 0.0], "8": [75.0, 3.0, 4.0]}