precision,accuracy,recall,duration
0.40691571397893767,0.45296671490593343,0.44229918685375164,376.02807450294495
