{"0": [54.54545454545454, 102.0, 187.0], "1": [28.57142857142857, 4.0, 14.0], "2": [93.33333333333333, 14.0, 15.0], "3": [57.89473684210527, 66.0, 114.0], "4": [82.0, 41.0, 50.0], "5": [36.206896551724135, 42.0, 116.0], "6": [56.52173913043478, 104.0, 184.0], "7": [50.0, 2.0, 4.0], "8": [42.857142857142854, 3.0, 7.0]}