precision,accuracy,recall,duration
0.22050571286569573,0.10247093023255814,0.24087136842035328,771.9987823963165
