precision,accuracy,recall,duration
0.3173230869302643,0.31347517730496455,0.30530794747078893,410.8175530433655
