{"0": [22.22222222222222, 8.0, 36.0], "1": [80.95238095238095, 17.0, 21.0], "2": [90.47619047619048, 38.0, 42.0], "3": [73.63344051446946, 229.0, 311.0], "4": [64.83516483516483, 59.0, 91.0], "5": [20.689655172413794, 6.0, 29.0], "6": [72.41379310344827, 126.0, 174.0], "7": [NaN, 0.0, 0.0], "8": [100.0, 1.0, 1.0]}