{"0": [57.64499121265377, 328.0, 569.0], "1": [34.04255319148936, 16.0, 47.0], "2": [97.72727272727273, 43.0, 44.0], "3": [67.04545454545455, 236.0, 352.0], "4": [97.33333333333334, 146.0, 150.0], "5": [38.63013698630137, 141.0, 365.0], "6": [56.3973063973064, 335.0, 594.0], "7": [76.47058823529412, 13.0, 17.0], "8": [72.22222222222221, 13.0, 18.0]}