precision,accuracy,recall,duration
0.3406919783018999,0.3789868667917448,0.42702958536629937,158.24417781829834
