{"0": [15.384615384615385, 4.0, 26.0], "1": [62.06896551724138, 18.0, 29.0], "2": [88.23529411764706, 30.0, 34.0], "3": [64.86486486486487, 144.0, 222.0], "4": [49.333333333333336, 37.0, 75.0], "5": [34.61538461538461, 9.0, 26.0], "6": [73.87387387387388, 82.0, 111.0], "7": [NaN, 0.0, 0.0], "8": [70.0, 7.0, 10.0]}