best_model_train_loss,best_model_val_loss,best_model_train_acc,best_model_val_acc,best_model_learning_rate,best_model_nb_epoch
0.4395718574523926,0.9843773245811462,0.4698856472969055,0.40415486693382263,0.0010000000474974513,99
