precision,accuracy,recall,duration
0.40483501235721864,0.44274077623382846,0.4126965110804732,947.5542623996735
