precision,accuracy,recall,duration
0.3591499272192355,0.40415486307837584,0.40405381174025434,592.8933696746826
