{"0": [50.89285714285714, 285.0, 560.0], "1": [27.659574468085108, 13.0, 47.0], "2": [86.04651162790698, 37.0, 43.0], "3": [72.30320699708454, 248.0, 343.0], "4": [87.33333333333333, 131.0, 150.0], "5": [35.674157303370784, 127.0, 356.0], "6": [54.61121157323689, 302.0, 553.0], "7": [52.94117647058824, 9.0, 17.0], "8": [61.111111111111114, 11.0, 18.0]}