{"0": [25.925925925925924, 14.0, 54.0], "1": [39.39393939393939, 13.0, 33.0], "2": [86.20689655172413, 50.0, 58.0], "3": [66.02150537634408, 307.0, 465.0], "4": [60.431654676258994, 84.0, 139.0], "5": [26.666666666666668, 12.0, 45.0], "6": [56.70498084291188, 148.0, 261.0], "7": [NaN, 0.0, 0.0], "8": [75.0, 3.0, 4.0]}