precision,accuracy,recall,duration
0.28031918072079454,0.2804532577903683,0.26283857248833875,601.5623881816864
