{"0": [24.074074074074073, 13.0, 54.0], "1": [30.303030303030305, 10.0, 33.0], "2": [93.10344827586206, 54.0, 58.0], "3": [78.27956989247312, 364.0, 465.0], "4": [75.53956834532374, 105.0, 139.0], "5": [97.77777777777777, 44.0, 45.0], "6": [64.36781609195403, 168.0, 261.0], "7": [NaN, 0.0, 0.0], "8": [100.0, 4.0, 4.0]}