{"0": [60.535714285714285, 339.0, 560.0], "1": [38.297872340425535, 18.0, 47.0], "2": [86.04651162790698, 37.0, 43.0], "3": [57.14285714285714, 196.0, 343.0], "4": [98.66666666666667, 148.0, 150.0], "5": [39.8876404494382, 142.0, 356.0], "6": [59.85533453887884, 331.0, 553.0], "7": [88.23529411764706, 15.0, 17.0], "8": [61.111111111111114, 11.0, 18.0]}