precision,accuracy,recall,duration
0.39009883095100056,0.3125590179414542,0.3764546201714598,604.187331199646
