{"0": [27.77777777777778, 15.0, 54.0], "1": [45.45454545454545, 15.0, 33.0], "2": [91.37931034482759, 53.0, 58.0], "3": [76.34408602150538, 355.0, 465.0], "4": [76.97841726618705, 107.0, 139.0], "5": [28.888888888888886, 13.0, 45.0], "6": [64.36781609195403, 168.0, 261.0], "7": [NaN, 0.0, 0.0], "8": [50.0, 2.0, 4.0]}