precision,accuracy,recall,duration
0.2943451481053107,0.2846441947565543,0.272587931632331,310.8612823486328
