best_model_train_loss,best_model_val_loss,best_model_train_acc,best_model_val_acc,best_model_learning_rate,best_model_nb_epoch
0.45674389600753784,0.5359801054000854,0.4312579333782196,0.3791312575340271,0.0010000000474974513,79
