precision,accuracy,recall,duration
0.3659834634907666,0.3950795947901592,0.3347744917497425,397.7199339866638
