precision,accuracy,recall,duration
0.39219640857011673,0.3857412653446648,0.3939050117370827,1217.2551345825195
