{"0": [50.80213903743316, 95.0, 187.0], "1": [42.857142857142854, 6.0, 14.0], "2": [100.0, 15.0, 15.0], "3": [76.31578947368422, 87.0, 114.0], "4": [72.0, 36.0, 50.0], "5": [38.793103448275865, 45.0, 116.0], "6": [67.93478260869566, 125.0, 184.0], "7": [50.0, 2.0, 4.0], "8": [100.0, 7.0, 7.0]}