{"0": [23.364485981308412, 25.0, 107.0], "1": [41.269841269841265, 26.0, 63.0], "2": [85.96491228070175, 98.0, 114.0], "3": [65.27331189710611, 609.0, 933.0], "4": [78.04878048780488, 224.0, 287.0], "5": [29.213483146067414, 26.0, 89.0], "6": [55.68400770712909, 289.0, 519.0], "7": [NaN, 0.0, 0.0], "8": [66.66666666666666, 4.0, 6.0]}