precision,accuracy,recall,duration
0.3150390235624602,0.3862134088762984,0.3609941802029289,600.2980618476868
