{"0": [46.2962962962963, 25.0, 54.0], "1": [36.36363636363637, 12.0, 33.0], "2": [72.41379310344827, 42.0, 58.0], "3": [62.58064516129033, 291.0, 465.0], "4": [79.13669064748201, 110.0, 139.0], "5": [17.77777777777778, 8.0, 45.0], "6": [60.53639846743295, 158.0, 261.0], "7": [NaN, 0.0, 0.0], "8": [100.0, 4.0, 4.0]}