precision,accuracy,recall,duration
0.28103625865660453,0.2615675165250236,0.2484036002397731,603.3816685676575
