{"0": [27.77777777777778, 15.0, 54.0], "1": [27.27272727272727, 9.0, 33.0], "2": [91.37931034482759, 53.0, 58.0], "3": [80.21505376344086, 373.0, 465.0], "4": [88.48920863309353, 123.0, 139.0], "5": [100.0, 45.0, 45.0], "6": [61.30268199233716, 160.0, 261.0], "7": [NaN, 0.0, 0.0], "8": [100.0, 4.0, 4.0]}