precision,accuracy,recall,duration
0.3629298963320291,0.29645390070921984,0.44793045249489055,423.7136218547821
