{"0": [22.22222222222222, 8.0, 36.0], "1": [47.61904761904761, 10.0, 21.0], "2": [78.57142857142857, 33.0, 42.0], "3": [79.42122186495176, 247.0, 311.0], "4": [73.62637362637363, 67.0, 91.0], "5": [24.137931034482758, 7.0, 29.0], "6": [71.26436781609196, 124.0, 174.0], "7": [NaN, 0.0, 0.0], "8": [0.0, 0.0, 1.0]}