best_model_train_loss,best_model_val_loss,best_model_train_acc,best_model_val_acc,best_model_learning_rate,best_model_nb_epoch
0.43573758006095886,0.5097072124481201,0.44300419092178345,0.38014185428619385,0.0010000000474974513,87
