precision,accuracy,recall,duration
0.3460787734175851,0.3617021276595745,0.4919259186454367,404.3480908870697
