precision,accuracy,recall,duration
0.3872033359521263,0.42120343839541546,0.3477367260479054,592.94855427742
