{"0": [48.028673835125446, 134.0, 279.0], "1": [32.0, 8.0, 25.0], "2": [80.95238095238095, 17.0, 21.0], "3": [76.0233918128655, 130.0, 171.0], "4": [88.60759493670885, 70.0, 79.0], "5": [41.01123595505618, 73.0, 178.0], "6": [57.9136690647482, 161.0, 278.0], "7": [62.5, 5.0, 8.0], "8": [100.0, 8.0, 8.0]}