{"0": [19.444444444444446, 7.0, 36.0], "1": [33.33333333333333, 7.0, 21.0], "2": [88.09523809523809, 37.0, 42.0], "3": [74.91961414790997, 233.0, 311.0], "4": [60.43956043956044, 55.0, 91.0], "5": [20.689655172413794, 6.0, 29.0], "6": [60.3448275862069, 105.0, 174.0], "7": [NaN, 0.0, 0.0], "8": [0.0, 0.0, 1.0]}