precision,accuracy,recall,duration
0.3939129303114676,0.46322827125119387,0.343921199326356,563.6244041919708
