{"0": [53.04659498207885, 148.0, 279.0], "1": [32.0, 8.0, 25.0], "2": [100.0, 21.0, 21.0], "3": [53.80116959064327, 92.0, 171.0], "4": [87.34177215189874, 69.0, 79.0], "5": [38.20224719101123, 68.0, 178.0], "6": [51.07913669064749, 142.0, 278.0], "7": [75.0, 6.0, 8.0], "8": [100.0, 8.0, 8.0]}