precision,accuracy,recall,duration
0.35865051749435634,0.3519394512771996,0.3468945387412238,1200.8115437030792
