{"0": [51.66959578207382, 294.0, 569.0], "1": [36.17021276595745, 17.0, 47.0], "2": [84.0909090909091, 37.0, 44.0], "3": [95.17045454545455, 335.0, 352.0], "4": [89.33333333333333, 134.0, 150.0], "5": [48.21917808219178, 176.0, 365.0], "6": [66.83501683501683, 397.0, 594.0], "7": [41.17647058823529, 7.0, 17.0], "8": [77.77777777777779, 14.0, 18.0]}