precision,accuracy,recall,duration
0.30370581386821116,0.2581560283687943,0.3264805465252669,422.79681158065796
