{"0": [62.5, 350.0, 560.0], "1": [42.5531914893617, 20.0, 47.0], "2": [93.02325581395348, 40.0, 43.0], "3": [61.80758017492711, 212.0, 343.0], "4": [96.0, 144.0, 150.0], "5": [41.853932584269664, 149.0, 356.0], "6": [61.30198915009042, 339.0, 553.0], "7": [70.58823529411765, 12.0, 17.0], "8": [55.55555555555556, 10.0, 18.0]}