{"0": [19.444444444444446, 7.0, 36.0], "1": [33.33333333333333, 7.0, 21.0], "2": [80.95238095238095, 34.0, 42.0], "3": [78.77813504823152, 245.0, 311.0], "4": [87.91208791208791, 80.0, 91.0], "5": [24.137931034482758, 7.0, 29.0], "6": [81.60919540229885, 142.0, 174.0], "7": [NaN, 0.0, 0.0], "8": [100.0, 1.0, 1.0]}