precision,accuracy,recall,duration
0.3528046520713458,0.4295874822190612,0.38701226605137684,325.128458738327
