{"0": [43.455497382198956, 83.0, 191.0], "1": [42.857142857142854, 6.0, 14.0], "2": [62.5, 10.0, 16.0], "3": [67.79661016949152, 80.0, 118.0], "4": [72.0, 36.0, 50.0], "5": [54.166666666666664, 65.0, 120.0], "6": [63.63636363636363, 126.0, 198.0], "7": [50.0, 2.0, 4.0], "8": [100.0, 7.0, 7.0]}