precision,accuracy,recall,duration
0.30662772186806814,0.4205955334987593,0.31528183991201186,395.3007278442383
