precision,accuracy,recall,duration
0.3826414909211901,0.4310099573257468,0.38446481900067536,317.918000459671
