{"0": [50.26178010471204, 96.0, 191.0], "1": [28.57142857142857, 4.0, 14.0], "2": [93.75, 15.0, 16.0], "3": [84.7457627118644, 100.0, 118.0], "4": [74.0, 37.0, 50.0], "5": [30.833333333333336, 37.0, 120.0], "6": [59.09090909090909, 117.0, 198.0], "7": [50.0, 2.0, 4.0], "8": [85.71428571428571, 6.0, 7.0]}