precision,accuracy,recall,duration
0.34049543674774363,0.2943396226415094,0.34893950584265426,946.183699131012
