precision,accuracy,recall,duration
0.35885936480033753,0.3804504072831816,0.36313111482452054,932.7375228404999
