{"0": [50.89285714285714, 285.0, 560.0], "1": [34.04255319148936, 16.0, 47.0], "2": [86.04651162790698, 37.0, 43.0], "3": [91.25364431486881, 313.0, 343.0], "4": [96.0, 144.0, 150.0], "5": [42.41573033707865, 151.0, 356.0], "6": [59.13200723327306, 327.0, 553.0], "7": [41.17647058823529, 7.0, 17.0], "8": [72.22222222222221, 13.0, 18.0]}