{"0": [26.168224299065418, 28.0, 107.0], "1": [53.96825396825397, 34.0, 63.0], "2": [96.49122807017544, 110.0, 114.0], "3": [78.56377277599142, 733.0, 933.0], "4": [93.42560553633218, 270.0, 289.0], "5": [31.46067415730337, 28.0, 89.0], "6": [55.8766859344894, 290.0, 519.0], "7": [NaN, 0.0, 0.0], "8": [50.0, 3.0, 6.0]}