precision,accuracy,recall,duration
0.3808934898617438,0.30921985815602837,0.3825550588125892,421.73925018310547
