{"0": [22.22222222222222, 8.0, 36.0], "1": [100.0, 21.0, 21.0], "2": [83.33333333333334, 35.0, 42.0], "3": [66.88102893890675, 208.0, 311.0], "4": [89.01098901098901, 81.0, 91.0], "5": [20.689655172413794, 6.0, 29.0], "6": [73.5632183908046, 128.0, 174.0], "7": [NaN, 0.0, 0.0], "8": [0.0, 0.0, 1.0]}