{"0": [58.523725834797894, 333.0, 569.0], "1": [34.04255319148936, 16.0, 47.0], "2": [86.36363636363636, 38.0, 44.0], "3": [82.38636363636364, 290.0, 352.0], "4": [93.33333333333333, 140.0, 150.0], "5": [39.726027397260275, 145.0, 365.0], "6": [59.25925925925925, 352.0, 594.0], "7": [58.82352941176471, 10.0, 17.0], "8": [72.22222222222221, 13.0, 18.0]}