precision,accuracy,recall,duration
0.38485861118381387,0.28753541076487255,0.31486108528536627,1208.597017288208
