{"0": [28.037383177570092, 30.0, 107.0], "1": [82.53968253968253, 52.0, 63.0], "2": [91.22807017543859, 104.0, 114.0], "3": [73.41907824222936, 685.0, 933.0], "4": [94.07665505226481, 270.0, 287.0], "5": [32.58426966292135, 29.0, 89.0], "6": [64.73988439306359, 336.0, 519.0], "7": [NaN, 0.0, 0.0], "8": [50.0, 3.0, 6.0]}