{"0": [69.33333333333334, 52.0, 75.0], "1": [64.77272727272727, 57.0, 88.0], "2": [95.45454545454545, 105.0, 110.0], "3": [89.61538461538461, 466.0, 520.0], "4": [80.5, 161.0, 200.0], "5": [39.0625, 25.0, 64.0], "6": [93.75, 240.0, 256.0], "7": [50.0, 1.0, 2.0], "8": [40.32258064516129, 25.0, 62.0]}