{"0": [78.21428571428571, 438.0, 560.0], "1": [63.829787234042556, 30.0, 47.0], "2": [100.0, 43.0, 43.0], "3": [93.58600583090379, 321.0, 343.0], "4": [65.33333333333333, 98.0, 150.0], "5": [90.4494382022472, 322.0, 356.0], "6": [60.75949367088608, 336.0, 553.0], "7": [0.0, 0.0, 17.0], "8": [72.22222222222221, 13.0, 18.0]}