best_model_train_loss,best_model_val_loss,best_model_train_acc,best_model_val_acc,best_model_learning_rate,best_model_nb_epoch
0.46482324600219727,1.9110866785049438,0.37077510356903076,0.35033050179481506,0.0010000000474974513,86
