precision,accuracy,recall,duration
0.30220584576253756,0.3021718602455146,0.29215303517383545,605.2692704200745
