{"0": [25.925925925925924, 14.0, 54.0], "1": [81.81818181818183, 27.0, 33.0], "2": [79.3103448275862, 46.0, 58.0], "3": [74.83870967741936, 348.0, 465.0], "4": [77.6978417266187, 108.0, 139.0], "5": [28.888888888888886, 13.0, 45.0], "6": [68.5823754789272, 179.0, 261.0], "7": [NaN, 0.0, 0.0], "8": [100.0, 4.0, 4.0]}