precision,accuracy,recall,duration
0.38612108536543993,0.3791606367583213,0.36438624248426005,363.55760622024536
