{"0": [57.21925133689839, 107.0, 187.0], "1": [35.714285714285715, 5.0, 14.0], "2": [86.66666666666667, 13.0, 15.0], "3": [82.45614035087719, 94.0, 114.0], "4": [86.0, 43.0, 50.0], "5": [42.241379310344826, 49.0, 116.0], "6": [60.32608695652174, 111.0, 184.0], "7": [50.0, 2.0, 4.0], "8": [71.42857142857143, 5.0, 7.0]}