precision,accuracy,recall,duration
0.34587797463629755,0.3446808510638298,0.364355606982284,458.8047888278961
