{"0": [63.21428571428571, 354.0, 560.0], "1": [34.04255319148936, 16.0, 47.0], "2": [86.04651162790698, 37.0, 43.0], "3": [76.96793002915452, 264.0, 343.0], "4": [96.0, 144.0, 150.0], "5": [42.41573033707865, 151.0, 356.0], "6": [54.06871609403255, 299.0, 553.0], "7": [64.70588235294117, 11.0, 17.0], "8": [77.77777777777779, 14.0, 18.0]}