{"0": [57.64499121265377, 328.0, 569.0], "1": [48.93617021276596, 23.0, 47.0], "2": [81.81818181818183, 36.0, 44.0], "3": [92.04545454545455, 324.0, 352.0], "4": [90.66666666666666, 136.0, 150.0], "5": [41.0958904109589, 150.0, 365.0], "6": [54.71380471380471, 325.0, 594.0], "7": [35.294117647058826, 6.0, 17.0], "8": [61.111111111111114, 11.0, 18.0]}