precision,accuracy,recall,duration
0.2769850145800061,0.3858560794044665,0.2873370038553638,397.5671019554138
