{"0": [10.362694300518134, 20.0, 193.0], "1": [100.0, 59.0, 59.0], "2": [37.5, 9.0, 24.0], "3": [71.7948717948718, 84.0, 117.0], "4": [100.0, 98.0, 98.0], "5": [41.30434782608695, 38.0, 92.0], "6": [80.43478260869566, 148.0, 184.0], "7": [100.0, 39.0, 39.0], "8": [NaN, 0.0, 0.0]}