precision,accuracy,recall,duration
0.32528234851726506,0.37383177570093457,0.38448907275520167,65.69499111175537
