{"0": [30.0, 3.0, 10.0], "1": [40.0, 2.0, 5.0], "2": [90.9090909090909, 10.0, 11.0], "3": [57.291666666666664, 55.0, 96.0], "4": [54.83870967741935, 17.0, 31.0], "5": [81.81818181818183, 9.0, 11.0], "6": [76.0, 38.0, 50.0], "7": [NaN, 0.0, 0.0], "8": [NaN, 0.0, 0.0]}