{"0": [58.422939068100355, 163.0, 279.0], "1": [100.0, 25.0, 25.0], "2": [85.71428571428571, 18.0, 21.0], "3": [83.62573099415205, 143.0, 171.0], "4": [86.07594936708861, 68.0, 79.0], "5": [44.9438202247191, 80.0, 178.0], "6": [63.66906474820144, 177.0, 278.0], "7": [0.0, 0.0, 8.0], "8": [100.0, 8.0, 8.0]}