precision,accuracy,recall,duration
0.38894643985907973,0.4910122989593188,0.41675195196175546,1102.8481571674347
