{"0": [51.493848857644984, 293.0, 569.0], "1": [51.06382978723404, 24.0, 47.0], "2": [81.81818181818183, 36.0, 44.0], "3": [46.875, 165.0, 352.0], "4": [75.33333333333333, 113.0, 150.0], "5": [32.054794520547944, 117.0, 365.0], "6": [56.060606060606055, 333.0, 594.0], "7": [64.70588235294117, 11.0, 17.0], "8": [66.66666666666666, 12.0, 18.0]}