precision,accuracy,recall,duration
0.26981429774730586,0.2514124293785311,0.27237346156937525,607.1745631694794
