{"0": [100.0, 284.0, 284.0], "1": [32.0, 8.0, 25.0], "2": [95.45454545454545, 21.0, 22.0], "3": [90.9090909090909, 160.0, 176.0], "4": [87.34177215189874, 69.0, 79.0], "5": [36.0655737704918, 66.0, 183.0], "6": [65.55183946488295, 196.0, 299.0], "7": [50.0, 4.0, 8.0], "8": [100.0, 8.0, 8.0]}