precision,accuracy,recall,duration
0.36342473343130793,0.4037626628075253,0.3914571718804664,375.84424018859863
