{"0": [57.75401069518716, 108.0, 187.0], "1": [28.57142857142857, 4.0, 14.0], "2": [73.33333333333333, 11.0, 15.0], "3": [69.2982456140351, 79.0, 114.0], "4": [80.0, 40.0, 50.0], "5": [40.51724137931034, 47.0, 116.0], "6": [62.5, 115.0, 184.0], "7": [50.0, 2.0, 4.0], "8": [85.71428571428571, 6.0, 7.0]}