precision,accuracy,recall,duration
0.24180112069635953,0.3094688221709007,0.29224682075559266,157.94513535499573
