{"0": [48.148148148148145, 13.0, 27.0], "1": [54.166666666666664, 13.0, 24.0], "2": [75.0, 33.0, 44.0], "3": [62.57309941520468, 107.0, 171.0], "4": [90.47619047619048, 57.0, 63.0], "5": [51.85185185185185, 14.0, 27.0], "6": [83.33333333333334, 45.0, 54.0], "7": [100.0, 2.0, 2.0], "8": [71.42857142857143, 15.0, 21.0]}