precision,accuracy,recall,duration
0.34711977954946316,0.3950795947901592,0.3796366332512424,403.98937010765076
