{"0": [47.593582887700535, 89.0, 187.0], "1": [35.714285714285715, 5.0, 14.0], "2": [80.0, 12.0, 15.0], "3": [72.80701754385966, 83.0, 114.0], "4": [84.0, 42.0, 50.0], "5": [43.103448275862064, 50.0, 116.0], "6": [70.1086956521739, 129.0, 184.0], "7": [25.0, 1.0, 4.0], "8": [100.0, 7.0, 7.0]}