best_model_train_loss,best_model_val_loss,best_model_train_acc,best_model_val_acc,best_model_learning_rate,best_model_nb_epoch
0.4850323498249054,1.5544184446334839,0.31639721989631653,0.41547277569770813,0.0010000000474974513,94
