precision,accuracy,recall,duration
0.3295665436901035,0.3744030563514804,0.34763868131367315,602.2024214267731
