{"0": [52.68817204301075, 147.0, 279.0], "1": [92.0, 23.0, 25.0], "2": [76.19047619047619, 16.0, 21.0], "3": [80.7017543859649, 138.0, 171.0], "4": [94.9367088607595, 75.0, 79.0], "5": [37.640449438202246, 67.0, 178.0], "6": [65.46762589928058, 182.0, 278.0], "7": [12.5, 1.0, 8.0], "8": [75.0, 6.0, 8.0]}