{"0": [40.0, 4.0, 10.0], "1": [20.0, 1.0, 5.0], "2": [81.81818181818183, 9.0, 11.0], "3": [65.625, 63.0, 96.0], "4": [58.06451612903226, 18.0, 31.0], "5": [18.181818181818183, 2.0, 11.0], "6": [72.0, 36.0, 50.0], "7": [NaN, 0.0, 0.0], "8": [NaN, 0.0, 0.0]}