{"0": [39.08450704225352, 111.0, 284.0], "1": [68.0, 17.0, 25.0], "2": [90.9090909090909, 20.0, 22.0], "3": [71.02272727272727, 125.0, 176.0], "4": [88.60759493670885, 70.0, 79.0], "5": [37.15846994535519, 68.0, 183.0], "6": [61.20401337792642, 183.0, 299.0], "7": [75.0, 6.0, 8.0], "8": [100.0, 8.0, 8.0]}