precision,accuracy,recall,duration
0.34440118220570803,0.2936170212765957,0.47318516469752747,413.86250710487366
