{"0": [62.5, 350.0, 560.0], "1": [31.914893617021278, 15.0, 47.0], "2": [90.69767441860465, 39.0, 43.0], "3": [85.71428571428571, 294.0, 343.0], "4": [99.33333333333333, 149.0, 150.0], "5": [43.82022471910113, 156.0, 356.0], "6": [60.21699819168174, 333.0, 553.0], "7": [47.05882352941176, 8.0, 17.0], "8": [83.33333333333334, 15.0, 18.0]}