{"0": [25.0, 9.0, 36.0], "1": [33.33333333333333, 7.0, 21.0], "2": [76.19047619047619, 32.0, 42.0], "3": [82.31511254019293, 256.0, 311.0], "4": [53.84615384615385, 49.0, 91.0], "5": [24.137931034482758, 7.0, 29.0], "6": [79.3103448275862, 138.0, 174.0], "7": [NaN, 0.0, 0.0], "8": [0.0, 0.0, 1.0]}