precision,accuracy,recall,duration
0.3827344773594922,0.3857677902621723,0.4295827154194294,106.63566017150879
