best_model_train_loss,best_model_val_loss,best_model_train_acc,best_model_val_acc,best_model_learning_rate,best_model_nb_epoch
0.45180413126945496,1.5718905925750732,0.39390090107917786,0.3144475817680359,0.0010000000474974513,94
