precision,accuracy,recall,duration
0.2740044164274469,0.26534466477809254,0.26629505742117765,608.7814955711365
