{"0": [24.074074074074073, 13.0, 54.0], "1": [18.181818181818183, 6.0, 33.0], "2": [87.93103448275862, 51.0, 58.0], "3": [80.21505376344086, 373.0, 465.0], "4": [86.33093525179856, 120.0, 139.0], "5": [100.0, 45.0, 45.0], "6": [63.601532567049816, 166.0, 261.0], "7": [NaN, 0.0, 0.0], "8": [100.0, 4.0, 4.0]}