{"0": [61.07142857142858, 342.0, 560.0], "1": [36.17021276595745, 17.0, 47.0], "2": [81.3953488372093, 35.0, 43.0], "3": [81.92419825072886, 281.0, 343.0], "4": [99.33333333333333, 149.0, 150.0], "5": [39.325842696629216, 140.0, 356.0], "6": [55.15370705244123, 305.0, 553.0], "7": [70.58823529411765, 12.0, 17.0], "8": [50.0, 9.0, 18.0]}