{"0": [62.67857142857143, 351.0, 560.0], "1": [36.17021276595745, 17.0, 47.0], "2": [90.69767441860465, 39.0, 43.0], "3": [91.54518950437318, 314.0, 343.0], "4": [98.0, 147.0, 150.0], "5": [40.168539325842694, 143.0, 356.0], "6": [55.15370705244123, 305.0, 553.0], "7": [35.294117647058826, 6.0, 17.0], "8": [88.88888888888889, 16.0, 18.0]}