precision,accuracy,recall,duration
0.3213014830325999,0.31916902738432484,0.2972253891661636,608.1238222122192
