{"0": [24.074074074074073, 13.0, 54.0], "1": [84.84848484848484, 28.0, 33.0], "2": [75.86206896551724, 44.0, 58.0], "3": [71.3978494623656, 332.0, 465.0], "4": [68.34532374100719, 95.0, 139.0], "5": [35.55555555555556, 16.0, 45.0], "6": [72.41379310344827, 189.0, 261.0], "7": [NaN, 0.0, 0.0], "8": [100.0, 4.0, 4.0]}