precision,accuracy,recall,duration
0.3674184729715564,0.3881169142309535,0.38596611507546696,933.4637362957001
