{"0": [50.0, 280.0, 560.0], "1": [46.808510638297875, 22.0, 47.0], "2": [76.74418604651163, 33.0, 43.0], "3": [83.96501457725948, 288.0, 343.0], "4": [90.0, 135.0, 150.0], "5": [37.07865168539326, 132.0, 356.0], "6": [66.72694394213381, 369.0, 553.0], "7": [23.52941176470588, 4.0, 17.0], "8": [77.77777777777779, 14.0, 18.0]}