precision,accuracy,recall,duration
0.28052824887724903,0.3467278989667049,0.3690109899843718,238.53838396072388
