{"0": [69.64285714285714, 39.0, 56.0], "1": [63.41463414634146, 26.0, 41.0], "2": [90.9090909090909, 80.0, 88.0], "3": [59.882005899705014, 203.0, 339.0], "4": [62.59541984732825, 82.0, 131.0], "5": [32.075471698113205, 17.0, 53.0], "6": [88.46153846153845, 92.0, 104.0], "7": [50.0, 2.0, 4.0], "8": [50.90909090909091, 28.0, 55.0]}