precision,accuracy,recall,duration
0.35732696745681486,0.39290780141843973,0.4661961018726366,421.1513919830322
