{"0": [22.22222222222222, 8.0, 36.0], "1": [61.904761904761905, 13.0, 21.0], "2": [69.04761904761905, 29.0, 42.0], "3": [60.77170418006431, 189.0, 311.0], "4": [79.12087912087912, 72.0, 91.0], "5": [24.137931034482758, 7.0, 29.0], "6": [63.2183908045977, 110.0, 174.0], "7": [NaN, 0.0, 0.0], "8": [0.0, 0.0, 1.0]}