precision,accuracy,recall,duration
0.346007421142094,0.3527204502814259,0.37688438633671895,314.4825918674469
