{"0": [34.61538461538461, 9.0, 26.0], "1": [37.93103448275862, 11.0, 29.0], "2": [94.11764705882352, 32.0, 34.0], "3": [68.91891891891892, 153.0, 222.0], "4": [54.666666666666664, 41.0, 75.0], "5": [23.076923076923077, 6.0, 26.0], "6": [77.47747747747748, 86.0, 111.0], "7": [NaN, 0.0, 0.0], "8": [70.0, 7.0, 10.0]}