best_model_train_loss,best_model_val_loss,best_model_train_acc,best_model_val_acc,best_model_learning_rate,best_model_nb_epoch
0.42490774393081665,3.1115288734436035,0.41698694229125977,0.4370477497577667,0.0010000000474974513,97
