precision,accuracy,recall,duration
0.33588597490899447,0.4515195369030391,0.3659023110530252,402.51896810531616
