{"0": [27.27272727272727, 51.0, 187.0], "1": [42.857142857142854, 6.0, 14.0], "2": [80.0, 12.0, 15.0], "3": [77.19298245614034, 88.0, 114.0], "4": [86.0, 43.0, 50.0], "5": [40.51724137931034, 47.0, 116.0], "6": [66.84782608695652, 123.0, 184.0], "7": [50.0, 2.0, 4.0], "8": [100.0, 7.0, 7.0]}