best_model_train_loss,best_model_val_loss,best_model_train_acc,best_model_val_acc,best_model_learning_rate,best_model_nb_epoch
0.4360213279724121,0.5197787880897522,0.44186046719551086,0.3673758804798126,0.0010000000474974513,86
