precision,accuracy,recall,duration
0.3646822440953767,0.33191489361702126,0.481951949252463,413.46770882606506
