{"0": [19.444444444444446, 7.0, 36.0], "1": [38.095238095238095, 8.0, 21.0], "2": [76.19047619047619, 32.0, 42.0], "3": [81.02893890675242, 252.0, 311.0], "4": [80.21978021978022, 73.0, 91.0], "5": [17.24137931034483, 5.0, 29.0], "6": [54.02298850574713, 94.0, 174.0], "7": [NaN, 0.0, 0.0], "8": [0.0, 0.0, 1.0]}