precision,accuracy,recall,duration
0.3160402238497264,0.3667905824039653,0.2562556218563443,388.9296317100525
