{"0": [16.06217616580311, 31.0, 193.0], "1": [100.0, 59.0, 59.0], "2": [50.0, 12.0, 24.0], "3": [81.5126050420168, 97.0, 119.0], "4": [98.96907216494846, 96.0, 97.0], "5": [53.2608695652174, 49.0, 92.0], "6": [69.56521739130434, 128.0, 184.0], "7": [100.0, 39.0, 39.0], "8": [NaN, 0.0, 0.0]}