{"0": [63.79613356766256, 363.0, 569.0], "1": [36.17021276595745, 17.0, 47.0], "2": [90.9090909090909, 40.0, 44.0], "3": [89.20454545454545, 314.0, 352.0], "4": [98.0, 147.0, 150.0], "5": [45.20547945205479, 165.0, 365.0], "6": [52.35690235690236, 311.0, 594.0], "7": [52.94117647058824, 9.0, 17.0], "8": [72.22222222222221, 13.0, 18.0]}