precision,accuracy,recall,duration
0.37991300929007443,0.375886524822695,0.48688933561609765,419.27193093299866
