{"0": [22.22222222222222, 8.0, 36.0], "1": [42.857142857142854, 9.0, 21.0], "2": [73.80952380952381, 31.0, 42.0], "3": [67.84565916398714, 211.0, 311.0], "4": [64.83516483516483, 59.0, 91.0], "5": [24.137931034482758, 7.0, 29.0], "6": [66.0919540229885, 115.0, 174.0], "7": [NaN, 0.0, 0.0], "8": [0.0, 0.0, 1.0]}