{"0": [59.64285714285714, 334.0, 560.0], "1": [38.297872340425535, 18.0, 47.0], "2": [95.34883720930233, 41.0, 43.0], "3": [77.25947521865889, 265.0, 343.0], "4": [94.66666666666667, 142.0, 150.0], "5": [39.8876404494382, 142.0, 356.0], "6": [56.05786618444847, 310.0, 553.0], "7": [64.70588235294117, 11.0, 17.0], "8": [61.111111111111114, 11.0, 18.0]}