precision,accuracy,recall,duration
0.34667141923099537,0.36962750716332377,0.3460708354315003,595.9252243041992
