{"0": [46.59498207885305, 130.0, 279.0], "1": [56.00000000000001, 14.0, 25.0], "2": [95.23809523809523, 20.0, 21.0], "3": [80.11695906432749, 137.0, 171.0], "4": [94.9367088607595, 75.0, 79.0], "5": [45.50561797752809, 81.0, 178.0], "6": [70.14388489208633, 195.0, 278.0], "7": [12.5, 1.0, 8.0], "8": [87.5, 7.0, 8.0]}