precision,accuracy,recall,duration
0.3521405781722892,0.375886524822695,0.4734757900944101,419.6440579891205
