{"0": [19.444444444444446, 7.0, 36.0], "1": [42.857142857142854, 9.0, 21.0], "2": [88.09523809523809, 37.0, 42.0], "3": [59.163987138263664, 184.0, 311.0], "4": [63.73626373626373, 58.0, 91.0], "5": [20.689655172413794, 6.0, 29.0], "6": [79.88505747126436, 139.0, 174.0], "7": [NaN, 0.0, 0.0], "8": [0.0, 0.0, 1.0]}