precision,accuracy,recall,duration
0.36767924275435715,0.3944603629417383,0.346683580053493,585.9680087566376
