precision,accuracy,recall,duration
0.3194343925757126,0.25070688030160226,0.29151559457336557,609.7417638301849
