{"0": [49.46236559139785, 138.0, 279.0], "1": [32.0, 8.0, 25.0], "2": [52.38095238095239, 11.0, 21.0], "3": [88.88888888888889, 152.0, 171.0], "4": [88.60759493670885, 70.0, 79.0], "5": [41.57303370786517, 74.0, 178.0], "6": [60.07194244604317, 167.0, 278.0], "7": [75.0, 6.0, 8.0], "8": [100.0, 8.0, 8.0]}