{"0": [27.77777777777778, 15.0, 54.0], "1": [54.54545454545454, 18.0, 33.0], "2": [79.3103448275862, 46.0, 58.0], "3": [90.96774193548387, 423.0, 465.0], "4": [93.61702127659575, 132.0, 141.0], "5": [37.77777777777778, 17.0, 45.0], "6": [53.63984674329502, 140.0, 261.0], "7": [NaN, 0.0, 0.0], "8": [100.0, 4.0, 4.0]}