{"0": [56.42857142857143, 316.0, 560.0], "1": [36.17021276595745, 17.0, 47.0], "2": [97.67441860465115, 42.0, 43.0], "3": [60.34985422740525, 207.0, 343.0], "4": [98.0, 147.0, 150.0], "5": [41.57303370786517, 148.0, 356.0], "6": [52.07956600361664, 288.0, 553.0], "7": [70.58823529411765, 12.0, 17.0], "8": [72.22222222222221, 13.0, 18.0]}