{"0": [62.5, 350.0, 560.0], "1": [36.17021276595745, 17.0, 47.0], "2": [100.0, 43.0, 43.0], "3": [86.0058309037901, 295.0, 343.0], "4": [89.33333333333333, 134.0, 150.0], "5": [40.168539325842694, 143.0, 356.0], "6": [51.35623869801085, 284.0, 553.0], "7": [76.47058823529412, 13.0, 17.0], "8": [83.33333333333334, 15.0, 18.0]}