precision,accuracy,recall,duration
0.33763379915606717,0.33900709219858155,0.36549159645770507,416.78370094299316
