{"0": [58.03571428571429, 325.0, 560.0], "1": [36.17021276595745, 17.0, 47.0], "2": [72.09302325581395, 31.0, 43.0], "3": [68.80466472303208, 236.0, 343.0], "4": [96.66666666666667, 145.0, 150.0], "5": [38.764044943820224, 138.0, 356.0], "6": [57.50452079566004, 318.0, 553.0], "7": [52.94117647058824, 9.0, 17.0], "8": [66.66666666666666, 12.0, 18.0]}