{"0": [19.444444444444446, 7.0, 36.0], "1": [38.095238095238095, 8.0, 21.0], "2": [78.57142857142857, 33.0, 42.0], "3": [68.81028938906752, 214.0, 311.0], "4": [61.53846153846154, 56.0, 91.0], "5": [24.137931034482758, 7.0, 29.0], "6": [80.45977011494253, 140.0, 174.0], "7": [NaN, 0.0, 0.0], "8": [100.0, 1.0, 1.0]}