{"0": [56.25, 315.0, 560.0], "1": [34.04255319148936, 16.0, 47.0], "2": [97.67441860465115, 42.0, 43.0], "3": [56.559766763848394, 194.0, 343.0], "4": [83.33333333333334, 125.0, 150.0], "5": [37.640449438202246, 134.0, 356.0], "6": [56.23869801084991, 311.0, 553.0], "7": [64.70588235294117, 11.0, 17.0], "8": [77.77777777777779, 14.0, 18.0]}