precision,accuracy,recall,duration
0.3621038749213014,0.3191489361702128,0.4158914976355934,417.2027370929718
