{"0": [25.0, 9.0, 36.0], "1": [71.42857142857143, 15.0, 21.0], "2": [88.09523809523809, 37.0, 42.0], "3": [72.34726688102894, 225.0, 311.0], "4": [78.02197802197803, 71.0, 91.0], "5": [24.137931034482758, 7.0, 29.0], "6": [66.66666666666666, 116.0, 174.0], "7": [NaN, 0.0, 0.0], "8": [0.0, 0.0, 1.0]}