precision,accuracy,recall,duration
0.2937368574074425,0.3068932955618508,0.31500492979847866,607.0253269672394
