{"0": [27.77777777777778, 15.0, 54.0], "1": [84.84848484848484, 28.0, 33.0], "2": [87.93103448275862, 51.0, 58.0], "3": [75.48387096774194, 351.0, 465.0], "4": [76.2589928057554, 106.0, 139.0], "5": [24.444444444444443, 11.0, 45.0], "6": [64.75095785440614, 169.0, 261.0], "7": [NaN, 0.0, 0.0], "8": [75.0, 3.0, 4.0]}