{"0": [69.64285714285714, 390.0, 560.0], "1": [31.914893617021278, 15.0, 47.0], "2": [93.02325581395348, 40.0, 43.0], "3": [94.75218658892129, 325.0, 343.0], "4": [98.0, 147.0, 150.0], "5": [42.97752808988764, 153.0, 356.0], "6": [56.23869801084991, 311.0, 553.0], "7": [76.47058823529412, 13.0, 17.0], "8": [72.22222222222221, 13.0, 18.0]}