{"0": [42.32142857142857, 237.0, 560.0], "1": [42.5531914893617, 20.0, 47.0], "2": [95.34883720930233, 41.0, 43.0], "3": [92.12827988338192, 316.0, 343.0], "4": [93.33333333333333, 140.0, 150.0], "5": [45.2247191011236, 161.0, 356.0], "6": [57.32368896925859, 317.0, 553.0], "7": [94.11764705882352, 16.0, 17.0], "8": [50.0, 9.0, 18.0]}