precision,accuracy,recall,duration
0.3250979881553426,0.32340425531914896,0.36400445123696035,409.42202067375183
