{"0": [25.0, 9.0, 36.0], "1": [33.33333333333333, 7.0, 21.0], "2": [73.80952380952381, 31.0, 42.0], "3": [67.84565916398714, 211.0, 311.0], "4": [62.637362637362635, 57.0, 91.0], "5": [20.689655172413794, 6.0, 29.0], "6": [89.08045977011494, 155.0, 174.0], "7": [NaN, 0.0, 0.0], "8": [100.0, 1.0, 1.0]}