{"0": [63.74999999999999, 357.0, 560.0], "1": [38.297872340425535, 18.0, 47.0], "2": [90.69767441860465, 39.0, 43.0], "3": [95.33527696793003, 327.0, 343.0], "4": [94.66666666666667, 142.0, 150.0], "5": [39.60674157303371, 141.0, 356.0], "6": [58.95117540687161, 326.0, 553.0], "7": [70.58823529411765, 12.0, 17.0], "8": [72.22222222222221, 13.0, 18.0]}