precision,accuracy,recall,duration
0.40066599922054,0.4494489698131289,0.40273226024911907,894.2505867481232
