{"0": [55.00000000000001, 308.0, 560.0], "1": [27.659574468085108, 13.0, 47.0], "2": [90.69767441860465, 39.0, 43.0], "3": [54.518950437317784, 187.0, 343.0], "4": [84.0, 126.0, 150.0], "5": [39.325842696629216, 140.0, 356.0], "6": [56.6003616636528, 313.0, 553.0], "7": [35.294117647058826, 6.0, 17.0], "8": [94.44444444444444, 17.0, 18.0]}