precision,accuracy,recall,duration
0.29610357426103434,0.23404255319148937,0.447022380690193,420.0702154636383
