{"0": [61.964285714285715, 347.0, 560.0], "1": [34.04255319148936, 16.0, 47.0], "2": [90.69767441860465, 39.0, 43.0], "3": [91.25364431486881, 313.0, 343.0], "4": [94.66666666666667, 142.0, 150.0], "5": [39.325842696629216, 140.0, 356.0], "6": [60.94032549728752, 337.0, 553.0], "7": [41.17647058823529, 7.0, 17.0], "8": [77.77777777777779, 14.0, 18.0]}