precision,accuracy,recall,duration
0.2704119502055009,0.29232995658465993,0.3628564331034149,397.00517535209656
