{"0": [100.0, 187.0, 187.0], "1": [42.857142857142854, 6.0, 14.0], "2": [93.33333333333333, 14.0, 15.0], "3": [78.0701754385965, 89.0, 114.0], "4": [82.0, 41.0, 50.0], "5": [32.758620689655174, 38.0, 116.0], "6": [58.69565217391305, 108.0, 184.0], "7": [0.0, 0.0, 4.0], "8": [85.71428571428571, 6.0, 7.0]}