precision,accuracy,recall,duration
0.2811552652454892,0.2978723404255319,0.28327137697171334,400.95983958244324
