{"0": [19.444444444444446, 7.0, 36.0], "1": [38.095238095238095, 8.0, 21.0], "2": [95.23809523809523, 40.0, 42.0], "3": [80.38585209003215, 250.0, 311.0], "4": [53.84615384615385, 49.0, 91.0], "5": [93.10344827586206, 27.0, 29.0], "6": [64.9425287356322, 113.0, 174.0], "7": [NaN, 0.0, 0.0], "8": [100.0, 1.0, 1.0]}