precision,accuracy,recall,duration
0.3064782265631558,0.3465533522190746,0.3514819904019556,601.4459705352783
