best_model_train_loss,best_model_val_loss,best_model_train_acc,best_model_val_acc,best_model_learning_rate,best_model_nb_epoch
0.4591306149959564,1.1425443887710571,0.4011657238006592,0.45009416341781616,0.0010000000474974513,91
