best_model_train_loss,best_model_val_loss,best_model_train_acc,best_model_val_acc,best_model_learning_rate,best_model_nb_epoch
0.46363896131515503,0.5315163731575012,0.4447408616542816,0.2808510661125183,0.0010000000474974513,91
