precision,accuracy,recall,duration
0.3564967644002843,0.35602836879432626,0.45623916416132854,321.2133376598358
