precision,accuracy,recall,duration
0.3746503189032567,0.4077212806026365,0.36126353406936995,602.0742332935333
