{"0": [51.76056338028169, 147.0, 284.0], "1": [28.000000000000004, 7.0, 25.0], "2": [63.63636363636363, 14.0, 22.0], "3": [84.6590909090909, 149.0, 176.0], "4": [91.13924050632912, 72.0, 79.0], "5": [37.704918032786885, 69.0, 183.0], "6": [59.53177257525084, 178.0, 299.0], "7": [62.5, 5.0, 8.0], "8": [100.0, 8.0, 8.0]}