{"0": [25.0, 9.0, 36.0], "1": [33.33333333333333, 7.0, 21.0], "2": [92.85714285714286, 39.0, 42.0], "3": [67.84565916398714, 211.0, 311.0], "4": [82.41758241758241, 75.0, 91.0], "5": [27.586206896551722, 8.0, 29.0], "6": [60.3448275862069, 105.0, 174.0], "7": [NaN, 0.0, 0.0], "8": [0.0, 0.0, 1.0]}