best_model_train_loss,best_model_val_loss,best_model_train_acc,best_model_val_acc,best_model_learning_rate,best_model_nb_epoch
0.45847898721694946,0.7103770971298218,0.4641975164413452,0.3233945071697235,0.0010000000474974513,117
