precision,accuracy,recall,duration
0.26537095787409953,0.3256880733944954,0.3263671803162127,222.37617683410645
