{"0": [66.07142857142857, 37.0, 56.0], "1": [75.60975609756098, 31.0, 41.0], "2": [78.65168539325843, 70.0, 89.0], "3": [61.6519174041298, 209.0, 339.0], "4": [75.57251908396947, 99.0, 131.0], "5": [41.509433962264154, 22.0, 53.0], "6": [90.38461538461539, 94.0, 104.0], "7": [75.0, 3.0, 4.0], "8": [41.81818181818181, 23.0, 55.0]}