{"0": [61.6871704745167, 351.0, 569.0], "1": [40.42553191489361, 19.0, 47.0], "2": [95.45454545454545, 42.0, 44.0], "3": [74.7159090909091, 263.0, 352.0], "4": [94.66666666666667, 142.0, 150.0], "5": [39.45205479452055, 144.0, 365.0], "6": [59.93265993265994, 356.0, 594.0], "7": [47.05882352941176, 8.0, 17.0], "8": [72.22222222222221, 13.0, 18.0]}