precision,accuracy,recall,duration
0.3828228866924689,0.41106906338694416,0.37193028735126765,1191.213434934616
