precision,accuracy,recall,duration
0.3407867835895936,0.27898209236569277,0.3264932467400668,609.2975089550018
