{"0": [29.629629629629626, 16.0, 54.0], "1": [45.45454545454545, 15.0, 33.0], "2": [84.48275862068965, 49.0, 58.0], "3": [90.10752688172043, 419.0, 465.0], "4": [78.01418439716312, 110.0, 141.0], "5": [24.444444444444443, 11.0, 45.0], "6": [54.02298850574713, 141.0, 261.0], "7": [NaN, 0.0, 0.0], "8": [100.0, 4.0, 4.0]}