{"0": [53.075571177504386, 302.0, 569.0], "1": [34.04255319148936, 16.0, 47.0], "2": [90.9090909090909, 40.0, 44.0], "3": [72.72727272727273, 256.0, 352.0], "4": [97.33333333333334, 146.0, 150.0], "5": [40.273972602739725, 147.0, 365.0], "6": [59.93265993265994, 356.0, 594.0], "7": [52.94117647058824, 9.0, 17.0], "8": [66.66666666666666, 12.0, 18.0]}