precision,accuracy,recall,duration
0.28911395760831593,0.2907801418439716,0.2679273811513158,405.46862053871155
