{"0": [22.22222222222222, 8.0, 36.0], "1": [28.57142857142857, 6.0, 21.0], "2": [85.71428571428571, 36.0, 42.0], "3": [70.09646302250803, 218.0, 311.0], "4": [75.82417582417582, 69.0, 91.0], "5": [100.0, 29.0, 29.0], "6": [76.4367816091954, 133.0, 174.0], "7": [NaN, 0.0, 0.0], "8": [100.0, 1.0, 1.0]}