precision,accuracy,recall,duration
0.31693873678188766,0.31631205673758866,0.3278522230364637,401.188663482666
