{"0": [55.55555555555556, 20.0, 36.0], "1": [38.095238095238095, 8.0, 21.0], "2": [76.19047619047619, 32.0, 42.0], "3": [76.20578778135048, 237.0, 311.0], "4": [69.23076923076923, 63.0, 91.0], "5": [24.137931034482758, 7.0, 29.0], "6": [65.51724137931035, 114.0, 174.0], "7": [NaN, 0.0, 0.0], "8": [100.0, 1.0, 1.0]}