{"0": [61.25654450261781, 117.0, 191.0], "1": [50.0, 7.0, 14.0], "2": [93.75, 15.0, 16.0], "3": [83.05084745762711, 98.0, 118.0], "4": [50.0, 25.0, 50.0], "5": [89.16666666666667, 107.0, 120.0], "6": [69.6969696969697, 138.0, 198.0], "7": [0.0, 0.0, 4.0], "8": [100.0, 7.0, 7.0]}