best_model_train_loss,best_model_val_loss,best_model_train_acc,best_model_val_acc,best_model_learning_rate,best_model_nb_epoch
0.4682405889034271,0.5681270956993103,0.43576058745384216,0.22978723049163818,0.0010000000474974513,98
