precision,accuracy,recall,duration
0.3337136625373555,0.32056737588652484,0.3594341767734975,413.1342990398407
