{"0": [58.75, 329.0, 560.0], "1": [38.297872340425535, 18.0, 47.0], "2": [95.34883720930233, 41.0, 43.0], "3": [84.54810495626822, 290.0, 343.0], "4": [96.66666666666667, 145.0, 150.0], "5": [39.8876404494382, 142.0, 356.0], "6": [55.33453887884268, 306.0, 553.0], "7": [70.58823529411765, 12.0, 17.0], "8": [66.66666666666666, 12.0, 18.0]}