precision,accuracy,recall,duration
0.30724380245877125,0.413151364764268,0.2979101054775006,394.76911091804504
