{"0": [60.89285714285714, 341.0, 560.0], "1": [48.93617021276596, 23.0, 47.0], "2": [100.0, 43.0, 43.0], "3": [95.6268221574344, 328.0, 343.0], "4": [96.0, 144.0, 150.0], "5": [44.662921348314605, 159.0, 356.0], "6": [51.35623869801085, 284.0, 553.0], "7": [82.35294117647058, 14.0, 17.0], "8": [55.55555555555556, 10.0, 18.0]}