precision,accuracy,recall,duration
0.2891980614848832,0.2803738317757009,0.35339510698381665,151.59949827194214
