{"0": [40.0, 4.0, 10.0], "1": [0.0, 0.0, 5.0], "2": [81.81818181818183, 9.0, 11.0], "3": [80.20833333333334, 77.0, 96.0], "4": [80.64516129032258, 25.0, 31.0], "5": [27.27272727272727, 3.0, 11.0], "6": [72.0, 36.0, 50.0], "7": [NaN, 0.0, 0.0], "8": [NaN, 0.0, 0.0]}