best_model_train_loss,best_model_val_loss,best_model_train_acc,best_model_val_acc,best_model_learning_rate,best_model_nb_epoch
0.4452696144580841,0.8905842304229736,0.43811944127082825,0.3616619408130646,0.0010000000474974513,96
