precision,accuracy,recall,duration
0.3516271006416728,0.3267233238904627,0.40868116628669476,599.283177614212
