{"0": [29.629629629629626, 16.0, 54.0], "1": [24.242424242424242, 8.0, 33.0], "2": [89.65517241379311, 52.0, 58.0], "3": [79.56989247311827, 370.0, 465.0], "4": [79.85611510791367, 111.0, 139.0], "5": [24.444444444444443, 11.0, 45.0], "6": [54.78927203065134, 143.0, 261.0], "7": [NaN, 0.0, 0.0], "8": [50.0, 2.0, 4.0]}