{"0": [19.718309859154928, 56.0, 284.0], "1": [32.0, 8.0, 25.0], "2": [90.9090909090909, 20.0, 22.0], "3": [86.93181818181817, 153.0, 176.0], "4": [88.60759493670885, 70.0, 79.0], "5": [38.25136612021858, 70.0, 183.0], "6": [52.508361204013376, 157.0, 299.0], "7": [100.0, 8.0, 8.0], "8": [87.5, 7.0, 8.0]}