{"0": [55.55555555555556, 155.0, 279.0], "1": [44.0, 11.0, 25.0], "2": [95.23809523809523, 20.0, 21.0], "3": [78.94736842105263, 135.0, 171.0], "4": [86.07594936708861, 68.0, 79.0], "5": [48.31460674157304, 86.0, 178.0], "6": [58.992805755395686, 164.0, 278.0], "7": [12.5, 1.0, 8.0], "8": [100.0, 8.0, 8.0]}