precision,accuracy,recall,duration
0.24867659366692982,0.2850574712643678,0.3140451573483805,299.7644603252411
