{"0": [92.85714285714286, 52.0, 56.0], "1": [73.17073170731707, 30.0, 41.0], "2": [88.63636363636364, 78.0, 88.0], "3": [65.78171091445427, 223.0, 339.0], "4": [80.1526717557252, 105.0, 131.0], "5": [35.84905660377358, 19.0, 53.0], "6": [84.61538461538461, 88.0, 104.0], "7": [50.0, 2.0, 4.0], "8": [46.2962962962963, 25.0, 54.0]}