{"0": [66.95957820738137, 381.0, 569.0], "1": [31.914893617021278, 15.0, 47.0], "2": [93.18181818181817, 41.0, 44.0], "3": [76.13636363636364, 268.0, 352.0], "4": [98.0, 147.0, 150.0], "5": [40.0, 146.0, 365.0], "6": [59.09090909090909, 351.0, 594.0], "7": [64.70588235294117, 11.0, 17.0], "8": [77.77777777777779, 14.0, 18.0]}