{"0": [63.57142857142857, 356.0, 560.0], "1": [34.04255319148936, 16.0, 47.0], "2": [93.02325581395348, 40.0, 43.0], "3": [91.83673469387756, 315.0, 343.0], "4": [96.66666666666667, 145.0, 150.0], "5": [43.53932584269663, 155.0, 356.0], "6": [59.49367088607595, 329.0, 553.0], "7": [58.82352941176471, 10.0, 17.0], "8": [66.66666666666666, 12.0, 18.0]}