{"0": [48.33040421792619, 275.0, 569.0], "1": [36.17021276595745, 17.0, 47.0], "2": [97.72727272727273, 43.0, 44.0], "3": [82.67045454545455, 291.0, 352.0], "4": [88.0, 132.0, 150.0], "5": [40.273972602739725, 147.0, 365.0], "6": [54.54545454545454, 324.0, 594.0], "7": [47.05882352941176, 8.0, 17.0], "8": [94.44444444444444, 17.0, 18.0]}