precision,accuracy,recall,duration
0.380091994885489,0.4940105414470532,0.3973938395877588,1054.3230769634247
