{"0": [38.57142857142858, 216.0, 560.0], "1": [42.5531914893617, 20.0, 47.0], "2": [90.69767441860465, 39.0, 43.0], "3": [69.38775510204081, 238.0, 343.0], "4": [70.66666666666667, 106.0, 150.0], "5": [38.764044943820224, 138.0, 356.0], "6": [49.54792043399638, 274.0, 553.0], "7": [58.82352941176471, 10.0, 17.0], "8": [83.33333333333334, 15.0, 18.0]}