precision,accuracy,recall,duration
0.3516986444514183,0.387774594078319,0.33559261876907986,601.241340637207
