{"0": [49.46236559139785, 138.0, 279.0], "1": [96.0, 24.0, 25.0], "2": [95.23809523809523, 20.0, 21.0], "3": [74.26900584795322, 127.0, 171.0], "4": [86.07594936708861, 68.0, 79.0], "5": [47.19101123595505, 84.0, 178.0], "6": [62.23021582733813, 173.0, 278.0], "7": [0.0, 0.0, 8.0], "8": [87.5, 7.0, 8.0]}