precision,accuracy,recall,duration
0.3022300041229693,0.2795497185741088,0.2746423034049809,318.44488859176636
