precision,accuracy,recall,duration
0.3130926371735917,0.2559017941454202,0.24542605669302167,1210.901347398758
