precision,accuracy,recall,duration
0.32399301728134255,0.28895184135977336,0.2746883174452104,1190.8970460891724
