{"0": [24.299065420560748, 26.0, 107.0], "1": [96.82539682539682, 61.0, 63.0], "2": [90.35087719298247, 103.0, 114.0], "3": [76.7416934619507, 716.0, 933.0], "4": [88.15331010452961, 253.0, 287.0], "5": [48.31460674157304, 43.0, 89.0], "6": [71.09826589595376, 369.0, 519.0], "7": [NaN, 0.0, 0.0], "8": [83.33333333333334, 5.0, 6.0]}