{"0": [27.102803738317753, 29.0, 107.0], "1": [84.12698412698413, 53.0, 63.0], "2": [84.21052631578947, 96.0, 114.0], "3": [71.16827438370846, 664.0, 933.0], "4": [86.41114982578398, 248.0, 287.0], "5": [44.9438202247191, 40.0, 89.0], "6": [71.48362235067437, 371.0, 519.0], "7": [NaN, 0.0, 0.0], "8": [83.33333333333334, 5.0, 6.0]}