{"0": [60.632688927943754, 345.0, 569.0], "1": [51.06382978723404, 24.0, 47.0], "2": [88.63636363636364, 39.0, 44.0], "3": [80.68181818181817, 284.0, 352.0], "4": [88.66666666666667, 133.0, 150.0], "5": [41.0958904109589, 150.0, 365.0], "6": [61.95286195286195, 368.0, 594.0], "7": [17.647058823529413, 3.0, 17.0], "8": [72.22222222222221, 13.0, 18.0]}