precision,accuracy,recall,duration
0.23391584017898887,0.24766355140186916,0.22872975947373392,62.373350620269775
