{"0": [81.81818181818183, 9.0, 11.0], "1": [100.0, 5.0, 5.0], "2": [94.44444444444444, 17.0, 18.0], "3": [75.70093457943925, 81.0, 107.0], "4": [84.0, 21.0, 25.0], "5": [10.0, 1.0, 10.0], "6": [71.05263157894737, 27.0, 38.0], "7": [NaN, 0.0, 0.0], "8": [NaN, 0.0, 0.0]}