{"0": [63.63636363636363, 119.0, 187.0], "1": [50.0, 7.0, 14.0], "2": [80.0, 12.0, 15.0], "3": [84.21052631578947, 96.0, 114.0], "4": [48.0, 24.0, 50.0], "5": [87.93103448275862, 102.0, 116.0], "6": [62.5, 115.0, 184.0], "7": [0.0, 0.0, 4.0], "8": [100.0, 7.0, 7.0]}