precision,accuracy,recall,duration
0.33157015038674925,0.3446808510638298,0.44851846105680604,418.23385787010193
