{"0": [19.444444444444446, 7.0, 36.0], "1": [47.61904761904761, 10.0, 21.0], "2": [97.61904761904762, 41.0, 42.0], "3": [68.16720257234726, 212.0, 311.0], "4": [69.23076923076923, 63.0, 91.0], "5": [24.137931034482758, 7.0, 29.0], "6": [70.11494252873564, 122.0, 174.0], "7": [NaN, 0.0, 0.0], "8": [0.0, 0.0, 1.0]}