precision,accuracy,recall,duration
0.28935793303930674,0.23984891406987724,0.1986548772914119,599.2777681350708
