{"0": [22.22222222222222, 12.0, 54.0], "1": [75.75757575757575, 25.0, 33.0], "2": [91.37931034482759, 53.0, 58.0], "3": [77.84946236559139, 362.0, 465.0], "4": [92.08633093525181, 128.0, 139.0], "5": [93.33333333333333, 42.0, 45.0], "6": [68.5823754789272, 179.0, 261.0], "7": [NaN, 0.0, 0.0], "8": [100.0, 4.0, 4.0]}