precision,accuracy,recall,duration
0.22110517333008753,0.17090069284064666,0.2644282563873207,267.0522315502167
