{"0": [81.48148148148148, 22.0, 27.0], "1": [62.5, 15.0, 24.0], "2": [61.36363636363637, 27.0, 44.0], "3": [89.47368421052632, 153.0, 171.0], "4": [88.88888888888889, 56.0, 63.0], "5": [77.77777777777779, 21.0, 27.0], "6": [98.14814814814815, 53.0, 54.0], "7": [50.0, 1.0, 2.0], "8": [52.38095238095239, 11.0, 21.0]}