{"0": [0.0, 0.0, 10.0], "1": [20.0, 1.0, 5.0], "2": [81.81818181818183, 9.0, 11.0], "3": [61.458333333333336, 59.0, 96.0], "4": [90.32258064516128, 28.0, 31.0], "5": [72.72727272727273, 8.0, 11.0], "6": [74.0, 37.0, 50.0], "7": [NaN, 0.0, 0.0], "8": [NaN, 0.0, 0.0]}