best_model_train_loss,best_model_val_loss,best_model_train_acc,best_model_val_acc,best_model_learning_rate,best_model_nb_epoch
0.4550234377384186,1.7011942863464355,0.41106414794921875,0.38350218534469604,0.0010000000474974513,95
