precision,accuracy,recall,duration
0.3355519177606215,0.25673758865248225,0.41295670836085513,328.0754852294922
