precision,accuracy,recall,duration
0.36246451781367617,0.3791606367583213,0.3442247809681353,396.24044394493103
