{"0": [53.475935828877006, 100.0, 187.0], "1": [28.57142857142857, 4.0, 14.0], "2": [80.0, 12.0, 15.0], "3": [87.71929824561403, 100.0, 114.0], "4": [90.0, 45.0, 50.0], "5": [37.93103448275862, 44.0, 116.0], "6": [62.5, 115.0, 184.0], "7": [50.0, 2.0, 4.0], "8": [100.0, 7.0, 7.0]}