{"0": [25.0, 9.0, 36.0], "1": [57.14285714285714, 12.0, 21.0], "2": [71.42857142857143, 30.0, 42.0], "3": [90.03215434083602, 280.0, 311.0], "4": [94.5054945054945, 86.0, 91.0], "5": [34.48275862068966, 10.0, 29.0], "6": [55.74712643678161, 97.0, 174.0], "7": [NaN, 0.0, 0.0], "8": [0.0, 0.0, 1.0]}