precision,accuracy,recall,duration
0.34872285263094543,0.3659574468085106,0.45535260289298063,326.8435094356537
