precision,accuracy,recall,duration
0.3655409854853537,0.41389290882778584,0.3615861771221707,396.6687331199646
