{"0": [49.19786096256685, 92.0, 187.0], "1": [28.57142857142857, 4.0, 14.0], "2": [93.33333333333333, 14.0, 15.0], "3": [73.68421052631578, 84.0, 114.0], "4": [76.0, 38.0, 50.0], "5": [39.6551724137931, 46.0, 116.0], "6": [64.13043478260869, 118.0, 184.0], "7": [50.0, 2.0, 4.0], "8": [100.0, 7.0, 7.0]}