{"0": [22.22222222222222, 8.0, 36.0], "1": [38.095238095238095, 8.0, 21.0], "2": [95.23809523809523, 40.0, 42.0], "3": [67.20257234726688, 209.0, 311.0], "4": [83.51648351648352, 76.0, 91.0], "5": [27.586206896551722, 8.0, 29.0], "6": [56.32183908045977, 98.0, 174.0], "7": [NaN, 0.0, 0.0], "8": [0.0, 0.0, 1.0]}