precision,accuracy,recall,duration
0.3545519218534162,0.5064011379800853,0.3414028246607427,319.79100489616394
