{"0": [18.32460732984293, 35.0, 191.0], "1": [35.714285714285715, 5.0, 14.0], "2": [100.0, 16.0, 16.0], "3": [69.49152542372882, 82.0, 118.0], "4": [84.0, 42.0, 50.0], "5": [39.166666666666664, 47.0, 120.0], "6": [63.13131313131313, 125.0, 198.0], "7": [100.0, 4.0, 4.0], "8": [85.71428571428571, 6.0, 7.0]}