precision,accuracy,recall,duration
0.33886614629270806,0.3100848256361923,0.3262765307114558,638.6045234203339
