precision,accuracy,recall,duration
0.3711441046959153,0.4011352885525071,0.346982992710156,1186.1954231262207
