{"0": [54.305799648506145, 309.0, 569.0], "1": [34.04255319148936, 16.0, 47.0], "2": [75.0, 33.0, 44.0], "3": [81.25, 286.0, 352.0], "4": [95.33333333333334, 143.0, 150.0], "5": [37.80821917808219, 138.0, 365.0], "6": [59.59595959595959, 354.0, 594.0], "7": [64.70588235294117, 11.0, 17.0], "8": [88.88888888888889, 16.0, 18.0]}