{"0": [29.629629629629626, 16.0, 54.0], "1": [39.39393939393939, 13.0, 33.0], "2": [74.13793103448276, 43.0, 58.0], "3": [76.98924731182795, 358.0, 465.0], "4": [88.65248226950354, 125.0, 141.0], "5": [37.77777777777778, 17.0, 45.0], "6": [59.77011494252874, 156.0, 261.0], "7": [NaN, 0.0, 0.0], "8": [100.0, 4.0, 4.0]}