best_model_train_loss,best_model_val_loss,best_model_train_acc,best_model_val_acc,best_model_learning_rate,best_model_nb_epoch
0.4392379820346832,1.3966954946517944,0.41698741912841797,0.4469914138317108,0.0010000000474974513,94
