best_model_train_loss,best_model_val_loss,best_model_train_acc,best_model_val_acc,best_model_learning_rate,best_model_nb_epoch
0.4405555725097656,0.5086966156959534,0.45024779438972473,0.3531914949417114,0.0010000000474974513,83
