precision,accuracy,recall,duration
0.382058328192683,0.39290780141843973,0.49104381366827315,403.1494517326355
