precision,accuracy,recall,duration
0.38804744167342264,0.47182425978987586,0.36279045615704547,592.5082061290741
