{"0": [25.0, 9.0, 36.0], "1": [33.33333333333333, 7.0, 21.0], "2": [73.80952380952381, 31.0, 42.0], "3": [63.665594855305464, 198.0, 311.0], "4": [83.51648351648352, 76.0, 91.0], "5": [20.689655172413794, 6.0, 29.0], "6": [58.04597701149425, 101.0, 174.0], "7": [NaN, 0.0, 0.0], "8": [0.0, 0.0, 1.0]}