{"0": [46.95340501792115, 131.0, 279.0], "1": [32.0, 8.0, 25.0], "2": [85.71428571428571, 18.0, 21.0], "3": [54.97076023391813, 94.0, 171.0], "4": [87.34177215189874, 69.0, 79.0], "5": [35.39325842696629, 63.0, 178.0], "6": [56.11510791366906, 156.0, 278.0], "7": [75.0, 6.0, 8.0], "8": [100.0, 8.0, 8.0]}