{"0": [98.93048128342245, 185.0, 187.0], "1": [42.857142857142854, 6.0, 14.0], "2": [93.33333333333333, 14.0, 15.0], "3": [75.43859649122807, 86.0, 114.0], "4": [80.0, 40.0, 50.0], "5": [37.93103448275862, 44.0, 116.0], "6": [76.63043478260869, 141.0, 184.0], "7": [0.0, 0.0, 4.0], "8": [85.71428571428571, 6.0, 7.0]}