{"0": [7.6923076923076925, 2.0, 26.0], "1": [62.06896551724138, 18.0, 29.0], "2": [94.11764705882352, 32.0, 34.0], "3": [61.261261261261254, 136.0, 222.0], "4": [52.0, 39.0, 75.0], "5": [73.07692307692307, 19.0, 26.0], "6": [74.77477477477478, 83.0, 111.0], "7": [NaN, 0.0, 0.0], "8": [80.0, 8.0, 10.0]}