best_model_train_loss,best_model_val_loss,best_model_train_acc,best_model_val_acc,best_model_learning_rate,best_model_nb_epoch
0.45439937710762024,0.6871470212936401,0.43303683400154114,0.2275731861591339,0.0010000000474974513,95
