precision,accuracy,recall,duration
0.41980381934708716,0.34560906515580736,0.38514535217046314,1211.7116689682007
