{"0": [28.037383177570092, 30.0, 107.0], "1": [41.269841269841265, 26.0, 63.0], "2": [90.35087719298247, 103.0, 114.0], "3": [67.7384780278671, 632.0, 933.0], "4": [90.59233449477352, 260.0, 287.0], "5": [25.842696629213485, 23.0, 89.0], "6": [59.53757225433526, 309.0, 519.0], "7": [NaN, 0.0, 0.0], "8": [50.0, 3.0, 6.0]}