precision,accuracy,recall,duration
0.3137522633669081,0.3432624113475177,0.4762394427453377,413.92636132240295
