{"0": [13.88888888888889, 5.0, 36.0], "1": [42.857142857142854, 9.0, 21.0], "2": [85.71428571428571, 36.0, 42.0], "3": [67.20257234726688, 209.0, 311.0], "4": [45.05494505494506, 41.0, 91.0], "5": [27.586206896551722, 8.0, 29.0], "6": [89.08045977011494, 155.0, 174.0], "7": [NaN, 0.0, 0.0], "8": [0.0, 0.0, 1.0]}