{"0": [46.25, 259.0, 560.0], "1": [53.191489361702125, 25.0, 47.0], "2": [81.3953488372093, 35.0, 43.0], "3": [71.7201166180758, 246.0, 343.0], "4": [82.66666666666667, 124.0, 150.0], "5": [41.57303370786517, 148.0, 356.0], "6": [57.32368896925859, 317.0, 553.0], "7": [94.11764705882352, 16.0, 17.0], "8": [72.22222222222221, 13.0, 18.0]}