precision,accuracy,recall,duration
0.3466390436601585,0.3057019645424054,0.31842833244487245,877.0076923370361
