{"0": [95.71428571428572, 536.0, 560.0], "1": [27.659574468085108, 13.0, 47.0], "2": [95.34883720930233, 41.0, 43.0], "3": [81.63265306122449, 280.0, 343.0], "4": [85.33333333333334, 128.0, 150.0], "5": [39.04494382022472, 139.0, 356.0], "6": [52.07956600361664, 288.0, 553.0], "7": [58.82352941176471, 10.0, 17.0], "8": [77.77777777777779, 14.0, 18.0]}