precision,accuracy,recall,duration
0.3401495062497445,0.3446808510638298,0.37135404494128665,421.37723302841187
