{"0": [19.444444444444446, 7.0, 36.0], "1": [28.57142857142857, 6.0, 21.0], "2": [90.47619047619048, 38.0, 42.0], "3": [70.41800643086816, 219.0, 311.0], "4": [50.54945054945055, 46.0, 91.0], "5": [27.586206896551722, 8.0, 29.0], "6": [78.73563218390804, 137.0, 174.0], "7": [NaN, 0.0, 0.0], "8": [100.0, 1.0, 1.0]}