{"0": [63.39285714285714, 355.0, 560.0], "1": [38.297872340425535, 18.0, 47.0], "2": [74.4186046511628, 32.0, 43.0], "3": [77.84256559766763, 267.0, 343.0], "4": [98.0, 147.0, 150.0], "5": [41.01123595505618, 146.0, 356.0], "6": [56.6003616636528, 313.0, 553.0], "7": [52.94117647058824, 9.0, 17.0], "8": [72.22222222222221, 13.0, 18.0]}