precision,accuracy,recall,duration
0.3049709774101638,0.4139402560455192,0.2590160868918099,345.9592878818512
