{"0": [53.92670157068062, 103.0, 191.0], "1": [85.71428571428571, 12.0, 14.0], "2": [87.5, 14.0, 16.0], "3": [54.23728813559322, 64.0, 118.0], "4": [80.0, 40.0, 50.0], "5": [41.66666666666667, 50.0, 120.0], "6": [62.62626262626263, 124.0, 198.0], "7": [100.0, 4.0, 4.0], "8": [100.0, 7.0, 7.0]}