{"0": [65.90509666080844, 375.0, 569.0], "1": [59.57446808510638, 28.0, 47.0], "2": [90.9090909090909, 40.0, 44.0], "3": [92.61363636363636, 326.0, 352.0], "4": [96.0, 144.0, 150.0], "5": [41.917808219178085, 153.0, 365.0], "6": [59.764309764309765, 355.0, 594.0], "7": [76.47058823529412, 13.0, 17.0], "8": [66.66666666666666, 12.0, 18.0]}