{"0": [60.45694200351493, 344.0, 569.0], "1": [36.17021276595745, 17.0, 47.0], "2": [84.0909090909091, 37.0, 44.0], "3": [86.93181818181817, 306.0, 352.0], "4": [97.33333333333334, 146.0, 150.0], "5": [40.273972602739725, 147.0, 365.0], "6": [58.75420875420876, 349.0, 594.0], "7": [64.70588235294117, 11.0, 17.0], "8": [50.0, 9.0, 18.0]}