precision,accuracy,recall,duration
0.2795213274686567,0.3032015065913371,0.29694388966000435,608.4222342967987
