{"0": [100.0, 284.0, 284.0], "1": [32.0, 8.0, 25.0], "2": [86.36363636363636, 19.0, 22.0], "3": [70.45454545454545, 124.0, 176.0], "4": [88.60759493670885, 70.0, 79.0], "5": [38.79781420765027, 71.0, 183.0], "6": [57.19063545150501, 171.0, 299.0], "7": [62.5, 5.0, 8.0], "8": [100.0, 8.0, 8.0]}