{"0": [55.008787346221446, 313.0, 569.0], "1": [87.2340425531915, 41.0, 47.0], "2": [93.18181818181817, 41.0, 44.0], "3": [76.13636363636364, 268.0, 352.0], "4": [91.33333333333333, 137.0, 150.0], "5": [33.97260273972603, 124.0, 365.0], "6": [67.84511784511784, 403.0, 594.0], "7": [11.76470588235294, 2.0, 17.0], "8": [100.0, 18.0, 18.0]}