{"0": [56.76625659050967, 323.0, 569.0], "1": [34.04255319148936, 16.0, 47.0], "2": [95.45454545454545, 42.0, 44.0], "3": [78.125, 275.0, 352.0], "4": [93.33333333333333, 140.0, 150.0], "5": [41.0958904109589, 150.0, 365.0], "6": [56.73400673400673, 337.0, 594.0], "7": [76.47058823529412, 13.0, 17.0], "8": [66.66666666666666, 12.0, 18.0]}