{"0": [52.406417112299465, 98.0, 187.0], "1": [35.714285714285715, 5.0, 14.0], "2": [73.33333333333333, 11.0, 15.0], "3": [87.71929824561403, 100.0, 114.0], "4": [82.0, 41.0, 50.0], "5": [42.241379310344826, 49.0, 116.0], "6": [69.02173913043478, 127.0, 184.0], "7": [50.0, 2.0, 4.0], "8": [100.0, 7.0, 7.0]}