precision,accuracy,recall,duration
0.329486205328549,0.2581560283687943,0.44677684844739585,408.95518589019775
