precision,accuracy,recall,duration
0.21525689223057642,0.17289719626168223,0.23402662880651076,52.823450803756714
