{"0": [45.45454545454545, 5.0, 11.0], "1": [100.0, 5.0, 5.0], "2": [100.0, 18.0, 18.0], "3": [87.85046728971963, 94.0, 107.0], "4": [80.0, 20.0, 25.0], "5": [10.0, 1.0, 10.0], "6": [89.47368421052632, 34.0, 38.0], "7": [NaN, 0.0, 0.0], "8": [NaN, 0.0, 0.0]}