precision,accuracy,recall,duration
0.3108274603888639,0.40186915887850466,0.39439122406864346,64.51036477088928
