{"0": [61.60714285714286, 345.0, 560.0], "1": [34.04255319148936, 16.0, 47.0], "2": [90.69767441860465, 39.0, 43.0], "3": [89.21282798833819, 306.0, 343.0], "4": [98.0, 147.0, 150.0], "5": [40.168539325842694, 143.0, 356.0], "6": [59.49367088607595, 329.0, 553.0], "7": [58.82352941176471, 10.0, 17.0], "8": [66.66666666666666, 12.0, 18.0]}