precision,accuracy,recall,duration
0.3915909394506806,0.4205298013245033,0.3638068468439101,517.7027263641357
