{"0": [51.84534270650264, 295.0, 569.0], "1": [31.914893617021278, 15.0, 47.0], "2": [95.45454545454545, 42.0, 44.0], "3": [66.76136363636364, 235.0, 352.0], "4": [94.66666666666667, 142.0, 150.0], "5": [43.013698630136986, 157.0, 365.0], "6": [59.93265993265994, 356.0, 594.0], "7": [70.58823529411765, 12.0, 17.0], "8": [61.111111111111114, 11.0, 18.0]}