{"0": [54.107142857142854, 303.0, 560.0], "1": [36.17021276595745, 17.0, 47.0], "2": [97.67441860465115, 42.0, 43.0], "3": [59.183673469387756, 203.0, 343.0], "4": [88.0, 132.0, 150.0], "5": [36.79775280898877, 131.0, 356.0], "6": [51.17540687160941, 283.0, 553.0], "7": [76.47058823529412, 13.0, 17.0], "8": [72.22222222222221, 13.0, 18.0]}