{"0": [61.78571428571429, 346.0, 560.0], "1": [38.297872340425535, 18.0, 47.0], "2": [93.02325581395348, 40.0, 43.0], "3": [78.4256559766764, 269.0, 343.0], "4": [96.66666666666667, 145.0, 150.0], "5": [39.60674157303371, 141.0, 356.0], "6": [60.03616636528029, 332.0, 553.0], "7": [70.58823529411765, 12.0, 17.0], "8": [61.111111111111114, 11.0, 18.0]}