precision,accuracy,recall,duration
0.37666931202961235,0.43519394512771997,0.3511425840245804,513.6795842647552
