{"0": [47.97891036906854, 273.0, 569.0], "1": [48.93617021276596, 23.0, 47.0], "2": [100.0, 44.0, 44.0], "3": [49.14772727272727, 173.0, 352.0], "4": [98.66666666666667, 148.0, 150.0], "5": [41.64383561643836, 152.0, 365.0], "6": [67.003367003367, 398.0, 594.0], "7": [88.23529411764706, 15.0, 17.0], "8": [44.44444444444444, 8.0, 18.0]}