precision,accuracy,recall,duration
0.27440987595346555,0.3320825515947467,0.3036981559496772,79.22946691513062
