{"0": [15.384615384615385, 4.0, 26.0], "1": [55.172413793103445, 16.0, 29.0], "2": [85.29411764705883, 29.0, 34.0], "3": [60.36036036036037, 134.0, 222.0], "4": [81.33333333333333, 61.0, 75.0], "5": [96.15384615384616, 25.0, 26.0], "6": [72.97297297297297, 81.0, 111.0], "7": [NaN, 0.0, 0.0], "8": [60.0, 6.0, 10.0]}