precision,accuracy,recall,duration
0.2943923117080472,0.38220757825370677,0.2867378217496641,461.094300031662
