{"0": [18.685121107266436, 54.0, 289.0], "1": [100.0, 96.0, 96.0], "2": [34.375, 11.0, 32.0], "3": [77.45664739884393, 134.0, 173.0], "4": [100.0, 147.0, 147.0], "5": [43.05555555555556, 62.0, 144.0], "6": [68.36363636363636, 188.0, 275.0], "7": [100.0, 58.0, 58.0], "8": [NaN, 0.0, 0.0]}