precision,accuracy,recall,duration
0.3495568186576643,0.3793755912961211,0.32582720956405686,1202.4831581115723
