{"0": [52.3725834797891, 298.0, 569.0], "1": [89.36170212765957, 42.0, 47.0], "2": [100.0, 44.0, 44.0], "3": [74.14772727272727, 261.0, 352.0], "4": [88.0, 132.0, 150.0], "5": [41.917808219178085, 153.0, 365.0], "6": [68.51851851851852, 407.0, 594.0], "7": [5.88235294117647, 1.0, 17.0], "8": [88.88888888888889, 16.0, 18.0]}