{"0": [60.17857142857142, 337.0, 560.0], "1": [40.42553191489361, 19.0, 47.0], "2": [93.02325581395348, 40.0, 43.0], "3": [76.38483965014578, 262.0, 343.0], "4": [97.33333333333334, 146.0, 150.0], "5": [39.8876404494382, 142.0, 356.0], "6": [51.89873417721519, 287.0, 553.0], "7": [82.35294117647058, 14.0, 17.0], "8": [77.77777777777779, 14.0, 18.0]}