{"0": [57.32142857142857, 321.0, 560.0], "1": [34.04255319148936, 16.0, 47.0], "2": [76.74418604651163, 33.0, 43.0], "3": [77.84256559766763, 267.0, 343.0], "4": [97.33333333333334, 146.0, 150.0], "5": [39.325842696629216, 140.0, 356.0], "6": [54.61121157323689, 302.0, 553.0], "7": [64.70588235294117, 11.0, 17.0], "8": [77.77777777777779, 14.0, 18.0]}