precision,accuracy,recall,duration
0.35111710073655505,0.3962625778629612,0.3469522796258485,940.1927921772003
