{"0": [51.60714285714286, 289.0, 560.0], "1": [89.36170212765957, 42.0, 47.0], "2": [97.67441860465115, 42.0, 43.0], "3": [78.134110787172, 268.0, 343.0], "4": [86.0, 129.0, 150.0], "5": [43.258426966292134, 154.0, 356.0], "6": [58.04701627486437, 321.0, 553.0], "7": [5.88235294117647, 1.0, 17.0], "8": [77.77777777777779, 14.0, 18.0]}