precision,accuracy,recall,duration
0.3563936871853435,0.4087870105062082,0.3276842437209953,626.6912868022919
