{"0": [53.76344086021505, 150.0, 279.0], "1": [32.0, 8.0, 25.0], "2": [90.47619047619048, 19.0, 21.0], "3": [80.11695906432749, 137.0, 171.0], "4": [96.20253164556962, 76.0, 79.0], "5": [34.26966292134831, 61.0, 178.0], "6": [55.75539568345324, 155.0, 278.0], "7": [62.5, 5.0, 8.0], "8": [100.0, 8.0, 8.0]}