precision,accuracy,recall,duration
0.3638348317961251,0.41759603469640644,0.2773574546106514,396.7305419445038
