{"0": [19.689119170984455, 38.0, 193.0], "1": [100.0, 59.0, 59.0], "2": [75.0, 18.0, 24.0], "3": [79.83193277310924, 95.0, 119.0], "4": [74.22680412371135, 72.0, 97.0], "5": [41.30434782608695, 38.0, 92.0], "6": [60.32608695652174, 111.0, 184.0], "7": [100.0, 39.0, 39.0], "8": [NaN, 0.0, 0.0]}