precision,accuracy,recall,duration
0.298214000553761,0.41563275434243174,0.30050422879138056,402.6189715862274
