precision,accuracy,recall,duration
0.2327073744352631,0.26598837209302323,0.21865670723632405,200.2522087097168
