{"0": [46.666666666666664, 35.0, 75.0], "1": [90.9090909090909, 80.0, 88.0], "2": [89.0909090909091, 98.0, 110.0], "3": [58.07692307692308, 302.0, 520.0], "4": [89.9497487437186, 179.0, 199.0], "5": [90.625, 58.0, 64.0], "6": [87.890625, 225.0, 256.0], "7": [100.0, 2.0, 2.0], "8": [50.0, 31.0, 62.0]}