best_model_train_loss,best_model_val_loss,best_model_train_acc,best_model_val_acc,best_model_learning_rate,best_model_nb_epoch
0.5091275572776794,1.0736833810806274,0.36483699083328247,0.42288556694984436,0.0010000000474974513,98
