best_model_train_loss,best_model_val_loss,best_model_train_acc,best_model_val_acc,best_model_learning_rate,best_model_nb_epoch
0.48498183488845825,0.4851092994213104,0.3964407444000244,0.5223880410194397,0.0010000000474974513,97
