precision,accuracy,recall,duration
0.3238550389808872,0.3915737298636927,0.26712381867808277,400.2588951587677
