precision,accuracy,recall,duration
0.35254193800243355,0.5298507462686567,0.32573245540972207,377.87976264953613
