precision,accuracy,recall,duration
0.46040638611632523,0.42786069651741293,0.3082466703156358,381.4885413646698
