{"0": [14.507772020725387, 28.0, 193.0], "1": [100.0, 59.0, 59.0], "2": [66.66666666666666, 16.0, 24.0], "3": [82.35294117647058, 98.0, 119.0], "4": [82.4742268041237, 80.0, 97.0], "5": [41.30434782608695, 38.0, 92.0], "6": [72.28260869565217, 133.0, 184.0], "7": [100.0, 39.0, 39.0], "8": [NaN, 0.0, 0.0]}