{"0": [25.0, 9.0, 36.0], "1": [31.25, 5.0, 16.0], "2": [87.5, 21.0, 24.0], "3": [96.42857142857143, 27.0, 28.0], "4": [100.0, 20.0, 20.0], "5": [34.48275862068966, 10.0, 29.0], "6": [47.91666666666667, 23.0, 48.0], "7": [NaN, 0.0, 0.0], "8": [NaN, 0.0, 0.0]}