{"0": [41.37931034482759, 12.0, 29.0], "1": [20.0, 2.0, 10.0], "2": [94.73684210526315, 18.0, 19.0], "3": [100.0, 14.0, 14.0], "4": [NaN, 0.0, 0.0], "5": [17.391304347826086, 4.0, 23.0], "6": [33.33333333333333, 13.0, 39.0], "7": [NaN, 0.0, 0.0], "8": [NaN, 0.0, 0.0]}