{"0": [59.464285714285715, 333.0, 560.0], "1": [40.42553191489361, 19.0, 47.0], "2": [81.3953488372093, 35.0, 43.0], "3": [87.75510204081633, 301.0, 343.0], "4": [90.0, 135.0, 150.0], "5": [42.13483146067416, 150.0, 356.0], "6": [54.97287522603978, 304.0, 553.0], "7": [58.82352941176471, 10.0, 17.0], "8": [77.77777777777779, 14.0, 18.0]}