{"0": [52.35602094240838, 100.0, 191.0], "1": [35.714285714285715, 5.0, 14.0], "2": [87.5, 14.0, 16.0], "3": [56.779661016949156, 67.0, 118.0], "4": [90.0, 45.0, 50.0], "5": [35.0, 42.0, 120.0], "6": [57.07070707070707, 113.0, 198.0], "7": [100.0, 4.0, 4.0], "8": [85.71428571428571, 6.0, 7.0]}