precision,accuracy,recall,duration
0.28069710513050716,0.24598677998111426,0.27359931096620466,1191.4086725711823
