{"0": [62.56590509666081, 356.0, 569.0], "1": [34.04255319148936, 16.0, 47.0], "2": [90.9090909090909, 40.0, 44.0], "3": [86.07954545454545, 303.0, 352.0], "4": [91.33333333333333, 137.0, 150.0], "5": [38.63013698630137, 141.0, 365.0], "6": [67.84511784511784, 403.0, 594.0], "7": [58.82352941176471, 10.0, 17.0], "8": [77.77777777777779, 14.0, 18.0]}