precision,accuracy,recall,duration
0.34503387166762695,0.3559322033898305,0.31628867328152677,601.9677219390869
