{"0": [46.83098591549296, 133.0, 284.0], "1": [44.0, 11.0, 25.0], "2": [81.81818181818183, 18.0, 22.0], "3": [78.97727272727273, 139.0, 176.0], "4": [89.87341772151899, 71.0, 79.0], "5": [48.08743169398907, 88.0, 183.0], "6": [77.59197324414716, 232.0, 299.0], "7": [62.5, 5.0, 8.0], "8": [87.5, 7.0, 8.0]}