precision,accuracy,recall,duration
0.2842779497341185,0.232766761095373,0.2528468015554777,1191.168517112732
