{"0": [29.906542056074763, 32.0, 107.0], "1": [42.857142857142854, 27.0, 63.0], "2": [88.59649122807018, 101.0, 114.0], "3": [77.92068595927117, 727.0, 933.0], "4": [96.51567944250871, 277.0, 287.0], "5": [98.87640449438202, 88.0, 89.0], "6": [71.09826589595376, 369.0, 519.0], "7": [NaN, 0.0, 0.0], "8": [66.66666666666666, 4.0, 6.0]}