precision,accuracy,recall,duration
0.341702340780501,0.3553779069767442,0.377399734055366,560.6874055862427
