{"0": [47.19101123595505, 42.0, 89.0], "1": [58.620689655172406, 34.0, 58.0], "2": [92.90780141843972, 131.0, 141.0], "3": [54.6875, 315.0, 576.0], "4": [88.17204301075269, 164.0, 186.0], "5": [29.333333333333332, 22.0, 75.0], "6": [81.09452736318407, 163.0, 201.0], "7": [83.33333333333334, 5.0, 6.0], "8": [25.0, 11.0, 44.0]}