precision,accuracy,recall,duration
0.34538709160475317,0.4310099573257468,0.35753861367034484,320.88108253479004
