{"0": [42.93193717277487, 82.0, 191.0], "1": [35.714285714285715, 5.0, 14.0], "2": [93.75, 15.0, 16.0], "3": [74.57627118644068, 88.0, 118.0], "4": [78.0, 39.0, 50.0], "5": [43.333333333333336, 52.0, 120.0], "6": [62.62626262626263, 124.0, 198.0], "7": [50.0, 2.0, 4.0], "8": [100.0, 7.0, 7.0]}