{"0": [56.68449197860963, 106.0, 187.0], "1": [50.0, 7.0, 14.0], "2": [100.0, 15.0, 15.0], "3": [78.0701754385965, 89.0, 114.0], "4": [72.0, 36.0, 50.0], "5": [34.48275862068966, 40.0, 116.0], "6": [71.19565217391305, 131.0, 184.0], "7": [50.0, 2.0, 4.0], "8": [71.42857142857143, 5.0, 7.0]}