precision,accuracy,recall,duration
0.3012915402745911,0.39826302729528534,0.3035313578992979,396.8374376296997
