{"0": [14.507772020725387, 28.0, 193.0], "1": [100.0, 59.0, 59.0], "2": [29.166666666666668, 7.0, 24.0], "3": [79.48717948717949, 93.0, 117.0], "4": [93.87755102040816, 92.0, 98.0], "5": [38.04347826086957, 35.0, 92.0], "6": [71.73913043478261, 132.0, 184.0], "7": [100.0, 39.0, 39.0], "8": [NaN, 0.0, 0.0]}