{"0": [52.85714285714286, 296.0, 560.0], "1": [38.297872340425535, 18.0, 47.0], "2": [67.44186046511628, 29.0, 43.0], "3": [59.183673469387756, 203.0, 343.0], "4": [99.33333333333333, 149.0, 150.0], "5": [41.853932584269664, 149.0, 356.0], "6": [55.33453887884268, 306.0, 553.0], "7": [76.47058823529412, 13.0, 17.0], "8": [72.22222222222221, 13.0, 18.0]}