precision,accuracy,recall,duration
0.27521751346596696,0.3023255813953488,0.28861299092546056,201.54938220977783
