{"0": [26.666666666666668, 20.0, 75.0], "1": [62.5, 55.0, 88.0], "2": [92.72727272727272, 102.0, 110.0], "3": [60.57692307692307, 315.0, 520.0], "4": [84.92462311557789, 169.0, 199.0], "5": [67.1875, 43.0, 64.0], "6": [84.375, 216.0, 256.0], "7": [100.0, 2.0, 2.0], "8": [61.29032258064516, 38.0, 62.0]}