precision,accuracy,recall,duration
0.2454997750147268,0.2565406976744186,0.29633926370821534,390.43313813209534
