precision,accuracy,recall,duration
0.35484884598993993,0.36028368794326243,0.4622814286949261,431.6607105731964
