{"0": [19.444444444444446, 7.0, 36.0], "1": [42.857142857142854, 9.0, 21.0], "2": [95.23809523809523, 40.0, 42.0], "3": [65.59485530546624, 204.0, 311.0], "4": [64.83516483516483, 59.0, 91.0], "5": [24.137931034482758, 7.0, 29.0], "6": [71.83908045977012, 125.0, 174.0], "7": [NaN, 0.0, 0.0], "8": [0.0, 0.0, 1.0]}