{"0": [40.64171122994652, 76.0, 187.0], "1": [42.857142857142854, 6.0, 14.0], "2": [93.33333333333333, 14.0, 15.0], "3": [80.7017543859649, 92.0, 114.0], "4": [88.0, 44.0, 50.0], "5": [33.62068965517241, 39.0, 116.0], "6": [61.95652173913043, 114.0, 184.0], "7": [100.0, 4.0, 4.0], "8": [100.0, 7.0, 7.0]}