{"0": [62.857142857142854, 352.0, 560.0], "1": [34.04255319148936, 16.0, 47.0], "2": [93.02325581395348, 40.0, 43.0], "3": [88.33819241982506, 303.0, 343.0], "4": [96.66666666666667, 145.0, 150.0], "5": [39.8876404494382, 142.0, 356.0], "6": [58.58951175406871, 324.0, 553.0], "7": [64.70588235294117, 11.0, 17.0], "8": [50.0, 9.0, 18.0]}