best_model_train_loss,best_model_val_loss,best_model_train_acc,best_model_val_acc,best_model_learning_rate,best_model_nb_epoch
0.4722347855567932,0.5219887495040894,0.42149388790130615,0.3021276593208313,0.0010000000474974513,94
