precision,accuracy,recall,duration
0.3599131075991317,0.2851063829787234,0.43767757192194495,328.2526502609253
