precision,accuracy,recall,duration
0.35543376325863235,0.3832391713747646,0.36194731720068746,602.2119979858398
