{"0": [50.352112676056336, 143.0, 284.0], "1": [32.0, 8.0, 25.0], "2": [59.09090909090909, 13.0, 22.0], "3": [88.06818181818183, 155.0, 176.0], "4": [92.40506329113924, 73.0, 79.0], "5": [39.89071038251366, 73.0, 183.0], "6": [66.5551839464883, 199.0, 299.0], "7": [50.0, 4.0, 8.0], "8": [100.0, 8.0, 8.0]}