{"0": [50.08787346221442, 285.0, 569.0], "1": [40.42553191489361, 19.0, 47.0], "2": [97.72727272727273, 43.0, 44.0], "3": [84.6590909090909, 298.0, 352.0], "4": [89.33333333333333, 134.0, 150.0], "5": [43.013698630136986, 157.0, 365.0], "6": [53.70370370370371, 319.0, 594.0], "7": [41.17647058823529, 7.0, 17.0], "8": [72.22222222222221, 13.0, 18.0]}