{"0": [52.54833040421792, 299.0, 569.0], "1": [44.680851063829785, 21.0, 47.0], "2": [97.72727272727273, 43.0, 44.0], "3": [83.23863636363636, 293.0, 352.0], "4": [89.33333333333333, 134.0, 150.0], "5": [33.6986301369863, 123.0, 365.0], "6": [54.54545454545454, 324.0, 594.0], "7": [47.05882352941176, 8.0, 17.0], "8": [88.88888888888889, 16.0, 18.0]}