{"0": [63.21428571428571, 354.0, 560.0], "1": [40.42553191489361, 19.0, 47.0], "2": [97.67441860465115, 42.0, 43.0], "3": [77.25947521865889, 265.0, 343.0], "4": [91.33333333333333, 137.0, 150.0], "5": [41.57303370786517, 148.0, 356.0], "6": [59.13200723327306, 327.0, 553.0], "7": [70.58823529411765, 12.0, 17.0], "8": [55.55555555555556, 10.0, 18.0]}