precision,accuracy,recall,duration
0.35004176684368055,0.42547033285094066,0.38225697559594074,401.8898012638092
