{"0": [47.05882352941176, 88.0, 187.0], "1": [35.714285714285715, 5.0, 14.0], "2": [93.33333333333333, 14.0, 15.0], "3": [61.40350877192983, 70.0, 114.0], "4": [86.0, 43.0, 50.0], "5": [42.241379310344826, 49.0, 116.0], "6": [65.21739130434783, 120.0, 184.0], "7": [25.0, 1.0, 4.0], "8": [100.0, 7.0, 7.0]}