precision,accuracy,recall,duration
0.3295350013994185,0.46418338108882523,0.3071842002291697,584.4255850315094
