{"0": [38.70967741935484, 108.0, 279.0], "1": [48.0, 12.0, 25.0], "2": [95.23809523809523, 20.0, 21.0], "3": [67.2514619883041, 115.0, 171.0], "4": [79.74683544303798, 63.0, 79.0], "5": [35.95505617977528, 64.0, 178.0], "6": [58.63309352517986, 163.0, 278.0], "7": [100.0, 8.0, 8.0], "8": [100.0, 8.0, 8.0]}