precision,accuracy,recall,duration
0.33146621935850096,0.34609929078014184,0.3643300462977441,416.7053282260895
