{"0": [60.535714285714285, 339.0, 560.0], "1": [38.297872340425535, 18.0, 47.0], "2": [86.04651162790698, 37.0, 43.0], "3": [84.25655976676384, 289.0, 343.0], "4": [95.33333333333334, 143.0, 150.0], "5": [42.13483146067416, 150.0, 356.0], "6": [55.15370705244123, 305.0, 553.0], "7": [64.70588235294117, 11.0, 17.0], "8": [66.66666666666666, 12.0, 18.0]}