{"0": [22.22222222222222, 8.0, 36.0], "1": [38.095238095238095, 8.0, 21.0], "2": [83.33333333333334, 35.0, 42.0], "3": [66.2379421221865, 206.0, 311.0], "4": [59.34065934065934, 54.0, 91.0], "5": [20.689655172413794, 6.0, 29.0], "6": [82.18390804597702, 143.0, 174.0], "7": [NaN, 0.0, 0.0], "8": [100.0, 1.0, 1.0]}