precision,accuracy,recall,duration
0.33577783339678324,0.3638968481375358,0.3263695263703289,602.0153479576111
