{"0": [49.82078853046595, 139.0, 279.0], "1": [88.0, 22.0, 25.0], "2": [85.71428571428571, 18.0, 21.0], "3": [77.77777777777779, 133.0, 171.0], "4": [92.40506329113924, 73.0, 79.0], "5": [39.8876404494382, 71.0, 178.0], "6": [72.66187050359713, 202.0, 278.0], "7": [12.5, 1.0, 8.0], "8": [87.5, 7.0, 8.0]}