precision,accuracy,recall,duration
0.35404985577450976,0.36991485335856195,0.3302427131041027,1208.0122051239014
