{"0": [55.008787346221446, 313.0, 569.0], "1": [91.48936170212765, 43.0, 47.0], "2": [97.72727272727273, 43.0, 44.0], "3": [80.9659090909091, 285.0, 352.0], "4": [82.0, 123.0, 150.0], "5": [42.73972602739726, 156.0, 365.0], "6": [66.32996632996633, 394.0, 594.0], "7": [0.0, 0.0, 17.0], "8": [88.88888888888889, 16.0, 18.0]}