precision,accuracy,recall,duration
0.19128363134293347,0.20093457943925233,0.22449712175518627,100.75855088233948
