precision,accuracy,recall,duration
0.3731398412650534,0.36879432624113473,0.47228919444981826,423.35959792137146
