{"0": [22.22222222222222, 8.0, 36.0], "1": [38.095238095238095, 8.0, 21.0], "2": [88.09523809523809, 37.0, 42.0], "3": [65.59485530546624, 204.0, 311.0], "4": [74.72527472527473, 68.0, 91.0], "5": [20.689655172413794, 6.0, 29.0], "6": [65.51724137931035, 114.0, 174.0], "7": [NaN, 0.0, 0.0], "8": [0.0, 0.0, 1.0]}