{"0": [61.78571428571429, 346.0, 560.0], "1": [59.57446808510638, 28.0, 47.0], "2": [97.67441860465115, 42.0, 43.0], "3": [72.01166180758017, 247.0, 343.0], "4": [94.66666666666667, 142.0, 150.0], "5": [37.640449438202246, 134.0, 356.0], "6": [55.33453887884268, 306.0, 553.0], "7": [82.35294117647058, 14.0, 17.0], "8": [55.55555555555556, 10.0, 18.0]}