{"0": [64.1711229946524, 120.0, 187.0], "1": [35.714285714285715, 5.0, 14.0], "2": [80.0, 12.0, 15.0], "3": [69.2982456140351, 79.0, 114.0], "4": [84.0, 42.0, 50.0], "5": [44.827586206896555, 52.0, 116.0], "6": [69.02173913043478, 127.0, 184.0], "7": [50.0, 2.0, 4.0], "8": [100.0, 7.0, 7.0]}