{"0": [62.32142857142857, 349.0, 560.0], "1": [59.57446808510638, 28.0, 47.0], "2": [79.06976744186046, 34.0, 43.0], "3": [78.71720116618076, 270.0, 343.0], "4": [82.66666666666667, 124.0, 150.0], "5": [42.97752808988764, 153.0, 356.0], "6": [57.86618444846293, 320.0, 553.0], "7": [76.47058823529412, 13.0, 17.0], "8": [66.66666666666666, 12.0, 18.0]}