precision,accuracy,recall,duration
0.309028808057652,0.29603399433427763,0.3533157283057613,1200.677238702774
