{"0": [70.09345794392523, 75.0, 107.0], "1": [38.095238095238095, 24.0, 63.0], "2": [83.33333333333334, 95.0, 114.0], "3": [78.34941050375134, 731.0, 933.0], "4": [80.48780487804879, 231.0, 287.0], "5": [21.34831460674157, 19.0, 89.0], "6": [60.308285163776496, 313.0, 519.0], "7": [NaN, 0.0, 0.0], "8": [50.0, 3.0, 6.0]}