{"0": [58.69947275922671, 334.0, 569.0], "1": [87.2340425531915, 41.0, 47.0], "2": [97.72727272727273, 43.0, 44.0], "3": [80.68181818181817, 284.0, 352.0], "4": [96.0, 144.0, 150.0], "5": [36.71232876712329, 134.0, 365.0], "6": [60.94276094276094, 362.0, 594.0], "7": [17.647058823529413, 3.0, 17.0], "8": [83.33333333333334, 15.0, 18.0]}