{"0": [59.40246045694201, 338.0, 569.0], "1": [34.04255319148936, 16.0, 47.0], "2": [88.63636363636364, 39.0, 44.0], "3": [74.14772727272727, 261.0, 352.0], "4": [95.33333333333334, 143.0, 150.0], "5": [36.16438356164384, 132.0, 365.0], "6": [61.111111111111114, 363.0, 594.0], "7": [52.94117647058824, 9.0, 17.0], "8": [77.77777777777779, 14.0, 18.0]}