{"0": [51.84534270650264, 295.0, 569.0], "1": [40.42553191489361, 19.0, 47.0], "2": [90.9090909090909, 40.0, 44.0], "3": [76.42045454545455, 269.0, 352.0], "4": [88.66666666666667, 133.0, 150.0], "5": [37.26027397260274, 136.0, 365.0], "6": [57.07070707070707, 339.0, 594.0], "7": [29.411764705882355, 5.0, 17.0], "8": [66.66666666666666, 12.0, 18.0]}