precision,accuracy,recall,duration
0.3456662187500481,0.40159767610748004,0.22802091255498677,816.8431253433228
