{"0": [77.52808988764045, 69.0, 89.0], "1": [100.0, 58.0, 58.0], "2": [97.87234042553192, 138.0, 141.0], "3": [21.837088388214905, 126.0, 577.0], "4": [96.23655913978494, 179.0, 186.0], "5": [73.33333333333333, 55.0, 75.0], "6": [87.06467661691542, 175.0, 201.0], "7": [100.0, 6.0, 6.0], "8": [40.909090909090914, 18.0, 44.0]}