{"0": [59.82142857142857, 335.0, 560.0], "1": [38.297872340425535, 18.0, 47.0], "2": [88.37209302325581, 38.0, 43.0], "3": [54.81049562682215, 188.0, 343.0], "4": [94.66666666666667, 142.0, 150.0], "5": [39.04494382022472, 139.0, 356.0], "6": [63.65280289330922, 352.0, 553.0], "7": [64.70588235294117, 11.0, 17.0], "8": [72.22222222222221, 13.0, 18.0]}