precision,accuracy,recall,duration
0.33872136672288217,0.27426955702167766,0.31014751173451277,609.1725792884827
