precision,accuracy,recall,duration
0.338168446679747,0.3734479465138491,0.2996625744331556,589.2689743041992
