{"0": [49.46236559139785, 138.0, 279.0], "1": [32.0, 8.0, 25.0], "2": [85.71428571428571, 18.0, 21.0], "3": [92.98245614035088, 159.0, 171.0], "4": [91.13924050632912, 72.0, 79.0], "5": [42.13483146067416, 75.0, 178.0], "6": [61.87050359712231, 172.0, 278.0], "7": [75.0, 6.0, 8.0], "8": [100.0, 8.0, 8.0]}