{"0": [29.629629629629626, 16.0, 54.0], "1": [36.36363636363637, 12.0, 33.0], "2": [81.03448275862068, 47.0, 58.0], "3": [83.44086021505376, 388.0, 465.0], "4": [93.61702127659575, 132.0, 141.0], "5": [37.77777777777778, 17.0, 45.0], "6": [59.00383141762452, 154.0, 261.0], "7": [NaN, 0.0, 0.0], "8": [100.0, 4.0, 4.0]}