precision,accuracy,recall,duration
0.3572967523904497,0.4366998577524893,0.3883461268990829,317.40355706214905
