{"0": [35.602094240837694, 68.0, 191.0], "1": [50.0, 7.0, 14.0], "2": [56.25, 9.0, 16.0], "3": [77.96610169491525, 92.0, 118.0], "4": [70.0, 35.0, 50.0], "5": [50.0, 60.0, 120.0], "6": [65.65656565656566, 130.0, 198.0], "7": [50.0, 2.0, 4.0], "8": [100.0, 7.0, 7.0]}