precision,accuracy,recall,duration
0.35484099409478015,0.3507426928605654,0.3013589377219036,943.0489845275879
