{"0": [51.964285714285715, 291.0, 560.0], "1": [91.48936170212765, 43.0, 47.0], "2": [97.67441860465115, 42.0, 43.0], "3": [82.5072886297376, 283.0, 343.0], "4": [92.0, 138.0, 150.0], "5": [56.74157303370787, 202.0, 356.0], "6": [61.30198915009042, 339.0, 553.0], "7": [11.76470588235294, 2.0, 17.0], "8": [83.33333333333334, 15.0, 18.0]}