precision,accuracy,recall,duration
0.29713114627557397,0.33617021276595743,0.3732464607007239,408.9161641597748
