{"0": [49.642857142857146, 278.0, 560.0], "1": [85.1063829787234, 40.0, 47.0], "2": [48.837209302325576, 21.0, 43.0], "3": [57.14285714285714, 196.0, 343.0], "4": [90.66666666666666, 136.0, 150.0], "5": [42.97752808988764, 153.0, 356.0], "6": [57.86618444846293, 320.0, 553.0], "7": [82.35294117647058, 14.0, 17.0], "8": [50.0, 9.0, 18.0]}