{"0": [8.333333333333332, 3.0, 36.0], "1": [42.857142857142854, 9.0, 21.0], "2": [71.42857142857143, 30.0, 42.0], "3": [71.70418006430869, 223.0, 311.0], "4": [70.32967032967034, 64.0, 91.0], "5": [24.137931034482758, 7.0, 29.0], "6": [75.28735632183908, 131.0, 174.0], "7": [NaN, 0.0, 0.0], "8": [100.0, 1.0, 1.0]}