precision,accuracy,recall,duration
0.3434565632760831,0.403954802259887,0.36636166399918624,604.2082476615906
