{"0": [47.53521126760563, 135.0, 284.0], "1": [96.0, 24.0, 25.0], "2": [77.27272727272727, 17.0, 22.0], "3": [81.25, 143.0, 176.0], "4": [83.54430379746836, 66.0, 79.0], "5": [32.78688524590164, 60.0, 183.0], "6": [67.55852842809364, 202.0, 299.0], "7": [0.0, 0.0, 8.0], "8": [87.5, 7.0, 8.0]}