{"0": [55.36028119507909, 315.0, 569.0], "1": [36.17021276595745, 17.0, 47.0], "2": [88.63636363636364, 39.0, 44.0], "3": [88.35227272727273, 311.0, 352.0], "4": [84.0, 126.0, 150.0], "5": [44.38356164383562, 162.0, 365.0], "6": [50.505050505050505, 300.0, 594.0], "7": [29.411764705882355, 5.0, 17.0], "8": [83.33333333333334, 15.0, 18.0]}