{"0": [58.523725834797894, 333.0, 569.0], "1": [40.42553191489361, 19.0, 47.0], "2": [100.0, 44.0, 44.0], "3": [76.70454545454545, 270.0, 352.0], "4": [90.0, 135.0, 150.0], "5": [37.80821917808219, 138.0, 365.0], "6": [51.010101010101, 303.0, 594.0], "7": [35.294117647058826, 6.0, 17.0], "8": [94.44444444444444, 17.0, 18.0]}