precision,accuracy,recall,duration
0.34226706669879675,0.39971550497866287,0.36548507601394126,294.70570492744446
