{"0": [54.45026178010471, 104.0, 191.0], "1": [35.714285714285715, 5.0, 14.0], "2": [87.5, 14.0, 16.0], "3": [75.42372881355932, 89.0, 118.0], "4": [84.0, 42.0, 50.0], "5": [33.33333333333333, 40.0, 120.0], "6": [66.16161616161617, 131.0, 198.0], "7": [50.0, 2.0, 4.0], "8": [85.71428571428571, 6.0, 7.0]}