precision,accuracy,recall,duration
0.37518295328720735,0.3050047214353163,0.3756147196638408,602.5538938045502
