{"0": [25.925925925925924, 14.0, 54.0], "1": [48.484848484848484, 16.0, 33.0], "2": [86.20689655172413, 50.0, 58.0], "3": [74.19354838709677, 345.0, 465.0], "4": [86.33093525179856, 120.0, 139.0], "5": [22.22222222222222, 10.0, 45.0], "6": [68.5823754789272, 179.0, 261.0], "7": [NaN, 0.0, 0.0], "8": [50.0, 2.0, 4.0]}