{"0": [50.43936731107206, 287.0, 569.0], "1": [31.914893617021278, 15.0, 47.0], "2": [77.27272727272727, 34.0, 44.0], "3": [70.73863636363636, 249.0, 352.0], "4": [98.66666666666667, 148.0, 150.0], "5": [36.43835616438356, 133.0, 365.0], "6": [58.24915824915825, 346.0, 594.0], "7": [94.11764705882352, 16.0, 17.0], "8": [77.77777777777779, 14.0, 18.0]}