{"0": [60.89285714285714, 341.0, 560.0], "1": [44.680851063829785, 21.0, 47.0], "2": [95.34883720930233, 41.0, 43.0], "3": [90.67055393586006, 311.0, 343.0], "4": [82.0, 123.0, 150.0], "5": [38.20224719101123, 136.0, 356.0], "6": [56.9620253164557, 315.0, 553.0], "7": [64.70588235294117, 11.0, 17.0], "8": [72.22222222222221, 13.0, 18.0]}