{"0": [15.384615384615385, 4.0, 26.0], "1": [65.51724137931035, 19.0, 29.0], "2": [91.17647058823529, 31.0, 34.0], "3": [60.36036036036037, 134.0, 222.0], "4": [56.00000000000001, 42.0, 75.0], "5": [23.076923076923077, 6.0, 26.0], "6": [78.37837837837837, 87.0, 111.0], "7": [NaN, 0.0, 0.0], "8": [70.0, 7.0, 10.0]}