precision,accuracy,recall,duration
0.3144215900716748,0.42990654205607476,0.46190547879185356,81.72409224510193
