{"0": [9.090909090909092, 1.0, 11.0], "1": [40.0, 2.0, 5.0], "2": [88.88888888888889, 16.0, 18.0], "3": [56.074766355140184, 60.0, 107.0], "4": [68.0, 17.0, 25.0], "5": [0.0, 0.0, 10.0], "6": [68.42105263157895, 26.0, 38.0], "7": [NaN, 0.0, 0.0], "8": [NaN, 0.0, 0.0]}