precision,accuracy,recall,duration
0.3286910473182538,0.3447946513849093,0.3032084329066634,601.7516093254089
