{"0": [51.61290322580645, 144.0, 279.0], "1": [92.0, 23.0, 25.0], "2": [95.23809523809523, 20.0, 21.0], "3": [77.77777777777779, 133.0, 171.0], "4": [92.40506329113924, 73.0, 79.0], "5": [43.258426966292134, 77.0, 178.0], "6": [74.82014388489209, 208.0, 278.0], "7": [0.0, 0.0, 8.0], "8": [100.0, 8.0, 8.0]}