best_model_train_loss,best_model_val_loss,best_model_train_acc,best_model_val_acc,best_model_learning_rate,best_model_nb_epoch
0.45521703362464905,0.7709096670150757,0.4026423692703247,0.4695735573768616,0.0010000000474974513,96
