precision,accuracy,recall,duration
0.36275176707173556,0.26534466477809254,0.35079969641886294,598.6661307811737
