precision,accuracy,recall,duration
0.41041450315138445,0.4456157163392429,0.4027853856035041,954.4385058879852
