{"0": [53.75, 301.0, 560.0], "1": [27.659574468085108, 13.0, 47.0], "2": [79.06976744186046, 34.0, 43.0], "3": [66.76384839650146, 229.0, 343.0], "4": [87.33333333333333, 131.0, 150.0], "5": [40.73033707865169, 145.0, 356.0], "6": [50.81374321880651, 281.0, 553.0], "7": [64.70588235294117, 11.0, 17.0], "8": [66.66666666666666, 12.0, 18.0]}