{"0": [27.77777777777778, 15.0, 54.0], "1": [33.33333333333333, 11.0, 33.0], "2": [82.75862068965517, 48.0, 58.0], "3": [89.89247311827957, 418.0, 465.0], "4": [80.57553956834532, 112.0, 139.0], "5": [35.55555555555556, 16.0, 45.0], "6": [59.38697318007663, 155.0, 261.0], "7": [NaN, 0.0, 0.0], "8": [75.0, 3.0, 4.0]}