{"0": [59.57820738137083, 339.0, 569.0], "1": [38.297872340425535, 18.0, 47.0], "2": [97.72727272727273, 43.0, 44.0], "3": [97.1590909090909, 342.0, 352.0], "4": [88.66666666666667, 133.0, 150.0], "5": [40.0, 146.0, 365.0], "6": [54.882154882154886, 326.0, 594.0], "7": [41.17647058823529, 7.0, 17.0], "8": [83.33333333333334, 15.0, 18.0]}