{"0": [58.17223198594025, 331.0, 569.0], "1": [34.04255319148936, 16.0, 47.0], "2": [70.45454545454545, 31.0, 44.0], "3": [73.01136363636364, 257.0, 352.0], "4": [97.33333333333334, 146.0, 150.0], "5": [37.534246575342465, 137.0, 365.0], "6": [59.764309764309765, 355.0, 594.0], "7": [52.94117647058824, 9.0, 17.0], "8": [72.22222222222221, 13.0, 18.0]}