{"0": [99.64788732394366, 283.0, 284.0], "1": [32.0, 8.0, 25.0], "2": [100.0, 22.0, 22.0], "3": [85.79545454545455, 151.0, 176.0], "4": [93.67088607594937, 74.0, 79.0], "5": [37.15846994535519, 68.0, 183.0], "6": [71.57190635451505, 214.0, 299.0], "7": [25.0, 2.0, 8.0], "8": [100.0, 8.0, 8.0]}