precision,accuracy,recall,duration
0.3833175391248774,0.4206995687589842,0.37570629542539447,973.531229019165
