{"0": [57.85714285714286, 324.0, 560.0], "1": [36.17021276595745, 17.0, 47.0], "2": [83.72093023255815, 36.0, 43.0], "3": [55.39358600583091, 190.0, 343.0], "4": [97.33333333333334, 146.0, 150.0], "5": [41.57303370786517, 148.0, 356.0], "6": [58.77034358047016, 325.0, 553.0], "7": [58.82352941176471, 10.0, 17.0], "8": [72.22222222222221, 13.0, 18.0]}