{"0": [52.5, 294.0, 560.0], "1": [40.42553191489361, 19.0, 47.0], "2": [93.02325581395348, 40.0, 43.0], "3": [51.60349854227405, 177.0, 343.0], "4": [98.0, 147.0, 150.0], "5": [37.359550561797754, 133.0, 356.0], "6": [61.48282097649186, 340.0, 553.0], "7": [82.35294117647058, 14.0, 17.0], "8": [66.66666666666666, 12.0, 18.0]}