best_model_train_loss,best_model_val_loss,best_model_train_acc,best_model_val_acc,best_model_learning_rate,best_model_nb_epoch
0.45079874992370605,0.7345349788665771,0.4126984179019928,0.4290444552898407,0.0010000000474974513,86
