precision,accuracy,recall,duration
0.40104605846488084,0.3836329233680227,0.3457659833573301,1194.5055332183838
