precision,accuracy,recall,duration
0.3623035891533001,0.37163120567375885,0.4070273252555102,413.40033650398254
