{"0": [53.25131810193322, 303.0, 569.0], "1": [42.5531914893617, 20.0, 47.0], "2": [84.0909090909091, 37.0, 44.0], "3": [86.07954545454545, 303.0, 352.0], "4": [88.66666666666667, 133.0, 150.0], "5": [43.56164383561644, 159.0, 365.0], "6": [61.61616161616161, 366.0, 594.0], "7": [76.47058823529412, 13.0, 17.0], "8": [55.55555555555556, 10.0, 18.0]}