{"0": [16.666666666666664, 6.0, 36.0], "1": [23.809523809523807, 5.0, 21.0], "2": [73.80952380952381, 31.0, 42.0], "3": [77.17041800643086, 240.0, 311.0], "4": [69.23076923076923, 63.0, 91.0], "5": [20.689655172413794, 6.0, 29.0], "6": [52.29885057471264, 91.0, 174.0], "7": [NaN, 0.0, 0.0], "8": [100.0, 1.0, 1.0]}