precision,accuracy,recall,duration
0.24511600399044783,0.2383177570093458,0.21716336754643206,33.14281177520752
