precision,accuracy,recall,duration
0.36779069783292884,0.32011331444759206,0.3534027548881072,597.73246717453
