precision,accuracy,recall,duration
0.38678392541961376,0.42999053926206243,0.3424488913336641,1208.0243430137634
