{"0": [29.629629629629626, 16.0, 54.0], "1": [36.36363636363637, 12.0, 33.0], "2": [70.6896551724138, 41.0, 58.0], "3": [81.29032258064515, 378.0, 465.0], "4": [79.13669064748201, 110.0, 139.0], "5": [28.888888888888886, 13.0, 45.0], "6": [55.938697318007655, 146.0, 261.0], "7": [NaN, 0.0, 0.0], "8": [100.0, 4.0, 4.0]}