{"0": [52.02108963093146, 296.0, 569.0], "1": [31.914893617021278, 15.0, 47.0], "2": [95.45454545454545, 42.0, 44.0], "3": [71.875, 253.0, 352.0], "4": [89.33333333333333, 134.0, 150.0], "5": [36.16438356164384, 132.0, 365.0], "6": [57.91245791245792, 344.0, 594.0], "7": [76.47058823529412, 13.0, 17.0], "8": [83.33333333333334, 15.0, 18.0]}