{"0": [99.82425307557118, 568.0, 569.0], "1": [27.659574468085108, 13.0, 47.0], "2": [95.45454545454545, 42.0, 44.0], "3": [67.61363636363636, 238.0, 352.0], "4": [88.0, 132.0, 150.0], "5": [38.63013698630137, 141.0, 365.0], "6": [56.060606060606055, 333.0, 594.0], "7": [82.35294117647058, 14.0, 17.0], "8": [55.55555555555556, 10.0, 18.0]}