precision,accuracy,recall,duration
0.3624407138255107,0.4548022598870056,0.38733158397226713,609.0998134613037
