{"0": [39.7887323943662, 113.0, 284.0], "1": [48.0, 12.0, 25.0], "2": [81.81818181818183, 18.0, 22.0], "3": [64.77272727272727, 114.0, 176.0], "4": [77.21518987341773, 61.0, 79.0], "5": [37.704918032786885, 69.0, 183.0], "6": [67.22408026755853, 201.0, 299.0], "7": [62.5, 5.0, 8.0], "8": [75.0, 6.0, 8.0]}