precision,accuracy,recall,duration
0.29607475813498746,0.30101302460202606,0.29101073251007575,401.53185081481934
