{"0": [93.58288770053476, 175.0, 187.0], "1": [35.714285714285715, 5.0, 14.0], "2": [93.33333333333333, 14.0, 15.0], "3": [72.80701754385966, 83.0, 114.0], "4": [84.0, 42.0, 50.0], "5": [37.06896551724138, 43.0, 116.0], "6": [60.86956521739131, 112.0, 184.0], "7": [75.0, 3.0, 4.0], "8": [85.71428571428571, 6.0, 7.0]}