{"0": [62.214411247803156, 354.0, 569.0], "1": [34.04255319148936, 16.0, 47.0], "2": [95.45454545454545, 42.0, 44.0], "3": [88.63636363636364, 312.0, 352.0], "4": [98.0, 147.0, 150.0], "5": [39.726027397260275, 145.0, 365.0], "6": [60.1010101010101, 357.0, 594.0], "7": [76.47058823529412, 13.0, 17.0], "8": [61.111111111111114, 11.0, 18.0]}