precision,accuracy,recall,duration
0.3872406500959872,0.3858643744030564,0.27389593428778575,585.5602593421936
