precision,accuracy,recall,duration
0.32828304123573804,0.2478793590951932,0.2926646736661541,611.7115046977997
