{"0": [50.53763440860215, 141.0, 279.0], "1": [48.0, 12.0, 25.0], "2": [95.23809523809523, 20.0, 21.0], "3": [85.96491228070175, 147.0, 171.0], "4": [84.81012658227847, 67.0, 79.0], "5": [41.01123595505618, 73.0, 178.0], "6": [60.431654676258994, 168.0, 278.0], "7": [87.5, 7.0, 8.0], "8": [100.0, 8.0, 8.0]}