{"0": [29.629629629629626, 16.0, 54.0], "1": [42.42424242424242, 14.0, 33.0], "2": [91.37931034482759, 53.0, 58.0], "3": [91.18279569892474, 424.0, 465.0], "4": [88.65248226950354, 125.0, 141.0], "5": [37.77777777777778, 17.0, 45.0], "6": [55.55555555555556, 145.0, 261.0], "7": [NaN, 0.0, 0.0], "8": [100.0, 4.0, 4.0]}