precision,accuracy,recall,duration
0.29979889612595406,0.40636704119850187,0.36511553229103105,148.63754963874817
