{"0": [27.27272727272727, 9.0, 33.0], "1": [63.1578947368421, 12.0, 19.0], "2": [91.30434782608695, 42.0, 46.0], "3": [56.734693877551024, 139.0, 245.0], "4": [64.17910447761194, 43.0, 67.0], "5": [16.0, 4.0, 25.0], "6": [67.03296703296702, 61.0, 91.0], "7": [100.0, 1.0, 1.0], "8": [85.71428571428571, 6.0, 7.0]}