precision,accuracy,recall,duration
0.34263435256160973,0.2695035460992908,0.44423165560024785,403.1222081184387
