{"0": [27.77777777777778, 10.0, 36.0], "1": [33.33333333333333, 7.0, 21.0], "2": [71.42857142857143, 30.0, 42.0], "3": [77.81350482315112, 242.0, 311.0], "4": [83.51648351648352, 76.0, 91.0], "5": [24.137931034482758, 7.0, 29.0], "6": [82.18390804597702, 143.0, 174.0], "7": [NaN, 0.0, 0.0], "8": [0.0, 0.0, 1.0]}