{"0": [52.72407732864674, 300.0, 569.0], "1": [38.297872340425535, 18.0, 47.0], "2": [90.9090909090909, 40.0, 44.0], "3": [70.17045454545455, 247.0, 352.0], "4": [84.66666666666667, 127.0, 150.0], "5": [35.06849315068493, 128.0, 365.0], "6": [56.3973063973064, 335.0, 594.0], "7": [58.82352941176471, 10.0, 17.0], "8": [72.22222222222221, 13.0, 18.0]}