{"0": [22.22222222222222, 6.0, 27.0], "1": [62.06896551724138, 18.0, 29.0], "2": [88.23529411764706, 30.0, 34.0], "3": [63.96396396396396, 142.0, 222.0], "4": [41.333333333333336, 31.0, 75.0], "5": [19.230769230769234, 5.0, 26.0], "6": [79.27927927927928, 88.0, 111.0], "7": [NaN, 0.0, 0.0], "8": [80.0, 8.0, 10.0]}