{"0": [35.483870967741936, 99.0, 279.0], "1": [60.0, 15.0, 25.0], "2": [95.23809523809523, 20.0, 21.0], "3": [75.43859649122807, 129.0, 171.0], "4": [83.54430379746836, 66.0, 79.0], "5": [33.70786516853933, 60.0, 178.0], "6": [55.03597122302158, 153.0, 278.0], "7": [75.0, 6.0, 8.0], "8": [87.5, 7.0, 8.0]}