{"0": [58.1151832460733, 111.0, 191.0], "1": [92.85714285714286, 13.0, 14.0], "2": [100.0, 16.0, 16.0], "3": [79.66101694915254, 94.0, 118.0], "4": [82.0, 41.0, 50.0], "5": [36.666666666666664, 44.0, 120.0], "6": [68.18181818181817, 135.0, 198.0], "7": [0.0, 0.0, 4.0], "8": [100.0, 7.0, 7.0]}