precision,accuracy,recall,duration
0.3542935835175632,0.3021276595744681,0.46418118135233855,404.7380094528198
