{"0": [63.74999999999999, 357.0, 560.0], "1": [36.17021276595745, 17.0, 47.0], "2": [93.02325581395348, 40.0, 43.0], "3": [82.79883381924198, 284.0, 343.0], "4": [97.33333333333334, 146.0, 150.0], "5": [43.82022471910113, 156.0, 356.0], "6": [55.51537070524412, 307.0, 553.0], "7": [52.94117647058824, 9.0, 17.0], "8": [77.77777777777779, 14.0, 18.0]}