precision,accuracy,recall,duration
0.3064222364987915,0.28895184135977336,0.274233613262946,603.2736322879791
