{"0": [29.629629629629626, 16.0, 54.0], "1": [84.84848484848484, 28.0, 33.0], "2": [75.86206896551724, 44.0, 58.0], "3": [75.48387096774194, 351.0, 465.0], "4": [79.85611510791367, 111.0, 139.0], "5": [37.77777777777778, 17.0, 45.0], "6": [69.73180076628353, 182.0, 261.0], "7": [NaN, 0.0, 0.0], "8": [100.0, 4.0, 4.0]}