{"0": [30.481283422459892, 57.0, 187.0], "1": [42.857142857142854, 6.0, 14.0], "2": [93.33333333333333, 14.0, 15.0], "3": [68.42105263157895, 78.0, 114.0], "4": [80.0, 40.0, 50.0], "5": [38.793103448275865, 45.0, 116.0], "6": [61.41304347826087, 113.0, 184.0], "7": [100.0, 4.0, 4.0], "8": [100.0, 7.0, 7.0]}