best_model_train_loss,best_model_val_loss,best_model_train_acc,best_model_val_acc,best_model_learning_rate,best_model_nb_epoch
0.4366488456726074,0.5047234892845154,0.4395730197429657,0.41134750843048096,0.0010000000474974513,98
