precision,accuracy,recall,duration
0.3626886841668905,0.39148936170212767,0.4909923049591158,408.26404547691345
