precision,accuracy,recall,duration
0.402865235564325,0.4314096499526963,0.4253532109795406,1201.0808293819427
