{"0": [50.96660808435852, 290.0, 569.0], "1": [36.17021276595745, 17.0, 47.0], "2": [90.9090909090909, 40.0, 44.0], "3": [70.17045454545455, 247.0, 352.0], "4": [88.0, 132.0, 150.0], "5": [39.178082191780824, 143.0, 365.0], "6": [60.26936026936027, 358.0, 594.0], "7": [17.647058823529413, 3.0, 17.0], "8": [66.66666666666666, 12.0, 18.0]}