{"0": [54.833040421792624, 312.0, 569.0], "1": [34.04255319148936, 16.0, 47.0], "2": [86.36363636363636, 38.0, 44.0], "3": [79.26136363636364, 279.0, 352.0], "4": [88.66666666666667, 133.0, 150.0], "5": [31.506849315068493, 115.0, 365.0], "6": [58.75420875420876, 349.0, 594.0], "7": [58.82352941176471, 10.0, 17.0], "8": [100.0, 18.0, 18.0]}