precision,accuracy,recall,duration
0.3009205110932894,0.2936170212765957,0.26174884060089365,418.305415391922
