{"0": [22.22222222222222, 8.0, 36.0], "1": [85.71428571428571, 18.0, 21.0], "2": [83.33333333333334, 35.0, 42.0], "3": [72.02572347266882, 224.0, 311.0], "4": [87.91208791208791, 80.0, 91.0], "5": [44.827586206896555, 13.0, 29.0], "6": [68.39080459770115, 119.0, 174.0], "7": [NaN, 0.0, 0.0], "8": [100.0, 1.0, 1.0]}