{"0": [55.19713261648745, 154.0, 279.0], "1": [92.0, 23.0, 25.0], "2": [95.23809523809523, 20.0, 21.0], "3": [78.94736842105263, 135.0, 171.0], "4": [93.67088607594937, 74.0, 79.0], "5": [39.8876404494382, 71.0, 178.0], "6": [59.71223021582733, 166.0, 278.0], "7": [0.0, 0.0, 8.0], "8": [100.0, 8.0, 8.0]}