precision,accuracy,recall,duration
0.3621234780278193,0.4188351920693928,0.29911816928450397,394.7409405708313
