{"0": [14.507772020725387, 28.0, 193.0], "1": [100.0, 59.0, 59.0], "2": [45.83333333333333, 11.0, 24.0], "3": [81.5126050420168, 97.0, 119.0], "4": [83.50515463917526, 81.0, 97.0], "5": [43.47826086956522, 40.0, 92.0], "6": [61.95652173913043, 114.0, 184.0], "7": [100.0, 39.0, 39.0], "8": [NaN, 0.0, 0.0]}