best_model_train_loss,best_model_val_loss,best_model_train_acc,best_model_val_acc,best_model_learning_rate,best_model_nb_epoch
0.4484787881374359,0.7761178612709045,0.4320203363895416,0.27006611227989197,0.0010000000474974513,97
