precision,accuracy,recall,duration
0.3589935720277031,0.3777148253068933,0.40711826010403607,604.4318206310272
