{"0": [25.925925925925924, 14.0, 54.0], "1": [51.515151515151516, 17.0, 33.0], "2": [87.93103448275862, 51.0, 58.0], "3": [66.23655913978494, 308.0, 465.0], "4": [74.82014388489209, 104.0, 139.0], "5": [17.77777777777778, 8.0, 45.0], "6": [59.38697318007663, 155.0, 261.0], "7": [NaN, 0.0, 0.0], "8": [50.0, 2.0, 4.0]}