precision,accuracy,recall,duration
0.3517217628216732,0.2581560283687943,0.44862808581994007,416.0785598754883
