{"0": [27.77777777777778, 10.0, 36.0], "1": [28.57142857142857, 6.0, 21.0], "2": [83.33333333333334, 35.0, 42.0], "3": [87.13826366559485, 271.0, 311.0], "4": [52.74725274725275, 48.0, 91.0], "5": [34.48275862068966, 10.0, 29.0], "6": [82.18390804597702, 143.0, 174.0], "7": [NaN, 0.0, 0.0], "8": [0.0, 0.0, 1.0]}