{"0": [65.53571428571429, 367.0, 560.0], "1": [44.680851063829785, 21.0, 47.0], "2": [93.02325581395348, 40.0, 43.0], "3": [78.4256559766764, 269.0, 343.0], "4": [98.0, 147.0, 150.0], "5": [46.62921348314607, 166.0, 356.0], "6": [61.66365280289331, 341.0, 553.0], "7": [76.47058823529412, 13.0, 17.0], "8": [61.111111111111114, 11.0, 18.0]}