best_model_train_loss,best_model_val_loss,best_model_train_acc,best_model_val_acc,best_model_learning_rate,best_model_nb_epoch
0.5072008371353149,1.1131665706634521,0.3126349151134491,0.39120152592658997,0.0010000000474974513,90
