precision,accuracy,recall,duration
0.33582106447598664,0.37559129612109743,0.2868433991013714,1220.9016394615173
