{"0": [53.95430579964851, 307.0, 569.0], "1": [93.61702127659575, 44.0, 47.0], "2": [95.45454545454545, 42.0, 44.0], "3": [69.60227272727273, 245.0, 352.0], "4": [90.66666666666666, 136.0, 150.0], "5": [41.64383561643836, 152.0, 365.0], "6": [69.36026936026936, 412.0, 594.0], "7": [35.294117647058826, 6.0, 17.0], "8": [94.44444444444444, 17.0, 18.0]}