precision,accuracy,recall,duration
0.3517818381376944,0.40249161475802586,0.33173403572401294,954.1525592803955
