{"0": [51.42857142857142, 288.0, 560.0], "1": [89.36170212765957, 42.0, 47.0], "2": [97.67441860465115, 42.0, 43.0], "3": [67.05539358600583, 230.0, 343.0], "4": [90.66666666666666, 136.0, 150.0], "5": [44.38202247191011, 158.0, 356.0], "6": [60.21699819168174, 333.0, 553.0], "7": [11.76470588235294, 2.0, 17.0], "8": [88.88888888888889, 16.0, 18.0]}