{"0": [39.436619718309856, 112.0, 284.0], "1": [32.0, 8.0, 25.0], "2": [86.36363636363636, 19.0, 22.0], "3": [67.04545454545455, 118.0, 176.0], "4": [89.87341772151899, 71.0, 79.0], "5": [37.15846994535519, 68.0, 183.0], "6": [61.20401337792642, 183.0, 299.0], "7": [62.5, 5.0, 8.0], "8": [100.0, 8.0, 8.0]}