precision,accuracy,recall,duration
0.35855602319534136,0.36779981114258736,0.37717421527503503,1191.521406173706
