{"0": [75.70093457943925, 81.0, 107.0], "1": [39.682539682539684, 25.0, 63.0], "2": [78.94736842105263, 90.0, 114.0], "3": [69.2390139335477, 646.0, 933.0], "4": [72.12543554006969, 207.0, 287.0], "5": [23.595505617977526, 21.0, 89.0], "6": [51.252408477842, 266.0, 519.0], "7": [NaN, 0.0, 0.0], "8": [50.0, 3.0, 6.0]}