precision,accuracy,recall,duration
0.2888956100025868,0.34844192634560905,0.3495485883776808,597.6942608356476
