{"0": [53.70370370370371, 29.0, 54.0], "1": [33.33333333333333, 11.0, 33.0], "2": [79.3103448275862, 46.0, 58.0], "3": [75.26881720430107, 350.0, 465.0], "4": [71.22302158273382, 99.0, 139.0], "5": [17.77777777777778, 8.0, 45.0], "6": [54.78927203065134, 143.0, 261.0], "7": [NaN, 0.0, 0.0], "8": [100.0, 4.0, 4.0]}