{"0": [56.42857142857143, 316.0, 560.0], "1": [97.87234042553192, 46.0, 47.0], "2": [51.162790697674424, 22.0, 43.0], "3": [55.10204081632652, 189.0, 343.0], "4": [100.0, 150.0, 150.0], "5": [35.39325842696629, 126.0, 356.0], "6": [56.05786618444847, 310.0, 553.0], "7": [64.70588235294117, 11.0, 17.0], "8": [72.22222222222221, 13.0, 18.0]}