{"0": [48.167539267015705, 92.0, 191.0], "1": [42.857142857142854, 6.0, 14.0], "2": [93.75, 15.0, 16.0], "3": [59.32203389830508, 70.0, 118.0], "4": [86.0, 43.0, 50.0], "5": [38.333333333333336, 46.0, 120.0], "6": [69.6969696969697, 138.0, 198.0], "7": [50.0, 2.0, 4.0], "8": [100.0, 7.0, 7.0]}