precision,accuracy,recall,duration
0.37936941033690985,0.24551463644948066,0.3541260253521954,1208.943198442459
