precision,accuracy,recall,duration
0.366084319864981,0.4139402560455192,0.38382107019093054,404.00375294685364
