{"0": [48.167539267015705, 92.0, 191.0], "1": [42.857142857142854, 6.0, 14.0], "2": [75.0, 12.0, 16.0], "3": [83.05084745762711, 98.0, 118.0], "4": [84.0, 42.0, 50.0], "5": [40.0, 48.0, 120.0], "6": [61.111111111111114, 121.0, 198.0], "7": [25.0, 1.0, 4.0], "8": [100.0, 7.0, 7.0]}