{"0": [27.102803738317753, 29.0, 107.0], "1": [39.682539682539684, 25.0, 63.0], "2": [94.73684210526315, 108.0, 114.0], "3": [92.92604501607717, 867.0, 933.0], "4": [78.74564459930313, 226.0, 287.0], "5": [39.325842696629216, 35.0, 89.0], "6": [58.76685934489403, 305.0, 519.0], "7": [NaN, 0.0, 0.0], "8": [50.0, 3.0, 6.0]}