precision,accuracy,recall,duration
0.3921444581735897,0.42453282223287014,0.37486615306433735,948.1509735584259
