precision,accuracy,recall,duration
0.3602634349244292,0.39943342776203966,0.37138786044231215,602.3810074329376
