{"0": [22.22222222222222, 12.0, 54.0], "1": [30.303030303030305, 10.0, 33.0], "2": [86.20689655172413, 50.0, 58.0], "3": [66.02150537634408, 307.0, 465.0], "4": [74.10071942446042, 103.0, 139.0], "5": [35.55555555555556, 16.0, 45.0], "6": [51.34099616858238, 134.0, 261.0], "7": [NaN, 0.0, 0.0], "8": [100.0, 4.0, 4.0]}