{"0": [54.107142857142854, 303.0, 560.0], "1": [29.78723404255319, 14.0, 47.0], "2": [100.0, 43.0, 43.0], "3": [79.59183673469387, 273.0, 343.0], "4": [84.66666666666667, 127.0, 150.0], "5": [37.07865168539326, 132.0, 356.0], "6": [51.89873417721519, 287.0, 553.0], "7": [58.82352941176471, 10.0, 17.0], "8": [66.66666666666666, 12.0, 18.0]}