best_model_train_loss,best_model_val_loss,best_model_train_acc,best_model_val_acc,best_model_learning_rate,best_model_nb_epoch
0.4753096103668213,0.8309932351112366,0.37001270055770874,0.3144475817680359,0.0010000000474974513,97
