precision,accuracy,recall,duration
0.3441060683568283,0.2842304060434372,0.2755731719941102,1197.029067516327
