precision,accuracy,recall,duration
0.3366850064909411,0.32152974504249293,0.3164163935629385,1209.9071452617645
