{"0": [27.102803738317753, 29.0, 107.0], "1": [90.47619047619048, 57.0, 63.0], "2": [82.45614035087719, 94.0, 114.0], "3": [70.41800643086816, 657.0, 933.0], "4": [70.73170731707317, 203.0, 287.0], "5": [38.20224719101123, 34.0, 89.0], "6": [69.17148362235068, 359.0, 519.0], "7": [NaN, 0.0, 0.0], "8": [66.66666666666666, 4.0, 6.0]}