{"0": [33.64485981308411, 36.0, 107.0], "1": [85.71428571428571, 54.0, 63.0], "2": [78.94736842105263, 90.0, 114.0], "3": [73.41907824222936, 685.0, 933.0], "4": [89.19860627177701, 256.0, 287.0], "5": [39.325842696629216, 35.0, 89.0], "6": [68.40077071290945, 355.0, 519.0], "7": [NaN, 0.0, 0.0], "8": [83.33333333333334, 5.0, 6.0]}