{"0": [59.05096660808435, 336.0, 569.0], "1": [42.5531914893617, 20.0, 47.0], "2": [93.18181818181817, 41.0, 44.0], "3": [82.10227272727273, 289.0, 352.0], "4": [86.66666666666667, 130.0, 150.0], "5": [40.821917808219176, 149.0, 365.0], "6": [51.515151515151516, 306.0, 594.0], "7": [35.294117647058826, 6.0, 17.0], "8": [83.33333333333334, 15.0, 18.0]}