precision,accuracy,recall,duration
0.3158239786924373,0.1935788479697828,0.3193447400856557,611.2236948013306
