{"0": [25.925925925925924, 14.0, 54.0], "1": [33.33333333333333, 11.0, 33.0], "2": [84.48275862068965, 49.0, 58.0], "3": [95.6989247311828, 445.0, 465.0], "4": [84.89208633093526, 118.0, 139.0], "5": [37.77777777777778, 17.0, 45.0], "6": [75.47892720306514, 197.0, 261.0], "7": [NaN, 0.0, 0.0], "8": [75.0, 3.0, 4.0]}