precision,accuracy,recall,duration
0.3917707697959296,0.20821529745042494,0.28036419838466575,1242.9469695091248
