{"0": [25.233644859813083, 27.0, 107.0], "1": [90.47619047619048, 57.0, 63.0], "2": [98.24561403508771, 112.0, 114.0], "3": [85.95927116827438, 802.0, 933.0], "4": [98.95470383275261, 284.0, 287.0], "5": [28.08988764044944, 25.0, 89.0], "6": [70.71290944123314, 367.0, 519.0], "7": [NaN, 0.0, 0.0], "8": [50.0, 3.0, 6.0]}