{"0": [16.695957820738137, 95.0, 569.0], "1": [46.808510638297875, 22.0, 47.0], "2": [95.45454545454545, 42.0, 44.0], "3": [72.44318181818183, 255.0, 352.0], "4": [73.33333333333333, 110.0, 150.0], "5": [36.986301369863014, 135.0, 365.0], "6": [56.9023569023569, 338.0, 594.0], "7": [100.0, 17.0, 17.0], "8": [77.77777777777779, 14.0, 18.0]}