precision,accuracy,recall,duration
0.27791656811037796,0.2728989612842304,0.24655711616816817,604.328085899353
