{"0": [27.77777777777778, 15.0, 54.0], "1": [36.36363636363637, 12.0, 33.0], "2": [91.37931034482759, 53.0, 58.0], "3": [78.06451612903226, 363.0, 465.0], "4": [81.29496402877699, 113.0, 139.0], "5": [100.0, 45.0, 45.0], "6": [63.2183908045977, 165.0, 261.0], "7": [NaN, 0.0, 0.0], "8": [100.0, 4.0, 4.0]}