{"0": [17.921146953405017, 50.0, 279.0], "1": [32.0, 8.0, 25.0], "2": [85.71428571428571, 18.0, 21.0], "3": [64.32748538011695, 110.0, 171.0], "4": [89.87341772151899, 71.0, 79.0], "5": [36.51685393258427, 65.0, 178.0], "6": [55.03597122302158, 153.0, 278.0], "7": [100.0, 8.0, 8.0], "8": [100.0, 8.0, 8.0]}