{"0": [54.833040421792624, 312.0, 569.0], "1": [48.93617021276596, 23.0, 47.0], "2": [97.72727272727273, 43.0, 44.0], "3": [91.47727272727273, 322.0, 352.0], "4": [88.0, 132.0, 150.0], "5": [37.534246575342465, 137.0, 365.0], "6": [58.080808080808076, 345.0, 594.0], "7": [29.411764705882355, 5.0, 17.0], "8": [77.77777777777779, 14.0, 18.0]}