best_model_train_loss,best_model_val_loss,best_model_train_acc,best_model_val_acc,best_model_learning_rate,best_model_nb_epoch
0.5650105476379395,0.7873181104660034,0.3282478153705597,0.1499713808298111,0.0010000000474974513,117
