precision,accuracy,recall,duration
0.2660289349053936,0.12593016599885518,0.2648506552142798,1125.804078578949
