{"0": [94.64285714285714, 106.0, 112.0], "1": [84.88372093023256, 73.0, 86.0], "2": [69.89247311827957, 130.0, 186.0], "3": [98.67256637168141, 669.0, 678.0], "4": [87.9245283018868, 233.0, 265.0], "5": [63.10679611650486, 65.0, 103.0], "6": [99.0521327014218, 209.0, 211.0], "7": [22.22222222222222, 2.0, 9.0], "8": [41.23711340206185, 40.0, 97.0]}