precision,accuracy,recall,duration
0.3828650709733864,0.35602836879432626,0.4761944398452511,423.9661886692047
