{"0": [22.22222222222222, 8.0, 36.0], "1": [38.095238095238095, 8.0, 21.0], "2": [73.80952380952381, 31.0, 42.0], "3": [67.52411575562701, 210.0, 311.0], "4": [82.41758241758241, 75.0, 91.0], "5": [20.689655172413794, 6.0, 29.0], "6": [66.66666666666666, 116.0, 174.0], "7": [NaN, 0.0, 0.0], "8": [0.0, 0.0, 1.0]}