{"0": [71.35325131810193, 406.0, 569.0], "1": [97.87234042553192, 46.0, 47.0], "2": [97.72727272727273, 43.0, 44.0], "3": [92.89772727272727, 327.0, 352.0], "4": [88.0, 132.0, 150.0], "5": [74.24657534246575, 271.0, 365.0], "6": [92.25589225589226, 548.0, 594.0], "7": [0.0, 0.0, 17.0], "8": [94.44444444444444, 17.0, 18.0]}