precision,accuracy,recall,duration
0.34839906951797267,0.26037735849056604,0.3308485337621597,957.703619480133
