precision,accuracy,recall,duration
0.3579041358054185,0.3933876377575467,0.3713810051464936,938.1349925994873
