{"0": [28.971962616822427, 31.0, 107.0], "1": [47.61904761904761, 30.0, 63.0], "2": [86.8421052631579, 99.0, 114.0], "3": [84.88745980707395, 792.0, 933.0], "4": [93.42560553633218, 270.0, 289.0], "5": [33.70786516853933, 30.0, 89.0], "6": [60.115606936416185, 312.0, 519.0], "7": [NaN, 0.0, 0.0], "8": [66.66666666666666, 4.0, 6.0]}