{"0": [52.5, 294.0, 560.0], "1": [40.42553191489361, 19.0, 47.0], "2": [60.46511627906976, 26.0, 43.0], "3": [86.0058309037901, 295.0, 343.0], "4": [97.33333333333334, 146.0, 150.0], "5": [41.853932584269664, 149.0, 356.0], "6": [56.78119349005425, 314.0, 553.0], "7": [47.05882352941176, 8.0, 17.0], "8": [83.33333333333334, 15.0, 18.0]}