precision,accuracy,recall,duration
0.351175068662436,0.33617021276595743,0.47488409092615025,411.9076988697052
