{"0": [19.444444444444446, 7.0, 36.0], "1": [38.095238095238095, 8.0, 21.0], "2": [73.80952380952381, 31.0, 42.0], "3": [69.13183279742765, 215.0, 311.0], "4": [81.31868131868131, 74.0, 91.0], "5": [17.24137931034483, 5.0, 29.0], "6": [73.5632183908046, 128.0, 174.0], "7": [NaN, 0.0, 0.0], "8": [0.0, 0.0, 1.0]}