precision,accuracy,recall,duration
0.396537679273686,0.4548022598870056,0.35039507211008813,556.7186391353607
