{"0": [47.53521126760563, 135.0, 284.0], "1": [28.000000000000004, 7.0, 25.0], "2": [90.9090909090909, 20.0, 22.0], "3": [65.9090909090909, 116.0, 176.0], "4": [86.07594936708861, 68.0, 79.0], "5": [36.6120218579235, 67.0, 183.0], "6": [58.19397993311036, 174.0, 299.0], "7": [100.0, 8.0, 8.0], "8": [75.0, 6.0, 8.0]}