{"0": [59.154929577464785, 168.0, 284.0], "1": [80.0, 20.0, 25.0], "2": [68.18181818181817, 15.0, 22.0], "3": [85.22727272727273, 150.0, 176.0], "4": [84.81012658227847, 67.0, 79.0], "5": [41.53005464480874, 76.0, 183.0], "6": [82.2742474916388, 246.0, 299.0], "7": [75.0, 6.0, 8.0], "8": [62.5, 5.0, 8.0]}