{"0": [59.13978494623656, 165.0, 279.0], "1": [96.0, 24.0, 25.0], "2": [100.0, 21.0, 21.0], "3": [76.60818713450293, 131.0, 171.0], "4": [83.54430379746836, 66.0, 79.0], "5": [38.764044943820224, 69.0, 178.0], "6": [59.71223021582733, 166.0, 278.0], "7": [0.0, 0.0, 8.0], "8": [75.0, 6.0, 8.0]}