{"0": [56.42857142857143, 316.0, 560.0], "1": [44.680851063829785, 21.0, 47.0], "2": [93.02325581395348, 40.0, 43.0], "3": [76.96793002915452, 264.0, 343.0], "4": [82.0, 123.0, 150.0], "5": [41.853932584269664, 149.0, 356.0], "6": [66.00361663652802, 365.0, 553.0], "7": [29.411764705882355, 5.0, 17.0], "8": [94.44444444444444, 17.0, 18.0]}