{"0": [62.5, 350.0, 560.0], "1": [44.680851063829785, 21.0, 47.0], "2": [90.69767441860465, 39.0, 43.0], "3": [80.75801749271136, 277.0, 343.0], "4": [94.66666666666667, 142.0, 150.0], "5": [42.97752808988764, 153.0, 356.0], "6": [58.04701627486437, 321.0, 553.0], "7": [47.05882352941176, 8.0, 17.0], "8": [72.22222222222221, 13.0, 18.0]}