precision,accuracy,recall,duration
0.3412026354109848,0.34709193245778613,0.4710424841171037,182.0068554878235
