{"0": [56.25, 18.0, 32.0], "1": [52.63157894736842, 10.0, 19.0], "2": [95.65217391304348, 44.0, 46.0], "3": [58.77551020408164, 144.0, 245.0], "4": [62.68656716417911, 42.0, 67.0], "5": [16.0, 4.0, 25.0], "6": [91.20879120879121, 83.0, 91.0], "7": [0.0, 0.0, 1.0], "8": [42.857142857142854, 3.0, 7.0]}