{"0": [57.49999999999999, 322.0, 560.0], "1": [48.93617021276596, 23.0, 47.0], "2": [95.34883720930233, 41.0, 43.0], "3": [57.7259475218659, 198.0, 343.0], "4": [74.0, 111.0, 150.0], "5": [41.57303370786517, 148.0, 356.0], "6": [57.50452079566004, 318.0, 553.0], "7": [64.70588235294117, 11.0, 17.0], "8": [77.77777777777779, 14.0, 18.0]}