{"0": [62.857142857142854, 352.0, 560.0], "1": [44.680851063829785, 21.0, 47.0], "2": [88.37209302325581, 38.0, 43.0], "3": [88.0466472303207, 302.0, 343.0], "4": [94.66666666666667, 142.0, 150.0], "5": [40.73033707865169, 145.0, 356.0], "6": [55.15370705244123, 305.0, 553.0], "7": [41.17647058823529, 7.0, 17.0], "8": [72.22222222222221, 13.0, 18.0]}