best_model_train_loss,best_model_val_loss,best_model_train_acc,best_model_val_acc,best_model_learning_rate,best_model_nb_epoch
0.4346722662448883,1.0425447225570679,0.4318706691265106,0.43266475200653076,0.0010000000474974513,97
