best_model_train_loss,best_model_val_loss,best_model_train_acc,best_model_val_acc,best_model_learning_rate,best_model_nb_epoch
0.43339163064956665,0.4934685528278351,0.45482271909713745,0.38439714908599854,0.0010000000474974513,79
