precision,accuracy,recall,duration
0.3730622884857769,0.3872340425531915,0.4933302671041518,403.4815046787262
