precision,accuracy,recall,duration
0.38724882544553274,0.40114613180515757,0.29835087228544754,594.9587070941925
