{"0": [53.04659498207885, 148.0, 279.0], "1": [32.0, 8.0, 25.0], "2": [80.95238095238095, 17.0, 21.0], "3": [70.76023391812866, 121.0, 171.0], "4": [92.40506329113924, 73.0, 79.0], "5": [40.44943820224719, 72.0, 178.0], "6": [61.87050359712231, 172.0, 278.0], "7": [100.0, 8.0, 8.0], "8": [100.0, 8.0, 8.0]}