precision,accuracy,recall,duration
0.3509236435286485,0.3747005270723527,0.3621220906676718,932.0286767482758
