{"0": [48.75, 273.0, 560.0], "1": [38.297872340425535, 18.0, 47.0], "2": [83.72093023255815, 36.0, 43.0], "3": [86.29737609329446, 296.0, 343.0], "4": [88.0, 132.0, 150.0], "5": [40.44943820224719, 144.0, 356.0], "6": [69.62025316455697, 385.0, 553.0], "7": [41.17647058823529, 7.0, 17.0], "8": [77.77777777777779, 14.0, 18.0]}