{"0": [59.57820738137083, 339.0, 569.0], "1": [36.17021276595745, 17.0, 47.0], "2": [84.0909090909091, 37.0, 44.0], "3": [74.43181818181817, 262.0, 352.0], "4": [98.0, 147.0, 150.0], "5": [36.71232876712329, 134.0, 365.0], "6": [52.35690235690236, 311.0, 594.0], "7": [64.70588235294117, 11.0, 17.0], "8": [72.22222222222221, 13.0, 18.0]}