precision,accuracy,recall,duration
0.3803664842973067,0.38763775754671775,0.35484413358918077,976.8935103416443
