{"0": [60.17857142857142, 337.0, 560.0], "1": [38.297872340425535, 18.0, 47.0], "2": [95.34883720930233, 41.0, 43.0], "3": [67.3469387755102, 231.0, 343.0], "4": [96.66666666666667, 145.0, 150.0], "5": [40.73033707865169, 145.0, 356.0], "6": [61.48282097649186, 340.0, 553.0], "7": [70.58823529411765, 12.0, 17.0], "8": [50.0, 9.0, 18.0]}