{"0": [50.43936731107206, 287.0, 569.0], "1": [42.5531914893617, 20.0, 47.0], "2": [93.18181818181817, 41.0, 44.0], "3": [82.10227272727273, 289.0, 352.0], "4": [80.0, 120.0, 150.0], "5": [46.57534246575342, 170.0, 365.0], "6": [53.70370370370371, 319.0, 594.0], "7": [47.05882352941176, 8.0, 17.0], "8": [77.77777777777779, 14.0, 18.0]}