{"0": [59.64285714285714, 334.0, 560.0], "1": [53.191489361702125, 25.0, 47.0], "2": [97.67441860465115, 42.0, 43.0], "3": [77.55102040816327, 266.0, 343.0], "4": [72.66666666666667, 109.0, 150.0], "5": [43.258426966292134, 154.0, 356.0], "6": [57.14285714285714, 316.0, 553.0], "7": [76.47058823529412, 13.0, 17.0], "8": [72.22222222222221, 13.0, 18.0]}