{"0": [100.0, 191.0, 191.0], "1": [35.714285714285715, 5.0, 14.0], "2": [93.75, 15.0, 16.0], "3": [84.7457627118644, 100.0, 118.0], "4": [82.0, 41.0, 50.0], "5": [39.166666666666664, 47.0, 120.0], "6": [94.44444444444444, 187.0, 198.0], "7": [50.0, 2.0, 4.0], "8": [100.0, 7.0, 7.0]}