precision,accuracy,recall,duration
0.3578550646812815,0.4001883239171375,0.3587044396869776,601.458153963089
