{"0": [52.112676056338024, 148.0, 284.0], "1": [92.0, 23.0, 25.0], "2": [100.0, 22.0, 22.0], "3": [76.70454545454545, 135.0, 176.0], "4": [81.0126582278481, 64.0, 79.0], "5": [40.98360655737705, 75.0, 183.0], "6": [61.87290969899666, 185.0, 299.0], "7": [0.0, 0.0, 8.0], "8": [75.0, 6.0, 8.0]}