precision,accuracy,recall,duration
0.32819767724133037,0.40540540540540543,0.32397053327699926,323.4880049228668
