{"0": [39.79057591623037, 76.0, 191.0], "1": [42.857142857142854, 6.0, 14.0], "2": [100.0, 16.0, 16.0], "3": [75.42372881355932, 89.0, 118.0], "4": [88.0, 44.0, 50.0], "5": [43.333333333333336, 52.0, 120.0], "6": [71.21212121212122, 141.0, 198.0], "7": [50.0, 2.0, 4.0], "8": [100.0, 7.0, 7.0]}