precision,accuracy,recall,duration
0.35087460865710524,0.3191489361702128,0.45244261466496005,422.74902844429016
