{"0": [19.444444444444446, 7.0, 36.0], "1": [47.61904761904761, 10.0, 21.0], "2": [85.71428571428571, 36.0, 42.0], "3": [72.66881028938906, 226.0, 311.0], "4": [72.52747252747253, 66.0, 91.0], "5": [20.689655172413794, 6.0, 29.0], "6": [74.13793103448276, 129.0, 174.0], "7": [NaN, 0.0, 0.0], "8": [0.0, 0.0, 1.0]}