precision,accuracy,recall,duration
0.34129926264937704,0.37626628075253254,0.3336298188317999,401.4408378601074
