{"0": [47.05882352941176, 88.0, 187.0], "1": [42.857142857142854, 6.0, 14.0], "2": [80.0, 12.0, 15.0], "3": [80.7017543859649, 92.0, 114.0], "4": [80.0, 40.0, 50.0], "5": [51.724137931034484, 60.0, 116.0], "6": [67.3913043478261, 124.0, 184.0], "7": [50.0, 2.0, 4.0], "8": [100.0, 7.0, 7.0]}