precision,accuracy,recall,duration
0.3529666096705131,0.392908481073311,0.3761449191178309,928.9106595516205
