{"0": [47.32142857142857, 265.0, 560.0], "1": [57.446808510638306, 27.0, 47.0], "2": [76.74418604651163, 33.0, 43.0], "3": [84.8396501457726, 291.0, 343.0], "4": [90.0, 135.0, 150.0], "5": [40.44943820224719, 144.0, 356.0], "6": [64.01446654611212, 354.0, 553.0], "7": [11.76470588235294, 2.0, 17.0], "8": [88.88888888888889, 16.0, 18.0]}