precision,accuracy,recall,duration
0.3654386581153298,0.3645390070921986,0.454645346235323,424.0384645462036
