precision,accuracy,recall,duration
0.3072388888515982,0.2776203966005666,0.25640499349452095,610.1692585945129
