{"0": [29.629629629629626, 16.0, 54.0], "1": [78.78787878787878, 26.0, 33.0], "2": [79.3103448275862, 46.0, 58.0], "3": [72.90322580645162, 339.0, 465.0], "4": [82.01438848920863, 114.0, 139.0], "5": [51.11111111111111, 23.0, 45.0], "6": [75.47892720306514, 197.0, 261.0], "7": [NaN, 0.0, 0.0], "8": [100.0, 4.0, 4.0]}