precision,accuracy,recall,duration
0.3729598028561835,0.3645390070921986,0.4813069678538873,412.3798520565033
