{"0": [22.22222222222222, 8.0, 36.0], "1": [33.33333333333333, 7.0, 21.0], "2": [78.57142857142857, 33.0, 42.0], "3": [65.91639871382637, 205.0, 311.0], "4": [72.52747252747253, 66.0, 91.0], "5": [24.137931034482758, 7.0, 29.0], "6": [70.11494252873564, 122.0, 174.0], "7": [NaN, 0.0, 0.0], "8": [0.0, 0.0, 1.0]}