{"0": [49.82078853046595, 139.0, 279.0], "1": [84.0, 21.0, 25.0], "2": [95.23809523809523, 20.0, 21.0], "3": [64.91228070175438, 111.0, 171.0], "4": [89.87341772151899, 71.0, 79.0], "5": [29.213483146067414, 52.0, 178.0], "6": [72.3021582733813, 201.0, 278.0], "7": [37.5, 3.0, 8.0], "8": [100.0, 8.0, 8.0]}