{"0": [74.66666666666667, 56.0, 75.0], "1": [59.09090909090909, 52.0, 88.0], "2": [92.72727272727272, 102.0, 110.0], "3": [77.11538461538461, 401.0, 520.0], "4": [62.8140703517588, 125.0, 199.0], "5": [43.75, 28.0, 64.0], "6": [82.8125, 212.0, 256.0], "7": [50.0, 1.0, 2.0], "8": [45.16129032258064, 28.0, 62.0]}