{"0": [53.92857142857142, 302.0, 560.0], "1": [44.680851063829785, 21.0, 47.0], "2": [100.0, 43.0, 43.0], "3": [88.33819241982506, 303.0, 343.0], "4": [86.0, 129.0, 150.0], "5": [36.79775280898877, 131.0, 356.0], "6": [50.99457504520796, 282.0, 553.0], "7": [35.294117647058826, 6.0, 17.0], "8": [77.77777777777779, 14.0, 18.0]}