precision,accuracy,recall,duration
0.32857733968938607,0.2326241134751773,0.43209449717007836,425.2718424797058
