{"0": [58.57142857142858, 328.0, 560.0], "1": [34.04255319148936, 16.0, 47.0], "2": [86.04651162790698, 37.0, 43.0], "3": [76.96793002915452, 264.0, 343.0], "4": [96.0, 144.0, 150.0], "5": [40.168539325842694, 143.0, 356.0], "6": [52.98372513562387, 293.0, 553.0], "7": [76.47058823529412, 13.0, 17.0], "8": [66.66666666666666, 12.0, 18.0]}