{"0": [30.555555555555557, 11.0, 36.0], "1": [33.33333333333333, 7.0, 21.0], "2": [76.19047619047619, 32.0, 42.0], "3": [82.31511254019293, 256.0, 311.0], "4": [70.32967032967034, 64.0, 91.0], "5": [24.137931034482758, 7.0, 29.0], "6": [94.25287356321839, 164.0, 174.0], "7": [NaN, 0.0, 0.0], "8": [0.0, 0.0, 1.0]}