{"0": [51.61290322580645, 144.0, 279.0], "1": [36.0, 9.0, 25.0], "2": [85.71428571428571, 18.0, 21.0], "3": [76.60818713450293, 131.0, 171.0], "4": [83.54430379746836, 66.0, 79.0], "5": [29.213483146067414, 52.0, 178.0], "6": [57.55395683453237, 160.0, 278.0], "7": [37.5, 3.0, 8.0], "8": [75.0, 6.0, 8.0]}