precision,accuracy,recall,duration
0.2356875474678115,0.3234011627906977,0.22795823080178168,506.51133728027344
