{"0": [94.3820224719101, 84.0, 89.0], "1": [100.0, 58.0, 58.0], "2": [97.87234042553192, 138.0, 141.0], "3": [40.625, 234.0, 576.0], "4": [91.39784946236558, 170.0, 186.0], "5": [44.0, 33.0, 75.0], "6": [97.01492537313433, 195.0, 201.0], "7": [100.0, 6.0, 6.0], "8": [29.545454545454547, 13.0, 44.0]}