precision,accuracy,recall,duration
0.37404414006095626,0.36879432624113473,0.47844429528466925,414.8561899662018
