{"0": [58.75, 329.0, 560.0], "1": [36.17021276595745, 17.0, 47.0], "2": [97.67441860465115, 42.0, 43.0], "3": [81.63265306122449, 280.0, 343.0], "4": [95.33333333333334, 143.0, 150.0], "5": [39.60674157303371, 141.0, 356.0], "6": [53.16455696202531, 294.0, 553.0], "7": [70.58823529411765, 12.0, 17.0], "8": [66.66666666666666, 12.0, 18.0]}