precision,accuracy,recall,duration
0.29850436275874875,0.3539325842696629,0.3160188034292159,101.87769937515259
