precision,accuracy,recall,duration
0.2749256587489817,0.2827024436990896,0.35529944009129005,926.7747588157654
