{"0": [100.0, 560.0, 560.0], "1": [34.04255319148936, 16.0, 47.0], "2": [90.69767441860465, 39.0, 43.0], "3": [87.75510204081633, 301.0, 343.0], "4": [85.33333333333334, 128.0, 150.0], "5": [37.92134831460674, 135.0, 356.0], "6": [54.61121157323689, 302.0, 553.0], "7": [17.647058823529413, 3.0, 17.0], "8": [72.22222222222221, 13.0, 18.0]}