{"0": [58.78136200716846, 164.0, 279.0], "1": [96.0, 24.0, 25.0], "2": [100.0, 21.0, 21.0], "3": [83.62573099415205, 143.0, 171.0], "4": [79.74683544303798, 63.0, 79.0], "5": [46.06741573033708, 82.0, 178.0], "6": [62.589928057553955, 174.0, 278.0], "7": [0.0, 0.0, 8.0], "8": [100.0, 8.0, 8.0]}