precision,accuracy,recall,duration
0.3529328088091385,0.36028368794326243,0.4603735644593833,417.5876615047455
