{"0": [25.0, 9.0, 36.0], "1": [28.57142857142857, 6.0, 21.0], "2": [92.85714285714286, 39.0, 42.0], "3": [61.09324758842444, 190.0, 311.0], "4": [87.91208791208791, 80.0, 91.0], "5": [20.689655172413794, 6.0, 29.0], "6": [69.54022988505747, 121.0, 174.0], "7": [NaN, 0.0, 0.0], "8": [0.0, 0.0, 1.0]}