best_model_train_loss,best_model_val_loss,best_model_train_acc,best_model_val_acc,best_model_learning_rate,best_model_nb_epoch
0.4455868899822235,0.5341615676879883,0.4517727792263031,0.34893617033958435,0.0010000000474974513,99
