precision,accuracy,recall,duration
0.37664907173365886,0.34893617021276596,0.4665856832578938,425.30657505989075
