{"0": [22.22222222222222, 8.0, 36.0], "1": [42.857142857142854, 9.0, 21.0], "2": [78.57142857142857, 33.0, 42.0], "3": [70.09646302250803, 218.0, 311.0], "4": [82.41758241758241, 75.0, 91.0], "5": [20.689655172413794, 6.0, 29.0], "6": [63.2183908045977, 110.0, 174.0], "7": [NaN, 0.0, 0.0], "8": [0.0, 0.0, 1.0]}