{"0": [41.07142857142857, 230.0, 560.0], "1": [87.2340425531915, 41.0, 47.0], "2": [95.34883720930233, 41.0, 43.0], "3": [85.71428571428571, 294.0, 343.0], "4": [80.0, 120.0, 150.0], "5": [42.13483146067416, 150.0, 356.0], "6": [46.835443037974684, 259.0, 553.0], "7": [41.17647058823529, 7.0, 17.0], "8": [94.44444444444444, 17.0, 18.0]}