precision,accuracy,recall,duration
0.3552143205520918,0.39578342117872545,0.3908755521936198,937.8378043174744
