{"0": [48.75, 273.0, 560.0], "1": [46.808510638297875, 22.0, 47.0], "2": [86.04651162790698, 37.0, 43.0], "3": [85.42274052478133, 293.0, 343.0], "4": [88.66666666666667, 133.0, 150.0], "5": [41.853932584269664, 149.0, 356.0], "6": [61.12115732368897, 338.0, 553.0], "7": [11.76470588235294, 2.0, 17.0], "8": [77.77777777777779, 14.0, 18.0]}