{"0": [59.10714285714286, 331.0, 560.0], "1": [42.5531914893617, 20.0, 47.0], "2": [88.37209302325581, 38.0, 43.0], "3": [81.63265306122449, 280.0, 343.0], "4": [82.0, 123.0, 150.0], "5": [37.359550561797754, 133.0, 356.0], "6": [55.33453887884268, 306.0, 553.0], "7": [52.94117647058824, 9.0, 17.0], "8": [72.22222222222221, 13.0, 18.0]}