best_model_train_loss,best_model_val_loss,best_model_train_acc,best_model_val_acc,best_model_learning_rate,best_model_nb_epoch
0.4522722661495209,1.2262603044509888,0.39288437366485596,0.3295561969280243,0.0010000000474974513,97
