precision,accuracy,recall,duration
0.2926536732518431,0.3068932955618508,0.286849397797747,596.7331442832947
