{"0": [27.77777777777778, 15.0, 54.0], "1": [27.27272727272727, 9.0, 33.0], "2": [94.82758620689656, 55.0, 58.0], "3": [68.81720430107528, 320.0, 465.0], "4": [85.61151079136691, 119.0, 139.0], "5": [97.77777777777777, 44.0, 45.0], "6": [64.75095785440614, 169.0, 261.0], "7": [NaN, 0.0, 0.0], "8": [75.0, 3.0, 4.0]}