{"0": [60.357142857142854, 338.0, 560.0], "1": [36.17021276595745, 17.0, 47.0], "2": [97.67441860465115, 42.0, 43.0], "3": [84.8396501457726, 291.0, 343.0], "4": [98.66666666666667, 148.0, 150.0], "5": [40.168539325842694, 143.0, 356.0], "6": [58.40867992766727, 323.0, 553.0], "7": [82.35294117647058, 14.0, 17.0], "8": [72.22222222222221, 13.0, 18.0]}