precision,accuracy,recall,duration
0.36405918970697054,0.40974212034383956,0.3427736785577364,587.8610239028931
