precision,accuracy,recall,duration
0.3489576394874667,0.27332704995287466,0.3242273802733678,613.0510551929474
