{"0": [31.48148148148148, 17.0, 54.0], "1": [48.484848484848484, 16.0, 33.0], "2": [77.58620689655173, 45.0, 58.0], "3": [91.61290322580645, 426.0, 465.0], "4": [78.72340425531915, 111.0, 141.0], "5": [26.666666666666668, 12.0, 45.0], "6": [53.63984674329502, 140.0, 261.0], "7": [NaN, 0.0, 0.0], "8": [100.0, 4.0, 4.0]}