{"0": [49.10394265232975, 137.0, 279.0], "1": [28.000000000000004, 7.0, 25.0], "2": [52.38095238095239, 11.0, 21.0], "3": [90.64327485380117, 155.0, 171.0], "4": [89.87341772151899, 71.0, 79.0], "5": [39.325842696629216, 70.0, 178.0], "6": [54.67625899280576, 152.0, 278.0], "7": [87.5, 7.0, 8.0], "8": [100.0, 8.0, 8.0]}