precision,accuracy,recall,duration
0.28810276946718116,0.33900709219858155,0.4377298064236749,402.8778097629547
