{"0": [58.333333333333336, 21.0, 36.0], "1": [33.33333333333333, 7.0, 21.0], "2": [80.95238095238095, 34.0, 42.0], "3": [65.27331189710611, 203.0, 311.0], "4": [80.21978021978022, 73.0, 91.0], "5": [17.24137931034483, 5.0, 29.0], "6": [70.6896551724138, 123.0, 174.0], "7": [NaN, 0.0, 0.0], "8": [0.0, 0.0, 1.0]}