precision,accuracy,recall,duration
0.3840545089240239,0.3983050847457627,0.33905436760699426,596.7586991786957
