precision,accuracy,recall,duration
0.3523181817141659,0.380547686496695,0.37158019977247825,1212.3926515579224
