{"0": [50.0, 142.0, 284.0], "1": [28.000000000000004, 7.0, 25.0], "2": [95.45454545454545, 21.0, 22.0], "3": [81.81818181818183, 144.0, 176.0], "4": [89.87341772151899, 71.0, 79.0], "5": [36.6120218579235, 67.0, 183.0], "6": [65.55183946488295, 196.0, 299.0], "7": [75.0, 6.0, 8.0], "8": [75.0, 6.0, 8.0]}