{"0": [54.20560747663551, 58.0, 107.0], "1": [41.269841269841265, 26.0, 63.0], "2": [90.35087719298247, 103.0, 114.0], "3": [67.41693461950696, 629.0, 933.0], "4": [78.397212543554, 225.0, 287.0], "5": [19.101123595505616, 17.0, 89.0], "6": [48.16955684007707, 250.0, 519.0], "7": [NaN, 0.0, 0.0], "8": [66.66666666666666, 4.0, 6.0]}