precision,accuracy,recall,duration
0.3661206285455151,0.36607570675610923,0.34281330167421775,947.4691965579987
