{"0": [52.142857142857146, 292.0, 560.0], "1": [87.2340425531915, 41.0, 47.0], "2": [95.34883720930233, 41.0, 43.0], "3": [83.6734693877551, 287.0, 343.0], "4": [84.66666666666667, 127.0, 150.0], "5": [46.06741573033708, 164.0, 356.0], "6": [64.55696202531645, 357.0, 553.0], "7": [0.0, 0.0, 17.0], "8": [77.77777777777779, 14.0, 18.0]}