precision,accuracy,recall,duration
0.36950628029138116,0.32340425531914896,0.45808869798964785,421.65900325775146
