{"0": [22.22222222222222, 8.0, 36.0], "1": [47.61904761904761, 10.0, 21.0], "2": [71.42857142857143, 30.0, 42.0], "3": [74.27652733118971, 231.0, 311.0], "4": [80.21978021978022, 73.0, 91.0], "5": [24.137931034482758, 7.0, 29.0], "6": [67.81609195402298, 118.0, 174.0], "7": [NaN, 0.0, 0.0], "8": [0.0, 0.0, 1.0]}