{"0": [26.923076923076923, 7.0, 26.0], "1": [62.06896551724138, 18.0, 29.0], "2": [91.17647058823529, 31.0, 34.0], "3": [61.261261261261254, 136.0, 222.0], "4": [62.66666666666667, 47.0, 75.0], "5": [23.076923076923077, 6.0, 26.0], "6": [81.98198198198197, 91.0, 111.0], "7": [NaN, 0.0, 0.0], "8": [60.0, 6.0, 10.0]}