{"0": [45.342706502636204, 258.0, 569.0], "1": [38.297872340425535, 18.0, 47.0], "2": [88.63636363636364, 39.0, 44.0], "3": [77.27272727272727, 272.0, 352.0], "4": [82.66666666666667, 124.0, 150.0], "5": [36.71232876712329, 134.0, 365.0], "6": [57.57575757575758, 342.0, 594.0], "7": [47.05882352941176, 8.0, 17.0], "8": [88.88888888888889, 16.0, 18.0]}