precision,accuracy,recall,duration
0.2950059350177028,0.34896810506566606,0.3258252928384774,81.69761276245117
