{"0": [19.230769230769234, 5.0, 26.0], "1": [62.06896551724138, 18.0, 29.0], "2": [94.11764705882352, 32.0, 34.0], "3": [55.4054054054054, 123.0, 222.0], "4": [66.66666666666666, 50.0, 75.0], "5": [80.76923076923077, 21.0, 26.0], "6": [81.08108108108108, 90.0, 111.0], "7": [NaN, 0.0, 0.0], "8": [80.0, 8.0, 10.0]}