precision,accuracy,recall,duration
0.35629020693858504,0.3883632923368023,0.3582283508329941,1188.8739113807678
