{"0": [48.33040421792619, 275.0, 569.0], "1": [38.297872340425535, 18.0, 47.0], "2": [90.9090909090909, 40.0, 44.0], "3": [87.2159090909091, 307.0, 352.0], "4": [89.33333333333333, 134.0, 150.0], "5": [42.73972602739726, 156.0, 365.0], "6": [64.14141414141415, 381.0, 594.0], "7": [41.17647058823529, 7.0, 17.0], "8": [77.77777777777779, 14.0, 18.0]}