precision,accuracy,recall,duration
0.26903207025825837,0.35247093023255816,0.3623231650892556,230.07131814956665
