{"0": [29.213483146067414, 26.0, 89.0], "1": [58.620689655172406, 34.0, 58.0], "2": [93.61702127659575, 132.0, 141.0], "3": [55.38194444444444, 319.0, 576.0], "4": [75.80645161290323, 141.0, 186.0], "5": [38.666666666666664, 29.0, 75.0], "6": [91.54228855721394, 184.0, 201.0], "7": [83.33333333333334, 5.0, 6.0], "8": [47.72727272727273, 21.0, 44.0]}