best_model_train_loss,best_model_val_loss,best_model_train_acc,best_model_val_acc,best_model_learning_rate,best_model_nb_epoch
0.4642530679702759,0.5163392424583435,0.4466463327407837,0.31347519159317017,0.0010000000474974513,96
