precision,accuracy,recall,duration
0.3915231883961059,0.4152542372881356,0.32135527799641744,606.2606399059296
