precision,accuracy,recall,duration
0.3270737575142376,0.2680851063829787,0.4323951445213965,329.5125093460083
