{"0": [50.0, 142.0, 284.0], "1": [48.0, 12.0, 25.0], "2": [63.63636363636363, 14.0, 22.0], "3": [74.43181818181817, 131.0, 176.0], "4": [89.87341772151899, 71.0, 79.0], "5": [40.43715846994536, 74.0, 183.0], "6": [61.20401337792642, 183.0, 299.0], "7": [87.5, 7.0, 8.0], "8": [100.0, 8.0, 8.0]}