best_model_train_loss,best_model_val_loss,best_model_train_acc,best_model_val_acc,best_model_learning_rate,best_model_nb_epoch
0.5082046985626221,0.9721162915229797,0.2946382761001587,0.36751317977905273,0.0010000000474974513,86
