precision,accuracy,recall,duration
0.36544042247413727,0.35218016291327264,0.3157512668502067,954.1377642154694
