{"0": [55.00000000000001, 308.0, 560.0], "1": [89.36170212765957, 42.0, 47.0], "2": [100.0, 43.0, 43.0], "3": [77.55102040816327, 266.0, 343.0], "4": [90.0, 135.0, 150.0], "5": [47.752808988764045, 170.0, 356.0], "6": [67.26943942133815, 372.0, 553.0], "7": [0.0, 0.0, 17.0], "8": [88.88888888888889, 16.0, 18.0]}