precision,accuracy,recall,duration
0.3385497163709711,0.251063829787234,0.43308858479609114,406.2916190624237
