{"0": [25.0, 9.0, 36.0], "1": [42.857142857142854, 9.0, 21.0], "2": [92.85714285714286, 39.0, 42.0], "3": [89.71061093247589, 279.0, 311.0], "4": [49.45054945054945, 45.0, 91.0], "5": [31.03448275862069, 9.0, 29.0], "6": [79.3103448275862, 138.0, 174.0], "7": [NaN, 0.0, 0.0], "8": [0.0, 0.0, 1.0]}