{"0": [56.02094240837696, 107.0, 191.0], "1": [35.714285714285715, 5.0, 14.0], "2": [68.75, 11.0, 16.0], "3": [79.66101694915254, 94.0, 118.0], "4": [94.0, 47.0, 50.0], "5": [37.5, 45.0, 120.0], "6": [64.14141414141415, 127.0, 198.0], "7": [50.0, 2.0, 4.0], "8": [85.71428571428571, 6.0, 7.0]}