{"0": [99.29577464788733, 282.0, 284.0], "1": [32.0, 8.0, 25.0], "2": [81.81818181818183, 18.0, 22.0], "3": [95.45454545454545, 168.0, 176.0], "4": [89.87341772151899, 71.0, 79.0], "5": [38.25136612021858, 70.0, 183.0], "6": [54.18060200668896, 162.0, 299.0], "7": [62.5, 5.0, 8.0], "8": [100.0, 8.0, 8.0]}