precision,accuracy,recall,duration
0.28130367946713203,0.2680851063829787,0.2514660633908887,404.712557554245
