precision,accuracy,recall,duration
0.2864533085802898,0.28794326241134754,0.2712014164041366,401.8261671066284
