{"0": [19.444444444444446, 7.0, 36.0], "1": [38.095238095238095, 8.0, 21.0], "2": [83.33333333333334, 35.0, 42.0], "3": [76.52733118971061, 238.0, 311.0], "4": [74.72527472527473, 68.0, 91.0], "5": [96.55172413793103, 28.0, 29.0], "6": [67.24137931034483, 117.0, 174.0], "7": [NaN, 0.0, 0.0], "8": [100.0, 1.0, 1.0]}