best_model_train_loss,best_model_val_loss,best_model_train_acc,best_model_val_acc,best_model_learning_rate,best_model_nb_epoch
0.39058035612106323,1.063334345817566,0.5050684213638306,0.46045199036598206,0.0010000000474974513,92
