precision,accuracy,recall,duration
0.38130166421170764,0.5178907721280602,0.3753251842383172,610.7042100429535
