{"0": [17.95774647887324, 51.0, 284.0], "1": [40.0, 10.0, 25.0], "2": [59.09090909090909, 13.0, 22.0], "3": [66.47727272727273, 117.0, 176.0], "4": [78.48101265822784, 62.0, 79.0], "5": [42.07650273224044, 77.0, 183.0], "6": [62.207357859531776, 186.0, 299.0], "7": [100.0, 8.0, 8.0], "8": [100.0, 8.0, 8.0]}