{"0": [65.0, 364.0, 560.0], "1": [78.72340425531915, 37.0, 47.0], "2": [88.37209302325581, 38.0, 43.0], "3": [85.71428571428571, 294.0, 343.0], "4": [99.33333333333333, 149.0, 150.0], "5": [48.59550561797753, 173.0, 356.0], "6": [58.22784810126582, 322.0, 553.0], "7": [94.11764705882352, 16.0, 17.0], "8": [44.44444444444444, 8.0, 18.0]}