{"0": [56.02094240837696, 107.0, 191.0], "1": [92.85714285714286, 13.0, 14.0], "2": [93.75, 15.0, 16.0], "3": [61.86440677966102, 73.0, 118.0], "4": [78.0, 39.0, 50.0], "5": [37.5, 45.0, 120.0], "6": [61.111111111111114, 121.0, 198.0], "7": [25.0, 1.0, 4.0], "8": [100.0, 7.0, 7.0]}