precision,accuracy,recall,duration
0.3895197928044911,0.45803698435277385,0.3944408961085338,302.9949162006378
