{"0": [54.973821989528794, 105.0, 191.0], "1": [35.714285714285715, 5.0, 14.0], "2": [100.0, 16.0, 16.0], "3": [61.016949152542374, 72.0, 118.0], "4": [86.0, 43.0, 50.0], "5": [37.5, 45.0, 120.0], "6": [51.010101010101, 101.0, 198.0], "7": [50.0, 2.0, 4.0], "8": [71.42857142857143, 5.0, 7.0]}