precision,accuracy,recall,duration
0.3429624421472248,0.45794392523364486,0.4460330583531108,103.36802935600281
