{"0": [45.45454545454545, 5.0, 11.0], "1": [0.0, 0.0, 5.0], "2": [77.77777777777779, 14.0, 18.0], "3": [56.074766355140184, 60.0, 107.0], "4": [64.0, 16.0, 25.0], "5": [0.0, 0.0, 10.0], "6": [55.26315789473685, 21.0, 38.0], "7": [NaN, 0.0, 0.0], "8": [NaN, 0.0, 0.0]}