best_model_train_loss,best_model_val_loss,best_model_train_acc,best_model_val_acc,best_model_learning_rate,best_model_nb_epoch
0.4572635591030121,0.5373501181602478,0.42947903275489807,0.3942398428916931,0.0010000000474974513,85
