precision,accuracy,recall,duration
0.3750430148857803,0.28328611898017,0.3952863450727657,1222.9339315891266
