precision,accuracy,recall,duration
0.3654017490308592,0.3911806543385491,0.3418893350540578,403.11399817466736
