{"0": [23.364485981308412, 25.0, 107.0], "1": [38.095238095238095, 24.0, 63.0], "2": [87.71929824561403, 100.0, 114.0], "3": [91.7470525187567, 856.0, 933.0], "4": [73.17073170731707, 210.0, 287.0], "5": [26.96629213483146, 24.0, 89.0], "6": [53.179190751445084, 276.0, 519.0], "7": [NaN, 0.0, 0.0], "8": [50.0, 3.0, 6.0]}