{"0": [49.21465968586388, 94.0, 191.0], "1": [28.57142857142857, 4.0, 14.0], "2": [93.75, 15.0, 16.0], "3": [85.59322033898306, 101.0, 118.0], "4": [82.0, 41.0, 50.0], "5": [40.0, 48.0, 120.0], "6": [66.16161616161617, 131.0, 198.0], "7": [50.0, 2.0, 4.0], "8": [100.0, 7.0, 7.0]}