precision,accuracy,recall,duration
0.36626731637827037,0.3304964539007092,0.4690774645407457,419.3685863018036
