precision,accuracy,recall,duration
0.278644104439938,0.2559017941454202,0.2881068975076528,598.9213862419128
