{"0": [24.074074074074073, 13.0, 54.0], "1": [21.21212121212121, 7.0, 33.0], "2": [87.93103448275862, 51.0, 58.0], "3": [80.0, 372.0, 465.0], "4": [90.64748201438849, 126.0, 139.0], "5": [95.55555555555556, 43.0, 45.0], "6": [66.28352490421456, 173.0, 261.0], "7": [NaN, 0.0, 0.0], "8": [75.0, 3.0, 4.0]}