{"0": [59.285714285714285, 332.0, 560.0], "1": [36.17021276595745, 17.0, 47.0], "2": [90.69767441860465, 39.0, 43.0], "3": [87.46355685131195, 300.0, 343.0], "4": [95.33333333333334, 143.0, 150.0], "5": [42.13483146067416, 150.0, 356.0], "6": [58.04701627486437, 321.0, 553.0], "7": [76.47058823529412, 13.0, 17.0], "8": [77.77777777777779, 14.0, 18.0]}