precision,accuracy,recall,duration
0.3236055380977562,0.3533906399235912,0.3328276162368951,594.8710477352142
