{"0": [51.25448028673835, 143.0, 279.0], "1": [88.0, 22.0, 25.0], "2": [90.47619047619048, 19.0, 21.0], "3": [82.45614035087719, 141.0, 171.0], "4": [87.34177215189874, 69.0, 79.0], "5": [39.325842696629216, 70.0, 178.0], "6": [74.10071942446042, 206.0, 278.0], "7": [12.5, 1.0, 8.0], "8": [75.0, 6.0, 8.0]}