{"0": [48.50615114235501, 276.0, 569.0], "1": [42.5531914893617, 20.0, 47.0], "2": [97.72727272727273, 43.0, 44.0], "3": [76.98863636363636, 271.0, 352.0], "4": [86.66666666666667, 130.0, 150.0], "5": [33.97260273972603, 124.0, 365.0], "6": [49.158249158249156, 292.0, 594.0], "7": [52.94117647058824, 9.0, 17.0], "8": [88.88888888888889, 16.0, 18.0]}