precision,accuracy,recall,duration
0.3856438353268145,0.22804532577903683,0.30820903632700286,1206.932002067566
