{"0": [25.233644859813083, 27.0, 107.0], "1": [71.42857142857143, 45.0, 63.0], "2": [88.59649122807018, 101.0, 114.0], "3": [86.92390139335477, 811.0, 933.0], "4": [98.25783972125436, 282.0, 287.0], "5": [38.20224719101123, 34.0, 89.0], "6": [63.969171483622354, 332.0, 519.0], "7": [NaN, 0.0, 0.0], "8": [50.0, 3.0, 6.0]}