{"0": [59.82142857142857, 335.0, 560.0], "1": [48.93617021276596, 23.0, 47.0], "2": [97.67441860465115, 42.0, 43.0], "3": [91.25364431486881, 313.0, 343.0], "4": [83.33333333333334, 125.0, 150.0], "5": [40.44943820224719, 144.0, 356.0], "6": [57.32368896925859, 317.0, 553.0], "7": [47.05882352941176, 8.0, 17.0], "8": [77.77777777777779, 14.0, 18.0]}