{"0": [100.0, 279.0, 279.0], "1": [32.0, 8.0, 25.0], "2": [95.23809523809523, 20.0, 21.0], "3": [80.7017543859649, 138.0, 171.0], "4": [89.87341772151899, 71.0, 79.0], "5": [35.95505617977528, 64.0, 178.0], "6": [64.02877697841727, 178.0, 278.0], "7": [25.0, 2.0, 8.0], "8": [100.0, 8.0, 8.0]}