precision,accuracy,recall,duration
0.3283514443553689,0.33191489361702126,0.365432607948408,410.35776233673096
