{"0": [62.142857142857146, 348.0, 560.0], "1": [38.297872340425535, 18.0, 47.0], "2": [86.04651162790698, 37.0, 43.0], "3": [73.46938775510205, 252.0, 343.0], "4": [96.66666666666667, 145.0, 150.0], "5": [41.853932584269664, 149.0, 356.0], "6": [52.62206148282098, 291.0, 553.0], "7": [70.58823529411765, 12.0, 17.0], "8": [72.22222222222221, 13.0, 18.0]}