precision,accuracy,recall,duration
0.3072237636779398,0.3328488372093023,0.33933383727047106,200.24968576431274
