precision,accuracy,recall,duration
0.3481573777932178,0.37163120567375885,0.4785748476937448,416.4963448047638
