{"0": [19.444444444444446, 7.0, 36.0], "1": [38.095238095238095, 8.0, 21.0], "2": [100.0, 42.0, 42.0], "3": [72.66881028938906, 226.0, 311.0], "4": [62.637362637362635, 57.0, 91.0], "5": [20.689655172413794, 6.0, 29.0], "6": [55.74712643678161, 97.0, 174.0], "7": [NaN, 0.0, 0.0], "8": [0.0, 0.0, 1.0]}