precision,accuracy,recall,duration
0.32635706008116044,0.39281288723667906,0.2658083677845393,396.1539556980133
