{"0": [15.544041450777202, 30.0, 193.0], "1": [100.0, 59.0, 59.0], "2": [62.5, 15.0, 24.0], "3": [81.5126050420168, 97.0, 119.0], "4": [87.62886597938144, 85.0, 97.0], "5": [47.82608695652174, 44.0, 92.0], "6": [65.76086956521739, 121.0, 184.0], "7": [100.0, 39.0, 39.0], "8": [NaN, 0.0, 0.0]}