precision,accuracy,recall,duration
0.33565082887926867,0.3003784295175024,0.3313711255513357,1131.3265855312347
