{"0": [81.72231985940246, 465.0, 569.0], "1": [36.17021276595745, 17.0, 47.0], "2": [93.18181818181817, 41.0, 44.0], "3": [71.875, 253.0, 352.0], "4": [90.66666666666666, 136.0, 150.0], "5": [63.287671232876704, 231.0, 365.0], "6": [60.26936026936027, 358.0, 594.0], "7": [35.294117647058826, 6.0, 17.0], "8": [72.22222222222221, 13.0, 18.0]}