{"0": [51.31810193321616, 292.0, 569.0], "1": [68.08510638297872, 32.0, 47.0], "2": [84.0909090909091, 37.0, 44.0], "3": [80.68181818181817, 284.0, 352.0], "4": [90.0, 135.0, 150.0], "5": [36.16438356164384, 132.0, 365.0], "6": [53.36700336700336, 317.0, 594.0], "7": [47.05882352941176, 8.0, 17.0], "8": [88.88888888888889, 16.0, 18.0]}