{"0": [51.14235500878734, 291.0, 569.0], "1": [36.17021276595745, 17.0, 47.0], "2": [95.45454545454545, 42.0, 44.0], "3": [66.47727272727273, 234.0, 352.0], "4": [96.66666666666667, 145.0, 150.0], "5": [37.534246575342465, 137.0, 365.0], "6": [61.111111111111114, 363.0, 594.0], "7": [94.11764705882352, 16.0, 17.0], "8": [55.55555555555556, 10.0, 18.0]}