{"0": [51.87165775401069, 97.0, 187.0], "1": [64.28571428571429, 9.0, 14.0], "2": [73.33333333333333, 11.0, 15.0], "3": [64.91228070175438, 74.0, 114.0], "4": [84.0, 42.0, 50.0], "5": [36.206896551724135, 42.0, 116.0], "6": [70.65217391304348, 130.0, 184.0], "7": [50.0, 2.0, 4.0], "8": [100.0, 7.0, 7.0]}