{"0": [48.68189806678383, 277.0, 569.0], "1": [42.5531914893617, 20.0, 47.0], "2": [100.0, 44.0, 44.0], "3": [72.1590909090909, 254.0, 352.0], "4": [90.0, 135.0, 150.0], "5": [35.342465753424655, 129.0, 365.0], "6": [62.121212121212125, 369.0, 594.0], "7": [29.411764705882355, 5.0, 17.0], "8": [77.77777777777779, 14.0, 18.0]}