precision,accuracy,recall,duration
0.34766382532234485,0.3304964539007092,0.46585009060523713,412.89265060424805
