{"0": [63.57142857142857, 356.0, 560.0], "1": [38.297872340425535, 18.0, 47.0], "2": [93.02325581395348, 40.0, 43.0], "3": [93.00291545189503, 319.0, 343.0], "4": [96.0, 144.0, 150.0], "5": [40.44943820224719, 144.0, 356.0], "6": [55.15370705244123, 305.0, 553.0], "7": [70.58823529411765, 12.0, 17.0], "8": [72.22222222222221, 13.0, 18.0]}