precision,accuracy,recall,duration
0.3620759312785662,0.38789025543992434,0.355488283317103,1263.1542012691498
