{"0": [56.06326889279437, 319.0, 569.0], "1": [34.04255319148936, 16.0, 47.0], "2": [90.9090909090909, 40.0, 44.0], "3": [61.07954545454546, 215.0, 352.0], "4": [88.0, 132.0, 150.0], "5": [39.178082191780824, 143.0, 365.0], "6": [74.74747474747475, 444.0, 594.0], "7": [76.47058823529412, 13.0, 17.0], "8": [61.111111111111114, 11.0, 18.0]}