{"0": [100.0, 279.0, 279.0], "1": [32.0, 8.0, 25.0], "2": [85.71428571428571, 18.0, 21.0], "3": [94.15204678362574, 161.0, 171.0], "4": [89.87341772151899, 71.0, 79.0], "5": [42.69662921348314, 76.0, 178.0], "6": [59.352517985611506, 165.0, 278.0], "7": [25.0, 2.0, 8.0], "8": [100.0, 8.0, 8.0]}