{"0": [60.71428571428571, 340.0, 560.0], "1": [34.04255319148936, 16.0, 47.0], "2": [79.06976744186046, 34.0, 43.0], "3": [79.88338192419825, 274.0, 343.0], "4": [96.0, 144.0, 150.0], "5": [40.44943820224719, 144.0, 356.0], "6": [56.6003616636528, 313.0, 553.0], "7": [76.47058823529412, 13.0, 17.0], "8": [72.22222222222221, 13.0, 18.0]}