{"0": [46.478873239436616, 132.0, 284.0], "1": [44.0, 11.0, 25.0], "2": [95.45454545454545, 21.0, 22.0], "3": [62.5, 110.0, 176.0], "4": [87.34177215189874, 69.0, 79.0], "5": [36.0655737704918, 66.0, 183.0], "6": [65.21739130434783, 195.0, 299.0], "7": [50.0, 4.0, 8.0], "8": [100.0, 8.0, 8.0]}