{"0": [60.89285714285714, 341.0, 560.0], "1": [42.5531914893617, 20.0, 47.0], "2": [93.02325581395348, 40.0, 43.0], "3": [97.95918367346938, 336.0, 343.0], "4": [96.0, 144.0, 150.0], "5": [39.04494382022472, 139.0, 356.0], "6": [51.5370705244123, 285.0, 553.0], "7": [88.23529411764706, 15.0, 17.0], "8": [55.55555555555556, 10.0, 18.0]}