precision,accuracy,recall,duration
0.3000299354239448,0.2652482269503546,0.43982806522999446,414.8639271259308
