{"0": [59.10714285714286, 331.0, 560.0], "1": [34.04255319148936, 16.0, 47.0], "2": [95.34883720930233, 41.0, 43.0], "3": [73.46938775510205, 252.0, 343.0], "4": [94.0, 141.0, 150.0], "5": [43.82022471910113, 156.0, 356.0], "6": [73.23688969258589, 405.0, 553.0], "7": [76.47058823529412, 13.0, 17.0], "8": [61.111111111111114, 11.0, 18.0]}