{"0": [60.0, 336.0, 560.0], "1": [38.297872340425535, 18.0, 47.0], "2": [95.34883720930233, 41.0, 43.0], "3": [91.25364431486881, 313.0, 343.0], "4": [97.33333333333334, 146.0, 150.0], "5": [38.20224719101123, 136.0, 356.0], "6": [57.50452079566004, 318.0, 553.0], "7": [76.47058823529412, 13.0, 17.0], "8": [66.66666666666666, 12.0, 18.0]}