best_model_train_loss,best_model_val_loss,best_model_train_acc,best_model_val_acc,best_model_learning_rate,best_model_nb_epoch
0.4560892581939697,0.5469933748245239,0.44383734464645386,0.3895184099674225,0.0010000000474974513,91
