precision,accuracy,recall,duration
0.37341534368854834,0.26203966005665724,0.38500087487873746,1193.152163028717
