precision,accuracy,recall,duration
0.36791831327853,0.3869132290184922,0.35926595316576293,400.52104783058167
