{"0": [27.102803738317753, 29.0, 107.0], "1": [31.746031746031743, 20.0, 63.0], "2": [91.22807017543859, 104.0, 114.0], "3": [91.96141479099678, 858.0, 933.0], "4": [78.74564459930313, 226.0, 287.0], "5": [24.719101123595504, 22.0, 89.0], "6": [57.996146435452786, 301.0, 519.0], "7": [NaN, 0.0, 0.0], "8": [50.0, 3.0, 6.0]}