{"0": [53.403141361256544, 102.0, 191.0], "1": [28.57142857142857, 4.0, 14.0], "2": [75.0, 12.0, 16.0], "3": [72.03389830508475, 85.0, 118.0], "4": [92.0, 46.0, 50.0], "5": [36.666666666666664, 44.0, 120.0], "6": [72.72727272727273, 144.0, 198.0], "7": [50.0, 2.0, 4.0], "8": [100.0, 7.0, 7.0]}