precision,accuracy,recall,duration
0.2591092959964693,0.3784119106699752,0.26994743239956126,396.19564270973206
