{"0": [13.471502590673575, 26.0, 193.0], "1": [100.0, 59.0, 59.0], "2": [45.83333333333333, 11.0, 24.0], "3": [92.3076923076923, 108.0, 117.0], "4": [100.0, 98.0, 98.0], "5": [36.95652173913043, 34.0, 92.0], "6": [68.47826086956522, 126.0, 184.0], "7": [100.0, 39.0, 39.0], "8": [NaN, 0.0, 0.0]}