precision,accuracy,recall,duration
0.3571717286156317,0.4011379800853485,0.354474901198483,317.06826734542847
