{"0": [48.167539267015705, 92.0, 191.0], "1": [35.714285714285715, 5.0, 14.0], "2": [87.5, 14.0, 16.0], "3": [74.57627118644068, 88.0, 118.0], "4": [74.0, 37.0, 50.0], "5": [45.0, 54.0, 120.0], "6": [69.1919191919192, 137.0, 198.0], "7": [50.0, 2.0, 4.0], "8": [100.0, 7.0, 7.0]}