precision,accuracy,recall,duration
0.3355402795806728,0.3979739507959479,0.3390229676083112,403.9368495941162
