{"0": [52.406417112299465, 98.0, 187.0], "1": [78.57142857142857, 11.0, 14.0], "2": [93.33333333333333, 14.0, 15.0], "3": [74.56140350877193, 85.0, 114.0], "4": [72.0, 36.0, 50.0], "5": [26.72413793103448, 31.0, 116.0], "6": [72.28260869565217, 133.0, 184.0], "7": [25.0, 1.0, 4.0], "8": [100.0, 7.0, 7.0]}