precision,accuracy,recall,duration
0.3470335272007651,0.3425970292285577,0.29532359990907575,972.9088821411133
