{"0": [62.857142857142854, 352.0, 560.0], "1": [36.17021276595745, 17.0, 47.0], "2": [69.76744186046511, 30.0, 43.0], "3": [93.87755102040816, 322.0, 343.0], "4": [91.33333333333333, 137.0, 150.0], "5": [43.258426966292134, 154.0, 356.0], "6": [59.49367088607595, 329.0, 553.0], "7": [94.11764705882352, 16.0, 17.0], "8": [83.33333333333334, 15.0, 18.0]}