{"0": [59.464285714285715, 333.0, 560.0], "1": [97.87234042553192, 46.0, 47.0], "2": [100.0, 43.0, 43.0], "3": [81.34110787172013, 279.0, 343.0], "4": [86.66666666666667, 130.0, 150.0], "5": [43.53932584269663, 155.0, 356.0], "6": [57.86618444846293, 320.0, 553.0], "7": [0.0, 0.0, 17.0], "8": [61.111111111111114, 11.0, 18.0]}