precision,accuracy,recall,duration
0.34941756125481155,0.32577903682719545,0.3700861049492934,598.7575974464417
