{"0": [31.48148148148148, 17.0, 54.0], "1": [36.36363636363637, 12.0, 33.0], "2": [84.48275862068965, 49.0, 58.0], "3": [74.83870967741936, 348.0, 465.0], "4": [83.45323741007195, 116.0, 139.0], "5": [20.0, 9.0, 45.0], "6": [61.30268199233716, 160.0, 261.0], "7": [NaN, 0.0, 0.0], "8": [75.0, 3.0, 4.0]}