precision,accuracy,recall,duration
0.34952908171693964,0.3944603629417383,0.3749152715799464,593.9639058113098
