{"0": [46.236559139784944, 129.0, 279.0], "1": [48.0, 12.0, 25.0], "2": [85.71428571428571, 18.0, 21.0], "3": [76.0233918128655, 130.0, 171.0], "4": [84.81012658227847, 67.0, 79.0], "5": [34.831460674157306, 62.0, 178.0], "6": [74.46043165467626, 207.0, 278.0], "7": [12.5, 1.0, 8.0], "8": [100.0, 8.0, 8.0]}