precision,accuracy,recall,duration
0.28612761345068677,0.18714121699196326,0.3088207510732528,575.0187790393829
