{"0": [89.28571428571429, 50.0, 56.0], "1": [63.41463414634146, 26.0, 41.0], "2": [79.54545454545455, 70.0, 88.0], "3": [96.46017699115043, 327.0, 339.0], "4": [69.46564885496184, 91.0, 131.0], "5": [37.735849056603776, 20.0, 53.0], "6": [96.15384615384616, 100.0, 104.0], "7": [50.0, 2.0, 4.0], "8": [40.0, 22.0, 55.0]}