{"0": [43.01075268817204, 120.0, 279.0], "1": [44.0, 11.0, 25.0], "2": [95.23809523809523, 20.0, 21.0], "3": [60.23391812865497, 103.0, 171.0], "4": [83.54430379746836, 66.0, 79.0], "5": [21.910112359550563, 39.0, 178.0], "6": [61.15107913669065, 170.0, 278.0], "7": [62.5, 5.0, 8.0], "8": [100.0, 8.0, 8.0]}