precision,accuracy,recall,duration
0.33600663359756067,0.22326454033771106,0.46328012012218267,321.9487326145172
