{"0": [53.125, 17.0, 32.0], "1": [47.368421052631575, 9.0, 19.0], "2": [91.30434782608695, 42.0, 46.0], "3": [85.71428571428571, 210.0, 245.0], "4": [68.65671641791045, 46.0, 67.0], "5": [16.0, 4.0, 25.0], "6": [92.3076923076923, 84.0, 91.0], "7": [0.0, 0.0, 1.0], "8": [28.57142857142857, 2.0, 7.0]}