best_model_train_loss,best_model_val_loss,best_model_train_acc,best_model_val_acc,best_model_learning_rate,best_model_nb_epoch
0.45548221468925476,0.5740382075309753,0.4406607449054718,0.39754486083984375,0.0010000000474974513,78
