precision,accuracy,recall,duration
0.3859809148752449,0.3857412653446648,0.41757619000413165,1190.446322441101
