precision,accuracy,recall,duration
0.379779463214985,0.3950795947901592,0.3720793819625286,401.61876225471497
