{"0": [28.037383177570092, 30.0, 107.0], "1": [30.158730158730158, 19.0, 63.0], "2": [85.08771929824562, 97.0, 114.0], "3": [66.77384780278672, 623.0, 933.0], "4": [78.74564459930313, 226.0, 287.0], "5": [32.58426966292135, 29.0, 89.0], "6": [52.79383429672448, 274.0, 519.0], "7": [NaN, 0.0, 0.0], "8": [50.0, 3.0, 6.0]}