{"0": [50.26737967914438, 94.0, 187.0], "1": [28.57142857142857, 4.0, 14.0], "2": [80.0, 12.0, 15.0], "3": [83.33333333333334, 95.0, 114.0], "4": [84.0, 42.0, 50.0], "5": [39.6551724137931, 46.0, 116.0], "6": [63.58695652173913, 117.0, 184.0], "7": [50.0, 2.0, 4.0], "8": [85.71428571428571, 6.0, 7.0]}