best_model_train_loss,best_model_val_loss,best_model_train_acc,best_model_val_acc,best_model_learning_rate,best_model_nb_epoch
0.4303116798400879,1.4076683521270752,0.4436834156513214,0.47795164585113525,0.0010000000474974513,99
