precision,accuracy,recall,duration
0.3998212084549105,0.4779516358463727,0.41845694237677633,315.5590703487396
