{"0": [48.69109947643979, 93.0, 191.0], "1": [28.57142857142857, 4.0, 14.0], "2": [93.75, 15.0, 16.0], "3": [52.54237288135594, 62.0, 118.0], "4": [72.0, 36.0, 50.0], "5": [31.666666666666664, 38.0, 120.0], "6": [63.13131313131313, 125.0, 198.0], "7": [50.0, 2.0, 4.0], "8": [85.71428571428571, 6.0, 7.0]}