precision,accuracy,recall,duration
0.3707292477738696,0.3446808510638298,0.4704704861226279,422.2135579586029
