{"0": [22.22222222222222, 8.0, 36.0], "1": [38.095238095238095, 8.0, 21.0], "2": [83.33333333333334, 35.0, 42.0], "3": [72.34726688102894, 225.0, 311.0], "4": [82.41758241758241, 75.0, 91.0], "5": [17.24137931034483, 5.0, 29.0], "6": [60.91954022988506, 106.0, 174.0], "7": [NaN, 0.0, 0.0], "8": [0.0, 0.0, 1.0]}