{"0": [58.1151832460733, 111.0, 191.0], "1": [100.0, 14.0, 14.0], "2": [93.75, 15.0, 16.0], "3": [80.50847457627118, 95.0, 118.0], "4": [66.0, 33.0, 50.0], "5": [75.0, 90.0, 120.0], "6": [80.3030303030303, 159.0, 198.0], "7": [25.0, 1.0, 4.0], "8": [100.0, 7.0, 7.0]}