{"0": [17.277486910994764, 33.0, 191.0], "1": [35.714285714285715, 5.0, 14.0], "2": [93.75, 15.0, 16.0], "3": [50.847457627118644, 60.0, 118.0], "4": [88.0, 44.0, 50.0], "5": [34.166666666666664, 41.0, 120.0], "6": [59.09090909090909, 117.0, 198.0], "7": [100.0, 4.0, 4.0], "8": [57.14285714285714, 4.0, 7.0]}