{"0": [90.9090909090909, 170.0, 187.0], "1": [42.857142857142854, 6.0, 14.0], "2": [100.0, 15.0, 15.0], "3": [85.96491228070175, 98.0, 114.0], "4": [72.0, 36.0, 50.0], "5": [94.82758620689656, 110.0, 116.0], "6": [72.28260869565217, 133.0, 184.0], "7": [0.0, 0.0, 4.0], "8": [100.0, 7.0, 7.0]}