precision,accuracy,recall,duration
0.393025838327119,0.44523470839260315,0.38406281603833947,317.1489062309265
