{"0": [51.30890052356021, 98.0, 191.0], "1": [35.714285714285715, 5.0, 14.0], "2": [93.75, 15.0, 16.0], "3": [72.88135593220339, 86.0, 118.0], "4": [78.0, 39.0, 50.0], "5": [32.5, 39.0, 120.0], "6": [57.57575757575758, 114.0, 198.0], "7": [50.0, 2.0, 4.0], "8": [85.71428571428571, 6.0, 7.0]}