{"0": [61.42857142857143, 344.0, 560.0], "1": [31.914893617021278, 15.0, 47.0], "2": [93.02325581395348, 40.0, 43.0], "3": [79.00874635568513, 271.0, 343.0], "4": [94.0, 141.0, 150.0], "5": [40.73033707865169, 145.0, 356.0], "6": [56.23869801084991, 311.0, 553.0], "7": [64.70588235294117, 11.0, 17.0], "8": [83.33333333333334, 15.0, 18.0]}