precision,accuracy,recall,duration
0.3326960648687278,0.2332389046270066,0.35937018485195743,604.6493270397186
