{"0": [24.074074074074073, 13.0, 54.0], "1": [39.39393939393939, 13.0, 33.0], "2": [68.96551724137932, 40.0, 58.0], "3": [89.6774193548387, 417.0, 465.0], "4": [81.29496402877699, 113.0, 139.0], "5": [20.0, 9.0, 45.0], "6": [78.16091954022988, 204.0, 261.0], "7": [NaN, 0.0, 0.0], "8": [75.0, 3.0, 4.0]}