{"0": [58.87521968365553, 335.0, 569.0], "1": [97.87234042553192, 46.0, 47.0], "2": [100.0, 44.0, 44.0], "3": [74.14772727272727, 261.0, 352.0], "4": [88.0, 132.0, 150.0], "5": [46.3013698630137, 169.0, 365.0], "6": [62.2895622895623, 370.0, 594.0], "7": [0.0, 0.0, 17.0], "8": [83.33333333333334, 15.0, 18.0]}