precision,accuracy,recall,duration
0.3024217621720686,0.29461756373937675,0.2812216305613801,613.3085448741913
