{"0": [29.629629629629626, 16.0, 54.0], "1": [84.84848484848484, 28.0, 33.0], "2": [82.75862068965517, 48.0, 58.0], "3": [70.3225806451613, 327.0, 465.0], "4": [74.82014388489209, 104.0, 139.0], "5": [24.444444444444443, 11.0, 45.0], "6": [80.07662835249042, 209.0, 261.0], "7": [NaN, 0.0, 0.0], "8": [100.0, 4.0, 4.0]}