precision,accuracy,recall,duration
0.3221863245455336,0.3968705547652916,0.3154723642056726,318.50476145744324
