{"0": [51.832460732984295, 99.0, 191.0], "1": [85.71428571428571, 12.0, 14.0], "2": [100.0, 16.0, 16.0], "3": [68.64406779661016, 81.0, 118.0], "4": [78.0, 39.0, 50.0], "5": [41.66666666666667, 50.0, 120.0], "6": [67.17171717171718, 133.0, 198.0], "7": [25.0, 1.0, 4.0], "8": [100.0, 7.0, 7.0]}