{"0": [65.02636203866432, 370.0, 569.0], "1": [31.914893617021278, 15.0, 47.0], "2": [95.45454545454545, 42.0, 44.0], "3": [72.44318181818183, 255.0, 352.0], "4": [98.0, 147.0, 150.0], "5": [39.726027397260275, 145.0, 365.0], "6": [60.26936026936027, 358.0, 594.0], "7": [47.05882352941176, 8.0, 17.0], "8": [55.55555555555556, 10.0, 18.0]}