best_model_train_loss,best_model_val_loss,best_model_train_acc,best_model_val_acc,best_model_learning_rate,best_model_nb_epoch
0.41551151871681213,0.5197022557258606,0.43718594312667847,0.257009357213974,0.0010000000474974513,91
