precision,accuracy,recall,duration
0.2604854940381256,0.32242990654205606,0.33272686542847835,99.42339825630188
