{"0": [10.0, 1.0, 10.0], "1": [0.0, 0.0, 5.0], "2": [72.72727272727273, 8.0, 11.0], "3": [65.625, 63.0, 96.0], "4": [74.19354838709677, 23.0, 31.0], "5": [100.0, 11.0, 11.0], "6": [78.0, 39.0, 50.0], "7": [NaN, 0.0, 0.0], "8": [NaN, 0.0, 0.0]}