best_model_train_loss,best_model_val_loss,best_model_train_acc,best_model_val_acc,best_model_learning_rate,best_model_nb_epoch
0.3801144063472748,1.4164646863937378,0.4915641248226166,0.41674551367759705,0.0010000000474974513,96
