precision,accuracy,recall,duration
0.3611217388855482,0.42999053926206243,0.3563837630846855,1234.3792641162872
