{"0": [49.38488576449912, 281.0, 569.0], "1": [63.829787234042556, 30.0, 47.0], "2": [63.63636363636363, 28.0, 44.0], "3": [67.89772727272727, 239.0, 352.0], "4": [82.0, 123.0, 150.0], "5": [39.178082191780824, 143.0, 365.0], "6": [62.45791245791246, 371.0, 594.0], "7": [64.70588235294117, 11.0, 17.0], "8": [88.88888888888889, 16.0, 18.0]}