{"0": [60.0, 336.0, 560.0], "1": [61.702127659574465, 29.0, 47.0], "2": [79.06976744186046, 34.0, 43.0], "3": [77.84256559766763, 267.0, 343.0], "4": [96.0, 144.0, 150.0], "5": [37.359550561797754, 133.0, 356.0], "6": [61.30198915009042, 339.0, 553.0], "7": [82.35294117647058, 14.0, 17.0], "8": [55.55555555555556, 10.0, 18.0]}