precision,accuracy,recall,duration
0.30997144792876496,0.3598130841121495,0.4092237903225806,95.31190180778503
