precision,accuracy,recall,duration
0.37562076055727917,0.3943262411347518,0.48883476807858667,414.1817054748535
