{"0": [53.25131810193322, 303.0, 569.0], "1": [36.17021276595745, 17.0, 47.0], "2": [100.0, 44.0, 44.0], "3": [82.10227272727273, 289.0, 352.0], "4": [85.33333333333334, 128.0, 150.0], "5": [36.986301369863014, 135.0, 365.0], "6": [47.97979797979798, 285.0, 594.0], "7": [52.94117647058824, 9.0, 17.0], "8": [88.88888888888889, 16.0, 18.0]}