precision,accuracy,recall,duration
0.3477624697360751,0.3404255319148936,0.4777214961363241,415.96462774276733
