{"0": [62.32142857142857, 349.0, 560.0], "1": [38.297872340425535, 18.0, 47.0], "2": [97.67441860465115, 42.0, 43.0], "3": [65.59766763848397, 225.0, 343.0], "4": [95.33333333333334, 143.0, 150.0], "5": [42.13483146067416, 150.0, 356.0], "6": [56.23869801084991, 311.0, 553.0], "7": [64.70588235294117, 11.0, 17.0], "8": [61.111111111111114, 11.0, 18.0]}