{"0": [19.444444444444446, 7.0, 36.0], "1": [33.33333333333333, 7.0, 21.0], "2": [78.57142857142857, 33.0, 42.0], "3": [70.41800643086816, 219.0, 311.0], "4": [64.83516483516483, 59.0, 91.0], "5": [27.586206896551722, 8.0, 29.0], "6": [75.86206896551724, 132.0, 174.0], "7": [NaN, 0.0, 0.0], "8": [0.0, 0.0, 1.0]}