best_model_train_loss,best_model_val_loss,best_model_train_acc,best_model_val_acc,best_model_learning_rate,best_model_nb_epoch
0.46095576882362366,0.5229730606079102,0.40929877758026123,0.3375886380672455,0.0010000000474974513,94
