precision,accuracy,recall,duration
0.3439902383705661,0.300709219858156,0.4445082051339212,323.25282979011536
