precision,accuracy,recall,duration
0.36651394147339883,0.3973634651600753,0.3125485813549187,609.010716676712
