{"0": [19.444444444444446, 7.0, 36.0], "1": [42.857142857142854, 9.0, 21.0], "2": [97.61904761904762, 41.0, 42.0], "3": [84.88745980707395, 264.0, 311.0], "4": [75.82417582417582, 69.0, 91.0], "5": [24.137931034482758, 7.0, 29.0], "6": [55.172413793103445, 96.0, 174.0], "7": [NaN, 0.0, 0.0], "8": [0.0, 0.0, 1.0]}