{"0": [47.88732394366197, 136.0, 284.0], "1": [40.0, 10.0, 25.0], "2": [63.63636363636363, 14.0, 22.0], "3": [85.79545454545455, 151.0, 176.0], "4": [96.20253164556962, 76.0, 79.0], "5": [39.34426229508197, 72.0, 183.0], "6": [62.54180602006689, 187.0, 299.0], "7": [87.5, 7.0, 8.0], "8": [100.0, 8.0, 8.0]}