precision,accuracy,recall,duration
0.33658902656195566,0.29508970727101036,0.3015653400009615,1192.6344923973083
