{"0": [83.17757009345794, 89.0, 107.0], "1": [36.507936507936506, 23.0, 63.0], "2": [80.7017543859649, 92.0, 114.0], "3": [77.06323687031083, 719.0, 933.0], "4": [81.8815331010453, 235.0, 287.0], "5": [26.96629213483146, 24.0, 89.0], "6": [58.95953757225434, 306.0, 519.0], "7": [NaN, 0.0, 0.0], "8": [83.33333333333334, 5.0, 6.0]}