precision,accuracy,recall,duration
0.3366549516549517,0.3375886524822695,0.4607405823449731,409.40747237205505
