precision,accuracy,recall,duration
0.33149227848826235,0.31869688385269124,0.33451853696357176,1214.2404615879059
