{"0": [28.037383177570092, 30.0, 107.0], "1": [85.71428571428571, 54.0, 63.0], "2": [93.85964912280701, 107.0, 114.0], "3": [76.52733118971061, 714.0, 933.0], "4": [51.21951219512195, 147.0, 287.0], "5": [26.96629213483146, 24.0, 89.0], "6": [69.94219653179191, 363.0, 519.0], "7": [NaN, 0.0, 0.0], "8": [66.66666666666666, 4.0, 6.0]}