precision,accuracy,recall,duration
0.24440191095062597,0.17498565691336776,0.34256319558690307,1716.4869379997253
