{"0": [83.03571428571429, 93.0, 112.0], "1": [63.95348837209303, 55.0, 86.0], "2": [81.18279569892472, 151.0, 186.0], "3": [98.3679525222552, 663.0, 674.0], "4": [70.18867924528301, 186.0, 265.0], "5": [52.42718446601942, 54.0, 103.0], "6": [94.3127962085308, 199.0, 211.0], "7": [11.11111111111111, 1.0, 9.0], "8": [37.11340206185567, 36.0, 97.0]}