{"0": [85.34031413612566, 163.0, 191.0], "1": [57.14285714285714, 8.0, 14.0], "2": [68.75, 11.0, 16.0], "3": [73.72881355932203, 87.0, 118.0], "4": [86.0, 43.0, 50.0], "5": [35.0, 42.0, 120.0], "6": [55.05050505050505, 109.0, 198.0], "7": [75.0, 3.0, 4.0], "8": [85.71428571428571, 6.0, 7.0]}