{"0": [35.842293906810035, 100.0, 279.0], "1": [48.0, 12.0, 25.0], "2": [95.23809523809523, 20.0, 21.0], "3": [81.28654970760235, 139.0, 171.0], "4": [73.41772151898735, 58.0, 79.0], "5": [43.82022471910113, 78.0, 178.0], "6": [68.34532374100719, 190.0, 278.0], "7": [25.0, 2.0, 8.0], "8": [75.0, 6.0, 8.0]}