best_model_train_loss,best_model_val_loss,best_model_train_acc,best_model_val_acc,best_model_learning_rate,best_model_nb_epoch
0.4030819833278656,0.8957287073135376,0.5312815308570862,0.36960601806640625,0.0010000000474974513,92
