precision,accuracy,recall,duration
0.2706323228912677,0.34146341463414637,0.3479823808829894,102.4004259109497
