{"0": [26.923076923076923, 7.0, 26.0], "1": [62.06896551724138, 18.0, 29.0], "2": [94.11764705882352, 32.0, 34.0], "3": [64.41441441441441, 143.0, 222.0], "4": [49.333333333333336, 37.0, 75.0], "5": [30.76923076923077, 8.0, 26.0], "6": [89.1891891891892, 99.0, 111.0], "7": [NaN, 0.0, 0.0], "8": [70.0, 7.0, 10.0]}