{"0": [51.76056338028169, 147.0, 284.0], "1": [52.0, 13.0, 25.0], "2": [95.45454545454545, 21.0, 22.0], "3": [80.68181818181817, 142.0, 176.0], "4": [87.34177215189874, 69.0, 79.0], "5": [36.0655737704918, 66.0, 183.0], "6": [64.54849498327759, 193.0, 299.0], "7": [37.5, 3.0, 8.0], "8": [100.0, 8.0, 8.0]}