best_model_train_loss,best_model_val_loss,best_model_train_acc,best_model_val_acc,best_model_learning_rate,best_model_nb_epoch
0.47290101647377014,0.7160988450050354,0.4238964915275574,0.3449575901031494,0.0010000000474974513,86
