precision,accuracy,recall,duration
0.3623455271513161,0.3770028275212064,0.35822522611087265,610.7397410869598
