precision,accuracy,recall,duration
0.3660529054796366,0.37058261700095513,0.3367309333383169,587.677193403244
