{"0": [51.25448028673835, 143.0, 279.0], "1": [36.0, 9.0, 25.0], "2": [57.14285714285714, 12.0, 21.0], "3": [92.39766081871345, 158.0, 171.0], "4": [92.40506329113924, 73.0, 79.0], "5": [41.57303370786517, 74.0, 178.0], "6": [63.66906474820144, 177.0, 278.0], "7": [62.5, 5.0, 8.0], "8": [100.0, 8.0, 8.0]}