{"0": [29.629629629629626, 16.0, 54.0], "1": [63.63636363636363, 21.0, 33.0], "2": [75.86206896551724, 44.0, 58.0], "3": [63.655913978494624, 296.0, 465.0], "4": [75.177304964539, 106.0, 141.0], "5": [33.33333333333333, 15.0, 45.0], "6": [61.30268199233716, 160.0, 261.0], "7": [NaN, 0.0, 0.0], "8": [75.0, 3.0, 4.0]}