precision,accuracy,recall,duration
0.24791819482943245,0.2956120092378753,0.3396116554011291,178.0458664894104
