{"0": [48.148148148148145, 13.0, 27.0], "1": [50.0, 12.0, 24.0], "2": [81.81818181818183, 36.0, 44.0], "3": [64.91228070175438, 111.0, 171.0], "4": [87.3015873015873, 55.0, 63.0], "5": [51.85185185185185, 14.0, 27.0], "6": [88.88888888888889, 48.0, 54.0], "7": [50.0, 1.0, 2.0], "8": [71.42857142857143, 15.0, 21.0]}