precision,accuracy,recall,duration
0.35753809588978264,0.41702127659574467,0.5035148028366049,423.9436240196228
