precision,accuracy,recall,duration
0.29285939832932306,0.29461756373937675,0.2939177595052006,610.8833520412445
