{"0": [25.925925925925924, 14.0, 54.0], "1": [93.93939393939394, 31.0, 33.0], "2": [74.13793103448276, 43.0, 58.0], "3": [70.3225806451613, 327.0, 465.0], "4": [79.13669064748201, 110.0, 139.0], "5": [40.0, 18.0, 45.0], "6": [77.01149425287356, 201.0, 261.0], "7": [NaN, 0.0, 0.0], "8": [75.0, 3.0, 4.0]}