precision,accuracy,recall,duration
0.3527876294071847,0.5,0.33522962286660185,553.1782355308533
