{"0": [45.774647887323944, 130.0, 284.0], "1": [52.0, 13.0, 25.0], "2": [81.81818181818183, 18.0, 22.0], "3": [48.86363636363637, 86.0, 176.0], "4": [86.07594936708861, 68.0, 79.0], "5": [36.0655737704918, 66.0, 183.0], "6": [48.82943143812709, 146.0, 299.0], "7": [100.0, 8.0, 8.0], "8": [100.0, 8.0, 8.0]}