precision,accuracy,recall,duration
0.39292704426427894,0.42980354575946333,0.36088838091833264,940.6472628116608
