precision,accuracy,recall,duration
0.35939841334676786,0.3890462700661001,0.39065318749820316,608.1657958030701
