{"0": [27.77777777777778, 15.0, 54.0], "1": [33.33333333333333, 11.0, 33.0], "2": [84.48275862068965, 49.0, 58.0], "3": [64.30107526881721, 299.0, 465.0], "4": [81.29496402877699, 113.0, 139.0], "5": [26.666666666666668, 12.0, 45.0], "6": [55.55555555555556, 145.0, 261.0], "7": [NaN, 0.0, 0.0], "8": [75.0, 3.0, 4.0]}