{"0": [50.535714285714285, 283.0, 560.0], "1": [27.659574468085108, 13.0, 47.0], "2": [93.02325581395348, 40.0, 43.0], "3": [75.51020408163265, 259.0, 343.0], "4": [88.0, 132.0, 150.0], "5": [37.640449438202246, 134.0, 356.0], "6": [54.79204339963834, 303.0, 553.0], "7": [64.70588235294117, 11.0, 17.0], "8": [83.33333333333334, 15.0, 18.0]}