{"0": [55.714285714285715, 312.0, 560.0], "1": [46.808510638297875, 22.0, 47.0], "2": [58.139534883720934, 25.0, 43.0], "3": [76.38483965014578, 262.0, 343.0], "4": [98.66666666666667, 148.0, 150.0], "5": [35.95505617977528, 128.0, 356.0], "6": [55.69620253164557, 308.0, 553.0], "7": [52.94117647058824, 9.0, 17.0], "8": [83.33333333333334, 15.0, 18.0]}