{"0": [58.87521968365553, 335.0, 569.0], "1": [36.17021276595745, 17.0, 47.0], "2": [90.9090909090909, 40.0, 44.0], "3": [73.86363636363636, 260.0, 352.0], "4": [94.0, 141.0, 150.0], "5": [35.342465753424655, 129.0, 365.0], "6": [53.198653198653204, 316.0, 594.0], "7": [64.70588235294117, 11.0, 17.0], "8": [66.66666666666666, 12.0, 18.0]}