precision,accuracy,recall,duration
0.3628807500778637,0.3588652482269504,0.46241619295727293,401.51944851875305
