{"0": [25.0, 9.0, 36.0], "1": [42.857142857142854, 9.0, 21.0], "2": [73.80952380952381, 31.0, 42.0], "3": [61.41479099678456, 191.0, 311.0], "4": [81.31868131868131, 74.0, 91.0], "5": [24.137931034482758, 7.0, 29.0], "6": [75.28735632183908, 131.0, 174.0], "7": [NaN, 0.0, 0.0], "8": [0.0, 0.0, 1.0]}