best_model_train_loss,best_model_val_loss,best_model_train_acc,best_model_val_acc,best_model_learning_rate,best_model_nb_epoch
0.4432350695133209,0.5089685916900635,0.4353793263435364,0.37304964661598206,0.0010000000474974513,86
