precision,accuracy,recall,duration
0.3797322173745674,0.42411347517730497,0.5068070393124908,404.9190616607666
