precision,accuracy,recall,duration
0.4064913528418361,0.4853358561967833,0.40061064905950816,1204.4671630859375
