{"0": [22.22222222222222, 8.0, 36.0], "1": [33.33333333333333, 7.0, 21.0], "2": [85.71428571428571, 36.0, 42.0], "3": [65.59485530546624, 204.0, 311.0], "4": [45.05494505494506, 41.0, 91.0], "5": [34.48275862068966, 10.0, 29.0], "6": [57.47126436781609, 100.0, 174.0], "7": [NaN, 0.0, 0.0], "8": [0.0, 0.0, 1.0]}