{"0": [48.50615114235501, 276.0, 569.0], "1": [36.17021276595745, 17.0, 47.0], "2": [97.72727272727273, 43.0, 44.0], "3": [50.0, 176.0, 352.0], "4": [86.66666666666667, 130.0, 150.0], "5": [36.43835616438356, 133.0, 365.0], "6": [55.387205387205384, 329.0, 594.0], "7": [64.70588235294117, 11.0, 17.0], "8": [66.66666666666666, 12.0, 18.0]}