precision,accuracy,recall,duration
0.2578316377853507,0.2691751085383502,0.2992351526826395,396.5233578681946
