precision,accuracy,recall,duration
0.3309726469857906,0.36771728748806115,0.3265427042897302,593.1744990348816
