{"0": [44.80286738351255, 125.0, 279.0], "1": [40.0, 10.0, 25.0], "2": [95.23809523809523, 20.0, 21.0], "3": [78.3625730994152, 134.0, 171.0], "4": [91.13924050632912, 72.0, 79.0], "5": [41.01123595505618, 73.0, 178.0], "6": [78.05755395683454, 217.0, 278.0], "7": [50.0, 4.0, 8.0], "8": [87.5, 7.0, 8.0]}