precision,accuracy,recall,duration
0.3359674867082581,0.3358888356492573,0.3456833777151995,890.3766598701477
