{"0": [99.82142857142857, 559.0, 560.0], "1": [40.42553191489361, 19.0, 47.0], "2": [100.0, 43.0, 43.0], "3": [57.14285714285714, 196.0, 343.0], "4": [88.0, 132.0, 150.0], "5": [38.48314606741573, 137.0, 356.0], "6": [50.63291139240506, 280.0, 553.0], "7": [58.82352941176471, 10.0, 17.0], "8": [55.55555555555556, 10.0, 18.0]}