precision,accuracy,recall,duration
0.36892977349019973,0.3475177304964539,0.4848629114715525,416.3948369026184
