{"0": [19.444444444444446, 7.0, 36.0], "1": [42.857142857142854, 9.0, 21.0], "2": [76.19047619047619, 32.0, 42.0], "3": [72.9903536977492, 227.0, 311.0], "4": [65.93406593406593, 60.0, 91.0], "5": [17.24137931034483, 5.0, 29.0], "6": [68.96551724137932, 120.0, 174.0], "7": [NaN, 0.0, 0.0], "8": [0.0, 0.0, 1.0]}