precision,accuracy,recall,duration
0.3524946704068008,0.3801418439716312,0.460469369078971,402.4125373363495
