{"0": [25.0, 9.0, 36.0], "1": [57.14285714285714, 12.0, 21.0], "2": [78.57142857142857, 33.0, 42.0], "3": [59.80707395498393, 186.0, 311.0], "4": [72.52747252747253, 66.0, 91.0], "5": [20.689655172413794, 6.0, 29.0], "6": [71.83908045977012, 125.0, 174.0], "7": [NaN, 0.0, 0.0], "8": [0.0, 0.0, 1.0]}