precision,accuracy,recall,duration
0.3190031802003216,0.33191489361702126,0.4847694684982633,418.03958916664124
