{"0": [25.0, 9.0, 36.0], "1": [28.57142857142857, 6.0, 21.0], "2": [76.19047619047619, 32.0, 42.0], "3": [66.88102893890675, 208.0, 311.0], "4": [53.84615384615385, 49.0, 91.0], "5": [20.689655172413794, 6.0, 29.0], "6": [92.52873563218391, 161.0, 174.0], "7": [NaN, 0.0, 0.0], "8": [0.0, 0.0, 1.0]}