{"0": [59.10714285714286, 331.0, 560.0], "1": [46.808510638297875, 22.0, 47.0], "2": [62.7906976744186, 27.0, 43.0], "3": [58.309037900874635, 200.0, 343.0], "4": [86.66666666666667, 130.0, 150.0], "5": [37.92134831460674, 135.0, 356.0], "6": [56.78119349005425, 314.0, 553.0], "7": [52.94117647058824, 9.0, 17.0], "8": [72.22222222222221, 13.0, 18.0]}