precision,accuracy,recall,duration
0.35108493097591814,0.3648519579751671,0.3101048658761021,601.527978181839
