{"0": [53.76344086021505, 150.0, 279.0], "1": [96.0, 24.0, 25.0], "2": [95.23809523809523, 20.0, 21.0], "3": [76.0233918128655, 130.0, 171.0], "4": [89.87341772151899, 71.0, 79.0], "5": [43.82022471910113, 78.0, 178.0], "6": [66.18705035971223, 184.0, 278.0], "7": [12.5, 1.0, 8.0], "8": [87.5, 7.0, 8.0]}