{"0": [51.78571428571429, 290.0, 560.0], "1": [38.297872340425535, 18.0, 47.0], "2": [97.67441860465115, 42.0, 43.0], "3": [56.85131195335277, 195.0, 343.0], "4": [91.33333333333333, 137.0, 150.0], "5": [37.640449438202246, 134.0, 356.0], "6": [58.40867992766727, 323.0, 553.0], "7": [82.35294117647058, 14.0, 17.0], "8": [61.111111111111114, 11.0, 18.0]}