{"0": [64.46428571428572, 361.0, 560.0], "1": [38.297872340425535, 18.0, 47.0], "2": [90.69767441860465, 39.0, 43.0], "3": [89.50437317784257, 307.0, 343.0], "4": [94.0, 141.0, 150.0], "5": [41.01123595505618, 146.0, 356.0], "6": [52.62206148282098, 291.0, 553.0], "7": [70.58823529411765, 12.0, 17.0], "8": [72.22222222222221, 13.0, 18.0]}