precision,accuracy,recall,duration
0.37816053446649733,0.4105461393596987,0.3251161419978544,632.7396540641785
