{"0": [53.87323943661971, 153.0, 284.0], "1": [32.0, 8.0, 25.0], "2": [86.36363636363636, 19.0, 22.0], "3": [81.81818181818183, 144.0, 176.0], "4": [87.34177215189874, 69.0, 79.0], "5": [36.6120218579235, 67.0, 183.0], "6": [57.52508361204013, 172.0, 299.0], "7": [75.0, 6.0, 8.0], "8": [100.0, 8.0, 8.0]}