precision,accuracy,recall,duration
0.2280952244496119,0.166189111747851,0.2048118503413405,550.6953771114349
