{"0": [91.39784946236558, 255.0, 279.0], "1": [36.0, 9.0, 25.0], "2": [100.0, 21.0, 21.0], "3": [93.56725146198829, 160.0, 171.0], "4": [84.81012658227847, 67.0, 79.0], "5": [95.50561797752809, 170.0, 178.0], "6": [64.38848920863309, 179.0, 278.0], "7": [50.0, 4.0, 8.0], "8": [100.0, 8.0, 8.0]}