precision,accuracy,recall,duration
0.32921347774156157,0.27431539187913123,0.29730693290621046,1217.4976768493652
