{"0": [24.299065420560748, 26.0, 107.0], "1": [93.65079365079364, 59.0, 63.0], "2": [85.08771929824562, 97.0, 114.0], "3": [75.34833869239014, 703.0, 933.0], "4": [83.62369337979094, 240.0, 287.0], "5": [30.337078651685395, 27.0, 89.0], "6": [73.41040462427746, 381.0, 519.0], "7": [NaN, 0.0, 0.0], "8": [66.66666666666666, 4.0, 6.0]}