{"0": [39.015817223198596, 222.0, 569.0], "1": [53.191489361702125, 25.0, 47.0], "2": [90.9090909090909, 40.0, 44.0], "3": [74.7159090909091, 263.0, 352.0], "4": [89.33333333333333, 134.0, 150.0], "5": [41.917808219178085, 153.0, 365.0], "6": [56.73400673400673, 337.0, 594.0], "7": [64.70588235294117, 11.0, 17.0], "8": [77.77777777777779, 14.0, 18.0]}