precision,accuracy,recall,duration
0.3181377750880046,0.32340425531914896,0.4651886416124876,414.20128631591797
