{"0": [22.22222222222222, 8.0, 36.0], "1": [33.33333333333333, 7.0, 21.0], "2": [92.85714285714286, 39.0, 42.0], "3": [69.77491961414792, 217.0, 311.0], "4": [51.64835164835166, 47.0, 91.0], "5": [24.137931034482758, 7.0, 29.0], "6": [87.35632183908046, 152.0, 174.0], "7": [NaN, 0.0, 0.0], "8": [0.0, 0.0, 1.0]}