{"0": [62.142857142857146, 348.0, 560.0], "1": [40.42553191489361, 19.0, 47.0], "2": [81.3953488372093, 35.0, 43.0], "3": [84.8396501457726, 291.0, 343.0], "4": [92.66666666666666, 139.0, 150.0], "5": [39.325842696629216, 140.0, 356.0], "6": [57.68535262206148, 319.0, 553.0], "7": [35.294117647058826, 6.0, 17.0], "8": [66.66666666666666, 12.0, 18.0]}