precision,accuracy,recall,duration
0.37545250131346275,0.4011379800853485,0.37008546912758933,316.3882894515991
