{"0": [50.26178010471204, 96.0, 191.0], "1": [28.57142857142857, 4.0, 14.0], "2": [100.0, 16.0, 16.0], "3": [69.49152542372882, 82.0, 118.0], "4": [76.0, 38.0, 50.0], "5": [29.166666666666668, 35.0, 120.0], "6": [79.29292929292929, 157.0, 198.0], "7": [50.0, 2.0, 4.0], "8": [85.71428571428571, 6.0, 7.0]}