precision,accuracy,recall,duration
0.38391051987098773,0.4015333013895544,0.3586713556497446,934.6178677082062
