precision,accuracy,recall,duration
0.3605358225377757,0.26933962264150946,0.33521511990951325,961.004812002182
