{"0": [27.102803738317753, 29.0, 107.0], "1": [41.269841269841265, 26.0, 63.0], "2": [89.47368421052632, 102.0, 114.0], "3": [87.9957127545552, 821.0, 933.0], "4": [83.04498269896193, 240.0, 289.0], "5": [28.08988764044944, 25.0, 89.0], "6": [57.996146435452786, 301.0, 519.0], "7": [NaN, 0.0, 0.0], "8": [83.33333333333334, 5.0, 6.0]}