{"0": [52.67857142857143, 295.0, 560.0], "1": [36.17021276595745, 17.0, 47.0], "2": [90.69767441860465, 39.0, 43.0], "3": [76.38483965014578, 262.0, 343.0], "4": [96.0, 144.0, 150.0], "5": [42.41573033707865, 151.0, 356.0], "6": [57.68535262206148, 319.0, 553.0], "7": [52.94117647058824, 9.0, 17.0], "8": [72.22222222222221, 13.0, 18.0]}