{"0": [55.711775043936726, 317.0, 569.0], "1": [40.42553191489361, 19.0, 47.0], "2": [81.81818181818183, 36.0, 44.0], "3": [86.64772727272727, 305.0, 352.0], "4": [78.0, 117.0, 150.0], "5": [41.917808219178085, 153.0, 365.0], "6": [50.841750841750844, 302.0, 594.0], "7": [47.05882352941176, 8.0, 17.0], "8": [88.88888888888889, 16.0, 18.0]}