precision,accuracy,recall,duration
0.3452641490371559,0.37653736991485337,0.3140507569208563,1205.3952350616455
