{"0": [52.72407732864674, 300.0, 569.0], "1": [91.48936170212765, 43.0, 47.0], "2": [100.0, 44.0, 44.0], "3": [84.6590909090909, 298.0, 352.0], "4": [85.33333333333334, 128.0, 150.0], "5": [43.83561643835616, 160.0, 365.0], "6": [61.784511784511785, 367.0, 594.0], "7": [0.0, 0.0, 17.0], "8": [100.0, 18.0, 18.0]}