{"0": [36.90685413005272, 210.0, 569.0], "1": [44.680851063829785, 21.0, 47.0], "2": [100.0, 44.0, 44.0], "3": [78.69318181818183, 277.0, 352.0], "4": [74.66666666666667, 112.0, 150.0], "5": [40.273972602739725, 147.0, 365.0], "6": [53.03030303030303, 315.0, 594.0], "7": [64.70588235294117, 11.0, 17.0], "8": [83.33333333333334, 15.0, 18.0]}