{"0": [61.15992970123023, 348.0, 569.0], "1": [46.808510638297875, 22.0, 47.0], "2": [95.45454545454545, 42.0, 44.0], "3": [56.53409090909091, 199.0, 352.0], "4": [94.66666666666667, 142.0, 150.0], "5": [39.178082191780824, 143.0, 365.0], "6": [64.14141414141415, 381.0, 594.0], "7": [58.82352941176471, 10.0, 17.0], "8": [83.33333333333334, 15.0, 18.0]}