{"0": [15.465729349736378, 88.0, 569.0], "1": [42.5531914893617, 20.0, 47.0], "2": [90.9090909090909, 40.0, 44.0], "3": [66.76136363636364, 235.0, 352.0], "4": [82.0, 123.0, 150.0], "5": [41.0958904109589, 150.0, 365.0], "6": [57.91245791245792, 344.0, 594.0], "7": [100.0, 17.0, 17.0], "8": [88.88888888888889, 16.0, 18.0]}