precision,accuracy,recall,duration
0.35625310988840697,0.3276595744680851,0.4671071520592901,410.0651042461395
