precision,accuracy,recall,duration
0.34524809486588726,0.4164278892072588,0.3408461808851879,614.4787650108337
