{"0": [41.57706093189964, 116.0, 279.0], "1": [40.0, 10.0, 25.0], "2": [66.66666666666666, 14.0, 21.0], "3": [87.71929824561403, 150.0, 171.0], "4": [77.21518987341773, 61.0, 79.0], "5": [46.06741573033708, 82.0, 178.0], "6": [58.992805755395686, 164.0, 278.0], "7": [75.0, 6.0, 8.0], "8": [100.0, 8.0, 8.0]}