precision,accuracy,recall,duration
0.3948743417471102,0.4512771996215705,0.3880547035956041,1230.247596025467
