{"0": [56.76625659050967, 323.0, 569.0], "1": [36.17021276595745, 17.0, 47.0], "2": [81.81818181818183, 36.0, 44.0], "3": [54.82954545454546, 193.0, 352.0], "4": [80.0, 120.0, 150.0], "5": [38.9041095890411, 142.0, 365.0], "6": [57.57575757575758, 342.0, 594.0], "7": [58.82352941176471, 10.0, 17.0], "8": [88.88888888888889, 16.0, 18.0]}