precision,accuracy,recall,duration
0.357630172243972,0.350354609929078,0.48434943390962165,408.60288739204407
