{"0": [19.444444444444446, 7.0, 36.0], "1": [42.857142857142854, 9.0, 21.0], "2": [69.04761904761905, 29.0, 42.0], "3": [72.34726688102894, 225.0, 311.0], "4": [61.53846153846154, 56.0, 91.0], "5": [27.586206896551722, 8.0, 29.0], "6": [71.26436781609196, 124.0, 174.0], "7": [NaN, 0.0, 0.0], "8": [0.0, 0.0, 1.0]}