{"0": [58.75, 329.0, 560.0], "1": [38.297872340425535, 18.0, 47.0], "2": [88.37209302325581, 38.0, 43.0], "3": [77.25947521865889, 265.0, 343.0], "4": [96.66666666666667, 145.0, 150.0], "5": [39.60674157303371, 141.0, 356.0], "6": [56.78119349005425, 314.0, 553.0], "7": [82.35294117647058, 14.0, 17.0], "8": [50.0, 9.0, 18.0]}