best_model_train_loss,best_model_val_loss,best_model_train_acc,best_model_val_acc,best_model_learning_rate,best_model_nb_epoch
0.45153677463531494,0.5763827562332153,0.3785741627216339,0.2638297975063324,0.0010000000474974513,83
