precision,accuracy,recall,duration
0.2917261640641245,0.3574468085106383,0.400875631509109,403.21272373199463
