precision,accuracy,recall,duration
0.29504912768418023,0.2723404255319149,0.39074784673890267,404.996217250824
