{"0": [19.444444444444446, 7.0, 36.0], "1": [42.857142857142854, 9.0, 21.0], "2": [83.33333333333334, 35.0, 42.0], "3": [63.022508038585215, 196.0, 311.0], "4": [60.43956043956044, 55.0, 91.0], "5": [100.0, 29.0, 29.0], "6": [70.11494252873564, 122.0, 174.0], "7": [NaN, 0.0, 0.0], "8": [0.0, 0.0, 1.0]}