{"0": [19.444444444444446, 7.0, 36.0], "1": [28.57142857142857, 6.0, 21.0], "2": [85.71428571428571, 36.0, 42.0], "3": [84.2443729903537, 262.0, 311.0], "4": [64.83516483516483, 59.0, 91.0], "5": [100.0, 29.0, 29.0], "6": [65.51724137931035, 114.0, 174.0], "7": [NaN, 0.0, 0.0], "8": [0.0, 0.0, 1.0]}