precision,accuracy,recall,duration
0.28263376181420674,0.26345609065155806,0.30028427185780276,613.4499201774597
