precision,accuracy,recall,duration
0.35697699936670935,0.4399421128798842,0.3410821483253611,395.4175384044647
