{"0": [100.0, 54.0, 54.0], "1": [39.39393939393939, 13.0, 33.0], "2": [84.48275862068965, 49.0, 58.0], "3": [81.72043010752688, 380.0, 465.0], "4": [86.33093525179856, 120.0, 139.0], "5": [31.11111111111111, 14.0, 45.0], "6": [56.70498084291188, 148.0, 261.0], "7": [NaN, 0.0, 0.0], "8": [50.0, 2.0, 4.0]}