{"0": [45.98930481283423, 86.0, 187.0], "1": [28.57142857142857, 4.0, 14.0], "2": [100.0, 15.0, 15.0], "3": [58.77192982456141, 67.0, 114.0], "4": [84.0, 42.0, 50.0], "5": [32.758620689655174, 38.0, 116.0], "6": [67.93478260869566, 125.0, 184.0], "7": [75.0, 3.0, 4.0], "8": [100.0, 7.0, 7.0]}