best_model_train_loss,best_model_val_loss,best_model_train_acc,best_model_val_acc,best_model_learning_rate,best_model_nb_epoch
0.5572416186332703,1.0768229961395264,0.29134663939476013,0.29894939064979553,0.0010000000474974513,66
