precision,accuracy,recall,duration
0.32735782348516823,0.224450811843362,0.28884369444730723,616.3681371212006
