{"0": [83.87096774193549, 234.0, 279.0], "1": [40.0, 10.0, 25.0], "2": [90.47619047619048, 19.0, 21.0], "3": [94.15204678362574, 161.0, 171.0], "4": [94.9367088607595, 75.0, 79.0], "5": [41.01123595505618, 73.0, 178.0], "6": [83.09352517985612, 231.0, 278.0], "7": [25.0, 2.0, 8.0], "8": [87.5, 7.0, 8.0]}