{"0": [52.85714285714286, 296.0, 560.0], "1": [36.17021276595745, 17.0, 47.0], "2": [86.04651162790698, 37.0, 43.0], "3": [55.68513119533528, 191.0, 343.0], "4": [94.66666666666667, 142.0, 150.0], "5": [41.853932584269664, 149.0, 356.0], "6": [56.78119349005425, 314.0, 553.0], "7": [76.47058823529412, 13.0, 17.0], "8": [55.55555555555556, 10.0, 18.0]}