precision,accuracy,recall,duration
0.36455298665054653,0.3629417382999045,0.35683633447256685,603.6150033473969
