{"0": [50.53763440860215, 141.0, 279.0], "1": [92.0, 23.0, 25.0], "2": [80.95238095238095, 17.0, 21.0], "3": [77.19298245614034, 132.0, 171.0], "4": [86.07594936708861, 68.0, 79.0], "5": [45.50561797752809, 81.0, 178.0], "6": [71.58273381294964, 199.0, 278.0], "7": [0.0, 0.0, 8.0], "8": [75.0, 6.0, 8.0]}