best_model_train_loss,best_model_val_loss,best_model_train_acc,best_model_val_acc,best_model_learning_rate,best_model_nb_epoch
0.48923635482788086,0.5590713620185852,0.40693244338035583,0.3650943338871002,0.0010000000474974513,70
