precision,accuracy,recall,duration
0.3676614136169814,0.3784295175023652,0.3503581451553941,1184.2916300296783
