precision,accuracy,recall,duration
0.39934795759555375,0.3589622641509434,0.4056788815338771,957.0414836406708
