{"0": [53.602811950790866, 305.0, 569.0], "1": [36.17021276595745, 17.0, 47.0], "2": [86.36363636363636, 38.0, 44.0], "3": [82.67045454545455, 291.0, 352.0], "4": [96.66666666666667, 145.0, 150.0], "5": [41.64383561643836, 152.0, 365.0], "6": [64.81481481481481, 385.0, 594.0], "7": [58.82352941176471, 10.0, 17.0], "8": [66.66666666666666, 12.0, 18.0]}