{"0": [26.168224299065418, 28.0, 107.0], "1": [39.682539682539684, 25.0, 63.0], "2": [72.80701754385966, 83.0, 114.0], "3": [65.91639871382637, 615.0, 933.0], "4": [93.42560553633218, 270.0, 289.0], "5": [26.96629213483146, 24.0, 89.0], "6": [59.92292870905588, 311.0, 519.0], "7": [NaN, 0.0, 0.0], "8": [50.0, 3.0, 6.0]}