{"0": [43.05799648506151, 245.0, 569.0], "1": [44.680851063829785, 21.0, 47.0], "2": [95.45454545454545, 42.0, 44.0], "3": [52.84090909090909, 186.0, 352.0], "4": [90.66666666666666, 136.0, 150.0], "5": [41.0958904109589, 150.0, 365.0], "6": [57.407407407407405, 341.0, 594.0], "7": [94.11764705882352, 16.0, 17.0], "8": [77.77777777777779, 14.0, 18.0]}