{"0": [58.34797891036907, 332.0, 569.0], "1": [36.17021276595745, 17.0, 47.0], "2": [97.72727272727273, 43.0, 44.0], "3": [92.89772727272727, 327.0, 352.0], "4": [86.66666666666667, 130.0, 150.0], "5": [43.28767123287671, 158.0, 365.0], "6": [53.03030303030303, 315.0, 594.0], "7": [29.411764705882355, 5.0, 17.0], "8": [83.33333333333334, 15.0, 18.0]}