precision,accuracy,recall,duration
0.32406945203476867,0.36415362731152207,0.2963459812666563,324.2163209915161
