{"0": [53.92670157068062, 103.0, 191.0], "1": [85.71428571428571, 12.0, 14.0], "2": [100.0, 16.0, 16.0], "3": [77.11864406779661, 91.0, 118.0], "4": [82.0, 41.0, 50.0], "5": [38.333333333333336, 46.0, 120.0], "6": [73.23232323232324, 145.0, 198.0], "7": [25.0, 1.0, 4.0], "8": [100.0, 7.0, 7.0]}