{"0": [62.741652021089635, 357.0, 569.0], "1": [42.5531914893617, 20.0, 47.0], "2": [95.45454545454545, 42.0, 44.0], "3": [98.01136363636364, 345.0, 352.0], "4": [88.66666666666667, 133.0, 150.0], "5": [41.369863013698634, 151.0, 365.0], "6": [53.03030303030303, 315.0, 594.0], "7": [41.17647058823529, 7.0, 17.0], "8": [66.66666666666666, 12.0, 18.0]}