best_model_train_loss,best_model_val_loss,best_model_train_acc,best_model_val_acc,best_model_learning_rate,best_model_nb_epoch
0.47434544563293457,0.6228958964347839,0.4288437068462372,0.3762983977794647,0.0010000000474974513,69
