precision,accuracy,recall,duration
0.38891873620001527,0.44283646888567296,0.39551737406463294,409.4511528015137
