precision,accuracy,recall,duration
0.29590192653489533,0.22285174693106705,0.3054912847476162,1227.8386957645416
