{"0": [48.663101604278076, 91.0, 187.0], "1": [28.57142857142857, 4.0, 14.0], "2": [100.0, 15.0, 15.0], "3": [76.31578947368422, 87.0, 114.0], "4": [80.0, 40.0, 50.0], "5": [33.62068965517241, 39.0, 116.0], "6": [55.434782608695656, 102.0, 184.0], "7": [50.0, 2.0, 4.0], "8": [71.42857142857143, 5.0, 7.0]}