{"0": [100.0, 107.0, 107.0], "1": [33.33333333333333, 21.0, 63.0], "2": [88.59649122807018, 101.0, 114.0], "3": [92.06859592711683, 859.0, 933.0], "4": [75.26132404181185, 216.0, 287.0], "5": [24.719101123595504, 22.0, 89.0], "6": [61.078998073217726, 317.0, 519.0], "7": [NaN, 0.0, 0.0], "8": [50.0, 3.0, 6.0]}