{"0": [59.10714285714286, 331.0, 560.0], "1": [95.74468085106383, 45.0, 47.0], "2": [100.0, 43.0, 43.0], "3": [76.67638483965014, 263.0, 343.0], "4": [87.33333333333333, 131.0, 150.0], "5": [48.03370786516854, 171.0, 356.0], "6": [66.18444846292948, 366.0, 553.0], "7": [0.0, 0.0, 17.0], "8": [72.22222222222221, 13.0, 18.0]}