{"0": [63.57142857142857, 356.0, 560.0], "1": [31.914893617021278, 15.0, 47.0], "2": [100.0, 43.0, 43.0], "3": [84.8396501457726, 291.0, 343.0], "4": [94.0, 141.0, 150.0], "5": [42.41573033707865, 151.0, 356.0], "6": [58.40867992766727, 323.0, 553.0], "7": [58.82352941176471, 10.0, 17.0], "8": [72.22222222222221, 13.0, 18.0]}