precision,accuracy,recall,duration
0.3503810248567063,0.40114613180515757,0.35960558557642747,575.516706943512
