{"0": [45.51971326164875, 127.0, 279.0], "1": [48.0, 12.0, 25.0], "2": [95.23809523809523, 20.0, 21.0], "3": [77.77777777777779, 133.0, 171.0], "4": [73.41772151898735, 58.0, 79.0], "5": [42.69662921348314, 76.0, 178.0], "6": [68.70503597122301, 191.0, 278.0], "7": [37.5, 3.0, 8.0], "8": [87.5, 7.0, 8.0]}