precision,accuracy,recall,duration
0.2909402827466345,0.2936046511627907,0.29325605854857456,198.1714689731598
