{"0": [25.333333333333336, 19.0, 75.0], "1": [61.36363636363637, 54.0, 88.0], "2": [92.72727272727272, 102.0, 110.0], "3": [62.11538461538461, 323.0, 520.0], "4": [87.93969849246231, 175.0, 199.0], "5": [71.875, 46.0, 64.0], "6": [86.328125, 221.0, 256.0], "7": [100.0, 2.0, 2.0], "8": [48.38709677419355, 30.0, 62.0]}