{"0": [21.607142857142858, 121.0, 560.0], "1": [29.78723404255319, 14.0, 47.0], "2": [97.67441860465115, 42.0, 43.0], "3": [57.7259475218659, 198.0, 343.0], "4": [84.66666666666667, 127.0, 150.0], "5": [38.20224719101123, 136.0, 356.0], "6": [54.97287522603978, 304.0, 553.0], "7": [100.0, 17.0, 17.0], "8": [50.0, 9.0, 18.0]}