{"0": [55.536028119507904, 316.0, 569.0], "1": [42.5531914893617, 20.0, 47.0], "2": [59.09090909090909, 26.0, 44.0], "3": [71.02272727272727, 250.0, 352.0], "4": [98.0, 147.0, 150.0], "5": [34.794520547945204, 127.0, 365.0], "6": [58.417508417508415, 347.0, 594.0], "7": [76.47058823529412, 13.0, 17.0], "8": [72.22222222222221, 13.0, 18.0]}