precision,accuracy,recall,duration
0.387102345841037,0.3987701040681173,0.36906798001247787,1227.1486797332764
