{"0": [63.09314586994728, 359.0, 569.0], "1": [34.04255319148936, 16.0, 47.0], "2": [79.54545454545455, 35.0, 44.0], "3": [62.21590909090909, 219.0, 352.0], "4": [97.33333333333334, 146.0, 150.0], "5": [42.19178082191781, 154.0, 365.0], "6": [60.60606060606061, 360.0, 594.0], "7": [76.47058823529412, 13.0, 17.0], "8": [55.55555555555556, 10.0, 18.0]}