{"0": [84.94623655913979, 237.0, 279.0], "1": [100.0, 25.0, 25.0], "2": [95.23809523809523, 20.0, 21.0], "3": [91.81286549707602, 157.0, 171.0], "4": [94.9367088607595, 75.0, 79.0], "5": [89.8876404494382, 160.0, 178.0], "6": [57.55395683453237, 160.0, 278.0], "7": [0.0, 0.0, 8.0], "8": [75.0, 6.0, 8.0]}