precision,accuracy,recall,duration
0.3259221243773302,0.31586402266288954,0.2879121552081416,1212.0862710475922
