precision,accuracy,recall,duration
0.3213024027084952,0.31680830972615676,0.31131662231527807,1201.3417541980743
