{"0": [25.233644859813083, 27.0, 107.0], "1": [87.3015873015873, 55.0, 63.0], "2": [86.8421052631579, 99.0, 114.0], "3": [71.4898177920686, 667.0, 933.0], "4": [68.6411149825784, 197.0, 287.0], "5": [24.719101123595504, 22.0, 89.0], "6": [72.25433526011561, 375.0, 519.0], "7": [NaN, 0.0, 0.0], "8": [83.33333333333334, 5.0, 6.0]}