{"0": [26.168224299065418, 28.0, 107.0], "1": [100.0, 63.0, 63.0], "2": [89.47368421052632, 102.0, 114.0], "3": [74.70525187566989, 697.0, 933.0], "4": [58.18815331010453, 167.0, 287.0], "5": [41.57303370786517, 37.0, 89.0], "6": [67.4373795761079, 350.0, 519.0], "7": [NaN, 0.0, 0.0], "8": [83.33333333333334, 5.0, 6.0]}