precision,accuracy,recall,duration
0.28958150805322114,0.17705382436260622,0.24261780049828424,1192.4951770305634
