{"0": [28.037383177570092, 30.0, 107.0], "1": [41.269841269841265, 26.0, 63.0], "2": [87.71929824561403, 100.0, 114.0], "3": [90.9967845659164, 849.0, 933.0], "4": [95.47038327526133, 274.0, 287.0], "5": [100.0, 89.0, 89.0], "6": [71.48362235067437, 371.0, 519.0], "7": [NaN, 0.0, 0.0], "8": [66.66666666666666, 4.0, 6.0]}