precision,accuracy,recall,duration
0.33730811676349515,0.35319148936170214,0.4884816906752081,403.9961037635803
