{"0": [19.444444444444446, 7.0, 36.0], "1": [28.57142857142857, 6.0, 21.0], "2": [78.57142857142857, 33.0, 42.0], "3": [68.16720257234726, 212.0, 311.0], "4": [60.43956043956044, 55.0, 91.0], "5": [27.586206896551722, 8.0, 29.0], "6": [77.58620689655173, 135.0, 174.0], "7": [NaN, 0.0, 0.0], "8": [0.0, 0.0, 1.0]}