{"0": [50.71428571428571, 284.0, 560.0], "1": [38.297872340425535, 18.0, 47.0], "2": [97.67441860465115, 42.0, 43.0], "3": [83.09037900874635, 285.0, 343.0], "4": [94.66666666666667, 142.0, 150.0], "5": [43.258426966292134, 154.0, 356.0], "6": [57.14285714285714, 316.0, 553.0], "7": [82.35294117647058, 14.0, 17.0], "8": [50.0, 9.0, 18.0]}