precision,accuracy,recall,duration
0.3263739540108576,0.39281288723667906,0.2752034864601192,394.33174324035645
