{"0": [18.65284974093264, 36.0, 193.0], "1": [100.0, 59.0, 59.0], "2": [50.0, 12.0, 24.0], "3": [82.35294117647058, 98.0, 119.0], "4": [95.87628865979381, 93.0, 97.0], "5": [44.565217391304344, 41.0, 92.0], "6": [60.86956521739131, 112.0, 184.0], "7": [100.0, 39.0, 39.0], "8": [NaN, 0.0, 0.0]}