best_model_train_loss,best_model_val_loss,best_model_train_acc,best_model_val_acc,best_model_learning_rate,best_model_nb_epoch
0.45670807361602783,0.5112192034721375,0.41577744483947754,0.3858155906200409,0.0010000000474974513,95
