precision,accuracy,recall,duration
0.4039349684822297,0.4133709981167608,0.3232284040337009,605.7304744720459
