precision,accuracy,recall,duration
0.37718687115851923,0.3078014184397163,0.4807839684950969,327.108788728714
