{"0": [51.056338028169016, 145.0, 284.0], "1": [44.0, 11.0, 25.0], "2": [63.63636363636363, 14.0, 22.0], "3": [73.86363636363636, 130.0, 176.0], "4": [91.13924050632912, 72.0, 79.0], "5": [42.07650273224044, 77.0, 183.0], "6": [60.200668896321076, 180.0, 299.0], "7": [87.5, 7.0, 8.0], "8": [100.0, 8.0, 8.0]}