precision,accuracy,recall,duration
0.27415852271149077,0.3021276595744681,0.4240696380900395,399.2647817134857
