{"0": [58.333333333333336, 21.0, 36.0], "1": [38.095238095238095, 8.0, 21.0], "2": [80.95238095238095, 34.0, 42.0], "3": [73.95498392282958, 230.0, 311.0], "4": [80.21978021978022, 73.0, 91.0], "5": [17.24137931034483, 5.0, 29.0], "6": [69.54022988505747, 121.0, 174.0], "7": [NaN, 0.0, 0.0], "8": [0.0, 0.0, 1.0]}