precision,accuracy,recall,duration
0.26581797570590066,0.27784156142365096,0.335249703880387,308.3354296684265
