{"0": [80.35714285714286, 45.0, 56.0], "1": [65.85365853658537, 27.0, 41.0], "2": [85.22727272727273, 75.0, 88.0], "3": [71.68141592920354, 243.0, 339.0], "4": [74.04580152671755, 97.0, 131.0], "5": [37.735849056603776, 20.0, 53.0], "6": [95.1923076923077, 99.0, 104.0], "7": [50.0, 2.0, 4.0], "8": [38.18181818181819, 21.0, 55.0]}