{"0": [100.0, 284.0, 284.0], "1": [32.0, 8.0, 25.0], "2": [90.9090909090909, 20.0, 22.0], "3": [69.31818181818183, 122.0, 176.0], "4": [91.13924050632912, 72.0, 79.0], "5": [40.43715846994536, 74.0, 183.0], "6": [68.22742474916387, 204.0, 299.0], "7": [37.5, 3.0, 8.0], "8": [100.0, 8.0, 8.0]}