precision,accuracy,recall,duration
0.26405770000307816,0.3317757009345794,0.40067265395894425,66.75412249565125
