{"0": [20.0, 2.0, 10.0], "1": [20.0, 1.0, 5.0], "2": [100.0, 11.0, 11.0], "3": [62.5, 60.0, 96.0], "4": [83.87096774193549, 26.0, 31.0], "5": [9.090909090909092, 1.0, 11.0], "6": [84.0, 42.0, 50.0], "7": [NaN, 0.0, 0.0], "8": [NaN, 0.0, 0.0]}