precision,accuracy,recall,duration
0.3405786865684065,0.3645390070921986,0.48906392674179205,409.3697307109833
