{"0": [61.42857142857143, 344.0, 560.0], "1": [36.17021276595745, 17.0, 47.0], "2": [95.34883720930233, 41.0, 43.0], "3": [83.09037900874635, 285.0, 343.0], "4": [93.33333333333333, 140.0, 150.0], "5": [42.97752808988764, 153.0, 356.0], "6": [56.9620253164557, 315.0, 553.0], "7": [82.35294117647058, 14.0, 17.0], "8": [61.111111111111114, 11.0, 18.0]}