{"0": [53.475935828877006, 100.0, 187.0], "1": [35.714285714285715, 5.0, 14.0], "2": [73.33333333333333, 11.0, 15.0], "3": [83.33333333333334, 95.0, 114.0], "4": [92.0, 46.0, 50.0], "5": [43.96551724137931, 51.0, 116.0], "6": [57.608695652173914, 106.0, 184.0], "7": [50.0, 2.0, 4.0], "8": [85.71428571428571, 6.0, 7.0]}