precision,accuracy,recall,duration
0.3469510362057207,0.28368794326241137,0.4461498501580551,408.00025248527527
