precision,accuracy,recall,duration
0.366802037627609,0.4145176695319962,0.33724047800581564,561.3192012310028
