{"0": [52.68817204301075, 147.0, 279.0], "1": [32.0, 8.0, 25.0], "2": [90.47619047619048, 19.0, 21.0], "3": [72.51461988304094, 124.0, 171.0], "4": [89.87341772151899, 71.0, 79.0], "5": [37.07865168539326, 66.0, 178.0], "6": [59.352517985611506, 165.0, 278.0], "7": [62.5, 5.0, 8.0], "8": [100.0, 8.0, 8.0]}