{"0": [61.86291739894551, 352.0, 569.0], "1": [36.17021276595745, 17.0, 47.0], "2": [70.45454545454545, 31.0, 44.0], "3": [82.95454545454545, 292.0, 352.0], "4": [98.0, 147.0, 150.0], "5": [41.0958904109589, 150.0, 365.0], "6": [59.764309764309765, 355.0, 594.0], "7": [82.35294117647058, 14.0, 17.0], "8": [77.77777777777779, 14.0, 18.0]}