{"0": [18.996415770609318, 53.0, 279.0], "1": [36.0, 9.0, 25.0], "2": [85.71428571428571, 18.0, 21.0], "3": [83.62573099415205, 143.0, 171.0], "4": [83.54430379746836, 66.0, 79.0], "5": [39.325842696629216, 70.0, 178.0], "6": [54.67625899280576, 152.0, 278.0], "7": [100.0, 8.0, 8.0], "8": [100.0, 8.0, 8.0]}