precision,accuracy,recall,duration
0.3668581571740084,0.3914710110206037,0.35686559633096077,1361.270376443863
