{"0": [56.96428571428571, 319.0, 560.0], "1": [36.17021276595745, 17.0, 47.0], "2": [58.139534883720934, 25.0, 43.0], "3": [84.8396501457726, 291.0, 343.0], "4": [92.66666666666666, 139.0, 150.0], "5": [41.29213483146067, 147.0, 356.0], "6": [55.15370705244123, 305.0, 553.0], "7": [64.70588235294117, 11.0, 17.0], "8": [88.88888888888889, 16.0, 18.0]}