{"0": [65.72934973637962, 374.0, 569.0], "1": [31.914893617021278, 15.0, 47.0], "2": [100.0, 44.0, 44.0], "3": [94.60227272727273, 333.0, 352.0], "4": [96.66666666666667, 145.0, 150.0], "5": [41.369863013698634, 151.0, 365.0], "6": [59.09090909090909, 351.0, 594.0], "7": [52.94117647058824, 9.0, 17.0], "8": [61.111111111111114, 11.0, 18.0]}