precision,accuracy,recall,duration
0.34270968310092303,0.16569767441860464,0.3569379633240267,788.7764971256256
