{"0": [68.0, 51.0, 75.0], "1": [55.68181818181818, 49.0, 88.0], "2": [93.63636363636364, 103.0, 110.0], "3": [94.61538461538461, 492.0, 520.0], "4": [87.43718592964824, 174.0, 199.0], "5": [53.125, 34.0, 64.0], "6": [85.9375, 220.0, 256.0], "7": [0.0, 0.0, 2.0], "8": [40.32258064516129, 25.0, 62.0]}