best_model_train_loss,best_model_val_loss,best_model_train_acc,best_model_val_acc,best_model_learning_rate,best_model_nb_epoch
0.4647335410118103,0.8290058374404907,0.4808274507522583,0.29643526673316956,0.0010000000474974513,96
