precision,accuracy,recall,duration
0.28113324262110795,0.3227016885553471,0.3454442459310613,312.4779291152954
