{"0": [19.107142857142854, 107.0, 560.0], "1": [46.808510638297875, 22.0, 47.0], "2": [97.67441860465115, 42.0, 43.0], "3": [69.38775510204081, 238.0, 343.0], "4": [79.33333333333333, 119.0, 150.0], "5": [41.01123595505618, 146.0, 356.0], "6": [59.13200723327306, 327.0, 553.0], "7": [100.0, 17.0, 17.0], "8": [61.111111111111114, 11.0, 18.0]}