precision,accuracy,recall,duration
0.40569142115194745,0.40186915887850466,0.4800902457757296,35.51384902000427
