{"0": [20.0, 2.0, 10.0], "1": [40.0, 2.0, 5.0], "2": [81.81818181818183, 9.0, 11.0], "3": [57.291666666666664, 55.0, 96.0], "4": [80.64516129032258, 25.0, 31.0], "5": [18.181818181818183, 2.0, 11.0], "6": [66.0, 33.0, 50.0], "7": [NaN, 0.0, 0.0], "8": [NaN, 0.0, 0.0]}