{"0": [35.842293906810035, 100.0, 279.0], "1": [60.0, 15.0, 25.0], "2": [95.23809523809523, 20.0, 21.0], "3": [69.00584795321637, 118.0, 171.0], "4": [84.81012658227847, 67.0, 79.0], "5": [37.07865168539326, 66.0, 178.0], "6": [50.35971223021583, 140.0, 278.0], "7": [87.5, 7.0, 8.0], "8": [100.0, 8.0, 8.0]}