{"0": [63.101604278074866, 118.0, 187.0], "1": [28.57142857142857, 4.0, 14.0], "2": [86.66666666666667, 13.0, 15.0], "3": [82.45614035087719, 94.0, 114.0], "4": [84.0, 42.0, 50.0], "5": [42.241379310344826, 49.0, 116.0], "6": [57.065217391304344, 105.0, 184.0], "7": [25.0, 1.0, 4.0], "8": [100.0, 7.0, 7.0]}