precision,accuracy,recall,duration
0.3269539246835453,0.36903039073806077,0.3281981500192054,397.4612617492676
