{"0": [55.080213903743314, 103.0, 187.0], "1": [85.71428571428571, 12.0, 14.0], "2": [100.0, 15.0, 15.0], "3": [77.19298245614034, 88.0, 114.0], "4": [80.0, 40.0, 50.0], "5": [37.06896551724138, 43.0, 116.0], "6": [69.56521739130434, 128.0, 184.0], "7": [0.0, 0.0, 4.0], "8": [100.0, 7.0, 7.0]}