{"0": [62.67857142857143, 351.0, 560.0], "1": [36.17021276595745, 17.0, 47.0], "2": [93.02325581395348, 40.0, 43.0], "3": [80.75801749271136, 277.0, 343.0], "4": [96.66666666666667, 145.0, 150.0], "5": [43.258426966292134, 154.0, 356.0], "6": [57.68535262206148, 319.0, 553.0], "7": [17.647058823529413, 3.0, 17.0], "8": [72.22222222222221, 13.0, 18.0]}