precision,accuracy,recall,duration
0.33946541304862343,0.34184397163120567,0.4760074109965081,414.60030245780945
