{"0": [22.22222222222222, 8.0, 36.0], "1": [42.857142857142854, 9.0, 21.0], "2": [80.95238095238095, 34.0, 42.0], "3": [68.81028938906752, 214.0, 311.0], "4": [40.65934065934066, 37.0, 91.0], "5": [27.586206896551722, 8.0, 29.0], "6": [88.50574712643679, 154.0, 174.0], "7": [NaN, 0.0, 0.0], "8": [0.0, 0.0, 1.0]}