{"0": [61.07142857142858, 342.0, 560.0], "1": [40.42553191489361, 19.0, 47.0], "2": [100.0, 43.0, 43.0], "3": [84.54810495626822, 290.0, 343.0], "4": [93.33333333333333, 140.0, 150.0], "5": [40.73033707865169, 145.0, 356.0], "6": [54.61121157323689, 302.0, 553.0], "7": [35.294117647058826, 6.0, 17.0], "8": [66.66666666666666, 12.0, 18.0]}