precision,accuracy,recall,duration
0.3067748999903605,0.38317757009345793,0.3871062071775303,60.52155900001526
