{"0": [54.54545454545454, 6.0, 11.0], "1": [40.0, 2.0, 5.0], "2": [94.44444444444444, 17.0, 18.0], "3": [57.009345794392516, 61.0, 107.0], "4": [68.0, 17.0, 25.0], "5": [0.0, 0.0, 10.0], "6": [76.31578947368422, 29.0, 38.0], "7": [NaN, 0.0, 0.0], "8": [NaN, 0.0, 0.0]}