{"0": [65.35714285714286, 366.0, 560.0], "1": [38.297872340425535, 18.0, 47.0], "2": [81.3953488372093, 35.0, 43.0], "3": [97.95918367346938, 336.0, 343.0], "4": [92.66666666666666, 139.0, 150.0], "5": [41.57303370786517, 148.0, 356.0], "6": [53.52622061482821, 296.0, 553.0], "7": [94.11764705882352, 16.0, 17.0], "8": [77.77777777777779, 14.0, 18.0]}