{"0": [56.607142857142854, 317.0, 560.0], "1": [38.297872340425535, 18.0, 47.0], "2": [95.34883720930233, 41.0, 43.0], "3": [89.79591836734694, 308.0, 343.0], "4": [91.33333333333333, 137.0, 150.0], "5": [41.29213483146067, 147.0, 356.0], "6": [54.249547920434, 300.0, 553.0], "7": [58.82352941176471, 10.0, 17.0], "8": [66.66666666666666, 12.0, 18.0]}