precision,accuracy,recall,duration
0.3821671902511712,0.39528301886792455,0.37864497538519176,941.721185207367
