precision,accuracy,recall,duration
0.36937161516432365,0.39722089123143267,0.36837286381622086,938.5140526294708
