{"0": [50.0, 280.0, 560.0], "1": [34.04255319148936, 16.0, 47.0], "2": [72.09302325581395, 31.0, 43.0], "3": [84.8396501457726, 291.0, 343.0], "4": [96.0, 144.0, 150.0], "5": [41.853932584269664, 149.0, 356.0], "6": [58.58951175406871, 324.0, 553.0], "7": [58.82352941176471, 10.0, 17.0], "8": [72.22222222222221, 13.0, 18.0]}