{"0": [24.299065420560748, 26.0, 107.0], "1": [46.03174603174603, 29.0, 63.0], "2": [81.57894736842105, 93.0, 114.0], "3": [66.45230439442658, 620.0, 933.0], "4": [83.73702422145328, 242.0, 289.0], "5": [26.96629213483146, 24.0, 89.0], "6": [46.82080924855491, 243.0, 519.0], "7": [NaN, 0.0, 0.0], "8": [83.33333333333334, 5.0, 6.0]}