{"0": [33.21616871704745, 189.0, 569.0], "1": [42.5531914893617, 20.0, 47.0], "2": [93.18181818181817, 41.0, 44.0], "3": [72.44318181818183, 255.0, 352.0], "4": [90.0, 135.0, 150.0], "5": [40.0, 146.0, 365.0], "6": [61.27946127946128, 364.0, 594.0], "7": [58.82352941176471, 10.0, 17.0], "8": [94.44444444444444, 17.0, 18.0]}