precision,accuracy,recall,duration
0.36198270740615834,0.4910122989593188,0.3623838527149223,1084.694629907608
