{"0": [54.305799648506145, 309.0, 569.0], "1": [68.08510638297872, 32.0, 47.0], "2": [93.18181818181817, 41.0, 44.0], "3": [41.76136363636363, 147.0, 352.0], "4": [80.0, 120.0, 150.0], "5": [32.054794520547944, 117.0, 365.0], "6": [53.03030303030303, 315.0, 594.0], "7": [58.82352941176471, 10.0, 17.0], "8": [94.44444444444444, 17.0, 18.0]}