precision,accuracy,recall,duration
0.2819011487191829,0.1652502360717658,0.30337069550286294,606.1786630153656
