{"0": [29.629629629629626, 16.0, 54.0], "1": [36.36363636363637, 12.0, 33.0], "2": [81.03448275862068, 47.0, 58.0], "3": [98.70967741935483, 459.0, 465.0], "4": [82.01438848920863, 114.0, 139.0], "5": [42.22222222222222, 19.0, 45.0], "6": [81.99233716475096, 214.0, 261.0], "7": [NaN, 0.0, 0.0], "8": [75.0, 3.0, 4.0]}