precision,accuracy,recall,duration
0.3500767190992048,0.39482510781025393,0.3390911567476506,947.9925661087036
