{"0": [53.214285714285715, 298.0, 560.0], "1": [82.97872340425532, 39.0, 47.0], "2": [100.0, 43.0, 43.0], "3": [76.96793002915452, 264.0, 343.0], "4": [88.66666666666667, 133.0, 150.0], "5": [37.640449438202246, 134.0, 356.0], "6": [60.57866184448463, 335.0, 553.0], "7": [5.88235294117647, 1.0, 17.0], "8": [88.88888888888889, 16.0, 18.0]}