{"0": [60.105448154657296, 342.0, 569.0], "1": [34.04255319148936, 16.0, 47.0], "2": [90.9090909090909, 40.0, 44.0], "3": [75.85227272727273, 267.0, 352.0], "4": [97.33333333333334, 146.0, 150.0], "5": [43.013698630136986, 157.0, 365.0], "6": [57.23905723905723, 340.0, 594.0], "7": [76.47058823529412, 13.0, 17.0], "8": [66.66666666666666, 12.0, 18.0]}