{"0": [50.26178010471204, 96.0, 191.0], "1": [35.714285714285715, 5.0, 14.0], "2": [81.25, 13.0, 16.0], "3": [71.1864406779661, 84.0, 118.0], "4": [90.0, 45.0, 50.0], "5": [41.66666666666667, 50.0, 120.0], "6": [68.68686868686868, 136.0, 198.0], "7": [50.0, 2.0, 4.0], "8": [100.0, 7.0, 7.0]}