precision,accuracy,recall,duration
0.36178836500979644,0.4082414949688548,0.3656832008255137,940.5153148174286
