{"0": [46.785714285714285, 262.0, 560.0], "1": [36.17021276595745, 17.0, 47.0], "2": [90.69767441860465, 39.0, 43.0], "3": [82.21574344023324, 282.0, 343.0], "4": [90.66666666666666, 136.0, 150.0], "5": [39.04494382022472, 139.0, 356.0], "6": [61.12115732368897, 338.0, 553.0], "7": [35.294117647058826, 6.0, 17.0], "8": [88.88888888888889, 16.0, 18.0]}