precision,accuracy,recall,duration
0.3862463764013986,0.3078014184397163,0.4592419635846476,418.44593691825867
