{"0": [22.22222222222222, 8.0, 36.0], "1": [33.33333333333333, 7.0, 21.0], "2": [78.57142857142857, 33.0, 42.0], "3": [75.56270096463022, 235.0, 311.0], "4": [87.91208791208791, 80.0, 91.0], "5": [20.689655172413794, 6.0, 29.0], "6": [68.39080459770115, 119.0, 174.0], "7": [NaN, 0.0, 0.0], "8": [0.0, 0.0, 1.0]}