{"0": [62.82722513089005, 120.0, 191.0], "1": [35.714285714285715, 5.0, 14.0], "2": [68.75, 11.0, 16.0], "3": [66.94915254237289, 79.0, 118.0], "4": [82.0, 41.0, 50.0], "5": [41.66666666666667, 50.0, 120.0], "6": [65.65656565656566, 130.0, 198.0], "7": [50.0, 2.0, 4.0], "8": [100.0, 7.0, 7.0]}