best_model_train_loss,best_model_val_loss,best_model_train_acc,best_model_val_acc,best_model_learning_rate,best_model_nb_epoch
0.4738283157348633,0.8180080652236938,0.4273461103439331,0.31144464015960693,0.0010000000474974513,99
