precision,accuracy,recall,duration
0.30422417830768667,0.31144465290806755,0.30781216854239163,156.18137192726135
