{"0": [26.923076923076923, 7.0, 26.0], "1": [82.75862068965517, 24.0, 29.0], "2": [91.17647058823529, 31.0, 34.0], "3": [66.21621621621621, 147.0, 222.0], "4": [72.0, 54.0, 75.0], "5": [34.61538461538461, 9.0, 26.0], "6": [79.27927927927928, 88.0, 111.0], "7": [NaN, 0.0, 0.0], "8": [70.0, 7.0, 10.0]}