precision,accuracy,recall,duration
0.31919890343182544,0.29084041548630785,0.3724340786693574,600.63734126091
