{"0": [55.55555555555556, 30.0, 54.0], "1": [36.36363636363637, 12.0, 33.0], "2": [74.13793103448276, 43.0, 58.0], "3": [82.36559139784946, 383.0, 465.0], "4": [78.41726618705036, 109.0, 139.0], "5": [26.666666666666668, 12.0, 45.0], "6": [61.30268199233716, 160.0, 261.0], "7": [NaN, 0.0, 0.0], "8": [50.0, 2.0, 4.0]}