precision,accuracy,recall,duration
0.3109086887464745,0.3276595744680851,0.34819186041605377,421.9900097846985
