{"0": [25.0, 9.0, 36.0], "1": [33.33333333333333, 7.0, 21.0], "2": [85.71428571428571, 36.0, 42.0], "3": [62.70096463022507, 195.0, 311.0], "4": [62.637362637362635, 57.0, 91.0], "5": [24.137931034482758, 7.0, 29.0], "6": [93.10344827586206, 162.0, 174.0], "7": [NaN, 0.0, 0.0], "8": [100.0, 1.0, 1.0]}