{"0": [21.607142857142858, 121.0, 560.0], "1": [38.297872340425535, 18.0, 47.0], "2": [88.37209302325581, 38.0, 43.0], "3": [76.38483965014578, 262.0, 343.0], "4": [93.33333333333333, 140.0, 150.0], "5": [41.853932584269664, 149.0, 356.0], "6": [56.23869801084991, 311.0, 553.0], "7": [100.0, 17.0, 17.0], "8": [61.111111111111114, 11.0, 18.0]}