precision,accuracy,recall,duration
0.2720865602674873,0.28936170212765955,0.4373212265716978,404.82612776756287
