{"0": [58.333333333333336, 21.0, 36.0], "1": [33.33333333333333, 7.0, 21.0], "2": [85.71428571428571, 36.0, 42.0], "3": [82.95819935691318, 258.0, 311.0], "4": [60.43956043956044, 55.0, 91.0], "5": [17.24137931034483, 5.0, 29.0], "6": [68.39080459770115, 119.0, 174.0], "7": [NaN, 0.0, 0.0], "8": [0.0, 0.0, 1.0]}