{"0": [54.285714285714285, 304.0, 560.0], "1": [34.04255319148936, 16.0, 47.0], "2": [97.67441860465115, 42.0, 43.0], "3": [56.559766763848394, 194.0, 343.0], "4": [92.0, 138.0, 150.0], "5": [41.853932584269664, 149.0, 356.0], "6": [57.68535262206148, 319.0, 553.0], "7": [76.47058823529412, 13.0, 17.0], "8": [66.66666666666666, 12.0, 18.0]}