{"0": [54.46428571428571, 305.0, 560.0], "1": [38.297872340425535, 18.0, 47.0], "2": [95.34883720930233, 41.0, 43.0], "3": [87.75510204081633, 301.0, 343.0], "4": [93.33333333333333, 140.0, 150.0], "5": [39.8876404494382, 142.0, 356.0], "6": [56.78119349005425, 314.0, 553.0], "7": [76.47058823529412, 13.0, 17.0], "8": [38.88888888888889, 7.0, 18.0]}