best_model_train_loss,best_model_val_loss,best_model_train_acc,best_model_val_acc,best_model_learning_rate,best_model_nb_epoch
0.47992897033691406,1.8485174179077148,0.3136049211025238,0.3733719289302826,0.0010000000474974513,97
