precision,accuracy,recall,duration
0.339933283709841,0.36034732272069464,0.32774885524638353,402.6261348724365
