{"0": [57.21925133689839, 107.0, 187.0], "1": [85.71428571428571, 12.0, 14.0], "2": [100.0, 15.0, 15.0], "3": [71.9298245614035, 82.0, 114.0], "4": [78.0, 39.0, 50.0], "5": [38.793103448275865, 45.0, 116.0], "6": [73.36956521739131, 135.0, 184.0], "7": [0.0, 0.0, 4.0], "8": [100.0, 7.0, 7.0]}