precision,accuracy,recall,duration
0.3285612990101645,0.361794500723589,0.2933056206652458,404.31111693382263
