{"0": [53.475935828877006, 100.0, 187.0], "1": [78.57142857142857, 11.0, 14.0], "2": [100.0, 15.0, 15.0], "3": [75.43859649122807, 86.0, 114.0], "4": [94.0, 47.0, 50.0], "5": [40.51724137931034, 47.0, 116.0], "6": [69.02173913043478, 127.0, 184.0], "7": [25.0, 1.0, 4.0], "8": [100.0, 7.0, 7.0]}