{"0": [53.475935828877006, 100.0, 187.0], "1": [42.857142857142854, 6.0, 14.0], "2": [93.33333333333333, 14.0, 15.0], "3": [81.57894736842105, 93.0, 114.0], "4": [84.0, 42.0, 50.0], "5": [37.93103448275862, 44.0, 116.0], "6": [71.19565217391305, 131.0, 184.0], "7": [50.0, 2.0, 4.0], "8": [100.0, 7.0, 7.0]}