precision,accuracy,recall,duration
0.3302070742819494,0.3304964539007092,0.4657546018746448,417.6096348762512
