{"0": [49.28571428571429, 276.0, 560.0], "1": [34.04255319148936, 16.0, 47.0], "2": [93.02325581395348, 40.0, 43.0], "3": [69.67930029154519, 239.0, 343.0], "4": [99.33333333333333, 149.0, 150.0], "5": [43.53932584269663, 155.0, 356.0], "6": [57.68535262206148, 319.0, 553.0], "7": [82.35294117647058, 14.0, 17.0], "8": [66.66666666666666, 12.0, 18.0]}