{"0": [22.22222222222222, 8.0, 36.0], "1": [38.095238095238095, 8.0, 21.0], "2": [88.09523809523809, 37.0, 42.0], "3": [68.48874598070739, 213.0, 311.0], "4": [47.25274725274725, 43.0, 91.0], "5": [27.586206896551722, 8.0, 29.0], "6": [89.08045977011494, 155.0, 174.0], "7": [NaN, 0.0, 0.0], "8": [0.0, 0.0, 1.0]}