precision,accuracy,recall,duration
0.3815980285567188,0.47303689687795647,0.39598390608879136,1109.9312071800232
