{"0": [57.29349736379613, 326.0, 569.0], "1": [34.04255319148936, 16.0, 47.0], "2": [84.0909090909091, 37.0, 44.0], "3": [54.82954545454546, 193.0, 352.0], "4": [85.33333333333334, 128.0, 150.0], "5": [30.41095890410959, 111.0, 365.0], "6": [51.178451178451176, 304.0, 594.0], "7": [58.82352941176471, 10.0, 17.0], "8": [88.88888888888889, 16.0, 18.0]}