{"0": [59.464285714285715, 333.0, 560.0], "1": [34.04255319148936, 16.0, 47.0], "2": [97.67441860465115, 42.0, 43.0], "3": [55.97667638483965, 192.0, 343.0], "4": [92.66666666666666, 139.0, 150.0], "5": [39.8876404494382, 142.0, 356.0], "6": [57.32368896925859, 317.0, 553.0], "7": [58.82352941176471, 10.0, 17.0], "8": [72.22222222222221, 13.0, 18.0]}