{"0": [17.75043936731107, 101.0, 569.0], "1": [46.808510638297875, 22.0, 47.0], "2": [77.27272727272727, 34.0, 44.0], "3": [74.43181818181817, 262.0, 352.0], "4": [90.66666666666666, 136.0, 150.0], "5": [33.6986301369863, 123.0, 365.0], "6": [54.54545454545454, 324.0, 594.0], "7": [100.0, 17.0, 17.0], "8": [88.88888888888889, 16.0, 18.0]}