precision,accuracy,recall,duration
0.3296692010140647,0.32833020637898686,0.32929046381379035,157.14704060554504
