{"0": [34.61538461538461, 9.0, 26.0], "1": [79.3103448275862, 23.0, 29.0], "2": [91.17647058823529, 31.0, 34.0], "3": [68.91891891891892, 153.0, 222.0], "4": [62.66666666666667, 47.0, 75.0], "5": [23.076923076923077, 6.0, 26.0], "6": [73.87387387387388, 82.0, 111.0], "7": [NaN, 0.0, 0.0], "8": [70.0, 7.0, 10.0]}