precision,accuracy,recall,duration
0.3286863827668728,0.26487252124645894,0.29724524396834445,1225.4097304344177
