{"0": [23.364485981308412, 25.0, 107.0], "1": [82.53968253968253, 52.0, 63.0], "2": [82.45614035087719, 94.0, 114.0], "3": [77.59914255091104, 724.0, 933.0], "4": [86.41114982578398, 248.0, 287.0], "5": [41.57303370786517, 37.0, 89.0], "6": [71.86897880539499, 373.0, 519.0], "7": [NaN, 0.0, 0.0], "8": [66.66666666666666, 4.0, 6.0]}