precision,accuracy,recall,duration
0.41574500633209444,0.4148533585619678,0.3519456335381757,1208.3036012649536
