precision,accuracy,recall,duration
0.37403175235866215,0.37677053824362605,0.37389613917192743,595.716415643692
