{"0": [29.629629629629626, 16.0, 54.0], "1": [39.39393939393939, 13.0, 33.0], "2": [77.58620689655173, 45.0, 58.0], "3": [64.30107526881721, 299.0, 465.0], "4": [84.17266187050359, 117.0, 139.0], "5": [35.55555555555556, 16.0, 45.0], "6": [57.8544061302682, 151.0, 261.0], "7": [NaN, 0.0, 0.0], "8": [75.0, 3.0, 4.0]}