{"0": [51.66959578207382, 294.0, 569.0], "1": [48.93617021276596, 23.0, 47.0], "2": [88.63636363636364, 39.0, 44.0], "3": [78.125, 275.0, 352.0], "4": [89.33333333333333, 134.0, 150.0], "5": [39.45205479452055, 144.0, 365.0], "6": [58.080808080808076, 345.0, 594.0], "7": [76.47058823529412, 13.0, 17.0], "8": [55.55555555555556, 10.0, 18.0]}