precision,accuracy,recall,duration
0.3552201309437871,0.37872340425531914,0.4757422409878337,326.70083951950073
