precision,accuracy,recall,duration
0.41947799679218384,0.4538606403013183,0.36338844681869986,599.3444609642029
