{"0": [25.0, 9.0, 36.0], "1": [28.57142857142857, 6.0, 21.0], "2": [85.71428571428571, 36.0, 42.0], "3": [65.27331189710611, 203.0, 311.0], "4": [86.81318681318682, 79.0, 91.0], "5": [24.137931034482758, 7.0, 29.0], "6": [56.32183908045977, 98.0, 174.0], "7": [NaN, 0.0, 0.0], "8": [0.0, 0.0, 1.0]}