{"0": [48.943661971830984, 139.0, 284.0], "1": [48.0, 12.0, 25.0], "2": [50.0, 11.0, 22.0], "3": [50.0, 88.0, 176.0], "4": [89.87341772151899, 71.0, 79.0], "5": [37.704918032786885, 69.0, 183.0], "6": [65.55183946488295, 196.0, 299.0], "7": [87.5, 7.0, 8.0], "8": [100.0, 8.0, 8.0]}