precision,accuracy,recall,duration
0.2812652439051209,0.3648255813953488,0.18965034196830347,841.359148979187
