{"0": [100.0, 89.0, 89.0], "1": [100.0, 58.0, 58.0], "2": [99.29078014184397, 140.0, 141.0], "3": [25.34722222222222, 146.0, 576.0], "4": [97.84946236559139, 182.0, 186.0], "5": [86.66666666666667, 65.0, 75.0], "6": [86.06965174129353, 173.0, 201.0], "7": [100.0, 6.0, 6.0], "8": [34.090909090909086, 15.0, 44.0]}