precision,accuracy,recall,duration
0.3649206174297924,0.3655965500718735,0.37584345740690295,948.0259032249451
