{"0": [51.07142857142857, 286.0, 560.0], "1": [42.5531914893617, 20.0, 47.0], "2": [95.34883720930233, 41.0, 43.0], "3": [90.0874635568513, 309.0, 343.0], "4": [90.66666666666666, 136.0, 150.0], "5": [39.8876404494382, 142.0, 356.0], "6": [67.8119349005425, 375.0, 553.0], "7": [17.647058823529413, 3.0, 17.0], "8": [66.66666666666666, 12.0, 18.0]}