{"0": [58.87521968365553, 335.0, 569.0], "1": [42.5531914893617, 20.0, 47.0], "2": [100.0, 44.0, 44.0], "3": [89.20454545454545, 314.0, 352.0], "4": [92.0, 138.0, 150.0], "5": [43.83561643835616, 160.0, 365.0], "6": [59.09090909090909, 351.0, 594.0], "7": [82.35294117647058, 14.0, 17.0], "8": [61.111111111111114, 11.0, 18.0]}