precision,accuracy,recall,duration
0.23459972893084846,0.25615050651230103,0.2875696257969595,395.49491119384766
