{"0": [100.0, 187.0, 187.0], "1": [35.714285714285715, 5.0, 14.0], "2": [100.0, 15.0, 15.0], "3": [85.96491228070175, 98.0, 114.0], "4": [84.0, 42.0, 50.0], "5": [36.206896551724135, 42.0, 116.0], "6": [63.58695652173913, 117.0, 184.0], "7": [50.0, 2.0, 4.0], "8": [85.71428571428571, 6.0, 7.0]}