{"0": [41.30052724077329, 235.0, 569.0], "1": [61.702127659574465, 29.0, 47.0], "2": [88.63636363636364, 39.0, 44.0], "3": [75.85227272727273, 267.0, 352.0], "4": [86.0, 129.0, 150.0], "5": [38.9041095890411, 142.0, 365.0], "6": [57.57575757575758, 342.0, 594.0], "7": [58.82352941176471, 10.0, 17.0], "8": [100.0, 18.0, 18.0]}