precision,accuracy,recall,duration
0.25655077784474833,0.24182076813655762,0.2807225979289779,314.7527906894684
