{"0": [98.42931937172776, 188.0, 191.0], "1": [35.714285714285715, 5.0, 14.0], "2": [100.0, 16.0, 16.0], "3": [85.59322033898306, 101.0, 118.0], "4": [84.0, 42.0, 50.0], "5": [38.333333333333336, 46.0, 120.0], "6": [71.21212121212122, 141.0, 198.0], "7": [50.0, 2.0, 4.0], "8": [85.71428571428571, 6.0, 7.0]}