precision,accuracy,recall,duration
0.3239482687605353,0.3148936170212766,0.4608375828300432,421.4486241340637
