{"0": [25.0, 9.0, 36.0], "1": [33.33333333333333, 7.0, 21.0], "2": [90.47619047619048, 38.0, 42.0], "3": [72.66881028938906, 226.0, 311.0], "4": [50.54945054945055, 46.0, 91.0], "5": [27.586206896551722, 8.0, 29.0], "6": [85.63218390804597, 149.0, 174.0], "7": [NaN, 0.0, 0.0], "8": [0.0, 0.0, 1.0]}