{"0": [58.57142857142858, 328.0, 560.0], "1": [36.17021276595745, 17.0, 47.0], "2": [88.37209302325581, 38.0, 43.0], "3": [83.38192419825073, 286.0, 343.0], "4": [92.66666666666666, 139.0, 150.0], "5": [38.764044943820224, 138.0, 356.0], "6": [57.50452079566004, 318.0, 553.0], "7": [76.47058823529412, 13.0, 17.0], "8": [61.111111111111114, 11.0, 18.0]}