best_model_train_loss,best_model_val_loss,best_model_train_acc,best_model_val_acc,best_model_learning_rate,best_model_nb_epoch
0.37294840812683105,5.433719158172607,0.49881047010421753,0.4057072103023529,0.0010000000474974513,96
