precision,accuracy,recall,duration
0.3049922278411555,0.3945409429280397,0.2843188830353464,398.96031045913696
