{"0": [15.544041450777202, 30.0, 193.0], "1": [100.0, 59.0, 59.0], "2": [45.83333333333333, 11.0, 24.0], "3": [77.77777777777779, 91.0, 117.0], "4": [98.9795918367347, 97.0, 98.0], "5": [36.95652173913043, 34.0, 92.0], "6": [69.02173913043478, 127.0, 184.0], "7": [100.0, 39.0, 39.0], "8": [NaN, 0.0, 0.0]}