precision,accuracy,recall,duration
0.2946777746705257,0.3771106941838649,0.35367698795690683,80.78973698616028
