{"0": [26.923076923076923, 7.0, 26.0], "1": [51.724137931034484, 15.0, 29.0], "2": [94.11764705882352, 32.0, 34.0], "3": [60.810810810810814, 135.0, 222.0], "4": [60.0, 45.0, 75.0], "5": [11.538461538461538, 3.0, 26.0], "6": [76.57657657657657, 85.0, 111.0], "7": [NaN, 0.0, 0.0], "8": [100.0, 10.0, 10.0]}