precision,accuracy,recall,duration
0.37963599960930244,0.3574468085106383,0.45074356057650583,422.2312116622925
