{"0": [63.35078534031413, 121.0, 191.0], "1": [35.714285714285715, 5.0, 14.0], "2": [93.75, 15.0, 16.0], "3": [71.1864406779661, 84.0, 118.0], "4": [96.0, 48.0, 50.0], "5": [39.166666666666664, 47.0, 120.0], "6": [88.38383838383838, 175.0, 198.0], "7": [50.0, 2.0, 4.0], "8": [100.0, 7.0, 7.0]}