precision,accuracy,recall,duration
0.3527350393129399,0.3789868667917448,0.43096365401132136,157.8605921268463
