{"0": [15.384615384615385, 4.0, 26.0], "1": [55.172413793103445, 16.0, 29.0], "2": [94.11764705882352, 32.0, 34.0], "3": [59.45945945945946, 132.0, 222.0], "4": [53.333333333333336, 40.0, 75.0], "5": [23.076923076923077, 6.0, 26.0], "6": [84.68468468468468, 94.0, 111.0], "7": [NaN, 0.0, 0.0], "8": [70.0, 7.0, 10.0]}