{"0": [61.511423550087876, 350.0, 569.0], "1": [36.17021276595745, 17.0, 47.0], "2": [86.36363636363636, 38.0, 44.0], "3": [52.55681818181818, 185.0, 352.0], "4": [98.66666666666667, 148.0, 150.0], "5": [39.45205479452055, 144.0, 365.0], "6": [58.417508417508415, 347.0, 594.0], "7": [58.82352941176471, 10.0, 17.0], "8": [72.22222222222221, 13.0, 18.0]}