precision,accuracy,recall,duration
0.3599278819063905,0.37163120567375885,0.46088899000345207,408.26366448402405
