{"0": [19.444444444444446, 7.0, 36.0], "1": [38.095238095238095, 8.0, 21.0], "2": [90.47619047619048, 38.0, 42.0], "3": [56.59163987138264, 176.0, 311.0], "4": [84.61538461538461, 77.0, 91.0], "5": [20.689655172413794, 6.0, 29.0], "6": [75.28735632183908, 131.0, 174.0], "7": [NaN, 0.0, 0.0], "8": [0.0, 0.0, 1.0]}