{"0": [26.96428571428571, 151.0, 560.0], "1": [48.93617021276596, 23.0, 47.0], "2": [95.34883720930233, 41.0, 43.0], "3": [68.80466472303208, 236.0, 343.0], "4": [78.0, 117.0, 150.0], "5": [38.48314606741573, 137.0, 356.0], "6": [45.931283905967454, 254.0, 553.0], "7": [58.82352941176471, 10.0, 17.0], "8": [72.22222222222221, 13.0, 18.0]}