precision,accuracy,recall,duration
0.2904926836754106,0.2794326241134752,0.35420935022701666,411.9679431915283
