{"0": [53.39285714285714, 299.0, 560.0], "1": [63.829787234042556, 30.0, 47.0], "2": [100.0, 43.0, 43.0], "3": [56.85131195335277, 195.0, 343.0], "4": [68.66666666666667, 103.0, 150.0], "5": [37.359550561797754, 133.0, 356.0], "6": [56.78119349005425, 314.0, 553.0], "7": [64.70588235294117, 11.0, 17.0], "8": [83.33333333333334, 15.0, 18.0]}