{"0": [19.444444444444446, 7.0, 36.0], "1": [47.61904761904761, 10.0, 21.0], "2": [69.04761904761905, 29.0, 42.0], "3": [80.70739549839229, 251.0, 311.0], "4": [49.45054945054945, 45.0, 91.0], "5": [24.137931034482758, 7.0, 29.0], "6": [90.80459770114942, 158.0, 174.0], "7": [NaN, 0.0, 0.0], "8": [100.0, 1.0, 1.0]}