{"0": [60.535714285714285, 339.0, 560.0], "1": [31.914893617021278, 15.0, 47.0], "2": [95.34883720930233, 41.0, 43.0], "3": [76.96793002915452, 264.0, 343.0], "4": [94.66666666666667, 142.0, 150.0], "5": [40.44943820224719, 144.0, 356.0], "6": [58.95117540687161, 326.0, 553.0], "7": [58.82352941176471, 10.0, 17.0], "8": [72.22222222222221, 13.0, 18.0]}