precision,accuracy,recall,duration
0.3322854265868972,0.21843971631205675,0.4184525300595079,405.47488260269165
