{"0": [19.444444444444446, 7.0, 36.0], "1": [42.857142857142854, 9.0, 21.0], "2": [83.33333333333334, 35.0, 42.0], "3": [91.96141479099678, 286.0, 311.0], "4": [71.42857142857143, 65.0, 91.0], "5": [34.48275862068966, 10.0, 29.0], "6": [79.88505747126436, 139.0, 174.0], "7": [NaN, 0.0, 0.0], "8": [0.0, 0.0, 1.0]}