precision,accuracy,recall,duration
0.3026731261570144,0.40694789081885857,0.2934549684474593,393.0020627975464
