{"0": [11.917098445595855, 23.0, 193.0], "1": [100.0, 59.0, 59.0], "2": [37.5, 9.0, 24.0], "3": [77.77777777777779, 91.0, 117.0], "4": [100.0, 98.0, 98.0], "5": [44.565217391304344, 41.0, 92.0], "6": [64.13043478260869, 118.0, 184.0], "7": [100.0, 39.0, 39.0], "8": [NaN, 0.0, 0.0]}