{"0": [61.42857142857143, 344.0, 560.0], "1": [55.319148936170215, 26.0, 47.0], "2": [88.37209302325581, 38.0, 43.0], "3": [93.29446064139941, 320.0, 343.0], "4": [99.33333333333333, 149.0, 150.0], "5": [39.325842696629216, 140.0, 356.0], "6": [53.16455696202531, 294.0, 553.0], "7": [70.58823529411765, 12.0, 17.0], "8": [72.22222222222221, 13.0, 18.0]}