{"0": [58.03571428571429, 325.0, 560.0], "1": [59.57446808510638, 28.0, 47.0], "2": [90.69767441860465, 39.0, 43.0], "3": [55.97667638483965, 192.0, 343.0], "4": [85.33333333333334, 128.0, 150.0], "5": [38.48314606741573, 137.0, 356.0], "6": [57.32368896925859, 317.0, 553.0], "7": [76.47058823529412, 13.0, 17.0], "8": [77.77777777777779, 14.0, 18.0]}