precision,accuracy,recall,duration
0.33456597715130126,0.40540540540540543,0.3182906530703874,325.09336256980896
