{"0": [51.832460732984295, 99.0, 191.0], "1": [92.85714285714286, 13.0, 14.0], "2": [100.0, 16.0, 16.0], "3": [64.40677966101694, 76.0, 118.0], "4": [76.0, 38.0, 50.0], "5": [33.33333333333333, 40.0, 120.0], "6": [72.22222222222221, 143.0, 198.0], "7": [25.0, 1.0, 4.0], "8": [100.0, 7.0, 7.0]}