precision,accuracy,recall,duration
0.30130851021508515,0.3177570093457944,0.3792169389750035,80.88947415351868
