precision,accuracy,recall,duration
0.3177988638497543,0.2664783427495292,0.3056495829601185,569.7678456306458
