{"0": [83.09859154929578, 236.0, 284.0], "1": [28.000000000000004, 7.0, 25.0], "2": [90.9090909090909, 20.0, 22.0], "3": [65.9090909090909, 116.0, 176.0], "4": [89.87341772151899, 71.0, 79.0], "5": [80.32786885245902, 147.0, 183.0], "6": [64.88294314381271, 194.0, 299.0], "7": [25.0, 2.0, 8.0], "8": [100.0, 8.0, 8.0]}