precision,accuracy,recall,duration
0.3207967874114548,0.28085106382978725,0.37451251746997766,413.5841062068939
