{"0": [11.11111111111111, 4.0, 36.0], "1": [38.095238095238095, 8.0, 21.0], "2": [71.42857142857143, 30.0, 42.0], "3": [87.45980707395499, 272.0, 311.0], "4": [57.14285714285714, 52.0, 91.0], "5": [20.689655172413794, 6.0, 29.0], "6": [77.01149425287356, 134.0, 174.0], "7": [NaN, 0.0, 0.0], "8": [100.0, 1.0, 1.0]}