{"0": [63.74999999999999, 357.0, 560.0], "1": [36.17021276595745, 17.0, 47.0], "2": [90.69767441860465, 39.0, 43.0], "3": [85.42274052478133, 293.0, 343.0], "4": [99.33333333333333, 149.0, 150.0], "5": [43.53932584269663, 155.0, 356.0], "6": [58.04701627486437, 321.0, 553.0], "7": [58.82352941176471, 10.0, 17.0], "8": [61.111111111111114, 11.0, 18.0]}