precision,accuracy,recall,duration
0.36262382327389775,0.36034732272069464,0.34703985736481874,414.55645775794983
