{"0": [64.1711229946524, 120.0, 187.0], "1": [28.57142857142857, 4.0, 14.0], "2": [86.66666666666667, 13.0, 15.0], "3": [85.96491228070175, 98.0, 114.0], "4": [88.0, 44.0, 50.0], "5": [38.793103448275865, 45.0, 116.0], "6": [59.78260869565217, 110.0, 184.0], "7": [50.0, 2.0, 4.0], "8": [85.71428571428571, 6.0, 7.0]}