precision,accuracy,recall,duration
0.3530906525915153,0.36312056737588655,0.4695338038003522,422.1861081123352
