{"0": [25.0, 9.0, 36.0], "1": [38.095238095238095, 8.0, 21.0], "2": [83.33333333333334, 35.0, 42.0], "3": [66.2379421221865, 206.0, 311.0], "4": [79.12087912087912, 72.0, 91.0], "5": [20.689655172413794, 6.0, 29.0], "6": [64.9425287356322, 113.0, 174.0], "7": [NaN, 0.0, 0.0], "8": [0.0, 0.0, 1.0]}