precision,accuracy,recall,duration
0.3353601817379169,0.3598130841121495,0.4905901759530792,66.0344500541687
