{"0": [54.46428571428571, 305.0, 560.0], "1": [36.17021276595745, 17.0, 47.0], "2": [79.06976744186046, 34.0, 43.0], "3": [77.84256559766763, 267.0, 343.0], "4": [96.0, 144.0, 150.0], "5": [37.640449438202246, 134.0, 356.0], "6": [55.33453887884268, 306.0, 553.0], "7": [76.47058823529412, 13.0, 17.0], "8": [77.77777777777779, 14.0, 18.0]}