precision,accuracy,recall,duration
0.4019655942910258,0.4480796586059744,0.4083673309722263,318.35695028305054
