{"0": [49.73821989528796, 95.0, 191.0], "1": [28.57142857142857, 4.0, 14.0], "2": [75.0, 12.0, 16.0], "3": [75.42372881355932, 89.0, 118.0], "4": [84.0, 42.0, 50.0], "5": [29.166666666666668, 35.0, 120.0], "6": [59.59595959595959, 118.0, 198.0], "7": [50.0, 2.0, 4.0], "8": [85.71428571428571, 6.0, 7.0]}