precision,accuracy,recall,duration
0.2435446562941165,0.27880512091038406,0.2825946785821509,321.64218831062317
