{"0": [100.0, 191.0, 191.0], "1": [35.714285714285715, 5.0, 14.0], "2": [100.0, 16.0, 16.0], "3": [80.50847457627118, 95.0, 118.0], "4": [86.0, 43.0, 50.0], "5": [35.833333333333336, 43.0, 120.0], "6": [60.60606060606061, 120.0, 198.0], "7": [50.0, 2.0, 4.0], "8": [100.0, 7.0, 7.0]}