precision,accuracy,recall,duration
0.34816904295213036,0.42816500711237554,0.3539574298289627,349.838338136673
