{"0": [54.45026178010471, 104.0, 191.0], "1": [35.714285714285715, 5.0, 14.0], "2": [93.75, 15.0, 16.0], "3": [70.33898305084746, 83.0, 118.0], "4": [88.0, 44.0, 50.0], "5": [34.166666666666664, 41.0, 120.0], "6": [56.060606060606055, 111.0, 198.0], "7": [50.0, 2.0, 4.0], "8": [100.0, 7.0, 7.0]}