precision,accuracy,recall,duration
0.241356635373354,0.16666666666666666,0.20658387854469162,560.451164484024
