{"0": [94.36619718309859, 268.0, 284.0], "1": [20.0, 5.0, 25.0], "2": [90.9090909090909, 20.0, 22.0], "3": [89.20454545454545, 157.0, 176.0], "4": [83.54430379746836, 66.0, 79.0], "5": [97.81420765027322, 179.0, 183.0], "6": [65.55183946488295, 196.0, 299.0], "7": [75.0, 6.0, 8.0], "8": [100.0, 8.0, 8.0]}