precision,accuracy,recall,duration
0.2729962720349297,0.2728989612842304,0.2959276726437414,602.8662247657776
