{"0": [100.0, 54.0, 54.0], "1": [33.33333333333333, 11.0, 33.0], "2": [75.86206896551724, 44.0, 58.0], "3": [83.44086021505376, 388.0, 465.0], "4": [82.73381294964028, 115.0, 139.0], "5": [28.888888888888886, 13.0, 45.0], "6": [54.406130268199234, 142.0, 261.0], "7": [NaN, 0.0, 0.0], "8": [75.0, 3.0, 4.0]}