{"0": [37.333333333333336, 28.0, 75.0], "1": [62.5, 55.0, 88.0], "2": [87.27272727272727, 96.0, 110.0], "3": [64.8076923076923, 337.0, 520.0], "4": [66.0, 132.0, 200.0], "5": [39.0625, 25.0, 64.0], "6": [90.625, 232.0, 256.0], "7": [100.0, 2.0, 2.0], "8": [53.2258064516129, 33.0, 62.0]}