{"0": [23.036649214659686, 44.0, 191.0], "1": [35.714285714285715, 5.0, 14.0], "2": [68.75, 11.0, 16.0], "3": [67.79661016949152, 80.0, 118.0], "4": [90.0, 45.0, 50.0], "5": [38.333333333333336, 46.0, 120.0], "6": [75.75757575757575, 150.0, 198.0], "7": [100.0, 4.0, 4.0], "8": [100.0, 7.0, 7.0]}