precision,accuracy,recall,duration
0.3506705434673314,0.4924670433145009,0.3348437553639066,602.2898795604706
