{"0": [26.408450704225352, 75.0, 284.0], "1": [32.0, 8.0, 25.0], "2": [100.0, 22.0, 22.0], "3": [67.61363636363636, 119.0, 176.0], "4": [89.87341772151899, 71.0, 79.0], "5": [36.6120218579235, 67.0, 183.0], "6": [61.20401337792642, 183.0, 299.0], "7": [100.0, 8.0, 8.0], "8": [87.5, 7.0, 8.0]}