precision,accuracy,recall,duration
0.3293985424252422,0.24645892351274787,0.34158529440235114,610.9421989917755
