{"0": [25.925925925925924, 14.0, 54.0], "1": [39.39393939393939, 13.0, 33.0], "2": [82.75862068965517, 48.0, 58.0], "3": [86.66666666666667, 403.0, 465.0], "4": [68.34532374100719, 95.0, 139.0], "5": [35.55555555555556, 16.0, 45.0], "6": [78.9272030651341, 206.0, 261.0], "7": [NaN, 0.0, 0.0], "8": [75.0, 3.0, 4.0]}