precision,accuracy,recall,duration
0.3841560968138564,0.3773049645390071,0.49900054602164956,421.08037400245667
