{"0": [19.444444444444446, 7.0, 36.0], "1": [33.33333333333333, 7.0, 21.0], "2": [76.19047619047619, 32.0, 42.0], "3": [68.16720257234726, 212.0, 311.0], "4": [68.13186813186813, 62.0, 91.0], "5": [20.689655172413794, 6.0, 29.0], "6": [64.9425287356322, 113.0, 174.0], "7": [NaN, 0.0, 0.0], "8": [0.0, 0.0, 1.0]}