{"0": [84.58781362007169, 236.0, 279.0], "1": [100.0, 25.0, 25.0], "2": [100.0, 21.0, 21.0], "3": [88.88888888888889, 152.0, 171.0], "4": [100.0, 79.0, 79.0], "5": [79.21348314606742, 141.0, 178.0], "6": [69.06474820143885, 192.0, 278.0], "7": [0.0, 0.0, 8.0], "8": [75.0, 6.0, 8.0]}