precision,accuracy,recall,duration
0.34652421366857816,0.33013895543842836,0.3949278562111942,938.5179827213287
