{"0": [99.64285714285714, 558.0, 560.0], "1": [29.78723404255319, 14.0, 47.0], "2": [93.02325581395348, 40.0, 43.0], "3": [54.81049562682215, 188.0, 343.0], "4": [86.0, 129.0, 150.0], "5": [39.04494382022472, 139.0, 356.0], "6": [56.9620253164557, 315.0, 553.0], "7": [35.294117647058826, 6.0, 17.0], "8": [50.0, 9.0, 18.0]}