{"0": [100.0, 569.0, 569.0], "1": [31.914893617021278, 15.0, 47.0], "2": [95.45454545454545, 42.0, 44.0], "3": [82.38636363636364, 290.0, 352.0], "4": [87.33333333333333, 131.0, 150.0], "5": [39.178082191780824, 143.0, 365.0], "6": [58.75420875420876, 349.0, 594.0], "7": [64.70588235294117, 11.0, 17.0], "8": [83.33333333333334, 15.0, 18.0]}