best_model_train_loss,best_model_val_loss,best_model_train_acc,best_model_val_acc,best_model_learning_rate,best_model_nb_epoch
0.44742998480796814,0.5414265990257263,0.4155547022819519,0.3234042525291443,0.0010000000474974513,99
