best_model_train_loss,best_model_val_loss,best_model_train_acc,best_model_val_acc,best_model_learning_rate,best_model_nb_epoch
0.4504343271255493,0.5378103256225586,0.3846740424633026,0.31347519159317017,0.0010000000474974513,91
