precision,accuracy,recall,duration
0.28126407355890914,0.32340425531914896,0.2762159699366337,402.83103370666504
