precision,accuracy,recall,duration
0.2768410920851944,0.2765957446808511,0.370761527440021,402.0726900100708
