{"0": [19.444444444444446, 7.0, 36.0], "1": [38.095238095238095, 8.0, 21.0], "2": [83.33333333333334, 35.0, 42.0], "3": [76.20578778135048, 237.0, 311.0], "4": [79.12087912087912, 72.0, 91.0], "5": [100.0, 29.0, 29.0], "6": [70.11494252873564, 122.0, 174.0], "7": [NaN, 0.0, 0.0], "8": [0.0, 0.0, 1.0]}