{"0": [22.22222222222222, 8.0, 36.0], "1": [47.61904761904761, 10.0, 21.0], "2": [85.71428571428571, 36.0, 42.0], "3": [70.7395498392283, 220.0, 311.0], "4": [53.84615384615385, 49.0, 91.0], "5": [100.0, 29.0, 29.0], "6": [71.26436781609196, 124.0, 174.0], "7": [NaN, 0.0, 0.0], "8": [100.0, 1.0, 1.0]}