{"0": [56.25, 315.0, 560.0], "1": [57.446808510638306, 27.0, 47.0], "2": [48.837209302325576, 21.0, 43.0], "3": [61.80758017492711, 212.0, 343.0], "4": [99.33333333333333, 149.0, 150.0], "5": [37.07865168539326, 132.0, 356.0], "6": [64.55696202531645, 357.0, 553.0], "7": [64.70588235294117, 11.0, 17.0], "8": [55.55555555555556, 10.0, 18.0]}