precision,accuracy,recall,duration
0.2696489368694338,0.3883374689826303,0.2894597163576663,397.2181508541107
