{"0": [12.953367875647666, 25.0, 193.0], "1": [100.0, 59.0, 59.0], "2": [37.5, 9.0, 24.0], "3": [74.35897435897436, 87.0, 117.0], "4": [100.0, 98.0, 98.0], "5": [38.04347826086957, 35.0, 92.0], "6": [76.63043478260869, 141.0, 184.0], "7": [100.0, 39.0, 39.0], "8": [NaN, 0.0, 0.0]}