{"0": [98.9247311827957, 276.0, 279.0], "1": [36.0, 9.0, 25.0], "2": [100.0, 21.0, 21.0], "3": [73.68421052631578, 126.0, 171.0], "4": [83.54430379746836, 66.0, 79.0], "5": [34.26966292134831, 61.0, 178.0], "6": [58.27338129496403, 162.0, 278.0], "7": [37.5, 3.0, 8.0], "8": [100.0, 8.0, 8.0]}