{"0": [25.13181019332162, 143.0, 569.0], "1": [51.06382978723404, 24.0, 47.0], "2": [95.45454545454545, 42.0, 44.0], "3": [70.73863636363636, 249.0, 352.0], "4": [86.0, 129.0, 150.0], "5": [41.369863013698634, 151.0, 365.0], "6": [58.75420875420876, 349.0, 594.0], "7": [58.82352941176471, 10.0, 17.0], "8": [77.77777777777779, 14.0, 18.0]}