precision,accuracy,recall,duration
0.27805700578351145,0.3120567375886525,0.45577778195954644,403.1646828651428
