{"0": [44.44444444444444, 16.0, 36.0], "1": [38.095238095238095, 8.0, 21.0], "2": [73.80952380952381, 31.0, 42.0], "3": [75.56270096463022, 235.0, 311.0], "4": [65.93406593406593, 60.0, 91.0], "5": [17.24137931034483, 5.0, 29.0], "6": [74.71264367816092, 130.0, 174.0], "7": [NaN, 0.0, 0.0], "8": [0.0, 0.0, 1.0]}