precision,accuracy,recall,duration
0.34864988566207356,0.41263940520446096,0.28236250035751764,396.12482357025146
