{"0": [21.243523316062177, 41.0, 193.0], "1": [100.0, 59.0, 59.0], "2": [66.66666666666666, 16.0, 24.0], "3": [83.19327731092437, 99.0, 119.0], "4": [74.22680412371135, 72.0, 97.0], "5": [40.21739130434783, 37.0, 92.0], "6": [60.32608695652174, 111.0, 184.0], "7": [100.0, 39.0, 39.0], "8": [NaN, 0.0, 0.0]}