precision,accuracy,recall,duration
0.28555946002642457,0.27375886524822696,0.27950372379725225,400.3128230571747
