{"0": [19.444444444444446, 7.0, 36.0], "1": [28.57142857142857, 6.0, 21.0], "2": [80.95238095238095, 34.0, 42.0], "3": [80.70739549839229, 251.0, 311.0], "4": [69.23076923076923, 63.0, 91.0], "5": [100.0, 29.0, 29.0], "6": [69.54022988505747, 121.0, 174.0], "7": [NaN, 0.0, 0.0], "8": [100.0, 1.0, 1.0]}