precision,accuracy,recall,duration
0.34286028488703096,0.36879432624113473,0.4628119116144396,425.05998849868774
