{"0": [25.0, 9.0, 36.0], "1": [38.095238095238095, 8.0, 21.0], "2": [92.85714285714286, 39.0, 42.0], "3": [59.163987138263664, 184.0, 311.0], "4": [75.82417582417582, 69.0, 91.0], "5": [17.24137931034483, 5.0, 29.0], "6": [75.28735632183908, 131.0, 174.0], "7": [NaN, 0.0, 0.0], "8": [0.0, 0.0, 1.0]}