{"0": [15.289982425307558, 87.0, 569.0], "1": [42.5531914893617, 20.0, 47.0], "2": [93.18181818181817, 41.0, 44.0], "3": [84.6590909090909, 298.0, 352.0], "4": [86.66666666666667, 130.0, 150.0], "5": [35.61643835616438, 130.0, 365.0], "6": [49.831649831649834, 296.0, 594.0], "7": [100.0, 17.0, 17.0], "8": [83.33333333333334, 15.0, 18.0]}