precision,accuracy,recall,duration
0.32676201642474956,0.3677298311444653,0.36876015077333535,81.18340826034546
