{"0": [60.357142857142854, 338.0, 560.0], "1": [36.17021276595745, 17.0, 47.0], "2": [95.34883720930233, 41.0, 43.0], "3": [88.92128279883383, 305.0, 343.0], "4": [95.33333333333334, 143.0, 150.0], "5": [39.60674157303371, 141.0, 356.0], "6": [47.55877034358047, 263.0, 553.0], "7": [47.05882352941176, 8.0, 17.0], "8": [66.66666666666666, 12.0, 18.0]}