precision,accuracy,recall,duration
0.3512990079347657,0.3021276595744681,0.370059855248531,405.2898769378662
