precision,accuracy,recall,duration
0.3955349056338745,0.4269340974212034,0.37203737382495516,591.1892161369324
