{"0": [48.74551971326165, 136.0, 279.0], "1": [28.000000000000004, 7.0, 25.0], "2": [66.66666666666666, 14.0, 21.0], "3": [72.51461988304094, 124.0, 171.0], "4": [87.34177215189874, 69.0, 79.0], "5": [39.325842696629216, 70.0, 178.0], "6": [60.07194244604317, 167.0, 278.0], "7": [75.0, 6.0, 8.0], "8": [87.5, 7.0, 8.0]}