{"0": [65.96858638743456, 126.0, 191.0], "1": [92.85714285714286, 13.0, 14.0], "2": [100.0, 16.0, 16.0], "3": [86.4406779661017, 102.0, 118.0], "4": [82.0, 41.0, 50.0], "5": [44.166666666666664, 53.0, 120.0], "6": [65.65656565656566, 130.0, 198.0], "7": [0.0, 0.0, 4.0], "8": [100.0, 7.0, 7.0]}