precision,accuracy,recall,duration
0.3439284814728099,0.351555136663525,0.3528766661310833,616.0282325744629
