precision,accuracy,recall,duration
0.39122176514142293,0.3839541547277937,0.3638648568253139,588.8686325550079
