{"0": [29.629629629629626, 16.0, 54.0], "1": [57.57575757575758, 19.0, 33.0], "2": [77.58620689655173, 45.0, 58.0], "3": [67.52688172043011, 314.0, 465.0], "4": [94.32624113475178, 133.0, 141.0], "5": [24.444444444444443, 11.0, 45.0], "6": [56.32183908045977, 147.0, 261.0], "7": [NaN, 0.0, 0.0], "8": [75.0, 3.0, 4.0]}