{"0": [49.82078853046595, 139.0, 279.0], "1": [68.0, 17.0, 25.0], "2": [19.047619047619047, 4.0, 21.0], "3": [91.22807017543859, 156.0, 171.0], "4": [91.13924050632912, 72.0, 79.0], "5": [42.13483146067416, 75.0, 178.0], "6": [61.15107913669065, 170.0, 278.0], "7": [62.5, 5.0, 8.0], "8": [87.5, 7.0, 8.0]}