{"0": [28.998242530755714, 165.0, 569.0], "1": [34.04255319148936, 16.0, 47.0], "2": [90.9090909090909, 40.0, 44.0], "3": [55.39772727272727, 195.0, 352.0], "4": [94.0, 141.0, 150.0], "5": [38.082191780821915, 139.0, 365.0], "6": [57.23905723905723, 340.0, 594.0], "7": [88.23529411764706, 15.0, 17.0], "8": [61.111111111111114, 11.0, 18.0]}