{"0": [53.25131810193322, 303.0, 569.0], "1": [46.808510638297875, 22.0, 47.0], "2": [90.9090909090909, 40.0, 44.0], "3": [84.0909090909091, 296.0, 352.0], "4": [89.33333333333333, 134.0, 150.0], "5": [39.178082191780824, 143.0, 365.0], "6": [51.178451178451176, 304.0, 594.0], "7": [35.294117647058826, 6.0, 17.0], "8": [77.77777777777779, 14.0, 18.0]}