{"0": [60.632688927943754, 345.0, 569.0], "1": [31.914893617021278, 15.0, 47.0], "2": [90.9090909090909, 40.0, 44.0], "3": [75.0, 264.0, 352.0], "4": [98.0, 147.0, 150.0], "5": [43.56164383561644, 159.0, 365.0], "6": [56.9023569023569, 338.0, 594.0], "7": [82.35294117647058, 14.0, 17.0], "8": [55.55555555555556, 10.0, 18.0]}