precision,accuracy,recall,duration
0.34164219214086267,0.4312590448625181,0.33935241398953037,419.8600821495056
