{"0": [48.1283422459893, 90.0, 187.0], "1": [28.57142857142857, 4.0, 14.0], "2": [86.66666666666667, 13.0, 15.0], "3": [64.03508771929825, 73.0, 114.0], "4": [78.0, 39.0, 50.0], "5": [38.793103448275865, 45.0, 116.0], "6": [64.67391304347827, 119.0, 184.0], "7": [100.0, 4.0, 4.0], "8": [85.71428571428571, 6.0, 7.0]}