{"0": [59.82142857142857, 335.0, 560.0], "1": [46.808510638297875, 22.0, 47.0], "2": [88.37209302325581, 38.0, 43.0], "3": [74.63556851311954, 256.0, 343.0], "4": [90.0, 135.0, 150.0], "5": [41.853932584269664, 149.0, 356.0], "6": [56.78119349005425, 314.0, 553.0], "7": [82.35294117647058, 14.0, 17.0], "8": [61.111111111111114, 11.0, 18.0]}