precision,accuracy,recall,duration
0.35782137450018975,0.3637653736991485,0.33531038115224127,1206.577383518219
