{"0": [54.6572934973638, 311.0, 569.0], "1": [87.2340425531915, 41.0, 47.0], "2": [97.72727272727273, 43.0, 44.0], "3": [84.94318181818183, 299.0, 352.0], "4": [89.33333333333333, 134.0, 150.0], "5": [45.47945205479452, 166.0, 365.0], "6": [63.63636363636363, 378.0, 594.0], "7": [0.0, 0.0, 17.0], "8": [77.77777777777779, 14.0, 18.0]}