precision,accuracy,recall,duration
0.34444644931900587,0.5081184336198663,0.3197211316052122,560.2250845432281
