{"0": [43.727598566308245, 122.0, 279.0], "1": [60.0, 15.0, 25.0], "2": [95.23809523809523, 20.0, 21.0], "3": [45.02923976608187, 77.0, 171.0], "4": [86.07594936708861, 68.0, 79.0], "5": [31.46067415730337, 56.0, 178.0], "6": [50.719424460431654, 141.0, 278.0], "7": [100.0, 8.0, 8.0], "8": [100.0, 8.0, 8.0]}