precision,accuracy,recall,duration
0.3642191003064922,0.37822349570200575,0.33278268702952435,594.915102481842
