{"0": [53.04659498207885, 148.0, 279.0], "1": [92.0, 23.0, 25.0], "2": [85.71428571428571, 18.0, 21.0], "3": [80.7017543859649, 138.0, 171.0], "4": [83.54430379746836, 66.0, 79.0], "5": [43.258426966292134, 77.0, 178.0], "6": [62.23021582733813, 173.0, 278.0], "7": [0.0, 0.0, 8.0], "8": [100.0, 8.0, 8.0]}