precision,accuracy,recall,duration
0.3026454691211109,0.29645390070921984,0.2875782112948096,405.9702949523926
