{"0": [16.666666666666664, 6.0, 36.0], "1": [85.71428571428571, 18.0, 21.0], "2": [76.19047619047619, 32.0, 42.0], "3": [72.66881028938906, 226.0, 311.0], "4": [81.31868131868131, 74.0, 91.0], "5": [34.48275862068966, 10.0, 29.0], "6": [74.13793103448276, 129.0, 174.0], "7": [NaN, 0.0, 0.0], "8": [100.0, 1.0, 1.0]}