precision,accuracy,recall,duration
0.3414611695727796,0.35834896810506567,0.41355581748076675,156.89181327819824
