precision,accuracy,recall,duration
0.28554296658158457,0.31728045325779036,0.3166244312669997,602.7121486663818
