{"0": [100.0, 54.0, 54.0], "1": [33.33333333333333, 11.0, 33.0], "2": [74.13793103448276, 43.0, 58.0], "3": [69.89247311827957, 325.0, 465.0], "4": [81.29496402877699, 113.0, 139.0], "5": [17.77777777777778, 8.0, 45.0], "6": [63.601532567049816, 166.0, 261.0], "7": [NaN, 0.0, 0.0], "8": [75.0, 3.0, 4.0]}