best_model_train_loss,best_model_val_loss,best_model_train_acc,best_model_val_acc,best_model_learning_rate,best_model_nb_epoch
0.4756496846675873,0.5449048280715942,0.43766680359840393,0.36312055587768555,0.0010000000474974513,84
