precision,accuracy,recall,duration
0.3755910719526518,0.3404255319148936,0.4701145055489587,427.4292314052582
