precision,accuracy,recall,duration
0.29839021807055505,0.4119106699751861,0.30089982557693,395.9416334629059
