{"0": [12.435233160621761, 24.0, 193.0], "1": [100.0, 59.0, 59.0], "2": [37.5, 9.0, 24.0], "3": [80.34188034188034, 94.0, 117.0], "4": [100.0, 98.0, 98.0], "5": [33.69565217391305, 31.0, 92.0], "6": [65.21739130434783, 120.0, 184.0], "7": [100.0, 39.0, 39.0], "8": [NaN, 0.0, 0.0]}