precision,accuracy,recall,duration
0.23071326499536493,0.17757009345794392,0.20806967858615671,33.818283557891846
