{"0": [54.54545454545454, 6.0, 11.0], "1": [80.0, 4.0, 5.0], "2": [100.0, 18.0, 18.0], "3": [85.98130841121495, 92.0, 107.0], "4": [88.0, 22.0, 25.0], "5": [20.0, 2.0, 10.0], "6": [84.21052631578947, 32.0, 38.0], "7": [NaN, 0.0, 0.0], "8": [NaN, 0.0, 0.0]}