{"0": [47.803163444639715, 272.0, 569.0], "1": [53.191489361702125, 25.0, 47.0], "2": [79.54545454545455, 35.0, 44.0], "3": [75.0, 264.0, 352.0], "4": [90.66666666666666, 136.0, 150.0], "5": [40.54794520547945, 148.0, 365.0], "6": [63.468013468013474, 377.0, 594.0], "7": [47.05882352941176, 8.0, 17.0], "8": [66.66666666666666, 12.0, 18.0]}