precision,accuracy,recall,duration
0.35697940546929885,0.4370477568740955,0.36051446262313736,418.54283809661865
