{"0": [55.080213903743314, 103.0, 187.0], "1": [35.714285714285715, 5.0, 14.0], "2": [93.33333333333333, 14.0, 15.0], "3": [64.03508771929825, 73.0, 114.0], "4": [88.0, 44.0, 50.0], "5": [34.48275862068966, 40.0, 116.0], "6": [54.891304347826086, 101.0, 184.0], "7": [50.0, 2.0, 4.0], "8": [100.0, 7.0, 7.0]}