precision,accuracy,recall,duration
0.34298338436621834,0.35361763296597987,0.3479804701073023,965.937625169754
