{"0": [62.67857142857143, 351.0, 560.0], "1": [36.17021276595745, 17.0, 47.0], "2": [86.04651162790698, 37.0, 43.0], "3": [90.67055393586006, 311.0, 343.0], "4": [92.0, 138.0, 150.0], "5": [41.853932584269664, 149.0, 356.0], "6": [58.77034358047016, 325.0, 553.0], "7": [35.294117647058826, 6.0, 17.0], "8": [83.33333333333334, 15.0, 18.0]}