precision,accuracy,recall,duration
0.3116153492240449,0.29906542056074764,0.3287800043445205,100.52162575721741
