precision,accuracy,recall,duration
0.2773755852003867,0.3684863523573201,0.2758425545652399,397.5776629447937
