{"0": [17.098445595854923, 33.0, 193.0], "1": [100.0, 59.0, 59.0], "2": [33.33333333333333, 8.0, 24.0], "3": [87.17948717948718, 102.0, 117.0], "4": [100.0, 98.0, 98.0], "5": [43.47826086956522, 40.0, 92.0], "6": [70.65217391304348, 130.0, 184.0], "7": [100.0, 39.0, 39.0], "8": [NaN, 0.0, 0.0]}