{"0": [61.78571428571429, 346.0, 560.0], "1": [44.680851063829785, 21.0, 47.0], "2": [83.72093023255815, 36.0, 43.0], "3": [58.01749271137027, 199.0, 343.0], "4": [97.33333333333334, 146.0, 150.0], "5": [44.38202247191011, 158.0, 356.0], "6": [68.53526220614829, 379.0, 553.0], "7": [64.70588235294117, 11.0, 17.0], "8": [66.66666666666666, 12.0, 18.0]}