best_model_train_loss,best_model_val_loss,best_model_train_acc,best_model_val_acc,best_model_learning_rate,best_model_nb_epoch
0.45765015482902527,0.5458146929740906,0.4628288149833679,0.3432624042034149,0.0010000000474974513,97
