precision,accuracy,recall,duration
0.3578807118671519,0.3517730496453901,0.4692736541703538,432.84077286720276
