{"0": [19.444444444444446, 7.0, 36.0], "1": [47.61904761904761, 10.0, 21.0], "2": [80.95238095238095, 34.0, 42.0], "3": [67.20257234726688, 209.0, 311.0], "4": [67.03296703296702, 61.0, 91.0], "5": [20.689655172413794, 6.0, 29.0], "6": [74.71264367816092, 130.0, 174.0], "7": [NaN, 0.0, 0.0], "8": [0.0, 0.0, 1.0]}