precision,accuracy,recall,duration
0.2819403721267942,0.30666027791087686,0.345492667021596,934.4074428081512
