{"0": [100.0, 560.0, 560.0], "1": [36.17021276595745, 17.0, 47.0], "2": [97.67441860465115, 42.0, 43.0], "3": [83.38192419825073, 286.0, 343.0], "4": [86.66666666666667, 130.0, 150.0], "5": [35.39325842696629, 126.0, 356.0], "6": [48.4629294755877, 268.0, 553.0], "7": [23.52941176470588, 4.0, 17.0], "8": [77.77777777777779, 14.0, 18.0]}