precision,accuracy,recall,duration
0.3131029271669463,0.34876989869753977,0.29115935806639986,400.88365936279297
