{"0": [56.68449197860963, 106.0, 187.0], "1": [85.71428571428571, 12.0, 14.0], "2": [93.33333333333333, 14.0, 15.0], "3": [77.19298245614034, 88.0, 114.0], "4": [88.0, 44.0, 50.0], "5": [41.37931034482759, 48.0, 116.0], "6": [70.65217391304348, 130.0, 184.0], "7": [25.0, 1.0, 4.0], "8": [100.0, 7.0, 7.0]}