precision,accuracy,recall,duration
0.3926355763462725,0.36984352773826457,0.377750084855283,300.34053087234497
