{"0": [62.741652021089635, 357.0, 569.0], "1": [48.93617021276596, 23.0, 47.0], "2": [95.45454545454545, 42.0, 44.0], "3": [86.64772727272727, 305.0, 352.0], "4": [99.33333333333333, 149.0, 150.0], "5": [43.83561643835616, 160.0, 365.0], "6": [58.58585858585859, 348.0, 594.0], "7": [82.35294117647058, 14.0, 17.0], "8": [33.33333333333333, 6.0, 18.0]}