{"0": [61.78571428571429, 346.0, 560.0], "1": [36.17021276595745, 17.0, 47.0], "2": [100.0, 43.0, 43.0], "3": [59.7667638483965, 205.0, 343.0], "4": [96.0, 144.0, 150.0], "5": [40.73033707865169, 145.0, 356.0], "6": [55.15370705244123, 305.0, 553.0], "7": [64.70588235294117, 11.0, 17.0], "8": [61.111111111111114, 11.0, 18.0]}