precision,accuracy,recall,duration
0.3614002602382175,0.4781983708672736,0.36326377011923217,901.9968559741974
