{"0": [51.42857142857142, 288.0, 560.0], "1": [55.319148936170215, 26.0, 47.0], "2": [88.37209302325581, 38.0, 43.0], "3": [53.352769679300295, 183.0, 343.0], "4": [88.66666666666667, 133.0, 150.0], "5": [32.02247191011236, 114.0, 356.0], "6": [50.63291139240506, 280.0, 553.0], "7": [58.82352941176471, 10.0, 17.0], "8": [94.44444444444444, 17.0, 18.0]}