precision,accuracy,recall,duration
0.35349035252200706,0.3783783783783784,0.32809994440695445,323.7445206642151
