{"0": [56.02094240837696, 107.0, 191.0], "1": [85.71428571428571, 12.0, 14.0], "2": [81.25, 13.0, 16.0], "3": [74.57627118644068, 88.0, 118.0], "4": [78.0, 39.0, 50.0], "5": [35.833333333333336, 43.0, 120.0], "6": [71.71717171717171, 142.0, 198.0], "7": [25.0, 1.0, 4.0], "8": [100.0, 7.0, 7.0]}