precision,accuracy,recall,duration
0.29785698617881823,0.29219858156028367,0.2784907053950185,405.1303389072418
