{"0": [25.0, 9.0, 36.0], "1": [90.47619047619048, 19.0, 21.0], "2": [78.57142857142857, 33.0, 42.0], "3": [78.13504823151125, 243.0, 311.0], "4": [71.42857142857143, 65.0, 91.0], "5": [37.93103448275862, 11.0, 29.0], "6": [67.81609195402298, 118.0, 174.0], "7": [NaN, 0.0, 0.0], "8": [100.0, 1.0, 1.0]}