best_model_train_loss,best_model_val_loss,best_model_train_acc,best_model_val_acc,best_model_learning_rate,best_model_nb_epoch
0.4798876643180847,1.0190879106521606,0.37929707765579224,0.28653571009635925,0.0010000000474974513,75
