precision,accuracy,recall,duration
0.3013744396924818,0.34355534259702925,0.37249737967882257,933.2503728866577
