{"0": [100.0, 560.0, 560.0], "1": [34.04255319148936, 16.0, 47.0], "2": [93.02325581395348, 40.0, 43.0], "3": [54.518950437317784, 187.0, 343.0], "4": [86.0, 129.0, 150.0], "5": [39.8876404494382, 142.0, 356.0], "6": [50.09041591320072, 277.0, 553.0], "7": [29.411764705882355, 5.0, 17.0], "8": [77.77777777777779, 14.0, 18.0]}