precision,accuracy,recall,duration
0.3584808156138742,0.4425872093023256,0.25307634403333396,695.2688927650452
