{"0": [78.65168539325843, 70.0, 89.0], "1": [98.27586206896551, 57.0, 58.0], "2": [97.16312056737588, 137.0, 141.0], "3": [17.53472222222222, 101.0, 576.0], "4": [91.39784946236558, 170.0, 186.0], "5": [57.333333333333336, 43.0, 75.0], "6": [79.60199004975125, 160.0, 201.0], "7": [100.0, 6.0, 6.0], "8": [52.27272727272727, 23.0, 44.0]}