precision,accuracy,recall,duration
0.33369280496018067,0.2723404255319149,0.3566165559919487,401.1662838459015
