{"0": [22.22222222222222, 8.0, 36.0], "1": [100.0, 21.0, 21.0], "2": [85.71428571428571, 36.0, 42.0], "3": [69.13183279742765, 215.0, 311.0], "4": [94.5054945054945, 86.0, 91.0], "5": [27.586206896551722, 8.0, 29.0], "6": [79.88505747126436, 139.0, 174.0], "7": [NaN, 0.0, 0.0], "8": [0.0, 0.0, 1.0]}