precision,accuracy,recall,duration
0.3782252190416119,0.448901623686724,0.3087555252961287,559.8056416511536
