{"0": [50.179211469534046, 140.0, 279.0], "1": [32.0, 8.0, 25.0], "2": [100.0, 21.0, 21.0], "3": [54.97076023391813, 94.0, 171.0], "4": [88.60759493670885, 70.0, 79.0], "5": [39.8876404494382, 71.0, 178.0], "6": [56.4748201438849, 157.0, 278.0], "7": [100.0, 8.0, 8.0], "8": [100.0, 8.0, 8.0]}