precision,accuracy,recall,duration
0.34511401708088346,0.35649257307139437,0.3580020585696658,924.8008589744568
