{"0": [55.35714285714286, 310.0, 560.0], "1": [46.808510638297875, 22.0, 47.0], "2": [95.34883720930233, 41.0, 43.0], "3": [95.04373177842565, 326.0, 343.0], "4": [92.0, 138.0, 150.0], "5": [39.60674157303371, 141.0, 356.0], "6": [63.11030741410488, 349.0, 553.0], "7": [29.411764705882355, 5.0, 17.0], "8": [61.111111111111114, 11.0, 18.0]}