{"0": [56.25, 315.0, 560.0], "1": [91.48936170212765, 43.0, 47.0], "2": [97.67441860465115, 42.0, 43.0], "3": [69.38775510204081, 238.0, 343.0], "4": [84.66666666666667, 127.0, 150.0], "5": [42.41573033707865, 151.0, 356.0], "6": [61.12115732368897, 338.0, 553.0], "7": [0.0, 0.0, 17.0], "8": [100.0, 18.0, 18.0]}