precision,accuracy,recall,duration
0.2669816261612487,0.38649155722326456,0.3663556063245138,146.26475381851196
