{"0": [18.75, 6.0, 32.0], "1": [63.1578947368421, 12.0, 19.0], "2": [95.65217391304348, 44.0, 46.0], "3": [52.244897959183675, 128.0, 245.0], "4": [73.13432835820896, 49.0, 67.0], "5": [8.0, 2.0, 25.0], "6": [87.91208791208791, 80.0, 91.0], "7": [100.0, 1.0, 1.0], "8": [71.42857142857143, 5.0, 7.0]}