precision,accuracy,recall,duration
0.3670265853332443,0.4077212806026365,0.3816584244708621,600.859454870224
