{"0": [45.07042253521127, 128.0, 284.0], "1": [40.0, 10.0, 25.0], "2": [86.36363636363636, 19.0, 22.0], "3": [80.68181818181817, 142.0, 176.0], "4": [87.34177215189874, 69.0, 79.0], "5": [41.53005464480874, 76.0, 183.0], "6": [65.88628762541806, 197.0, 299.0], "7": [25.0, 2.0, 8.0], "8": [87.5, 7.0, 8.0]}