precision,accuracy,recall,duration
0.3317544371825177,0.4124293785310734,0.35047541743093125,603.2447965145111
