{"0": [47.88732394366197, 136.0, 284.0], "1": [92.0, 23.0, 25.0], "2": [100.0, 22.0, 22.0], "3": [78.4090909090909, 138.0, 176.0], "4": [82.27848101265823, 65.0, 79.0], "5": [36.0655737704918, 66.0, 183.0], "6": [62.87625418060201, 188.0, 299.0], "7": [12.5, 1.0, 8.0], "8": [75.0, 6.0, 8.0]}