{"0": [60.89285714285714, 341.0, 560.0], "1": [36.17021276595745, 17.0, 47.0], "2": [97.67441860465115, 42.0, 43.0], "3": [74.9271137026239, 257.0, 343.0], "4": [95.33333333333334, 143.0, 150.0], "5": [42.69662921348314, 152.0, 356.0], "6": [58.58951175406871, 324.0, 553.0], "7": [82.35294117647058, 14.0, 17.0], "8": [72.22222222222221, 13.0, 18.0]}