precision,accuracy,recall,duration
0.3502826850481143,0.3219858156028369,0.45832389614959745,403.6417384147644
