{"0": [62.67857142857143, 351.0, 560.0], "1": [48.93617021276596, 23.0, 47.0], "2": [88.37209302325581, 38.0, 43.0], "3": [71.7201166180758, 246.0, 343.0], "4": [82.0, 123.0, 150.0], "5": [43.258426966292134, 154.0, 356.0], "6": [56.6003616636528, 313.0, 553.0], "7": [76.47058823529412, 13.0, 17.0], "8": [77.77777777777779, 14.0, 18.0]}