best_model_train_loss,best_model_val_loss,best_model_train_acc,best_model_val_acc,best_model_learning_rate,best_model_nb_epoch
0.4290858805179596,1.7970510721206665,0.41933029890060425,0.43954479694366455,0.0010000000474974513,98
