precision,accuracy,recall,duration
0.39175876274025356,0.4822190611664296,0.40881146312554906,315.68140506744385
