{"0": [52.406417112299465, 98.0, 187.0], "1": [42.857142857142854, 6.0, 14.0], "2": [100.0, 15.0, 15.0], "3": [77.19298245614034, 88.0, 114.0], "4": [66.0, 33.0, 50.0], "5": [60.3448275862069, 70.0, 116.0], "6": [63.58695652173913, 117.0, 184.0], "7": [50.0, 2.0, 4.0], "8": [100.0, 7.0, 7.0]}