precision,accuracy,recall,duration
0.34862519084317556,0.2587346553352219,0.2582658443761886,1209.1501083374023
