precision,accuracy,recall,duration
0.33420794094141626,0.29650613786591123,0.29878087777316725,1190.092844247818
