{"0": [29.906542056074763, 32.0, 107.0], "1": [79.36507936507937, 50.0, 63.0], "2": [83.33333333333334, 95.0, 114.0], "3": [74.81243301178992, 698.0, 933.0], "4": [75.9581881533101, 218.0, 287.0], "5": [34.831460674157306, 31.0, 89.0], "6": [69.55684007707129, 361.0, 519.0], "7": [NaN, 0.0, 0.0], "8": [83.33333333333334, 5.0, 6.0]}