{"0": [23.364485981308412, 25.0, 107.0], "1": [82.53968253968253, 52.0, 63.0], "2": [91.22807017543859, 104.0, 114.0], "3": [79.42122186495176, 741.0, 933.0], "4": [89.54703832752612, 257.0, 287.0], "5": [52.80898876404494, 47.0, 89.0], "6": [65.3179190751445, 339.0, 519.0], "7": [NaN, 0.0, 0.0], "8": [83.33333333333334, 5.0, 6.0]}