precision,accuracy,recall,duration
0.40875392295771806,0.46877956480605487,0.37632230260432964,1190.4989297389984
