precision,accuracy,recall,duration
0.3461041736676078,0.3262411347517731,0.4760446445315425,403.5037269592285
