{"0": [50.96660808435852, 290.0, 569.0], "1": [34.04255319148936, 16.0, 47.0], "2": [90.9090909090909, 40.0, 44.0], "3": [50.56818181818182, 178.0, 352.0], "4": [88.0, 132.0, 150.0], "5": [38.35616438356164, 140.0, 365.0], "6": [57.07070707070707, 339.0, 594.0], "7": [76.47058823529412, 13.0, 17.0], "8": [77.77777777777779, 14.0, 18.0]}