{"0": [19.444444444444446, 7.0, 36.0], "1": [33.33333333333333, 7.0, 21.0], "2": [88.09523809523809, 37.0, 42.0], "3": [81.67202572347267, 254.0, 311.0], "4": [71.42857142857143, 65.0, 91.0], "5": [20.689655172413794, 6.0, 29.0], "6": [56.896551724137936, 99.0, 174.0], "7": [NaN, 0.0, 0.0], "8": [0.0, 0.0, 1.0]}