precision,accuracy,recall,duration
0.37831235792689777,0.4370860927152318,0.39521790534205964,1195.8228228092194
