{"0": [47.45166959578208, 270.0, 569.0], "1": [40.42553191489361, 19.0, 47.0], "2": [81.81818181818183, 36.0, 44.0], "3": [69.31818181818183, 244.0, 352.0], "4": [82.0, 123.0, 150.0], "5": [38.082191780821915, 139.0, 365.0], "6": [63.468013468013474, 377.0, 594.0], "7": [41.17647058823529, 7.0, 17.0], "8": [83.33333333333334, 15.0, 18.0]}