precision,accuracy,recall,duration
0.31013650569488704,0.2766761095372993,0.2873682908558679,607.7413511276245
