{"0": [29.629629629629626, 16.0, 54.0], "1": [75.75757575757575, 25.0, 33.0], "2": [81.03448275862068, 47.0, 58.0], "3": [77.41935483870968, 360.0, 465.0], "4": [79.13669064748201, 110.0, 139.0], "5": [24.444444444444443, 11.0, 45.0], "6": [73.9463601532567, 193.0, 261.0], "7": [NaN, 0.0, 0.0], "8": [100.0, 4.0, 4.0]}