precision,accuracy,recall,duration
0.3741634792545613,0.39574468085106385,0.562437162063645,411.44137954711914
