precision,accuracy,recall,duration
0.37357031228185833,0.364638236703402,0.3504792472777784,935.4436492919922
