precision,accuracy,recall,duration
0.3303291719200389,0.2339622641509434,0.3239326572332561,952.8368921279907
