{"0": [27.102803738317753, 29.0, 107.0], "1": [46.03174603174603, 29.0, 63.0], "2": [96.49122807017544, 110.0, 114.0], "3": [91.31832797427653, 852.0, 933.0], "4": [98.26989619377161, 284.0, 289.0], "5": [46.06741573033708, 41.0, 89.0], "6": [53.179190751445084, 276.0, 519.0], "7": [NaN, 0.0, 0.0], "8": [50.0, 3.0, 6.0]}