{"0": [56.96428571428571, 319.0, 560.0], "1": [31.914893617021278, 15.0, 47.0], "2": [93.02325581395348, 40.0, 43.0], "3": [82.21574344023324, 282.0, 343.0], "4": [92.0, 138.0, 150.0], "5": [45.2247191011236, 161.0, 356.0], "6": [63.29113924050633, 350.0, 553.0], "7": [58.82352941176471, 10.0, 17.0], "8": [61.111111111111114, 11.0, 18.0]}