{"0": [60.80843585237259, 346.0, 569.0], "1": [38.297872340425535, 18.0, 47.0], "2": [95.45454545454545, 42.0, 44.0], "3": [70.45454545454545, 248.0, 352.0], "4": [95.33333333333334, 143.0, 150.0], "5": [38.9041095890411, 142.0, 365.0], "6": [60.1010101010101, 357.0, 594.0], "7": [76.47058823529412, 13.0, 17.0], "8": [66.66666666666666, 12.0, 18.0]}