precision,accuracy,recall,duration
0.36111309050118895,0.3375886524822695,0.45918950344792087,429.791588306427
