{"0": [22.22222222222222, 8.0, 36.0], "1": [42.857142857142854, 9.0, 21.0], "2": [80.95238095238095, 34.0, 42.0], "3": [70.09646302250803, 218.0, 311.0], "4": [76.92307692307693, 70.0, 91.0], "5": [24.137931034482758, 7.0, 29.0], "6": [69.54022988505747, 121.0, 174.0], "7": [NaN, 0.0, 0.0], "8": [0.0, 0.0, 1.0]}