{"0": [18.27768014059754, 104.0, 569.0], "1": [38.297872340425535, 18.0, 47.0], "2": [90.9090909090909, 40.0, 44.0], "3": [65.3409090909091, 230.0, 352.0], "4": [86.0, 129.0, 150.0], "5": [25.753424657534246, 94.0, 365.0], "6": [59.93265993265994, 356.0, 594.0], "7": [94.11764705882352, 16.0, 17.0], "8": [83.33333333333334, 15.0, 18.0]}