precision,accuracy,recall,duration
0.3618583320491967,0.3829787234042553,0.4796701438975157,418.18561840057373
