{"0": [22.22222222222222, 8.0, 36.0], "1": [38.095238095238095, 8.0, 21.0], "2": [78.57142857142857, 33.0, 42.0], "3": [57.556270096463024, 179.0, 311.0], "4": [74.72527472527473, 68.0, 91.0], "5": [20.689655172413794, 6.0, 29.0], "6": [76.4367816091954, 133.0, 174.0], "7": [NaN, 0.0, 0.0], "8": [0.0, 0.0, 1.0]}