{"0": [19.85940246045694, 113.0, 569.0], "1": [36.17021276595745, 17.0, 47.0], "2": [97.72727272727273, 43.0, 44.0], "3": [66.47727272727273, 234.0, 352.0], "4": [70.66666666666667, 106.0, 150.0], "5": [44.93150684931507, 164.0, 365.0], "6": [60.1010101010101, 357.0, 594.0], "7": [100.0, 17.0, 17.0], "8": [88.88888888888889, 16.0, 18.0]}