precision,accuracy,recall,duration
0.3483450766642857,0.3120567375886525,0.4425095303333837,421.8986587524414
