precision,accuracy,recall,duration
0.2662821719250031,0.254957507082153,0.30595237580941564,601.4160466194153
