{"0": [25.925925925925924, 14.0, 54.0], "1": [24.242424242424242, 8.0, 33.0], "2": [81.03448275862068, 47.0, 58.0], "3": [80.64516129032258, 375.0, 465.0], "4": [98.56115107913669, 137.0, 139.0], "5": [73.33333333333333, 33.0, 45.0], "6": [65.90038314176245, 172.0, 261.0], "7": [NaN, 0.0, 0.0], "8": [75.0, 3.0, 4.0]}