{"0": [21.607142857142858, 121.0, 560.0], "1": [40.42553191489361, 19.0, 47.0], "2": [83.72093023255815, 36.0, 43.0], "3": [63.26530612244898, 217.0, 343.0], "4": [92.0, 138.0, 150.0], "5": [39.04494382022472, 139.0, 356.0], "6": [58.77034358047016, 325.0, 553.0], "7": [100.0, 17.0, 17.0], "8": [66.66666666666666, 12.0, 18.0]}