precision,accuracy,recall,duration
0.3457062535322232,0.35319148936170214,0.4622813798073435,404.3241503238678
