precision,accuracy,recall,duration
0.25784732402364735,0.27695256348826064,0.2970900296377236,899.1118214130402
