{"0": [100.0, 560.0, 560.0], "1": [31.914893617021278, 15.0, 47.0], "2": [93.02325581395348, 40.0, 43.0], "3": [88.62973760932945, 304.0, 343.0], "4": [84.0, 126.0, 150.0], "5": [37.92134831460674, 135.0, 356.0], "6": [54.97287522603978, 304.0, 553.0], "7": [58.82352941176471, 10.0, 17.0], "8": [83.33333333333334, 15.0, 18.0]}