precision,accuracy,recall,duration
0.29185263661070115,0.3545966228893058,0.4733705173103597,312.3752021789551
