{"0": [56.25, 18.0, 32.0], "1": [47.368421052631575, 9.0, 19.0], "2": [95.65217391304348, 44.0, 46.0], "3": [55.10204081632652, 135.0, 245.0], "4": [74.6268656716418, 50.0, 67.0], "5": [12.0, 3.0, 25.0], "6": [90.10989010989012, 82.0, 91.0], "7": [0.0, 0.0, 1.0], "8": [42.857142857142854, 3.0, 7.0]}