{"0": [58.57142857142858, 328.0, 560.0], "1": [46.808510638297875, 22.0, 47.0], "2": [95.34883720930233, 41.0, 43.0], "3": [92.4198250728863, 317.0, 343.0], "4": [93.33333333333333, 140.0, 150.0], "5": [40.168539325842694, 143.0, 356.0], "6": [51.89873417721519, 287.0, 553.0], "7": [76.47058823529412, 13.0, 17.0], "8": [55.55555555555556, 10.0, 18.0]}