{"0": [71.47887323943662, 203.0, 284.0], "1": [48.0, 12.0, 25.0], "2": [95.45454545454545, 21.0, 22.0], "3": [65.9090909090909, 116.0, 176.0], "4": [89.87341772151899, 71.0, 79.0], "5": [37.704918032786885, 69.0, 183.0], "6": [55.51839464882943, 166.0, 299.0], "7": [87.5, 7.0, 8.0], "8": [100.0, 8.0, 8.0]}