{"0": [59.929701230228474, 341.0, 569.0], "1": [53.191489361702125, 25.0, 47.0], "2": [93.18181818181817, 41.0, 44.0], "3": [81.81818181818183, 288.0, 352.0], "4": [89.33333333333333, 134.0, 150.0], "5": [45.75342465753425, 167.0, 365.0], "6": [51.178451178451176, 304.0, 594.0], "7": [17.647058823529413, 3.0, 17.0], "8": [88.88888888888889, 16.0, 18.0]}