precision,accuracy,recall,duration
0.3411006839337835,0.2559017941454202,0.35668366869408263,606.4267141819
