{"0": [27.77777777777778, 15.0, 54.0], "1": [42.42424242424242, 14.0, 33.0], "2": [89.65517241379311, 52.0, 58.0], "3": [84.08602150537634, 391.0, 465.0], "4": [75.53956834532374, 105.0, 139.0], "5": [35.55555555555556, 16.0, 45.0], "6": [73.9463601532567, 193.0, 261.0], "7": [NaN, 0.0, 0.0], "8": [50.0, 2.0, 4.0]}