precision,accuracy,recall,duration
0.3712842278868412,0.4238975817923186,0.37211755029355836,317.1654269695282
