{"0": [49.73821989528796, 95.0, 191.0], "1": [35.714285714285715, 5.0, 14.0], "2": [93.75, 15.0, 16.0], "3": [66.94915254237289, 79.0, 118.0], "4": [86.0, 43.0, 50.0], "5": [29.166666666666668, 35.0, 120.0], "6": [70.2020202020202, 139.0, 198.0], "7": [50.0, 2.0, 4.0], "8": [85.71428571428571, 6.0, 7.0]}