best_model_train_loss,best_model_val_loss,best_model_train_acc,best_model_val_acc,best_model_learning_rate,best_model_nb_epoch
0.47662976384162903,0.6765254139900208,0.4329097867012024,0.3866855502128601,0.0010000000474974513,78
