precision,accuracy,recall,duration
0.35562920856323593,0.2752596789423985,0.3162144485517395,1223.3443343639374
