precision,accuracy,recall,duration
0.3916236681645972,0.4322033898305085,0.36854147563687256,593.5008068084717
