{"0": [47.183098591549296, 134.0, 284.0], "1": [32.0, 8.0, 25.0], "2": [72.72727272727273, 16.0, 22.0], "3": [67.04545454545455, 118.0, 176.0], "4": [87.34177215189874, 69.0, 79.0], "5": [36.0655737704918, 66.0, 183.0], "6": [67.22408026755853, 201.0, 299.0], "7": [75.0, 6.0, 8.0], "8": [87.5, 7.0, 8.0]}