{"0": [72.89719626168224, 78.0, 107.0], "1": [34.92063492063492, 22.0, 63.0], "2": [90.35087719298247, 103.0, 114.0], "3": [90.67524115755627, 846.0, 933.0], "4": [73.5191637630662, 211.0, 287.0], "5": [21.34831460674157, 19.0, 89.0], "6": [48.36223506743738, 251.0, 519.0], "7": [NaN, 0.0, 0.0], "8": [83.33333333333334, 5.0, 6.0]}