precision,accuracy,recall,duration
0.2539746779578827,0.25,0.32143947373349974,489.76153087615967
