{"0": [62.5, 35.0, 56.0], "1": [85.36585365853658, 35.0, 41.0], "2": [80.89887640449437, 72.0, 89.0], "3": [78.17109144542773, 265.0, 339.0], "4": [77.09923664122137, 101.0, 131.0], "5": [37.735849056603776, 20.0, 53.0], "6": [97.11538461538461, 101.0, 104.0], "7": [50.0, 2.0, 4.0], "8": [41.81818181818181, 23.0, 55.0]}