{"0": [57.85714285714286, 324.0, 560.0], "1": [36.17021276595745, 17.0, 47.0], "2": [97.67441860465115, 42.0, 43.0], "3": [74.63556851311954, 256.0, 343.0], "4": [94.66666666666667, 142.0, 150.0], "5": [39.04494382022472, 139.0, 356.0], "6": [58.22784810126582, 322.0, 553.0], "7": [76.47058823529412, 13.0, 17.0], "8": [83.33333333333334, 15.0, 18.0]}