{"0": [56.42857142857143, 316.0, 560.0], "1": [59.57446808510638, 28.0, 47.0], "2": [79.06976744186046, 34.0, 43.0], "3": [90.37900874635568, 310.0, 343.0], "4": [95.33333333333334, 143.0, 150.0], "5": [43.258426966292134, 154.0, 356.0], "6": [54.06871609403255, 299.0, 553.0], "7": [76.47058823529412, 13.0, 17.0], "8": [55.55555555555556, 10.0, 18.0]}