best_model_train_loss,best_model_val_loss,best_model_train_acc,best_model_val_acc,best_model_learning_rate,best_model_nb_epoch
0.4683639407157898,1.0370500087738037,0.3842439651489258,0.24740320444107056,0.0010000000474974513,72
