precision,accuracy,recall,duration
0.2822292593807109,0.2219074598677998,0.25046674695369625,1198.0778603553772
