{"0": [24.299065420560748, 26.0, 107.0], "1": [34.92063492063492, 22.0, 63.0], "2": [92.10526315789474, 105.0, 114.0], "3": [84.13719185423365, 785.0, 933.0], "4": [97.5609756097561, 280.0, 287.0], "5": [92.13483146067416, 82.0, 89.0], "6": [66.08863198458575, 343.0, 519.0], "7": [NaN, 0.0, 0.0], "8": [83.33333333333334, 5.0, 6.0]}