precision,accuracy,recall,duration
0.3706450780553572,0.4068767908309456,0.3326194552605184,611.4783184528351
