{"0": [50.53763440860215, 141.0, 279.0], "1": [40.0, 10.0, 25.0], "2": [47.61904761904761, 10.0, 21.0], "3": [84.21052631578947, 144.0, 171.0], "4": [97.46835443037975, 77.0, 79.0], "5": [35.39325842696629, 63.0, 178.0], "6": [57.9136690647482, 161.0, 278.0], "7": [87.5, 7.0, 8.0], "8": [100.0, 8.0, 8.0]}