precision,accuracy,recall,duration
0.33518208224633483,0.4250309789343247,0.3060537751760432,393.12675404548645
