{"0": [15.544041450777202, 30.0, 193.0], "1": [100.0, 59.0, 59.0], "2": [45.83333333333333, 11.0, 24.0], "3": [83.19327731092437, 99.0, 119.0], "4": [78.35051546391753, 76.0, 97.0], "5": [40.21739130434783, 37.0, 92.0], "6": [61.41304347826087, 113.0, 184.0], "7": [100.0, 39.0, 39.0], "8": [NaN, 0.0, 0.0]}