precision,accuracy,recall,duration
0.3581348709120661,0.307837582625118,0.400395427226643,600.440126657486
