{"0": [31.48148148148148, 17.0, 54.0], "1": [24.242424242424242, 8.0, 33.0], "2": [91.37931034482759, 53.0, 58.0], "3": [82.36559139784946, 383.0, 465.0], "4": [82.01438848920863, 114.0, 139.0], "5": [22.22222222222222, 10.0, 45.0], "6": [55.938697318007655, 146.0, 261.0], "7": [NaN, 0.0, 0.0], "8": [50.0, 2.0, 4.0]}