precision,accuracy,recall,duration
0.2586477140961131,0.2964352720450281,0.2529581570960881,305.58692026138306
