{"0": [34.61538461538461, 9.0, 26.0], "1": [68.96551724137932, 20.0, 29.0], "2": [100.0, 34.0, 34.0], "3": [71.62162162162163, 159.0, 222.0], "4": [58.666666666666664, 44.0, 75.0], "5": [100.0, 26.0, 26.0], "6": [68.46846846846847, 76.0, 111.0], "7": [NaN, 0.0, 0.0], "8": [70.0, 7.0, 10.0]}