precision,accuracy,recall,duration
0.296528107350166,0.2936170212765957,0.2754105470130898,404.5752897262573
