{"0": [19.444444444444446, 7.0, 36.0], "1": [90.47619047619048, 19.0, 21.0], "2": [80.95238095238095, 34.0, 42.0], "3": [75.88424437299035, 236.0, 311.0], "4": [68.13186813186813, 62.0, 91.0], "5": [44.827586206896555, 13.0, 29.0], "6": [72.41379310344827, 126.0, 174.0], "7": [NaN, 0.0, 0.0], "8": [100.0, 1.0, 1.0]}