best_model_train_loss,best_model_val_loss,best_model_train_acc,best_model_val_acc,best_model_learning_rate,best_model_nb_epoch
0.46122583746910095,0.5421536564826965,0.44053366780281067,0.38385269045829773,0.0010000000474974513,92
