precision,accuracy,recall,duration
0.40874255862531894,0.3833805476864967,0.4190240090149134,1213.9368977546692
