precision,accuracy,recall,duration
0.3751657800973298,0.41251778093883357,0.3566798823908941,400.88377475738525
