{"0": [49.73821989528796, 95.0, 191.0], "1": [28.57142857142857, 4.0, 14.0], "2": [93.75, 15.0, 16.0], "3": [72.88135593220339, 86.0, 118.0], "4": [82.0, 41.0, 50.0], "5": [38.333333333333336, 46.0, 120.0], "6": [66.66666666666666, 132.0, 198.0], "7": [50.0, 2.0, 4.0], "8": [100.0, 7.0, 7.0]}