{"0": [23.364485981308412, 25.0, 107.0], "1": [42.857142857142854, 27.0, 63.0], "2": [88.59649122807018, 101.0, 114.0], "3": [67.95284030010717, 634.0, 933.0], "4": [77.35191637630662, 222.0, 287.0], "5": [39.325842696629216, 35.0, 89.0], "6": [50.09633911368015, 260.0, 519.0], "7": [NaN, 0.0, 0.0], "8": [33.33333333333333, 2.0, 6.0]}