precision,accuracy,recall,duration
0.36316033250782254,0.4058380414312618,0.4058119745561728,606.6990480422974
