{"0": [46.83098591549296, 133.0, 284.0], "1": [52.0, 13.0, 25.0], "2": [86.36363636363636, 19.0, 22.0], "3": [77.27272727272727, 136.0, 176.0], "4": [77.21518987341773, 61.0, 79.0], "5": [39.89071038251366, 73.0, 183.0], "6": [70.23411371237458, 210.0, 299.0], "7": [12.5, 1.0, 8.0], "8": [75.0, 6.0, 8.0]}