precision,accuracy,recall,duration
0.3611723554655436,0.3219858156028369,0.4339063085875371,424.4242334365845
