{"0": [25.0, 9.0, 36.0], "1": [47.61904761904761, 10.0, 21.0], "2": [95.23809523809523, 40.0, 42.0], "3": [69.45337620578779, 216.0, 311.0], "4": [80.21978021978022, 73.0, 91.0], "5": [20.689655172413794, 6.0, 29.0], "6": [71.26436781609196, 124.0, 174.0], "7": [NaN, 0.0, 0.0], "8": [0.0, 0.0, 1.0]}