precision,accuracy,recall,duration
0.2878303907014401,0.22411347517730495,0.4364123011145963,418.44166803359985
