{"0": [58.392857142857146, 327.0, 560.0], "1": [34.04255319148936, 16.0, 47.0], "2": [95.34883720930233, 41.0, 43.0], "3": [65.59766763848397, 225.0, 343.0], "4": [91.33333333333333, 137.0, 150.0], "5": [38.764044943820224, 138.0, 356.0], "6": [62.74864376130199, 347.0, 553.0], "7": [52.94117647058824, 9.0, 17.0], "8": [88.88888888888889, 16.0, 18.0]}