{"0": [60.17857142857142, 337.0, 560.0], "1": [36.17021276595745, 17.0, 47.0], "2": [86.04651162790698, 37.0, 43.0], "3": [92.71137026239067, 318.0, 343.0], "4": [97.33333333333334, 146.0, 150.0], "5": [40.73033707865169, 145.0, 356.0], "6": [52.44122965641953, 290.0, 553.0], "7": [47.05882352941176, 8.0, 17.0], "8": [77.77777777777779, 14.0, 18.0]}