{"0": [25.83479789103691, 147.0, 569.0], "1": [53.191489361702125, 25.0, 47.0], "2": [95.45454545454545, 42.0, 44.0], "3": [71.875, 253.0, 352.0], "4": [79.33333333333333, 119.0, 150.0], "5": [40.273972602739725, 147.0, 365.0], "6": [52.02020202020202, 309.0, 594.0], "7": [94.11764705882352, 16.0, 17.0], "8": [83.33333333333334, 15.0, 18.0]}