{"0": [100.0, 284.0, 284.0], "1": [44.0, 11.0, 25.0], "2": [100.0, 22.0, 22.0], "3": [87.5, 154.0, 176.0], "4": [94.9367088607595, 75.0, 79.0], "5": [51.91256830601093, 95.0, 183.0], "6": [97.32441471571906, 291.0, 299.0], "7": [0.0, 0.0, 8.0], "8": [75.0, 6.0, 8.0]}