precision,accuracy,recall,duration
0.31126605596011514,0.3177570093457944,0.33990988514174,35.419999837875366
