{"0": [67.32142857142858, 377.0, 560.0], "1": [38.297872340425535, 18.0, 47.0], "2": [79.06976744186046, 34.0, 43.0], "3": [83.96501457725948, 288.0, 343.0], "4": [95.33333333333334, 143.0, 150.0], "5": [40.168539325842694, 143.0, 356.0], "6": [61.12115732368897, 338.0, 553.0], "7": [64.70588235294117, 11.0, 17.0], "8": [72.22222222222221, 13.0, 18.0]}