precision,accuracy,recall,duration
0.3728249362867179,0.3404255319148936,0.45556952837878284,396.9560830593109
