{"0": [54.82142857142858, 307.0, 560.0], "1": [36.17021276595745, 17.0, 47.0], "2": [93.02325581395348, 40.0, 43.0], "3": [69.09620991253644, 237.0, 343.0], "4": [89.33333333333333, 134.0, 150.0], "5": [40.44943820224719, 144.0, 356.0], "6": [55.51537070524412, 307.0, 553.0], "7": [64.70588235294117, 11.0, 17.0], "8": [77.77777777777779, 14.0, 18.0]}