precision,accuracy,recall,duration
0.2766046226696321,0.26671511627906974,0.32113382774085486,206.50894856452942
