{"0": [44.0, 33.0, 75.0], "1": [94.31818181818183, 83.0, 88.0], "2": [88.18181818181819, 97.0, 110.0], "3": [67.5, 351.0, 520.0], "4": [85.42713567839196, 170.0, 199.0], "5": [39.0625, 25.0, 64.0], "6": [82.8125, 212.0, 256.0], "7": [50.0, 1.0, 2.0], "8": [59.67741935483871, 37.0, 62.0]}