best_model_train_loss,best_model_val_loss,best_model_train_acc,best_model_val_acc,best_model_learning_rate,best_model_nb_epoch
0.5149558782577515,0.6967536211013794,0.3928707242012024,0.44843897223472595,0.0010000000474974513,31
