precision,accuracy,recall,duration
0.3867452315123191,0.44938505203405865,0.3793105435897025,510.5506601333618
