{"0": [47.27592267135325, 269.0, 569.0], "1": [36.17021276595745, 17.0, 47.0], "2": [90.9090909090909, 40.0, 44.0], "3": [53.69318181818182, 189.0, 352.0], "4": [96.0, 144.0, 150.0], "5": [44.38356164383562, 162.0, 365.0], "6": [60.437710437710436, 359.0, 594.0], "7": [82.35294117647058, 14.0, 17.0], "8": [50.0, 9.0, 18.0]}