precision,accuracy,recall,duration
0.33443079445145885,0.33900709219858155,0.4720103810450116,414.8853223323822
