{"0": [61.42857142857143, 344.0, 560.0], "1": [36.17021276595745, 17.0, 47.0], "2": [97.67441860465115, 42.0, 43.0], "3": [82.21574344023324, 282.0, 343.0], "4": [91.33333333333333, 137.0, 150.0], "5": [43.53932584269663, 155.0, 356.0], "6": [56.9620253164557, 315.0, 553.0], "7": [70.58823529411765, 12.0, 17.0], "8": [72.22222222222221, 13.0, 18.0]}