{"0": [66.49214659685863, 127.0, 191.0], "1": [64.28571428571429, 9.0, 14.0], "2": [87.5, 14.0, 16.0], "3": [54.23728813559322, 64.0, 118.0], "4": [90.0, 45.0, 50.0], "5": [39.166666666666664, 47.0, 120.0], "6": [64.64646464646465, 128.0, 198.0], "7": [50.0, 2.0, 4.0], "8": [100.0, 7.0, 7.0]}