precision,accuracy,recall,duration
0.3986579793940177,0.43812233285917496,0.3935307767309758,346.9381060600281
