{"0": [54.45026178010471, 104.0, 191.0], "1": [35.714285714285715, 5.0, 14.0], "2": [93.75, 15.0, 16.0], "3": [72.88135593220339, 86.0, 118.0], "4": [82.0, 41.0, 50.0], "5": [31.666666666666664, 38.0, 120.0], "6": [56.060606060606055, 111.0, 198.0], "7": [50.0, 2.0, 4.0], "8": [71.42857142857143, 5.0, 7.0]}