{"0": [16.16871704745167, 92.0, 569.0], "1": [42.5531914893617, 20.0, 47.0], "2": [86.36363636363636, 38.0, 44.0], "3": [82.67045454545455, 291.0, 352.0], "4": [84.66666666666667, 127.0, 150.0], "5": [38.9041095890411, 142.0, 365.0], "6": [47.13804713804714, 280.0, 594.0], "7": [100.0, 17.0, 17.0], "8": [83.33333333333334, 15.0, 18.0]}