{"0": [56.690140845070424, 161.0, 284.0], "1": [92.0, 23.0, 25.0], "2": [100.0, 22.0, 22.0], "3": [80.68181818181817, 142.0, 176.0], "4": [88.60759493670885, 70.0, 79.0], "5": [44.26229508196721, 81.0, 183.0], "6": [61.53846153846154, 184.0, 299.0], "7": [12.5, 1.0, 8.0], "8": [87.5, 7.0, 8.0]}