{"0": [100.0, 560.0, 560.0], "1": [31.914893617021278, 15.0, 47.0], "2": [100.0, 43.0, 43.0], "3": [74.9271137026239, 257.0, 343.0], "4": [86.0, 129.0, 150.0], "5": [35.674157303370784, 127.0, 356.0], "6": [55.87703435804702, 309.0, 553.0], "7": [23.52941176470588, 4.0, 17.0], "8": [61.111111111111114, 11.0, 18.0]}