{"0": [32.74647887323944, 93.0, 284.0], "1": [56.00000000000001, 14.0, 25.0], "2": [100.0, 22.0, 22.0], "3": [57.38636363636363, 101.0, 176.0], "4": [86.07594936708861, 68.0, 79.0], "5": [27.86885245901639, 51.0, 183.0], "6": [53.51170568561873, 160.0, 299.0], "7": [75.0, 6.0, 8.0], "8": [87.5, 7.0, 8.0]}