{"0": [58.523725834797894, 333.0, 569.0], "1": [36.17021276595745, 17.0, 47.0], "2": [90.9090909090909, 40.0, 44.0], "3": [88.63636363636364, 312.0, 352.0], "4": [90.0, 135.0, 150.0], "5": [41.64383561643836, 152.0, 365.0], "6": [63.2996632996633, 376.0, 594.0], "7": [41.17647058823529, 7.0, 17.0], "8": [77.77777777777779, 14.0, 18.0]}