precision,accuracy,recall,duration
0.27126443002906125,0.2652482269503546,0.24603634522509488,403.58984780311584
