precision,accuracy,recall,duration
0.2834097097498103,0.275177304964539,0.35987097604239193,404.14826345443726
