{"0": [25.0, 9.0, 36.0], "1": [42.857142857142854, 9.0, 21.0], "2": [85.71428571428571, 36.0, 42.0], "3": [71.38263665594855, 222.0, 311.0], "4": [74.72527472527473, 68.0, 91.0], "5": [96.55172413793103, 28.0, 29.0], "6": [79.88505747126436, 139.0, 174.0], "7": [NaN, 0.0, 0.0], "8": [0.0, 0.0, 1.0]}