{"0": [19.444444444444446, 7.0, 36.0], "1": [42.857142857142854, 9.0, 21.0], "2": [97.61904761904762, 41.0, 42.0], "3": [75.88424437299035, 236.0, 311.0], "4": [82.41758241758241, 75.0, 91.0], "5": [89.65517241379311, 26.0, 29.0], "6": [70.6896551724138, 123.0, 174.0], "7": [NaN, 0.0, 0.0], "8": [100.0, 1.0, 1.0]}