{"0": [59.16230366492147, 113.0, 191.0], "1": [92.85714285714286, 13.0, 14.0], "2": [100.0, 16.0, 16.0], "3": [75.42372881355932, 89.0, 118.0], "4": [84.0, 42.0, 50.0], "5": [45.0, 54.0, 120.0], "6": [62.62626262626263, 124.0, 198.0], "7": [0.0, 0.0, 4.0], "8": [100.0, 7.0, 7.0]}