precision,accuracy,recall,duration
0.36692438432213914,0.39159503342884433,0.3262592476260088,588.148451089859
