precision,accuracy,recall,duration
0.32254438876014696,0.2535344015080113,0.3124189633555175,613.1866233348846
