{"0": [29.629629629629626, 16.0, 54.0], "1": [54.54545454545454, 18.0, 33.0], "2": [75.86206896551724, 44.0, 58.0], "3": [90.53763440860216, 421.0, 465.0], "4": [85.1063829787234, 120.0, 141.0], "5": [22.22222222222222, 10.0, 45.0], "6": [60.91954022988506, 159.0, 261.0], "7": [NaN, 0.0, 0.0], "8": [100.0, 4.0, 4.0]}