{"0": [52.68817204301075, 147.0, 279.0], "1": [36.0, 9.0, 25.0], "2": [66.66666666666666, 14.0, 21.0], "3": [83.04093567251462, 142.0, 171.0], "4": [92.40506329113924, 73.0, 79.0], "5": [41.57303370786517, 74.0, 178.0], "6": [58.992805755395686, 164.0, 278.0], "7": [75.0, 6.0, 8.0], "8": [100.0, 8.0, 8.0]}