{"0": [58.34797891036907, 332.0, 569.0], "1": [36.17021276595745, 17.0, 47.0], "2": [86.36363636363636, 38.0, 44.0], "3": [73.57954545454545, 259.0, 352.0], "4": [96.66666666666667, 145.0, 150.0], "5": [39.726027397260275, 145.0, 365.0], "6": [59.427609427609426, 353.0, 594.0], "7": [64.70588235294117, 11.0, 17.0], "8": [77.77777777777779, 14.0, 18.0]}