{"0": [100.0, 279.0, 279.0], "1": [52.0, 13.0, 25.0], "2": [100.0, 21.0, 21.0], "3": [89.47368421052632, 153.0, 171.0], "4": [86.07594936708861, 68.0, 79.0], "5": [58.98876404494382, 105.0, 178.0], "6": [95.68345323741008, 266.0, 278.0], "7": [0.0, 0.0, 8.0], "8": [62.5, 5.0, 8.0]}