{"0": [65.0, 364.0, 560.0], "1": [40.42553191489361, 19.0, 47.0], "2": [100.0, 43.0, 43.0], "3": [95.04373177842565, 326.0, 343.0], "4": [96.66666666666667, 145.0, 150.0], "5": [41.29213483146067, 147.0, 356.0], "6": [57.68535262206148, 319.0, 553.0], "7": [58.82352941176471, 10.0, 17.0], "8": [61.111111111111114, 11.0, 18.0]}