precision,accuracy,recall,duration
0.3918569643888431,0.4265536723163842,0.3981496195439729,606.3324239253998
