precision,accuracy,recall,duration
0.3427901043858632,0.2723404255319149,0.43154905465028537,327.8746073246002
