{"0": [25.0, 9.0, 36.0], "1": [47.61904761904761, 10.0, 21.0], "2": [95.23809523809523, 40.0, 42.0], "3": [91.96141479099678, 286.0, 311.0], "4": [73.62637362637363, 67.0, 91.0], "5": [24.137931034482758, 7.0, 29.0], "6": [54.02298850574713, 94.0, 174.0], "7": [NaN, 0.0, 0.0], "8": [0.0, 0.0, 1.0]}