best_model_train_loss,best_model_val_loss,best_model_train_acc,best_model_val_acc,best_model_learning_rate,best_model_nb_epoch
0.47126713395118713,0.6353638768196106,0.43176621198654175,0.39376771450042725,0.0010000000474974513,84
