precision,accuracy,recall,duration
0.3576459113073162,0.3951841359773371,0.3800755911055092,1216.34512925148
