precision,accuracy,recall,duration
0.3819612717202954,0.435969868173258,0.3920068990339207,599.7485635280609
