{"0": [49.647887323943664, 141.0, 284.0], "1": [32.0, 8.0, 25.0], "2": [86.36363636363636, 19.0, 22.0], "3": [77.8409090909091, 137.0, 176.0], "4": [87.34177215189874, 69.0, 79.0], "5": [34.97267759562842, 64.0, 183.0], "6": [57.19063545150501, 171.0, 299.0], "7": [37.5, 3.0, 8.0], "8": [87.5, 7.0, 8.0]}