{"0": [65.42056074766354, 70.0, 107.0], "1": [31.746031746031743, 20.0, 63.0], "2": [91.22807017543859, 104.0, 114.0], "3": [65.38049303322614, 610.0, 933.0], "4": [68.29268292682927, 196.0, 287.0], "5": [19.101123595505616, 17.0, 89.0], "6": [50.09633911368015, 260.0, 519.0], "7": [NaN, 0.0, 0.0], "8": [66.66666666666666, 4.0, 6.0]}