best_model_train_loss,best_model_val_loss,best_model_train_acc,best_model_val_acc,best_model_learning_rate,best_model_nb_epoch
0.4339536726474762,1.5422272682189941,0.41506534814834595,0.3950795829296112,0.0010000000474974513,95
