precision,accuracy,recall,duration
0.3502075244559081,0.4109985528219971,0.37938783023170397,399.9862024784088
