{"0": [48.663101604278076, 91.0, 187.0], "1": [42.857142857142854, 6.0, 14.0], "2": [80.0, 12.0, 15.0], "3": [79.82456140350878, 91.0, 114.0], "4": [82.0, 41.0, 50.0], "5": [38.793103448275865, 45.0, 116.0], "6": [61.41304347826087, 113.0, 184.0], "7": [25.0, 1.0, 4.0], "8": [100.0, 7.0, 7.0]}