precision,accuracy,recall,duration
0.4205129205880562,0.46142788691902253,0.42922999349997043,856.7730498313904
