{"0": [55.892857142857146, 313.0, 560.0], "1": [29.78723404255319, 14.0, 47.0], "2": [100.0, 43.0, 43.0], "3": [59.475218658892125, 204.0, 343.0], "4": [85.33333333333334, 128.0, 150.0], "5": [36.235955056179776, 129.0, 356.0], "6": [49.90958408679928, 276.0, 553.0], "7": [47.05882352941176, 8.0, 17.0], "8": [50.0, 9.0, 18.0]}