{"0": [54.6572934973638, 311.0, 569.0], "1": [40.42553191489361, 19.0, 47.0], "2": [63.63636363636363, 28.0, 44.0], "3": [75.85227272727273, 267.0, 352.0], "4": [98.66666666666667, 148.0, 150.0], "5": [40.273972602739725, 147.0, 365.0], "6": [63.13131313131313, 375.0, 594.0], "7": [88.23529411764706, 15.0, 17.0], "8": [61.111111111111114, 11.0, 18.0]}