{"0": [67.13532513181019, 382.0, 569.0], "1": [31.914893617021278, 15.0, 47.0], "2": [97.72727272727273, 43.0, 44.0], "3": [87.5, 308.0, 352.0], "4": [97.33333333333334, 146.0, 150.0], "5": [42.73972602739726, 156.0, 365.0], "6": [62.45791245791246, 371.0, 594.0], "7": [58.82352941176471, 10.0, 17.0], "8": [72.22222222222221, 13.0, 18.0]}