precision,accuracy,recall,duration
0.3141822776647356,0.350844277673546,0.3338760913355234,81.51672625541687
