precision,accuracy,recall,duration
0.3100539626737865,0.301699716713881,0.37265589320360637,1191.4008655548096
