{"0": [54.20560747663551, 58.0, 107.0], "1": [42.857142857142854, 27.0, 63.0], "2": [76.31578947368422, 87.0, 114.0], "3": [83.92282958199357, 783.0, 933.0], "4": [79.44250871080139, 228.0, 287.0], "5": [25.842696629213485, 23.0, 89.0], "6": [52.02312138728323, 270.0, 519.0], "7": [NaN, 0.0, 0.0], "8": [50.0, 3.0, 6.0]}