precision,accuracy,recall,duration
0.2577594032643472,0.26600284495021337,0.29680416652045244,320.6585831642151
