{"0": [99.82425307557118, 568.0, 569.0], "1": [29.78723404255319, 14.0, 47.0], "2": [95.45454545454545, 42.0, 44.0], "3": [65.625, 231.0, 352.0], "4": [87.33333333333333, 131.0, 150.0], "5": [38.082191780821915, 139.0, 365.0], "6": [60.437710437710436, 359.0, 594.0], "7": [29.411764705882355, 5.0, 17.0], "8": [61.111111111111114, 11.0, 18.0]}