precision,accuracy,recall,duration
0.3328837959984723,0.39829302987197723,0.32004679559362087,321.50420117378235
