{"0": [53.403141361256544, 102.0, 191.0], "1": [85.71428571428571, 12.0, 14.0], "2": [100.0, 16.0, 16.0], "3": [66.94915254237289, 79.0, 118.0], "4": [76.0, 38.0, 50.0], "5": [37.5, 45.0, 120.0], "6": [68.68686868686868, 136.0, 198.0], "7": [25.0, 1.0, 4.0], "8": [100.0, 7.0, 7.0]}