precision,accuracy,recall,duration
0.34687610700143146,0.42105263157894735,0.33930494046065046,343.7480812072754
