{"0": [55.497382198952884, 106.0, 191.0], "1": [28.57142857142857, 4.0, 14.0], "2": [75.0, 12.0, 16.0], "3": [69.49152542372882, 82.0, 118.0], "4": [64.0, 32.0, 50.0], "5": [46.666666666666664, 56.0, 120.0], "6": [56.56565656565656, 112.0, 198.0], "7": [100.0, 4.0, 4.0], "8": [100.0, 7.0, 7.0]}