{"0": [61.60714285714286, 345.0, 560.0], "1": [34.04255319148936, 16.0, 47.0], "2": [95.34883720930233, 41.0, 43.0], "3": [88.0466472303207, 302.0, 343.0], "4": [92.66666666666666, 139.0, 150.0], "5": [44.38202247191011, 158.0, 356.0], "6": [56.05786618444847, 310.0, 553.0], "7": [64.70588235294117, 11.0, 17.0], "8": [50.0, 9.0, 18.0]}