precision,accuracy,recall,duration
0.260865268646269,0.32645403377110693,0.3872824565940121,2404.3382728099823
