{"0": [53.125, 17.0, 32.0], "1": [100.0, 19.0, 19.0], "2": [84.78260869565217, 39.0, 46.0], "3": [67.3469387755102, 165.0, 245.0], "4": [71.64179104477611, 48.0, 67.0], "5": [24.0, 6.0, 25.0], "6": [64.83516483516483, 59.0, 91.0], "7": [0.0, 0.0, 1.0], "8": [85.71428571428571, 6.0, 7.0]}