precision,accuracy,recall,duration
0.37423098712909114,0.2577903682719547,0.3509918460066462,601.8587574958801
