{"0": [29.629629629629626, 16.0, 54.0], "1": [54.54545454545454, 18.0, 33.0], "2": [89.65517241379311, 52.0, 58.0], "3": [85.80645161290322, 399.0, 465.0], "4": [84.89208633093526, 118.0, 139.0], "5": [24.444444444444443, 11.0, 45.0], "6": [65.13409961685824, 170.0, 261.0], "7": [NaN, 0.0, 0.0], "8": [50.0, 2.0, 4.0]}