{"0": [40.0, 4.0, 10.0], "1": [20.0, 1.0, 5.0], "2": [90.9090909090909, 10.0, 11.0], "3": [76.04166666666666, 73.0, 96.0], "4": [61.29032258064516, 19.0, 31.0], "5": [27.27272727272727, 3.0, 11.0], "6": [92.0, 46.0, 50.0], "7": [NaN, 0.0, 0.0], "8": [NaN, 0.0, 0.0]}