precision,accuracy,recall,duration
0.3358462304890876,0.42816500711237554,0.3728231043905441,349.5614788532257
