{"0": [45.0261780104712, 86.0, 191.0], "1": [35.714285714285715, 5.0, 14.0], "2": [81.25, 13.0, 16.0], "3": [63.559322033898304, 75.0, 118.0], "4": [74.0, 37.0, 50.0], "5": [55.833333333333336, 67.0, 120.0], "6": [62.62626262626263, 124.0, 198.0], "7": [50.0, 2.0, 4.0], "8": [100.0, 7.0, 7.0]}