precision,accuracy,recall,duration
0.2945017881470118,0.3342776203966006,0.3171764768861127,1192.3629739284515
