{"0": [100.0, 107.0, 107.0], "1": [47.61904761904761, 30.0, 63.0], "2": [86.8421052631579, 99.0, 114.0], "3": [65.59485530546624, 612.0, 933.0], "4": [85.36585365853658, 245.0, 287.0], "5": [22.47191011235955, 20.0, 89.0], "6": [56.64739884393064, 294.0, 519.0], "7": [NaN, 0.0, 0.0], "8": [50.0, 3.0, 6.0]}