precision,accuracy,recall,duration
0.2868855316847928,0.41935483870967744,0.3054778428361067,388.84484791755676
