{"0": [62.038664323374334, 353.0, 569.0], "1": [36.17021276595745, 17.0, 47.0], "2": [90.9090909090909, 40.0, 44.0], "3": [94.88636363636364, 334.0, 352.0], "4": [96.66666666666667, 145.0, 150.0], "5": [42.465753424657535, 155.0, 365.0], "6": [59.93265993265994, 356.0, 594.0], "7": [70.58823529411765, 12.0, 17.0], "8": [72.22222222222221, 13.0, 18.0]}