{"0": [53.75, 301.0, 560.0], "1": [36.17021276595745, 17.0, 47.0], "2": [100.0, 43.0, 43.0], "3": [56.85131195335277, 195.0, 343.0], "4": [93.33333333333333, 140.0, 150.0], "5": [36.51685393258427, 130.0, 356.0], "6": [53.70705244122965, 297.0, 553.0], "7": [76.47058823529412, 13.0, 17.0], "8": [66.66666666666666, 12.0, 18.0]}