precision,accuracy,recall,duration
0.2849623701536746,0.2072710103871577,0.2606127019032676,1193.0202822685242
