{"0": [21.49532710280374, 23.0, 107.0], "1": [42.857142857142854, 27.0, 63.0], "2": [89.47368421052632, 102.0, 114.0], "3": [90.46087888531619, 844.0, 933.0], "4": [95.47038327526133, 274.0, 287.0], "5": [97.75280898876404, 87.0, 89.0], "6": [61.27167630057804, 318.0, 519.0], "7": [NaN, 0.0, 0.0], "8": [66.66666666666666, 4.0, 6.0]}