precision,accuracy,recall,duration
0.35561532750436714,0.4163568773234201,0.29102445360419676,401.43294501304626
