{"0": [15.025906735751295, 29.0, 193.0], "1": [100.0, 59.0, 59.0], "2": [50.0, 12.0, 24.0], "3": [83.19327731092437, 99.0, 119.0], "4": [86.5979381443299, 84.0, 97.0], "5": [44.565217391304344, 41.0, 92.0], "6": [58.69565217391305, 108.0, 184.0], "7": [100.0, 39.0, 39.0], "8": [NaN, 0.0, 0.0]}