precision,accuracy,recall,duration
0.3885414498708673,0.26251180358829085,0.3236562829896624,1207.5013723373413
