{"0": [24.299065420560748, 26.0, 107.0], "1": [87.3015873015873, 55.0, 63.0], "2": [89.47368421052632, 102.0, 114.0], "3": [84.67309753483387, 790.0, 933.0], "4": [94.77351916376307, 272.0, 287.0], "5": [21.34831460674157, 19.0, 89.0], "6": [56.84007707129094, 295.0, 519.0], "7": [NaN, 0.0, 0.0], "8": [50.0, 3.0, 6.0]}