precision,accuracy,recall,duration
0.2929416360578732,0.4143920595533499,0.3083212298313297,396.0927188396454
