{"0": [60.45694200351493, 344.0, 569.0], "1": [48.93617021276596, 23.0, 47.0], "2": [84.0909090909091, 37.0, 44.0], "3": [96.5909090909091, 340.0, 352.0], "4": [90.0, 135.0, 150.0], "5": [43.28767123287671, 158.0, 365.0], "6": [47.81144781144781, 284.0, 594.0], "7": [17.647058823529413, 3.0, 17.0], "8": [83.33333333333334, 15.0, 18.0]}