precision,accuracy,recall,duration
0.3389822944090356,0.3404255319148936,0.47612100317500033,405.24098443984985
