{"0": [16.666666666666664, 6.0, 36.0], "1": [38.095238095238095, 8.0, 21.0], "2": [80.95238095238095, 34.0, 42.0], "3": [70.7395498392283, 220.0, 311.0], "4": [60.43956043956044, 55.0, 91.0], "5": [27.586206896551722, 8.0, 29.0], "6": [77.01149425287356, 134.0, 174.0], "7": [NaN, 0.0, 0.0], "8": [0.0, 0.0, 1.0]}