precision,accuracy,recall,duration
0.252367634759618,0.22662889518413598,0.29147893140040915,602.1208190917969
