{"0": [96.29629629629629, 52.0, 54.0], "1": [42.42424242424242, 14.0, 33.0], "2": [70.6896551724138, 41.0, 58.0], "3": [90.53763440860216, 421.0, 465.0], "4": [80.57553956834532, 112.0, 139.0], "5": [17.77777777777778, 8.0, 45.0], "6": [64.36781609195403, 168.0, 261.0], "7": [NaN, 0.0, 0.0], "8": [75.0, 3.0, 4.0]}