precision,accuracy,recall,duration
0.26287362118900326,0.38461538461538464,0.380228378382138,221.86041069030762
