{"0": [18.75, 6.0, 32.0], "1": [63.1578947368421, 12.0, 19.0], "2": [93.47826086956522, 43.0, 46.0], "3": [53.87755102040816, 132.0, 245.0], "4": [64.17910447761194, 43.0, 67.0], "5": [16.0, 4.0, 25.0], "6": [91.20879120879121, 83.0, 91.0], "7": [100.0, 1.0, 1.0], "8": [57.14285714285714, 4.0, 7.0]}