precision,accuracy,recall,duration
0.3691998003559587,0.33732630570196454,0.3864793185483714,974.6572365760803
