{"0": [79.46428571428571, 445.0, 560.0], "1": [40.42553191489361, 19.0, 47.0], "2": [97.67441860465115, 42.0, 43.0], "3": [67.05539358600583, 230.0, 343.0], "4": [98.0, 147.0, 150.0], "5": [40.168539325842694, 143.0, 356.0], "6": [62.38698010849909, 345.0, 553.0], "7": [5.88235294117647, 1.0, 17.0], "8": [61.111111111111114, 11.0, 18.0]}