{"0": [56.02094240837696, 107.0, 191.0], "1": [92.85714285714286, 13.0, 14.0], "2": [93.75, 15.0, 16.0], "3": [81.35593220338984, 96.0, 118.0], "4": [88.0, 44.0, 50.0], "5": [31.666666666666664, 38.0, 120.0], "6": [72.72727272727273, 144.0, 198.0], "7": [25.0, 1.0, 4.0], "8": [100.0, 7.0, 7.0]}