{"0": [56.42857142857143, 316.0, 560.0], "1": [42.5531914893617, 20.0, 47.0], "2": [100.0, 43.0, 43.0], "3": [79.59183673469387, 273.0, 343.0], "4": [94.66666666666667, 142.0, 150.0], "5": [47.19101123595505, 168.0, 356.0], "6": [56.41952983725136, 312.0, 553.0], "7": [82.35294117647058, 14.0, 17.0], "8": [44.44444444444444, 8.0, 18.0]}