precision,accuracy,recall,duration
0.2828947055003677,0.4094292803970223,0.3050165940456546,391.8367671966553
