{"0": [10.880829015544041, 21.0, 193.0], "1": [100.0, 59.0, 59.0], "2": [33.33333333333333, 8.0, 24.0], "3": [76.92307692307693, 90.0, 117.0], "4": [100.0, 98.0, 98.0], "5": [33.69565217391305, 31.0, 92.0], "6": [70.65217391304348, 130.0, 184.0], "7": [100.0, 39.0, 39.0], "8": [NaN, 0.0, 0.0]}