best_model_train_loss,best_model_val_loss,best_model_train_acc,best_model_val_acc,best_model_learning_rate,best_model_nb_epoch
0.43802160024642944,0.5297459959983826,0.43614181876182556,0.33900707960128784,0.0010000000474974513,99
