precision,accuracy,recall,duration
0.36223431659090755,0.33900709219858155,0.44284304142196734,414.5821681022644
