{"0": [19.444444444444446, 7.0, 36.0], "1": [66.66666666666666, 14.0, 21.0], "2": [73.80952380952381, 31.0, 42.0], "3": [65.27331189710611, 203.0, 311.0], "4": [79.12087912087912, 72.0, 91.0], "5": [20.689655172413794, 6.0, 29.0], "6": [76.4367816091954, 133.0, 174.0], "7": [NaN, 0.0, 0.0], "8": [0.0, 0.0, 1.0]}