precision,accuracy,recall,duration
0.328175055376016,0.313953488372093,0.3824510000749312,397.4021406173706
