{"0": [50.66666666666667, 38.0, 75.0], "1": [65.9090909090909, 58.0, 88.0], "2": [89.0909090909091, 98.0, 110.0], "3": [64.61538461538461, 336.0, 520.0], "4": [69.84924623115577, 139.0, 199.0], "5": [39.0625, 25.0, 64.0], "6": [87.890625, 225.0, 256.0], "7": [50.0, 1.0, 2.0], "8": [38.70967741935484, 24.0, 62.0]}