{"0": [29.701230228471005, 169.0, 569.0], "1": [44.680851063829785, 21.0, 47.0], "2": [84.0909090909091, 37.0, 44.0], "3": [53.40909090909091, 188.0, 352.0], "4": [97.33333333333334, 146.0, 150.0], "5": [41.64383561643836, 152.0, 365.0], "6": [60.60606060606061, 360.0, 594.0], "7": [76.47058823529412, 13.0, 17.0], "8": [55.55555555555556, 10.0, 18.0]}