precision,accuracy,recall,duration
0.32522646513455006,0.3375886524822695,0.4715987513599961,417.96021032333374
