{"0": [56.42857142857143, 316.0, 560.0], "1": [40.42553191489361, 19.0, 47.0], "2": [100.0, 43.0, 43.0], "3": [57.14285714285714, 196.0, 343.0], "4": [86.0, 129.0, 150.0], "5": [39.04494382022472, 139.0, 356.0], "6": [53.52622061482821, 296.0, 553.0], "7": [64.70588235294117, 11.0, 17.0], "8": [83.33333333333334, 15.0, 18.0]}