precision,accuracy,recall,duration
0.3429342217742926,0.3375886524822695,0.43057348037574966,325.81041646003723
