precision,accuracy,recall,duration
0.3675575796591725,0.384180790960452,0.37497408624460005,598.3081791400909
