{"0": [49.647887323943664, 141.0, 284.0], "1": [28.000000000000004, 7.0, 25.0], "2": [63.63636363636363, 14.0, 22.0], "3": [91.47727272727273, 161.0, 176.0], "4": [89.87341772151899, 71.0, 79.0], "5": [41.53005464480874, 76.0, 183.0], "6": [64.88294314381271, 194.0, 299.0], "7": [50.0, 4.0, 8.0], "8": [87.5, 7.0, 8.0]}