precision,accuracy,recall,duration
0.3100056686062795,0.42555831265508687,0.30599533039083987,395.7970976829529
