best_model_train_loss,best_model_val_loss,best_model_train_acc,best_model_val_acc,best_model_learning_rate,best_model_nb_epoch
0.4988725781440735,1.4838356971740723,0.3084915280342102,0.36607569456100464,0.0010000000474974513,94
