precision,accuracy,recall,duration
0.36225971913313576,0.34882606612362244,0.3292021814806966,931.5148165225983
