{"0": [55.17857142857143, 309.0, 560.0], "1": [89.36170212765957, 42.0, 47.0], "2": [97.67441860465115, 42.0, 43.0], "3": [77.84256559766763, 267.0, 343.0], "4": [89.33333333333333, 134.0, 150.0], "5": [47.47191011235955, 169.0, 356.0], "6": [69.07775768535262, 382.0, 553.0], "7": [0.0, 0.0, 17.0], "8": [77.77777777777779, 14.0, 18.0]}