{"0": [61.335676625659055, 349.0, 569.0], "1": [36.17021276595745, 17.0, 47.0], "2": [95.45454545454545, 42.0, 44.0], "3": [52.55681818181818, 185.0, 352.0], "4": [86.0, 129.0, 150.0], "5": [38.9041095890411, 142.0, 365.0], "6": [60.1010101010101, 357.0, 594.0], "7": [70.58823529411765, 12.0, 17.0], "8": [77.77777777777779, 14.0, 18.0]}