precision,accuracy,recall,duration
0.3247352866514106,0.3574468085106383,0.48763535636618394,415.09294390678406
