{"0": [55.00000000000001, 308.0, 560.0], "1": [36.17021276595745, 17.0, 47.0], "2": [93.02325581395348, 40.0, 43.0], "3": [58.309037900874635, 200.0, 343.0], "4": [95.33333333333334, 143.0, 150.0], "5": [37.07865168539326, 132.0, 356.0], "6": [52.62206148282098, 291.0, 553.0], "7": [64.70588235294117, 11.0, 17.0], "8": [72.22222222222221, 13.0, 18.0]}