precision,accuracy,recall,duration
0.3543869898547307,0.3730496453900709,0.4859712456175479,411.957227230072
