{"0": [25.0, 9.0, 36.0], "1": [33.33333333333333, 7.0, 21.0], "2": [88.09523809523809, 37.0, 42.0], "3": [67.84565916398714, 211.0, 311.0], "4": [48.35164835164835, 44.0, 91.0], "5": [27.586206896551722, 8.0, 29.0], "6": [72.41379310344827, 126.0, 174.0], "7": [NaN, 0.0, 0.0], "8": [0.0, 0.0, 1.0]}