{"0": [59.285714285714285, 332.0, 560.0], "1": [38.297872340425535, 18.0, 47.0], "2": [100.0, 43.0, 43.0], "3": [79.88338192419825, 274.0, 343.0], "4": [90.66666666666666, 136.0, 150.0], "5": [44.38202247191011, 158.0, 356.0], "6": [52.44122965641953, 290.0, 553.0], "7": [47.05882352941176, 8.0, 17.0], "8": [72.22222222222221, 13.0, 18.0]}