precision,accuracy,recall,duration
0.35536304012894804,0.3232799245994345,0.3381637994186215,609.2866597175598
