precision,accuracy,recall,duration
0.38076124214101026,0.40681173131504256,0.35369516986257094,1195.557297706604
