{"0": [27.77777777777778, 15.0, 54.0], "1": [57.57575757575758, 19.0, 33.0], "2": [77.58620689655173, 45.0, 58.0], "3": [81.29032258064515, 378.0, 465.0], "4": [75.177304964539, 106.0, 141.0], "5": [22.22222222222222, 10.0, 45.0], "6": [54.02298850574713, 141.0, 261.0], "7": [NaN, 0.0, 0.0], "8": [100.0, 4.0, 4.0]}