{"0": [53.427065026362044, 304.0, 569.0], "1": [36.17021276595745, 17.0, 47.0], "2": [81.81818181818183, 36.0, 44.0], "3": [69.31818181818183, 244.0, 352.0], "4": [97.33333333333334, 146.0, 150.0], "5": [40.821917808219176, 149.0, 365.0], "6": [63.13131313131313, 375.0, 594.0], "7": [70.58823529411765, 12.0, 17.0], "8": [72.22222222222221, 13.0, 18.0]}