precision,accuracy,recall,duration
0.3466557827230529,0.279508970727101,0.3488650574953946,606.6598324775696
