{"0": [25.925925925925924, 14.0, 54.0], "1": [45.45454545454545, 15.0, 33.0], "2": [84.48275862068965, 49.0, 58.0], "3": [73.33333333333333, 341.0, 465.0], "4": [83.45323741007195, 116.0, 139.0], "5": [44.44444444444444, 20.0, 45.0], "6": [78.9272030651341, 206.0, 261.0], "7": [NaN, 0.0, 0.0], "8": [50.0, 2.0, 4.0]}