precision,accuracy,recall,duration
0.22568195201075195,0.1882267441860465,0.30743521468823887,780.9890441894531
