{"0": [70.66666666666667, 53.0, 75.0], "1": [55.68181818181818, 49.0, 88.0], "2": [99.0909090909091, 109.0, 110.0], "3": [77.11538461538461, 401.0, 520.0], "4": [100.0, 199.0, 199.0], "5": [82.8125, 53.0, 64.0], "6": [86.328125, 221.0, 256.0], "7": [0.0, 0.0, 2.0], "8": [51.61290322580645, 32.0, 62.0]}