precision,accuracy,recall,duration
0.28551968021335195,0.41811414392059554,0.30223278858481983,406.1952245235443
