{"0": [9.32642487046632, 18.0, 193.0], "1": [100.0, 59.0, 59.0], "2": [41.66666666666667, 10.0, 24.0], "3": [72.64957264957265, 85.0, 117.0], "4": [100.0, 98.0, 98.0], "5": [34.78260869565217, 32.0, 92.0], "6": [69.56521739130434, 128.0, 184.0], "7": [100.0, 39.0, 39.0], "8": [NaN, 0.0, 0.0]}