precision,accuracy,recall,duration
0.36408064424940134,0.37850467289719625,0.49187211981566825,74.09080719947815
