precision,accuracy,recall,duration
0.27692253316737575,0.3237822349570201,0.3273247182729279,596.7910029888153
