{"0": [100.0, 279.0, 279.0], "1": [32.0, 8.0, 25.0], "2": [95.23809523809523, 20.0, 21.0], "3": [58.47953216374269, 100.0, 171.0], "4": [89.87341772151899, 71.0, 79.0], "5": [37.640449438202246, 67.0, 178.0], "6": [54.67625899280576, 152.0, 278.0], "7": [37.5, 3.0, 8.0], "8": [100.0, 8.0, 8.0]}