precision,accuracy,recall,duration
0.39809674089641234,0.44950213371266,0.4061813154739883,317.2172751426697
