{"0": [50.26178010471204, 96.0, 191.0], "1": [35.714285714285715, 5.0, 14.0], "2": [93.75, 15.0, 16.0], "3": [59.32203389830508, 70.0, 118.0], "4": [78.0, 39.0, 50.0], "5": [33.33333333333333, 40.0, 120.0], "6": [65.65656565656566, 130.0, 198.0], "7": [50.0, 2.0, 4.0], "8": [71.42857142857143, 5.0, 7.0]}