precision,accuracy,recall,duration
0.3859406325297264,0.4531693472090823,0.40175895101910286,1241.4030380249023
