{"0": [53.95430579964851, 307.0, 569.0], "1": [31.914893617021278, 15.0, 47.0], "2": [79.54545454545455, 35.0, 44.0], "3": [64.77272727272727, 228.0, 352.0], "4": [86.0, 129.0, 150.0], "5": [34.24657534246575, 125.0, 365.0], "6": [55.55555555555556, 330.0, 594.0], "7": [35.294117647058826, 6.0, 17.0], "8": [100.0, 18.0, 18.0]}