{"0": [60.45694200351493, 344.0, 569.0], "1": [36.17021276595745, 17.0, 47.0], "2": [81.81818181818183, 36.0, 44.0], "3": [53.125, 187.0, 352.0], "4": [96.0, 144.0, 150.0], "5": [37.80821917808219, 138.0, 365.0], "6": [57.744107744107744, 343.0, 594.0], "7": [47.05882352941176, 8.0, 17.0], "8": [77.77777777777779, 14.0, 18.0]}