precision,accuracy,recall,duration
0.3322591777826423,0.37771345875542695,0.34507181891700156,399.0704126358032
