{"0": [54.54545454545454, 102.0, 187.0], "1": [85.71428571428571, 12.0, 14.0], "2": [93.33333333333333, 14.0, 15.0], "3": [78.0701754385965, 89.0, 114.0], "4": [72.0, 36.0, 50.0], "5": [36.206896551724135, 42.0, 116.0], "6": [69.56521739130434, 128.0, 184.0], "7": [0.0, 0.0, 4.0], "8": [100.0, 7.0, 7.0]}