precision,accuracy,recall,duration
0.29911910131863534,0.34183191690273845,0.3594214448405845,596.4188332557678
