{"0": [62.96296296296296, 34.0, 54.0], "1": [33.33333333333333, 11.0, 33.0], "2": [79.3103448275862, 46.0, 58.0], "3": [72.90322580645162, 339.0, 465.0], "4": [75.53956834532374, 105.0, 139.0], "5": [20.0, 9.0, 45.0], "6": [57.47126436781609, 150.0, 261.0], "7": [NaN, 0.0, 0.0], "8": [75.0, 3.0, 4.0]}