{"0": [28.57142857142857, 160.0, 560.0], "1": [42.5531914893617, 20.0, 47.0], "2": [93.02325581395348, 40.0, 43.0], "3": [59.7667638483965, 205.0, 343.0], "4": [90.0, 135.0, 150.0], "5": [30.61797752808989, 109.0, 356.0], "6": [52.62206148282098, 291.0, 553.0], "7": [58.82352941176471, 10.0, 17.0], "8": [88.88888888888889, 16.0, 18.0]}