{"0": [67.01570680628272, 128.0, 191.0], "1": [35.714285714285715, 5.0, 14.0], "2": [68.75, 11.0, 16.0], "3": [66.10169491525424, 78.0, 118.0], "4": [92.0, 46.0, 50.0], "5": [40.0, 48.0, 120.0], "6": [72.22222222222221, 143.0, 198.0], "7": [50.0, 2.0, 4.0], "8": [100.0, 7.0, 7.0]}