{"0": [50.96660808435852, 290.0, 569.0], "1": [38.297872340425535, 18.0, 47.0], "2": [93.18181818181817, 41.0, 44.0], "3": [78.69318181818183, 277.0, 352.0], "4": [87.33333333333333, 131.0, 150.0], "5": [38.35616438356164, 140.0, 365.0], "6": [58.24915824915825, 346.0, 594.0], "7": [47.05882352941176, 8.0, 17.0], "8": [88.88888888888889, 16.0, 18.0]}