precision,accuracy,recall,duration
0.3553587691026274,0.4576271186440678,0.34482502259855385,625.5023145675659
