{"0": [46.83098591549296, 133.0, 284.0], "1": [64.0, 16.0, 25.0], "2": [90.9090909090909, 20.0, 22.0], "3": [46.02272727272727, 81.0, 176.0], "4": [75.9493670886076, 60.0, 79.0], "5": [36.6120218579235, 67.0, 183.0], "6": [68.22742474916387, 204.0, 299.0], "7": [62.5, 5.0, 8.0], "8": [100.0, 8.0, 8.0]}