{"0": [58.92857142857143, 330.0, 560.0], "1": [31.914893617021278, 15.0, 47.0], "2": [93.02325581395348, 40.0, 43.0], "3": [74.9271137026239, 257.0, 343.0], "4": [96.66666666666667, 145.0, 150.0], "5": [38.764044943820224, 138.0, 356.0], "6": [54.79204339963834, 303.0, 553.0], "7": [58.82352941176471, 10.0, 17.0], "8": [94.44444444444444, 17.0, 18.0]}