precision,accuracy,recall,duration
0.3657284371164573,0.4284369114877589,0.36291448848088376,571.8123753070831
