precision,accuracy,recall,duration
0.3587594879836262,0.3919501677048395,0.38142382824438265,929.643119096756
