{"0": [50.17857142857143, 281.0, 560.0], "1": [51.06382978723404, 24.0, 47.0], "2": [86.04651162790698, 37.0, 43.0], "3": [86.58892128279884, 297.0, 343.0], "4": [92.66666666666666, 139.0, 150.0], "5": [40.44943820224719, 144.0, 356.0], "6": [59.85533453887884, 331.0, 553.0], "7": [17.647058823529413, 3.0, 17.0], "8": [72.22222222222221, 13.0, 18.0]}