precision,accuracy,recall,duration
0.3383642960729488,0.3148936170212766,0.4490178552343611,422.83182430267334
