{"0": [58.03571428571429, 325.0, 560.0], "1": [36.17021276595745, 17.0, 47.0], "2": [95.34883720930233, 41.0, 43.0], "3": [89.21282798833819, 306.0, 343.0], "4": [90.0, 135.0, 150.0], "5": [41.29213483146067, 147.0, 356.0], "6": [56.78119349005425, 314.0, 553.0], "7": [70.58823529411765, 12.0, 17.0], "8": [55.55555555555556, 10.0, 18.0]}