{"0": [22.22222222222222, 8.0, 36.0], "1": [47.61904761904761, 10.0, 21.0], "2": [78.57142857142857, 33.0, 42.0], "3": [68.16720257234726, 212.0, 311.0], "4": [62.637362637362635, 57.0, 91.0], "5": [27.586206896551722, 8.0, 29.0], "6": [89.08045977011494, 155.0, 174.0], "7": [NaN, 0.0, 0.0], "8": [0.0, 0.0, 1.0]}