precision,accuracy,recall,duration
0.3439341927623015,0.29645390070921984,0.45314982243503515,416.43466567993164
