{"0": [19.444444444444446, 7.0, 36.0], "1": [33.33333333333333, 7.0, 21.0], "2": [83.33333333333334, 35.0, 42.0], "3": [75.56270096463022, 235.0, 311.0], "4": [86.81318681318682, 79.0, 91.0], "5": [20.689655172413794, 6.0, 29.0], "6": [72.98850574712644, 127.0, 174.0], "7": [NaN, 0.0, 0.0], "8": [0.0, 0.0, 1.0]}