{"0": [56.607142857142854, 317.0, 560.0], "1": [34.04255319148936, 16.0, 47.0], "2": [81.3953488372093, 35.0, 43.0], "3": [71.7201166180758, 246.0, 343.0], "4": [89.33333333333333, 134.0, 150.0], "5": [39.325842696629216, 140.0, 356.0], "6": [57.50452079566004, 318.0, 553.0], "7": [58.82352941176471, 10.0, 17.0], "8": [83.33333333333334, 15.0, 18.0]}