precision,accuracy,recall,duration
0.3431423833690039,0.3888888888888889,0.33422062453346657,607.3434834480286
