{"0": [49.29577464788733, 140.0, 284.0], "1": [92.0, 23.0, 25.0], "2": [95.45454545454545, 21.0, 22.0], "3": [80.68181818181817, 142.0, 176.0], "4": [78.48101265822784, 62.0, 79.0], "5": [35.51912568306011, 65.0, 183.0], "6": [70.23411371237458, 210.0, 299.0], "7": [0.0, 0.0, 8.0], "8": [100.0, 8.0, 8.0]}