precision,accuracy,recall,duration
0.2736293538223123,0.3177570093457944,0.33708699902248285,35.40435433387756
