best_model_train_loss,best_model_val_loss,best_model_train_acc,best_model_val_acc,best_model_learning_rate,best_model_nb_epoch
0.48214787244796753,0.5556944608688354,0.40045708417892456,0.3716981112957001,0.0010000000474974513,44
