precision,accuracy,recall,duration
0.35840379548368895,0.3509933774834437,0.3018756069993526,1203.1119499206543
