precision,accuracy,recall,duration
0.38358054716549844,0.3580188679245283,0.3741308627252541,951.3242492675781
