{"0": [57.46924428822495, 327.0, 569.0], "1": [42.5531914893617, 20.0, 47.0], "2": [81.81818181818183, 36.0, 44.0], "3": [90.9090909090909, 320.0, 352.0], "4": [97.33333333333334, 146.0, 150.0], "5": [42.73972602739726, 156.0, 365.0], "6": [64.3097643097643, 382.0, 594.0], "7": [76.47058823529412, 13.0, 17.0], "8": [77.77777777777779, 14.0, 18.0]}