{"0": [27.102803738317753, 29.0, 107.0], "1": [46.03174603174603, 29.0, 63.0], "2": [88.59649122807018, 101.0, 114.0], "3": [65.4876741693462, 611.0, 933.0], "4": [88.58131487889274, 256.0, 289.0], "5": [40.44943820224719, 36.0, 89.0], "6": [57.03275529865125, 296.0, 519.0], "7": [NaN, 0.0, 0.0], "8": [50.0, 3.0, 6.0]}