{"0": [61.648745519713266, 172.0, 279.0], "1": [44.0, 11.0, 25.0], "2": [90.47619047619048, 19.0, 21.0], "3": [78.94736842105263, 135.0, 171.0], "4": [78.48101265822784, 62.0, 79.0], "5": [69.66292134831461, 124.0, 178.0], "6": [82.73381294964028, 230.0, 278.0], "7": [25.0, 2.0, 8.0], "8": [87.5, 7.0, 8.0]}