precision,accuracy,recall,duration
0.33619753837145144,0.3661360347322721,0.322648834502776,399.7442991733551
