{"0": [54.54545454545454, 102.0, 187.0], "1": [85.71428571428571, 12.0, 14.0], "2": [100.0, 15.0, 15.0], "3": [81.57894736842105, 93.0, 114.0], "4": [80.0, 40.0, 50.0], "5": [43.103448275862064, 50.0, 116.0], "6": [64.67391304347827, 119.0, 184.0], "7": [0.0, 0.0, 4.0], "8": [100.0, 7.0, 7.0]}