{"0": [65.89285714285714, 369.0, 560.0], "1": [31.914893617021278, 15.0, 47.0], "2": [95.34883720930233, 41.0, 43.0], "3": [88.62973760932945, 304.0, 343.0], "4": [94.66666666666667, 142.0, 150.0], "5": [41.853932584269664, 149.0, 356.0], "6": [55.69620253164557, 308.0, 553.0], "7": [29.411764705882355, 5.0, 17.0], "8": [77.77777777777779, 14.0, 18.0]}