{"0": [53.25131810193322, 303.0, 569.0], "1": [38.297872340425535, 18.0, 47.0], "2": [75.0, 33.0, 44.0], "3": [88.92045454545455, 313.0, 352.0], "4": [96.66666666666667, 145.0, 150.0], "5": [39.726027397260275, 145.0, 365.0], "6": [59.59595959595959, 354.0, 594.0], "7": [76.47058823529412, 13.0, 17.0], "8": [66.66666666666666, 12.0, 18.0]}