{"0": [34.154929577464785, 97.0, 284.0], "1": [48.0, 12.0, 25.0], "2": [95.45454545454545, 21.0, 22.0], "3": [69.31818181818183, 122.0, 176.0], "4": [81.0126582278481, 64.0, 79.0], "5": [34.97267759562842, 64.0, 183.0], "6": [52.84280936454849, 158.0, 299.0], "7": [75.0, 6.0, 8.0], "8": [87.5, 7.0, 8.0]}