precision,accuracy,recall,duration
0.39308811301932367,0.44030563514804205,0.3636948555877921,602.5791101455688
