precision,accuracy,recall,duration
0.35506369770743096,0.300709219858156,0.47512263224463386,406.9403438568115
