{"0": [49.82078853046595, 139.0, 279.0], "1": [24.0, 6.0, 25.0], "2": [85.71428571428571, 18.0, 21.0], "3": [74.85380116959064, 128.0, 171.0], "4": [86.07594936708861, 68.0, 79.0], "5": [35.39325842696629, 63.0, 178.0], "6": [54.31654676258992, 151.0, 278.0], "7": [62.5, 5.0, 8.0], "8": [100.0, 8.0, 8.0]}