{"0": [19.444444444444446, 7.0, 36.0], "1": [28.57142857142857, 6.0, 21.0], "2": [78.57142857142857, 33.0, 42.0], "3": [83.92282958199357, 261.0, 311.0], "4": [79.12087912087912, 72.0, 91.0], "5": [20.689655172413794, 6.0, 29.0], "6": [62.06896551724138, 108.0, 174.0], "7": [NaN, 0.0, 0.0], "8": [0.0, 0.0, 1.0]}