precision,accuracy,recall,duration
0.3487675150408914,0.3347517730496454,0.44189018107043015,424.2159044742584
