{"0": [22.22222222222222, 8.0, 36.0], "1": [47.61904761904761, 10.0, 21.0], "2": [83.33333333333334, 35.0, 42.0], "3": [61.7363344051447, 192.0, 311.0], "4": [86.81318681318682, 79.0, 91.0], "5": [20.689655172413794, 6.0, 29.0], "6": [79.88505747126436, 139.0, 174.0], "7": [NaN, 0.0, 0.0], "8": [0.0, 0.0, 1.0]}