{"0": [63.44463971880492, 361.0, 569.0], "1": [31.914893617021278, 15.0, 47.0], "2": [93.18181818181817, 41.0, 44.0], "3": [90.3409090909091, 318.0, 352.0], "4": [96.66666666666667, 145.0, 150.0], "5": [42.73972602739726, 156.0, 365.0], "6": [58.417508417508415, 347.0, 594.0], "7": [76.47058823529412, 13.0, 17.0], "8": [83.33333333333334, 15.0, 18.0]}