precision,accuracy,recall,duration
0.35359586415716865,0.4225526641883519,0.28882443543876923,396.9090518951416
