{"0": [10.362694300518134, 20.0, 193.0], "1": [100.0, 59.0, 59.0], "2": [54.166666666666664, 13.0, 24.0], "3": [82.35294117647058, 98.0, 119.0], "4": [85.56701030927834, 83.0, 97.0], "5": [47.82608695652174, 44.0, 92.0], "6": [59.78260869565217, 110.0, 184.0], "7": [100.0, 39.0, 39.0], "8": [NaN, 0.0, 0.0]}