precision,accuracy,recall,duration
0.3907362775668688,0.3078014184397163,0.45557199156082995,409.6758632659912
