precision,accuracy,recall,duration
0.3487385939262876,0.396370582617001,0.34605613812195707,589.238685131073
