{"0": [43.36917562724014, 121.0, 279.0], "1": [40.0, 10.0, 25.0], "2": [100.0, 21.0, 21.0], "3": [73.09941520467837, 125.0, 171.0], "4": [74.68354430379746, 59.0, 79.0], "5": [48.31460674157304, 86.0, 178.0], "6": [71.58273381294964, 199.0, 278.0], "7": [50.0, 4.0, 8.0], "8": [87.5, 7.0, 8.0]}