precision,accuracy,recall,duration
0.2966697694660042,0.29745042492917845,0.25849097645738195,608.6154727935791
