{"0": [27.77777777777778, 15.0, 54.0], "1": [84.84848484848484, 28.0, 33.0], "2": [87.93103448275862, 51.0, 58.0], "3": [69.6774193548387, 324.0, 465.0], "4": [71.22302158273382, 99.0, 139.0], "5": [48.888888888888886, 22.0, 45.0], "6": [77.01149425287356, 201.0, 261.0], "7": [NaN, 0.0, 0.0], "8": [100.0, 4.0, 4.0]}