precision,accuracy,recall,duration
0.2924740444303936,0.21340887629839472,0.24348842440809385,1193.0676100254059
