{"0": [24.299065420560748, 26.0, 107.0], "1": [34.92063492063492, 22.0, 63.0], "2": [86.8421052631579, 99.0, 114.0], "3": [82.85101822079314, 773.0, 933.0], "4": [96.16724738675958, 276.0, 287.0], "5": [100.0, 89.0, 89.0], "6": [72.44701348747591, 376.0, 519.0], "7": [NaN, 0.0, 0.0], "8": [83.33333333333334, 5.0, 6.0]}