precision,accuracy,recall,duration
0.3209385680962707,0.3177304964539007,0.4495341833184166,408.4388544559479
