{"0": [16.666666666666664, 6.0, 36.0], "1": [47.61904761904761, 10.0, 21.0], "2": [90.47619047619048, 38.0, 42.0], "3": [67.84565916398714, 211.0, 311.0], "4": [53.84615384615385, 49.0, 91.0], "5": [27.586206896551722, 8.0, 29.0], "6": [91.37931034482759, 159.0, 174.0], "7": [NaN, 0.0, 0.0], "8": [0.0, 0.0, 1.0]}