precision,accuracy,recall,duration
0.2650375221323694,0.300709219858156,0.323422293540932,404.99287128448486
