{"0": [50.0, 18.0, 36.0], "1": [38.095238095238095, 8.0, 21.0], "2": [88.09523809523809, 37.0, 42.0], "3": [80.06430868167203, 249.0, 311.0], "4": [67.03296703296702, 61.0, 91.0], "5": [20.689655172413794, 6.0, 29.0], "6": [64.9425287356322, 113.0, 174.0], "7": [NaN, 0.0, 0.0], "8": [100.0, 1.0, 1.0]}