precision,accuracy,recall,duration
0.4020082285875612,0.44096728307254623,0.40084381406058417,322.2035894393921
