{"0": [50.26178010471204, 96.0, 191.0], "1": [28.57142857142857, 4.0, 14.0], "2": [81.25, 13.0, 16.0], "3": [55.932203389830505, 66.0, 118.0], "4": [88.0, 44.0, 50.0], "5": [35.0, 42.0, 120.0], "6": [68.18181818181817, 135.0, 198.0], "7": [50.0, 2.0, 4.0], "8": [85.71428571428571, 6.0, 7.0]}