precision,accuracy,recall,duration
0.37071617141562235,0.3900335409678965,0.3520398107125269,946.0705766677856
