precision,accuracy,recall,duration
0.37938543619651005,0.25471698113207547,0.32924011810541287,959.3767709732056
