{"0": [55.35714285714286, 310.0, 560.0], "1": [53.191489361702125, 25.0, 47.0], "2": [97.67441860465115, 42.0, 43.0], "3": [73.17784256559767, 251.0, 343.0], "4": [98.66666666666667, 148.0, 150.0], "5": [42.69662921348314, 152.0, 356.0], "6": [59.13200723327306, 327.0, 553.0], "7": [58.82352941176471, 10.0, 17.0], "8": [44.44444444444444, 8.0, 18.0]}