{"0": [24.299065420560748, 26.0, 107.0], "1": [52.38095238095239, 33.0, 63.0], "2": [92.10526315789474, 105.0, 114.0], "3": [91.96141479099678, 858.0, 933.0], "4": [85.46712802768167, 247.0, 289.0], "5": [38.20224719101123, 34.0, 89.0], "6": [52.601156069364166, 273.0, 519.0], "7": [NaN, 0.0, 0.0], "8": [66.66666666666666, 4.0, 6.0]}