{"0": [100.0, 191.0, 191.0], "1": [35.714285714285715, 5.0, 14.0], "2": [93.75, 15.0, 16.0], "3": [88.13559322033898, 104.0, 118.0], "4": [86.0, 43.0, 50.0], "5": [48.333333333333336, 58.0, 120.0], "6": [80.3030303030303, 159.0, 198.0], "7": [50.0, 2.0, 4.0], "8": [85.71428571428571, 6.0, 7.0]}