precision,accuracy,recall,duration
0.36710588597298555,0.3645390070921986,0.47991087763605045,406.55111265182495
