{"0": [19.444444444444446, 7.0, 36.0], "1": [38.095238095238095, 8.0, 21.0], "2": [85.71428571428571, 36.0, 42.0], "3": [70.41800643086816, 219.0, 311.0], "4": [79.12087912087912, 72.0, 91.0], "5": [17.24137931034483, 5.0, 29.0], "6": [58.04597701149425, 101.0, 174.0], "7": [NaN, 0.0, 0.0], "8": [0.0, 0.0, 1.0]}