{"0": [56.96428571428571, 319.0, 560.0], "1": [34.04255319148936, 16.0, 47.0], "2": [72.09302325581395, 31.0, 43.0], "3": [78.71720116618076, 270.0, 343.0], "4": [99.33333333333333, 149.0, 150.0], "5": [38.764044943820224, 138.0, 356.0], "6": [60.397830018083184, 334.0, 553.0], "7": [76.47058823529412, 13.0, 17.0], "8": [66.66666666666666, 12.0, 18.0]}