{"0": [56.14973262032086, 105.0, 187.0], "1": [92.85714285714286, 13.0, 14.0], "2": [80.0, 12.0, 15.0], "3": [75.43859649122807, 86.0, 114.0], "4": [84.0, 42.0, 50.0], "5": [41.37931034482759, 48.0, 116.0], "6": [69.56521739130434, 128.0, 184.0], "7": [25.0, 1.0, 4.0], "8": [100.0, 7.0, 7.0]}