precision,accuracy,recall,duration
0.3359393021098154,0.32630813953488375,0.37425878899133624,818.6356620788574
