{"0": [76.40449438202246, 68.0, 89.0], "1": [62.06896551724138, 36.0, 58.0], "2": [95.0354609929078, 134.0, 141.0], "3": [57.8125, 333.0, 576.0], "4": [76.34408602150538, 142.0, 186.0], "5": [30.666666666666664, 23.0, 75.0], "6": [87.56218905472637, 176.0, 201.0], "7": [50.0, 3.0, 6.0], "8": [27.27272727272727, 12.0, 44.0]}