precision,accuracy,recall,duration
0.32779173238687837,0.4573082489146165,0.3355088616191192,384.5131850242615
