{"0": [52.94117647058824, 99.0, 187.0], "1": [78.57142857142857, 11.0, 14.0], "2": [100.0, 15.0, 15.0], "3": [41.228070175438596, 47.0, 114.0], "4": [78.0, 39.0, 50.0], "5": [35.3448275862069, 41.0, 116.0], "6": [61.95652173913043, 114.0, 184.0], "7": [50.0, 2.0, 4.0], "8": [100.0, 7.0, 7.0]}