{"0": [61.335676625659055, 349.0, 569.0], "1": [36.17021276595745, 17.0, 47.0], "2": [81.81818181818183, 36.0, 44.0], "3": [78.125, 275.0, 352.0], "4": [87.33333333333333, 131.0, 150.0], "5": [40.821917808219176, 149.0, 365.0], "6": [49.831649831649834, 296.0, 594.0], "7": [52.94117647058824, 9.0, 17.0], "8": [77.77777777777779, 14.0, 18.0]}