{"0": [44.82142857142858, 251.0, 560.0], "1": [36.17021276595745, 17.0, 47.0], "2": [86.04651162790698, 37.0, 43.0], "3": [72.8862973760933, 250.0, 343.0], "4": [97.33333333333334, 146.0, 150.0], "5": [39.325842696629216, 140.0, 356.0], "6": [56.6003616636528, 313.0, 553.0], "7": [94.11764705882352, 16.0, 17.0], "8": [77.77777777777779, 14.0, 18.0]}