precision,accuracy,recall,duration
0.2916732407457448,0.3174077578051088,0.3308929161324894,1199.0693032741547
