{"0": [100.0, 569.0, 569.0], "1": [29.78723404255319, 14.0, 47.0], "2": [100.0, 44.0, 44.0], "3": [62.5, 220.0, 352.0], "4": [84.66666666666667, 127.0, 150.0], "5": [40.273972602739725, 147.0, 365.0], "6": [57.07070707070707, 339.0, 594.0], "7": [52.94117647058824, 9.0, 17.0], "8": [77.77777777777779, 14.0, 18.0]}