{"0": [60.45694200351493, 344.0, 569.0], "1": [36.17021276595745, 17.0, 47.0], "2": [90.9090909090909, 40.0, 44.0], "3": [73.86363636363636, 260.0, 352.0], "4": [95.33333333333334, 143.0, 150.0], "5": [38.35616438356164, 140.0, 365.0], "6": [60.1010101010101, 357.0, 594.0], "7": [52.94117647058824, 9.0, 17.0], "8": [72.22222222222221, 13.0, 18.0]}