best_model_train_loss,best_model_val_loss,best_model_train_acc,best_model_val_acc,best_model_learning_rate,best_model_nb_epoch
0.37427401542663574,0.7793858647346497,0.5640766620635986,0.3545966148376465,0.0010000000474974513,118
