precision,accuracy,recall,duration
0.30456083569664766,0.3771106941838649,0.46956645725983087,137.58980536460876
