{"0": [50.0, 16.0, 32.0], "1": [52.63157894736842, 10.0, 19.0], "2": [93.47826086956522, 43.0, 46.0], "3": [53.06122448979592, 130.0, 245.0], "4": [67.16417910447761, 45.0, 67.0], "5": [16.0, 4.0, 25.0], "6": [87.91208791208791, 80.0, 91.0], "7": [0.0, 0.0, 1.0], "8": [57.14285714285714, 4.0, 7.0]}