precision,accuracy,recall,duration
0.3743832942138863,0.31916902738432484,0.39408338589069647,599.3313453197479
