{"0": [33.33333333333333, 18.0, 54.0], "1": [30.303030303030305, 10.0, 33.0], "2": [93.10344827586206, 54.0, 58.0], "3": [78.92473118279571, 367.0, 465.0], "4": [76.97841726618705, 107.0, 139.0], "5": [24.444444444444443, 11.0, 45.0], "6": [58.23754789272031, 152.0, 261.0], "7": [NaN, 0.0, 0.0], "8": [50.0, 2.0, 4.0]}