precision,accuracy,recall,duration
0.3464020548464947,0.3304964539007092,0.45943788621284276,401.39362382888794
