{"0": [19.444444444444446, 7.0, 36.0], "1": [47.61904761904761, 10.0, 21.0], "2": [80.95238095238095, 34.0, 42.0], "3": [75.88424437299035, 236.0, 311.0], "4": [75.82417582417582, 69.0, 91.0], "5": [24.137931034482758, 7.0, 29.0], "6": [62.643678160919535, 109.0, 174.0], "7": [NaN, 0.0, 0.0], "8": [0.0, 0.0, 1.0]}