precision,accuracy,recall,duration
0.35287954120500586,0.32340425531914896,0.4628845247169525,409.57605481147766
