{"0": [58.03571428571429, 325.0, 560.0], "1": [57.446808510638306, 27.0, 47.0], "2": [81.3953488372093, 35.0, 43.0], "3": [59.475218658892125, 204.0, 343.0], "4": [99.33333333333333, 149.0, 150.0], "5": [43.258426966292134, 154.0, 356.0], "6": [54.43037974683544, 301.0, 553.0], "7": [82.35294117647058, 14.0, 17.0], "8": [55.55555555555556, 10.0, 18.0]}