{"0": [22.22222222222222, 8.0, 36.0], "1": [38.095238095238095, 8.0, 21.0], "2": [85.71428571428571, 36.0, 42.0], "3": [75.88424437299035, 236.0, 311.0], "4": [62.637362637362635, 57.0, 91.0], "5": [27.586206896551722, 8.0, 29.0], "6": [71.26436781609196, 124.0, 174.0], "7": [NaN, 0.0, 0.0], "8": [0.0, 0.0, 1.0]}