precision,accuracy,recall,duration
0.32413604041170974,0.33900709219858155,0.46334342117318794,416.7381887435913
