{"0": [57.85714285714286, 324.0, 560.0], "1": [42.5531914893617, 20.0, 47.0], "2": [76.74418604651163, 33.0, 43.0], "3": [95.04373177842565, 326.0, 343.0], "4": [91.33333333333333, 137.0, 150.0], "5": [42.41573033707865, 151.0, 356.0], "6": [50.45207956600362, 279.0, 553.0], "7": [52.94117647058824, 9.0, 17.0], "8": [66.66666666666666, 12.0, 18.0]}