precision,accuracy,recall,duration
0.27218047501066367,0.2821997105643994,0.29649946240787817,397.14955258369446
