precision,accuracy,recall,duration
0.4011271466373227,0.3177304964539007,0.4651889838255659,416.3934383392334
