{"0": [19.444444444444446, 7.0, 36.0], "1": [47.61904761904761, 10.0, 21.0], "2": [66.66666666666666, 28.0, 42.0], "3": [74.27652733118971, 231.0, 311.0], "4": [80.21978021978022, 73.0, 91.0], "5": [20.689655172413794, 6.0, 29.0], "6": [72.41379310344827, 126.0, 174.0], "7": [NaN, 0.0, 0.0], "8": [0.0, 0.0, 1.0]}