precision,accuracy,recall,duration
0.2654957706706179,0.3110008271298594,0.20104872106596225,1176.2395930290222
