{"0": [13.368055555555555, 77.0, 576.0], "1": [91.35135135135135, 169.0, 185.0], "2": [57.57575757575758, 38.0, 66.0], "3": [92.77456647398844, 321.0, 346.0], "4": [100.0, 296.0, 296.0], "5": [95.1219512195122, 273.0, 287.0], "6": [68.86446886446886, 376.0, 546.0], "7": [100.0, 116.0, 116.0], "8": [NaN, 0.0, 0.0]}