{"0": [60.89285714285714, 341.0, 560.0], "1": [63.829787234042556, 30.0, 47.0], "2": [95.34883720930233, 41.0, 43.0], "3": [93.87755102040816, 322.0, 343.0], "4": [100.0, 150.0, 150.0], "5": [42.69662921348314, 152.0, 356.0], "6": [56.9620253164557, 315.0, 553.0], "7": [94.11764705882352, 16.0, 17.0], "8": [38.88888888888889, 7.0, 18.0]}