precision,accuracy,recall,duration
0.3377994571759804,0.29745042492917845,0.2672924748732192,1228.3221356868744
