{"0": [25.233644859813083, 27.0, 107.0], "1": [90.47619047619048, 57.0, 63.0], "2": [83.33333333333334, 95.0, 114.0], "3": [70.52518756698821, 658.0, 933.0], "4": [83.62369337979094, 240.0, 287.0], "5": [53.93258426966292, 48.0, 89.0], "6": [68.97880539499036, 358.0, 519.0], "7": [NaN, 0.0, 0.0], "8": [83.33333333333334, 5.0, 6.0]}