precision,accuracy,recall,duration
0.3761487644578905,0.3607176581680831,0.40756534250433235,601.4548070430756
