{"0": [29.629629629629626, 16.0, 54.0], "1": [36.36363636363637, 12.0, 33.0], "2": [77.58620689655173, 45.0, 58.0], "3": [68.17204301075269, 317.0, 465.0], "4": [82.01438848920863, 114.0, 139.0], "5": [28.888888888888886, 13.0, 45.0], "6": [60.53639846743295, 158.0, 261.0], "7": [NaN, 0.0, 0.0], "8": [50.0, 2.0, 4.0]}