{"0": [51.07142857142857, 286.0, 560.0], "1": [48.93617021276596, 23.0, 47.0], "2": [90.69767441860465, 39.0, 43.0], "3": [71.42857142857143, 245.0, 343.0], "4": [96.0, 144.0, 150.0], "5": [43.258426966292134, 154.0, 356.0], "6": [62.20614828209765, 344.0, 553.0], "7": [94.11764705882352, 16.0, 17.0], "8": [66.66666666666666, 12.0, 18.0]}