precision,accuracy,recall,duration
0.3019937444350428,0.21560283687943263,0.4255672640563797,408.96926045417786
