{"0": [27.77777777777778, 10.0, 36.0], "1": [38.095238095238095, 8.0, 21.0], "2": [80.95238095238095, 34.0, 42.0], "3": [89.71061093247589, 279.0, 311.0], "4": [62.637362637362635, 57.0, 91.0], "5": [27.586206896551722, 8.0, 29.0], "6": [90.22988505747126, 157.0, 174.0], "7": [NaN, 0.0, 0.0], "8": [0.0, 0.0, 1.0]}