precision,accuracy,recall,duration
0.3847418796632433,0.2559017941454202,0.36125087383417764,611.1531493663788
