{"0": [31.48148148148148, 17.0, 54.0], "1": [30.303030303030305, 10.0, 33.0], "2": [94.82758620689656, 55.0, 58.0], "3": [89.03225806451613, 414.0, 465.0], "4": [90.64748201438849, 126.0, 139.0], "5": [31.11111111111111, 14.0, 45.0], "6": [57.47126436781609, 150.0, 261.0], "7": [NaN, 0.0, 0.0], "8": [50.0, 2.0, 4.0]}