precision,accuracy,recall,duration
0.3054635232488923,0.33617021276595743,0.4822106096914833,416.79918122291565
