{"0": [8.333333333333332, 3.0, 36.0], "1": [38.095238095238095, 8.0, 21.0], "2": [80.95238095238095, 34.0, 42.0], "3": [68.16720257234726, 212.0, 311.0], "4": [54.94505494505495, 50.0, 91.0], "5": [27.586206896551722, 8.0, 29.0], "6": [87.93103448275862, 153.0, 174.0], "7": [NaN, 0.0, 0.0], "8": [0.0, 0.0, 1.0]}