{"0": [56.07142857142857, 314.0, 560.0], "1": [53.191489361702125, 25.0, 47.0], "2": [62.7906976744186, 27.0, 43.0], "3": [56.559766763848394, 194.0, 343.0], "4": [97.33333333333334, 146.0, 150.0], "5": [37.359550561797754, 133.0, 356.0], "6": [56.78119349005425, 314.0, 553.0], "7": [64.70588235294117, 11.0, 17.0], "8": [66.66666666666666, 12.0, 18.0]}