precision,accuracy,recall,duration
0.3308143604678183,0.4613935969868173,0.3167516266606291,569.4263255596161
