{"0": [51.40845070422535, 146.0, 284.0], "1": [64.0, 16.0, 25.0], "2": [90.9090909090909, 20.0, 22.0], "3": [57.95454545454546, 102.0, 176.0], "4": [92.40506329113924, 73.0, 79.0], "5": [32.240437158469945, 59.0, 183.0], "6": [52.508361204013376, 157.0, 299.0], "7": [75.0, 6.0, 8.0], "8": [100.0, 8.0, 8.0]}