best_model_train_loss,best_model_val_loss,best_model_train_acc,best_model_val_acc,best_model_learning_rate,best_model_nb_epoch
0.34811484813690186,1.4658210277557373,0.5502980947494507,0.5113528966903687,0.0010000000474974513,95
