precision,accuracy,recall,duration
0.3497926848343428,0.42005676442762535,0.3455830204550804,1257.6542637348175
