{"0": [48.154657293497365, 274.0, 569.0], "1": [65.95744680851064, 31.0, 47.0], "2": [63.63636363636363, 28.0, 44.0], "3": [70.45454545454545, 248.0, 352.0], "4": [79.33333333333333, 119.0, 150.0], "5": [38.9041095890411, 142.0, 365.0], "6": [65.993265993266, 392.0, 594.0], "7": [58.82352941176471, 10.0, 17.0], "8": [100.0, 18.0, 18.0]}