{"0": [72.53521126760563, 206.0, 284.0], "1": [40.0, 10.0, 25.0], "2": [95.45454545454545, 21.0, 22.0], "3": [86.36363636363636, 152.0, 176.0], "4": [96.20253164556962, 76.0, 79.0], "5": [42.07650273224044, 77.0, 183.0], "6": [83.94648829431438, 251.0, 299.0], "7": [37.5, 3.0, 8.0], "8": [100.0, 8.0, 8.0]}