{"0": [35.842293906810035, 100.0, 279.0], "1": [64.0, 16.0, 25.0], "2": [100.0, 21.0, 21.0], "3": [71.34502923976608, 122.0, 171.0], "4": [74.68354430379746, 59.0, 79.0], "5": [39.325842696629216, 70.0, 178.0], "6": [41.726618705035975, 116.0, 278.0], "7": [100.0, 8.0, 8.0], "8": [100.0, 8.0, 8.0]}