precision,accuracy,recall,duration
0.342051391133775,0.3835021707670043,0.3360049704886342,395.7106771469116
