{"0": [46.524064171122994, 87.0, 187.0], "1": [35.714285714285715, 5.0, 14.0], "2": [86.66666666666667, 13.0, 15.0], "3": [80.7017543859649, 92.0, 114.0], "4": [88.0, 44.0, 50.0], "5": [38.793103448275865, 45.0, 116.0], "6": [71.19565217391305, 131.0, 184.0], "7": [50.0, 2.0, 4.0], "8": [100.0, 7.0, 7.0]}