{"0": [59.22671353251317, 337.0, 569.0], "1": [44.680851063829785, 21.0, 47.0], "2": [97.72727272727273, 43.0, 44.0], "3": [94.0340909090909, 331.0, 352.0], "4": [89.33333333333333, 134.0, 150.0], "5": [44.657534246575345, 163.0, 365.0], "6": [57.744107744107744, 343.0, 594.0], "7": [35.294117647058826, 6.0, 17.0], "8": [77.77777777777779, 14.0, 18.0]}