{"0": [59.285714285714285, 332.0, 560.0], "1": [40.42553191489361, 19.0, 47.0], "2": [100.0, 43.0, 43.0], "3": [80.17492711370262, 275.0, 343.0], "4": [88.0, 132.0, 150.0], "5": [39.60674157303371, 141.0, 356.0], "6": [54.61121157323689, 302.0, 553.0], "7": [76.47058823529412, 13.0, 17.0], "8": [72.22222222222221, 13.0, 18.0]}