precision,accuracy,recall,duration
0.3483737299192107,0.34609929078014184,0.42416309986624506,412.7198383808136
