{"0": [22.22222222222222, 8.0, 36.0], "1": [61.904761904761905, 13.0, 21.0], "2": [83.33333333333334, 35.0, 42.0], "3": [57.234726688102896, 178.0, 311.0], "4": [90.10989010989012, 82.0, 91.0], "5": [24.137931034482758, 7.0, 29.0], "6": [79.3103448275862, 138.0, 174.0], "7": [NaN, 0.0, 0.0], "8": [0.0, 0.0, 1.0]}