precision,accuracy,recall,duration
0.2927298452550441,0.27325581395348836,0.33102106398510295,390.9853503704071
