{"0": [38.666666666666664, 29.0, 75.0], "1": [64.77272727272727, 57.0, 88.0], "2": [83.63636363636363, 92.0, 110.0], "3": [79.42307692307692, 413.0, 520.0], "4": [63.31658291457286, 126.0, 199.0], "5": [32.8125, 21.0, 64.0], "6": [89.453125, 229.0, 256.0], "7": [100.0, 2.0, 2.0], "8": [50.0, 31.0, 62.0]}