precision,accuracy,recall,duration
0.38324921740621565,0.3983050847457627,0.3358071133682021,599.174978017807
