precision,accuracy,recall,duration
0.35297896278999336,0.3347517730496454,0.41013589108352017,329.1819179058075
