{"0": [22.22222222222222, 8.0, 36.0], "1": [66.66666666666666, 14.0, 21.0], "2": [92.85714285714286, 39.0, 42.0], "3": [68.48874598070739, 213.0, 311.0], "4": [83.51648351648352, 76.0, 91.0], "5": [34.48275862068966, 10.0, 29.0], "6": [62.643678160919535, 109.0, 174.0], "7": [NaN, 0.0, 0.0], "8": [0.0, 0.0, 1.0]}