{"0": [49.647887323943664, 141.0, 284.0], "1": [76.0, 19.0, 25.0], "2": [36.36363636363637, 8.0, 22.0], "3": [88.06818181818183, 155.0, 176.0], "4": [91.13924050632912, 72.0, 79.0], "5": [39.89071038251366, 73.0, 183.0], "6": [59.86622073578596, 179.0, 299.0], "7": [62.5, 5.0, 8.0], "8": [100.0, 8.0, 8.0]}