precision,accuracy,recall,duration
0.3549712146203374,0.40086830680173663,0.3357356868990216,398.6723577976227
