{"0": [47.593582887700535, 89.0, 187.0], "1": [50.0, 7.0, 14.0], "2": [86.66666666666667, 13.0, 15.0], "3": [72.80701754385966, 83.0, 114.0], "4": [82.0, 41.0, 50.0], "5": [41.37931034482759, 48.0, 116.0], "6": [67.3913043478261, 124.0, 184.0], "7": [50.0, 2.0, 4.0], "8": [100.0, 7.0, 7.0]}