precision,accuracy,recall,duration
0.34922141478756674,0.3888363292336802,0.3267833824503511,1210.9486746788025
