{"0": [53.075571177504386, 302.0, 569.0], "1": [89.36170212765957, 42.0, 47.0], "2": [97.72727272727273, 43.0, 44.0], "3": [76.70454545454545, 270.0, 352.0], "4": [85.33333333333334, 128.0, 150.0], "5": [41.64383561643836, 152.0, 365.0], "6": [63.2996632996633, 376.0, 594.0], "7": [17.647058823529413, 3.0, 17.0], "8": [83.33333333333334, 15.0, 18.0]}