precision,accuracy,recall,duration
0.32451283854185686,0.3588290840415486,0.3847087740204168,1217.0802218914032
