{"0": [60.747663551401864, 65.0, 107.0], "1": [41.269841269841265, 26.0, 63.0], "2": [79.82456140350878, 91.0, 114.0], "3": [69.88210075026795, 652.0, 933.0], "4": [82.22996515679442, 236.0, 287.0], "5": [17.97752808988764, 16.0, 89.0], "6": [51.83044315992292, 269.0, 519.0], "7": [NaN, 0.0, 0.0], "8": [50.0, 3.0, 6.0]}