{"0": [60.17857142857142, 337.0, 560.0], "1": [59.57446808510638, 28.0, 47.0], "2": [97.67441860465115, 42.0, 43.0], "3": [92.12827988338192, 316.0, 343.0], "4": [98.66666666666667, 148.0, 150.0], "5": [40.44943820224719, 144.0, 356.0], "6": [53.16455696202531, 294.0, 553.0], "7": [82.35294117647058, 14.0, 17.0], "8": [55.55555555555556, 10.0, 18.0]}