{"0": [60.80843585237259, 346.0, 569.0], "1": [55.319148936170215, 26.0, 47.0], "2": [90.9090909090909, 40.0, 44.0], "3": [90.625, 319.0, 352.0], "4": [90.66666666666666, 136.0, 150.0], "5": [40.821917808219176, 149.0, 365.0], "6": [66.4983164983165, 395.0, 594.0], "7": [41.17647058823529, 7.0, 17.0], "8": [61.111111111111114, 11.0, 18.0]}