precision,accuracy,recall,duration
0.34693465516094474,0.35649257307139437,0.3240122649264371,977.1311032772064
