{"0": [60.89285714285714, 341.0, 560.0], "1": [36.17021276595745, 17.0, 47.0], "2": [88.37209302325581, 38.0, 43.0], "3": [91.83673469387756, 315.0, 343.0], "4": [96.0, 144.0, 150.0], "5": [41.01123595505618, 146.0, 356.0], "6": [57.50452079566004, 318.0, 553.0], "7": [58.82352941176471, 10.0, 17.0], "8": [77.77777777777779, 14.0, 18.0]}