precision,accuracy,recall,duration
0.33745752641095195,0.3120567375886525,0.4572770851460285,406.95259618759155
