{"0": [25.0, 9.0, 36.0], "1": [42.857142857142854, 9.0, 21.0], "2": [76.19047619047619, 32.0, 42.0], "3": [74.91961414790997, 233.0, 311.0], "4": [63.73626373626373, 58.0, 91.0], "5": [27.586206896551722, 8.0, 29.0], "6": [78.16091954022988, 136.0, 174.0], "7": [NaN, 0.0, 0.0], "8": [0.0, 0.0, 1.0]}