{"0": [59.464285714285715, 333.0, 560.0], "1": [53.191489361702125, 25.0, 47.0], "2": [62.7906976744186, 27.0, 43.0], "3": [77.84256559766763, 267.0, 343.0], "4": [95.33333333333334, 143.0, 150.0], "5": [44.10112359550562, 157.0, 356.0], "6": [57.14285714285714, 316.0, 553.0], "7": [76.47058823529412, 13.0, 17.0], "8": [44.44444444444444, 8.0, 18.0]}