best_model_train_loss,best_model_val_loss,best_model_train_acc,best_model_val_acc,best_model_learning_rate,best_model_nb_epoch
0.48234865069389343,0.5900815725326538,0.3998222351074219,0.3556603789329529,0.0010000000474974513,84
