precision,accuracy,recall,duration
0.35963410432663984,0.37038811691423096,0.3133328838944316,939.2393836975098
