precision,accuracy,recall,duration
0.38357771110016625,0.275,0.3714573631815018,935.3289217948914
