{"0": [54.82142857142858, 307.0, 560.0], "1": [44.680851063829785, 21.0, 47.0], "2": [88.37209302325581, 38.0, 43.0], "3": [92.71137026239067, 318.0, 343.0], "4": [88.66666666666667, 133.0, 150.0], "5": [42.69662921348314, 152.0, 356.0], "6": [57.68535262206148, 319.0, 553.0], "7": [70.58823529411765, 12.0, 17.0], "8": [77.77777777777779, 14.0, 18.0]}