{"0": [28.037383177570092, 30.0, 107.0], "1": [49.2063492063492, 31.0, 63.0], "2": [90.35087719298247, 103.0, 114.0], "3": [83.81564844587352, 782.0, 933.0], "4": [95.50173010380622, 276.0, 289.0], "5": [30.337078651685395, 27.0, 89.0], "6": [55.10597302504817, 286.0, 519.0], "7": [NaN, 0.0, 0.0], "8": [33.33333333333333, 2.0, 6.0]}