{"0": [53.92670157068062, 103.0, 191.0], "1": [50.0, 7.0, 14.0], "2": [87.5, 14.0, 16.0], "3": [69.49152542372882, 82.0, 118.0], "4": [50.0, 25.0, 50.0], "5": [82.5, 99.0, 120.0], "6": [67.67676767676768, 134.0, 198.0], "7": [25.0, 1.0, 4.0], "8": [100.0, 7.0, 7.0]}