{"0": [54.305799648506145, 309.0, 569.0], "1": [48.93617021276596, 23.0, 47.0], "2": [95.45454545454545, 42.0, 44.0], "3": [85.51136363636364, 301.0, 352.0], "4": [89.33333333333333, 134.0, 150.0], "5": [41.917808219178085, 153.0, 365.0], "6": [61.61616161616161, 366.0, 594.0], "7": [35.294117647058826, 6.0, 17.0], "8": [66.66666666666666, 12.0, 18.0]}