precision,accuracy,recall,duration
0.24790755829159572,0.29506314580941445,0.30954867924229246,379.19641613960266
