{"0": [39.285714285714285, 44.0, 112.0], "1": [73.25581395348837, 63.0, 86.0], "2": [95.16129032258065, 177.0, 186.0], "3": [67.75631500742942, 456.0, 673.0], "4": [74.33962264150942, 197.0, 265.0], "5": [43.689320388349515, 45.0, 103.0], "6": [99.0521327014218, 209.0, 211.0], "7": [100.0, 9.0, 9.0], "8": [28.865979381443296, 28.0, 97.0]}