best_model_train_loss,best_model_val_loss,best_model_train_acc,best_model_val_acc,best_model_learning_rate,best_model_nb_epoch
0.4344934821128845,0.5265517830848694,0.42546701431274414,0.33475178480148315,0.0010000000474974513,94
