precision,accuracy,recall,duration
0.3361606044537083,0.3304964539007092,0.4708305093233208,406.7452392578125
