{"0": [22.22222222222222, 8.0, 36.0], "1": [38.095238095238095, 8.0, 21.0], "2": [78.57142857142857, 33.0, 42.0], "3": [69.77491961414792, 217.0, 311.0], "4": [54.94505494505495, 50.0, 91.0], "5": [27.586206896551722, 8.0, 29.0], "6": [85.0574712643678, 148.0, 174.0], "7": [NaN, 0.0, 0.0], "8": [0.0, 0.0, 1.0]}