{"0": [62.32142857142857, 349.0, 560.0], "1": [42.5531914893617, 20.0, 47.0], "2": [90.69767441860465, 39.0, 43.0], "3": [91.83673469387756, 315.0, 343.0], "4": [92.0, 138.0, 150.0], "5": [41.01123595505618, 146.0, 356.0], "6": [58.77034358047016, 325.0, 553.0], "7": [76.47058823529412, 13.0, 17.0], "8": [61.111111111111114, 11.0, 18.0]}