{"0": [57.46924428822495, 327.0, 569.0], "1": [46.808510638297875, 22.0, 47.0], "2": [90.9090909090909, 40.0, 44.0], "3": [94.60227272727273, 333.0, 352.0], "4": [90.66666666666666, 136.0, 150.0], "5": [38.63013698630137, 141.0, 365.0], "6": [49.32659932659932, 293.0, 594.0], "7": [41.17647058823529, 7.0, 17.0], "8": [83.33333333333334, 15.0, 18.0]}