{"0": [48.85764499121266, 278.0, 569.0], "1": [44.680851063829785, 21.0, 47.0], "2": [88.63636363636364, 39.0, 44.0], "3": [75.0, 264.0, 352.0], "4": [82.66666666666667, 124.0, 150.0], "5": [33.6986301369863, 123.0, 365.0], "6": [56.060606060606055, 333.0, 594.0], "7": [58.82352941176471, 10.0, 17.0], "8": [77.77777777777779, 14.0, 18.0]}