precision,accuracy,recall,duration
0.3382111971639351,0.29707714422616194,0.3355426889057856,969.1100103855133
