{"0": [63.92857142857142, 358.0, 560.0], "1": [38.297872340425535, 18.0, 47.0], "2": [83.72093023255815, 36.0, 43.0], "3": [81.04956268221575, 278.0, 343.0], "4": [98.0, 147.0, 150.0], "5": [42.13483146067416, 150.0, 356.0], "6": [83.3634719710669, 461.0, 553.0], "7": [35.294117647058826, 6.0, 17.0], "8": [72.22222222222221, 13.0, 18.0]}