best_model_train_loss,best_model_val_loss,best_model_train_acc,best_model_val_acc,best_model_learning_rate,best_model_nb_epoch
0.4654499590396881,0.5470377206802368,0.42966070771217346,0.3333333432674408,0.0010000000474974513,81
