precision,accuracy,recall,duration
0.3314414770520306,0.3333333333333333,0.4640130569557335,417.139285326004
