{"0": [61.60714285714286, 345.0, 560.0], "1": [44.680851063829785, 21.0, 47.0], "2": [95.34883720930233, 41.0, 43.0], "3": [79.59183673469387, 273.0, 343.0], "4": [94.66666666666667, 142.0, 150.0], "5": [42.97752808988764, 153.0, 356.0], "6": [62.0253164556962, 343.0, 553.0], "7": [94.11764705882352, 16.0, 17.0], "8": [38.88888888888889, 7.0, 18.0]}