{"0": [50.78534031413613, 97.0, 191.0], "1": [64.28571428571429, 9.0, 14.0], "2": [81.25, 13.0, 16.0], "3": [77.96610169491525, 92.0, 118.0], "4": [82.0, 41.0, 50.0], "5": [32.5, 39.0, 120.0], "6": [55.05050505050505, 109.0, 198.0], "7": [50.0, 2.0, 4.0], "8": [100.0, 7.0, 7.0]}