{"0": [62.5, 350.0, 560.0], "1": [38.297872340425535, 18.0, 47.0], "2": [100.0, 43.0, 43.0], "3": [84.54810495626822, 290.0, 343.0], "4": [93.33333333333333, 140.0, 150.0], "5": [41.01123595505618, 146.0, 356.0], "6": [52.07956600361664, 288.0, 553.0], "7": [64.70588235294117, 11.0, 17.0], "8": [66.66666666666666, 12.0, 18.0]}