{"0": [82.35294117647058, 154.0, 187.0], "1": [35.714285714285715, 5.0, 14.0], "2": [80.0, 12.0, 15.0], "3": [71.05263157894737, 81.0, 114.0], "4": [86.0, 43.0, 50.0], "5": [35.3448275862069, 41.0, 116.0], "6": [63.58695652173913, 117.0, 184.0], "7": [100.0, 4.0, 4.0], "8": [100.0, 7.0, 7.0]}