{"0": [44.107142857142854, 247.0, 560.0], "1": [46.808510638297875, 22.0, 47.0], "2": [100.0, 43.0, 43.0], "3": [56.559766763848394, 194.0, 343.0], "4": [78.66666666666666, 118.0, 150.0], "5": [39.04494382022472, 139.0, 356.0], "6": [58.58951175406871, 324.0, 553.0], "7": [94.11764705882352, 16.0, 17.0], "8": [61.111111111111114, 11.0, 18.0]}