best_model_train_loss,best_model_val_loss,best_model_train_acc,best_model_val_acc,best_model_learning_rate,best_model_nb_epoch
0.4685470461845398,0.6260310411453247,0.43418043851852417,0.37063267827033997,0.0010000000474974513,84
