precision,accuracy,recall,duration
0.35711172409073094,0.3696883852691218,0.3803984330967759,1214.0950837135315
