precision,accuracy,recall,duration
0.3743554235885715,0.4453860640301318,0.32582206433556893,605.5485832691193
