{"0": [61.6822429906542, 66.0, 107.0], "1": [36.507936507936506, 23.0, 63.0], "2": [88.59649122807018, 101.0, 114.0], "3": [67.41693461950696, 629.0, 933.0], "4": [78.397212543554, 225.0, 287.0], "5": [23.595505617977526, 21.0, 89.0], "6": [51.445086705202314, 267.0, 519.0], "7": [NaN, 0.0, 0.0], "8": [50.0, 3.0, 6.0]}