{"0": [49.29577464788733, 140.0, 284.0], "1": [24.0, 6.0, 25.0], "2": [86.36363636363636, 19.0, 22.0], "3": [62.5, 110.0, 176.0], "4": [93.67088607594937, 74.0, 79.0], "5": [31.147540983606557, 57.0, 183.0], "6": [62.54180602006689, 187.0, 299.0], "7": [100.0, 8.0, 8.0], "8": [100.0, 8.0, 8.0]}