{"0": [62.038664323374334, 353.0, 569.0], "1": [31.914893617021278, 15.0, 47.0], "2": [86.36363636363636, 38.0, 44.0], "3": [74.7159090909091, 263.0, 352.0], "4": [98.0, 147.0, 150.0], "5": [41.917808219178085, 153.0, 365.0], "6": [61.27946127946128, 364.0, 594.0], "7": [70.58823529411765, 12.0, 17.0], "8": [61.111111111111114, 11.0, 18.0]}