best_model_train_loss,best_model_val_loss,best_model_train_acc,best_model_val_acc,best_model_learning_rate,best_model_nb_epoch
0.4416496455669403,0.7926536202430725,0.44853875041007996,0.29461756348609924,0.0010000000474974513,92
