precision,accuracy,recall,duration
0.41001119106101497,0.462386200287494,0.4158321635992131,956.5025136470795
