precision,accuracy,recall,duration
0.36831778301199747,0.40415486307837584,0.3965888582078611,607.2693240642548
