{"0": [53.39285714285714, 299.0, 560.0], "1": [27.659574468085108, 13.0, 47.0], "2": [83.72093023255815, 36.0, 43.0], "3": [56.85131195335277, 195.0, 343.0], "4": [88.0, 132.0, 150.0], "5": [39.60674157303371, 141.0, 356.0], "6": [51.35623869801085, 284.0, 553.0], "7": [52.94117647058824, 9.0, 17.0], "8": [72.22222222222221, 13.0, 18.0]}