{"0": [31.48148148148148, 17.0, 54.0], "1": [42.42424242424242, 14.0, 33.0], "2": [81.03448275862068, 47.0, 58.0], "3": [64.08602150537635, 298.0, 465.0], "4": [61.15107913669065, 85.0, 139.0], "5": [28.888888888888886, 13.0, 45.0], "6": [59.00383141762452, 154.0, 261.0], "7": [NaN, 0.0, 0.0], "8": [75.0, 3.0, 4.0]}