best_model_train_loss,best_model_val_loss,best_model_train_acc,best_model_val_acc,best_model_learning_rate,best_model_nb_epoch
0.42907264828681946,0.5012664794921875,0.44986656308174133,0.4000000059604645,0.0010000000474974513,87
