precision,accuracy,recall,duration
0.35049590064072933,0.29929078014184396,0.4723083508610359,404.26562118530273
