precision,accuracy,recall,duration
0.38662714283270094,0.4145176695319962,0.3164149339951613,598.5965514183044
