{"0": [22.22222222222222, 8.0, 36.0], "1": [33.33333333333333, 7.0, 21.0], "2": [83.33333333333334, 35.0, 42.0], "3": [86.81672025723472, 270.0, 311.0], "4": [67.03296703296702, 61.0, 91.0], "5": [20.689655172413794, 6.0, 29.0], "6": [61.49425287356321, 107.0, 174.0], "7": [NaN, 0.0, 0.0], "8": [0.0, 0.0, 1.0]}