{"0": [49.10394265232975, 137.0, 279.0], "1": [32.0, 8.0, 25.0], "2": [95.23809523809523, 20.0, 21.0], "3": [74.26900584795322, 127.0, 171.0], "4": [91.13924050632912, 72.0, 79.0], "5": [38.764044943820224, 69.0, 178.0], "6": [59.71223021582733, 166.0, 278.0], "7": [75.0, 6.0, 8.0], "8": [100.0, 8.0, 8.0]}