{"0": [60.71428571428571, 340.0, 560.0], "1": [34.04255319148936, 16.0, 47.0], "2": [95.34883720930233, 41.0, 43.0], "3": [92.12827988338192, 316.0, 343.0], "4": [97.33333333333334, 146.0, 150.0], "5": [41.01123595505618, 146.0, 356.0], "6": [59.6745027124774, 330.0, 553.0], "7": [70.58823529411765, 12.0, 17.0], "8": [72.22222222222221, 13.0, 18.0]}