{"0": [60.357142857142854, 338.0, 560.0], "1": [57.446808510638306, 27.0, 47.0], "2": [86.04651162790698, 37.0, 43.0], "3": [72.30320699708454, 248.0, 343.0], "4": [93.33333333333333, 140.0, 150.0], "5": [42.69662921348314, 152.0, 356.0], "6": [56.78119349005425, 314.0, 553.0], "7": [82.35294117647058, 14.0, 17.0], "8": [61.111111111111114, 11.0, 18.0]}