precision,accuracy,recall,duration
0.32028576120234414,0.2870544090056285,0.29500773046411993,311.44415307044983
