{"0": [51.14235500878734, 291.0, 569.0], "1": [46.808510638297875, 22.0, 47.0], "2": [93.18181818181817, 41.0, 44.0], "3": [75.56818181818183, 266.0, 352.0], "4": [88.0, 132.0, 150.0], "5": [35.06849315068493, 128.0, 365.0], "6": [63.2996632996633, 376.0, 594.0], "7": [29.411764705882355, 5.0, 17.0], "8": [77.77777777777779, 14.0, 18.0]}