precision,accuracy,recall,duration
0.283646945556844,0.30563514804202485,0.29239032983628177,598.0828068256378
