{"0": [99.6415770609319, 278.0, 279.0], "1": [32.0, 8.0, 25.0], "2": [90.47619047619048, 19.0, 21.0], "3": [70.76023391812866, 121.0, 171.0], "4": [89.87341772151899, 71.0, 79.0], "5": [37.640449438202246, 67.0, 178.0], "6": [53.956834532374096, 150.0, 278.0], "7": [62.5, 5.0, 8.0], "8": [100.0, 8.0, 8.0]}