precision,accuracy,recall,duration
0.32095228153243327,0.4384949348769899,0.3195386421599398,431.0931489467621
