{"0": [56.14973262032086, 105.0, 187.0], "1": [78.57142857142857, 11.0, 14.0], "2": [80.0, 12.0, 15.0], "3": [54.385964912280706, 62.0, 114.0], "4": [72.0, 36.0, 50.0], "5": [37.06896551724138, 43.0, 116.0], "6": [59.2391304347826, 109.0, 184.0], "7": [75.0, 3.0, 4.0], "8": [100.0, 7.0, 7.0]}