precision,accuracy,recall,duration
0.3836086800573495,0.38188787733588886,0.36157910908306906,1008.6752853393555
