{"0": [61.42857142857143, 344.0, 560.0], "1": [34.04255319148936, 16.0, 47.0], "2": [97.67441860465115, 42.0, 43.0], "3": [82.5072886297376, 283.0, 343.0], "4": [88.0, 132.0, 150.0], "5": [43.82022471910113, 156.0, 356.0], "6": [53.70705244122965, 297.0, 553.0], "7": [41.17647058823529, 7.0, 17.0], "8": [72.22222222222221, 13.0, 18.0]}