precision,accuracy,recall,duration
0.31802870282925083,0.35003631082062453,0.40649171616913554,219.78378081321716
