{"0": [32.0, 24.0, 75.0], "1": [68.18181818181817, 60.0, 88.0], "2": [85.45454545454545, 94.0, 110.0], "3": [61.73076923076923, 321.0, 520.0], "4": [63.0, 126.0, 200.0], "5": [29.6875, 19.0, 64.0], "6": [82.8125, 212.0, 256.0], "7": [50.0, 1.0, 2.0], "8": [61.29032258064516, 38.0, 62.0]}