precision,accuracy,recall,duration
0.23770367922892588,0.19912790697674418,0.23879394364735904,535.9525856971741
