{"0": [68.53932584269663, 61.0, 89.0], "1": [100.0, 58.0, 58.0], "2": [99.29078014184397, 140.0, 141.0], "3": [70.13888888888889, 404.0, 576.0], "4": [93.54838709677419, 174.0, 186.0], "5": [57.333333333333336, 43.0, 75.0], "6": [98.50746268656717, 198.0, 201.0], "7": [50.0, 3.0, 6.0], "8": [47.72727272727273, 21.0, 44.0]}