precision,accuracy,recall,duration
0.3421941233486331,0.3333333333333333,0.46300710468947887,412.24955129623413
