{"0": [60.0, 336.0, 560.0], "1": [40.42553191489361, 19.0, 47.0], "2": [86.04651162790698, 37.0, 43.0], "3": [59.7667638483965, 205.0, 343.0], "4": [84.0, 126.0, 150.0], "5": [44.9438202247191, 160.0, 356.0], "6": [58.77034358047016, 325.0, 553.0], "7": [58.82352941176471, 10.0, 17.0], "8": [61.111111111111114, 11.0, 18.0]}