{"0": [27.77777777777778, 10.0, 36.0], "1": [33.33333333333333, 7.0, 21.0], "2": [80.95238095238095, 34.0, 42.0], "3": [65.27331189710611, 203.0, 311.0], "4": [60.43956043956044, 55.0, 91.0], "5": [27.586206896551722, 8.0, 29.0], "6": [87.93103448275862, 153.0, 174.0], "7": [NaN, 0.0, 0.0], "8": [0.0, 0.0, 1.0]}