precision,accuracy,recall,duration
0.27591878908110967,0.2795648060548723,0.30606165254257545,1191.1353816986084
