{"0": [100.0, 569.0, 569.0], "1": [29.78723404255319, 14.0, 47.0], "2": [95.45454545454545, 42.0, 44.0], "3": [80.11363636363636, 282.0, 352.0], "4": [85.33333333333334, 128.0, 150.0], "5": [38.082191780821915, 139.0, 365.0], "6": [61.61616161616161, 366.0, 594.0], "7": [64.70588235294117, 11.0, 17.0], "8": [72.22222222222221, 13.0, 18.0]}