{"0": [57.85714285714286, 324.0, 560.0], "1": [36.17021276595745, 17.0, 47.0], "2": [81.3953488372093, 35.0, 43.0], "3": [57.434402332361515, 197.0, 343.0], "4": [97.33333333333334, 146.0, 150.0], "5": [38.764044943820224, 138.0, 356.0], "6": [57.68535262206148, 319.0, 553.0], "7": [70.58823529411765, 12.0, 17.0], "8": [72.22222222222221, 13.0, 18.0]}