best_model_train_loss,best_model_val_loss,best_model_train_acc,best_model_val_acc,best_model_learning_rate,best_model_nb_epoch
0.46497267484664917,0.5352929830551147,0.4525352716445923,0.36595743894577026,0.0010000000474974513,96
