precision,accuracy,recall,duration
0.3199152789850745,0.350354609929078,0.3663173152491998,411.37365794181824
