{"0": [30.555555555555557, 11.0, 36.0], "1": [28.57142857142857, 6.0, 21.0], "2": [83.33333333333334, 35.0, 42.0], "3": [61.41479099678456, 191.0, 311.0], "4": [54.94505494505495, 50.0, 91.0], "5": [20.689655172413794, 6.0, 29.0], "6": [90.80459770114942, 158.0, 174.0], "7": [NaN, 0.0, 0.0], "8": [100.0, 1.0, 1.0]}