{"0": [45.89285714285714, 257.0, 560.0], "1": [61.702127659574465, 29.0, 47.0], "2": [72.09302325581395, 31.0, 43.0], "3": [79.00874635568513, 271.0, 343.0], "4": [99.33333333333333, 149.0, 150.0], "5": [39.325842696629216, 140.0, 356.0], "6": [57.32368896925859, 317.0, 553.0], "7": [94.11764705882352, 16.0, 17.0], "8": [44.44444444444444, 8.0, 18.0]}