{"0": [61.86291739894551, 352.0, 569.0], "1": [36.17021276595745, 17.0, 47.0], "2": [86.36363636363636, 38.0, 44.0], "3": [90.9090909090909, 320.0, 352.0], "4": [94.66666666666667, 142.0, 150.0], "5": [37.80821917808219, 138.0, 365.0], "6": [59.427609427609426, 353.0, 594.0], "7": [70.58823529411765, 12.0, 17.0], "8": [66.66666666666666, 12.0, 18.0]}