{"0": [68.18980667838312, 388.0, 569.0], "1": [48.93617021276596, 23.0, 47.0], "2": [100.0, 44.0, 44.0], "3": [93.75, 330.0, 352.0], "4": [96.66666666666667, 145.0, 150.0], "5": [44.109589041095894, 161.0, 365.0], "6": [61.784511784511785, 367.0, 594.0], "7": [76.47058823529412, 13.0, 17.0], "8": [44.44444444444444, 8.0, 18.0]}