{"0": [22.671353251318102, 129.0, 569.0], "1": [31.914893617021278, 15.0, 47.0], "2": [97.72727272727273, 43.0, 44.0], "3": [51.13636363636363, 180.0, 352.0], "4": [84.66666666666667, 127.0, 150.0], "5": [37.534246575342465, 137.0, 365.0], "6": [60.26936026936027, 358.0, 594.0], "7": [100.0, 17.0, 17.0], "8": [61.111111111111114, 11.0, 18.0]}