{"0": [58.214285714285715, 326.0, 560.0], "1": [44.680851063829785, 21.0, 47.0], "2": [81.3953488372093, 35.0, 43.0], "3": [62.68221574344023, 215.0, 343.0], "4": [97.33333333333334, 146.0, 150.0], "5": [41.01123595505618, 146.0, 356.0], "6": [54.97287522603978, 304.0, 553.0], "7": [64.70588235294117, 11.0, 17.0], "8": [66.66666666666666, 12.0, 18.0]}