precision,accuracy,recall,duration
0.2820498761303823,0.279508970727101,0.2632942109438332,604.4182970523834
