{"0": [24.074074074074073, 13.0, 54.0], "1": [30.303030303030305, 10.0, 33.0], "2": [94.82758620689656, 55.0, 58.0], "3": [75.26881720430107, 350.0, 465.0], "4": [85.61151079136691, 119.0, 139.0], "5": [86.66666666666667, 39.0, 45.0], "6": [66.28352490421456, 173.0, 261.0], "7": [NaN, 0.0, 0.0], "8": [100.0, 4.0, 4.0]}