precision,accuracy,recall,duration
0.2636309874092879,0.337468982630273,0.21485078035021643,1168.820375919342
