{"0": [10.416666666666668, 60.0, 576.0], "1": [95.67567567567568, 177.0, 185.0], "2": [59.09090909090909, 39.0, 66.0], "3": [84.39306358381504, 292.0, 346.0], "4": [100.0, 296.0, 296.0], "5": [90.94076655052264, 261.0, 287.0], "6": [66.11721611721612, 361.0, 546.0], "7": [100.0, 116.0, 116.0], "8": [NaN, 0.0, 0.0]}