{"0": [58.87521968365553, 335.0, 569.0], "1": [38.297872340425535, 18.0, 47.0], "2": [93.18181818181817, 41.0, 44.0], "3": [51.13636363636363, 180.0, 352.0], "4": [93.33333333333333, 140.0, 150.0], "5": [39.178082191780824, 143.0, 365.0], "6": [59.427609427609426, 353.0, 594.0], "7": [76.47058823529412, 13.0, 17.0], "8": [55.55555555555556, 10.0, 18.0]}