precision,accuracy,recall,duration
0.33916382921445326,0.4240231548480463,0.3502986451792622,398.30776476860046
