{"0": [43.31550802139038, 81.0, 187.0], "1": [35.714285714285715, 5.0, 14.0], "2": [93.33333333333333, 14.0, 15.0], "3": [70.17543859649122, 80.0, 114.0], "4": [90.0, 45.0, 50.0], "5": [35.3448275862069, 41.0, 116.0], "6": [66.84782608695652, 123.0, 184.0], "7": [50.0, 2.0, 4.0], "8": [100.0, 7.0, 7.0]}