precision,accuracy,recall,duration
0.29537246072656687,0.335243553008596,0.35145709880737286,592.2835531234741
