{"0": [100.0, 279.0, 279.0], "1": [32.0, 8.0, 25.0], "2": [90.47619047619048, 19.0, 21.0], "3": [59.64912280701754, 102.0, 171.0], "4": [88.60759493670885, 70.0, 79.0], "5": [36.51685393258427, 65.0, 178.0], "6": [51.438848920863315, 143.0, 278.0], "7": [50.0, 4.0, 8.0], "8": [75.0, 6.0, 8.0]}