precision,accuracy,recall,duration
0.3237259635285951,0.2907801418439716,0.3380446296697175,420.60547137260437
