{"0": [58.392857142857146, 327.0, 560.0], "1": [38.297872340425535, 18.0, 47.0], "2": [97.67441860465115, 42.0, 43.0], "3": [83.09037900874635, 285.0, 343.0], "4": [89.33333333333333, 134.0, 150.0], "5": [43.82022471910113, 156.0, 356.0], "6": [66.18444846292948, 366.0, 553.0], "7": [76.47058823529412, 13.0, 17.0], "8": [77.77777777777779, 14.0, 18.0]}