{"0": [58.87521968365553, 335.0, 569.0], "1": [40.42553191489361, 19.0, 47.0], "2": [95.45454545454545, 42.0, 44.0], "3": [85.51136363636364, 301.0, 352.0], "4": [92.0, 138.0, 150.0], "5": [40.273972602739725, 147.0, 365.0], "6": [53.70370370370371, 319.0, 594.0], "7": [41.17647058823529, 7.0, 17.0], "8": [77.77777777777779, 14.0, 18.0]}