precision,accuracy,recall,duration
0.3939484087474232,0.4566145092460882,0.40793850573822177,317.62823605537415
