{"0": [48.69109947643979, 93.0, 191.0], "1": [28.57142857142857, 4.0, 14.0], "2": [87.5, 14.0, 16.0], "3": [62.71186440677966, 74.0, 118.0], "4": [78.0, 39.0, 50.0], "5": [30.0, 36.0, 120.0], "6": [65.15151515151516, 129.0, 198.0], "7": [50.0, 2.0, 4.0], "8": [85.71428571428571, 6.0, 7.0]}