best_model_train_loss,best_model_val_loss,best_model_train_acc,best_model_val_acc,best_model_learning_rate,best_model_nb_epoch
0.4862811267375946,0.6003153324127197,0.3972828984260559,0.38254716992378235,0.0010000000474974513,85
