precision,accuracy,recall,duration
0.36025116054928125,0.25943396226415094,0.36225514936040154,950.253693819046
