precision,accuracy,recall,duration
0.3956645699082453,0.4432199329180642,0.4065532706542765,939.2483670711517
