{"0": [26.168224299065418, 28.0, 107.0], "1": [42.857142857142854, 27.0, 63.0], "2": [82.45614035087719, 94.0, 114.0], "3": [90.35369774919614, 843.0, 933.0], "4": [93.77162629757785, 271.0, 289.0], "5": [35.95505617977528, 32.0, 89.0], "6": [52.408477842003855, 272.0, 519.0], "7": [NaN, 0.0, 0.0], "8": [50.0, 3.0, 6.0]}