{"0": [53.035714285714285, 297.0, 560.0], "1": [34.04255319148936, 16.0, 47.0], "2": [81.3953488372093, 35.0, 43.0], "3": [56.559766763848394, 194.0, 343.0], "4": [91.33333333333333, 137.0, 150.0], "5": [41.853932584269664, 149.0, 356.0], "6": [56.6003616636528, 313.0, 553.0], "7": [47.05882352941176, 8.0, 17.0], "8": [72.22222222222221, 13.0, 18.0]}