{"0": [60.535714285714285, 339.0, 560.0], "1": [36.17021276595745, 17.0, 47.0], "2": [88.37209302325581, 38.0, 43.0], "3": [80.466472303207, 276.0, 343.0], "4": [90.0, 135.0, 150.0], "5": [37.640449438202246, 134.0, 356.0], "6": [54.61121157323689, 302.0, 553.0], "7": [70.58823529411765, 12.0, 17.0], "8": [83.33333333333334, 15.0, 18.0]}