{"0": [40.106951871657756, 75.0, 187.0], "1": [50.0, 7.0, 14.0], "2": [100.0, 15.0, 15.0], "3": [71.05263157894737, 81.0, 114.0], "4": [78.0, 39.0, 50.0], "5": [32.758620689655174, 38.0, 116.0], "6": [61.95652173913043, 114.0, 184.0], "7": [50.0, 2.0, 4.0], "8": [100.0, 7.0, 7.0]}