precision,accuracy,recall,duration
0.3309643593962757,0.35808893093661304,0.3487939741280356,499.88916063308716
