{"0": [51.84534270650264, 295.0, 569.0], "1": [25.53191489361702, 12.0, 47.0], "2": [79.54545454545455, 35.0, 44.0], "3": [98.29545454545455, 346.0, 352.0], "4": [98.66666666666667, 148.0, 150.0], "5": [43.56164383561644, 159.0, 365.0], "6": [63.97306397306397, 380.0, 594.0], "7": [94.11764705882352, 16.0, 17.0], "8": [33.33333333333333, 6.0, 18.0]}