{"0": [51.24999999999999, 287.0, 560.0], "1": [46.808510638297875, 22.0, 47.0], "2": [93.02325581395348, 40.0, 43.0], "3": [78.134110787172, 268.0, 343.0], "4": [79.33333333333333, 119.0, 150.0], "5": [40.44943820224719, 144.0, 356.0], "6": [53.8878842676311, 298.0, 553.0], "7": [76.47058823529412, 13.0, 17.0], "8": [83.33333333333334, 15.0, 18.0]}