precision,accuracy,recall,duration
0.29088243290351234,0.24200581395348839,0.3502593760040773,394.526762008667
