{"0": [48.0, 36.0, 75.0], "1": [64.77272727272727, 57.0, 88.0], "2": [90.0, 99.0, 110.0], "3": [79.61538461538461, 414.0, 520.0], "4": [71.85929648241206, 143.0, 199.0], "5": [35.9375, 23.0, 64.0], "6": [92.96875, 238.0, 256.0], "7": [50.0, 1.0, 2.0], "8": [51.61290322580645, 32.0, 62.0]}