best_model_train_loss,best_model_val_loss,best_model_train_acc,best_model_val_acc,best_model_learning_rate,best_model_nb_epoch
0.4379350543022156,0.5111988186836243,0.4571101665496826,0.38297873735427856,0.0010000000474974513,99
