precision,accuracy,recall,duration
0.36544545660353367,0.3829787234042553,0.48140557410801704,466.8499414920807
