{"0": [19.444444444444446, 7.0, 36.0], "1": [42.857142857142854, 9.0, 21.0], "2": [80.95238095238095, 34.0, 42.0], "3": [63.022508038585215, 196.0, 311.0], "4": [72.52747252747253, 66.0, 91.0], "5": [20.689655172413794, 6.0, 29.0], "6": [67.24137931034483, 117.0, 174.0], "7": [NaN, 0.0, 0.0], "8": [0.0, 0.0, 1.0]}