precision,accuracy,recall,duration
0.3261404216289608,0.3319169027384325,0.35812554072291714,1196.676498889923
