{"0": [69.1588785046729, 74.0, 107.0], "1": [39.682539682539684, 25.0, 63.0], "2": [85.08771929824562, 97.0, 114.0], "3": [70.09646302250803, 654.0, 933.0], "4": [82.22996515679442, 236.0, 287.0], "5": [22.47191011235955, 20.0, 89.0], "6": [58.95953757225434, 306.0, 519.0], "7": [NaN, 0.0, 0.0], "8": [50.0, 3.0, 6.0]}