precision,accuracy,recall,duration
0.3231691238955399,0.3276595744680851,0.4698962901830921,418.64043712615967
