{"0": [58.92857142857143, 330.0, 560.0], "1": [34.04255319148936, 16.0, 47.0], "2": [88.37209302325581, 38.0, 43.0], "3": [56.85131195335277, 195.0, 343.0], "4": [98.66666666666667, 148.0, 150.0], "5": [39.60674157303371, 141.0, 356.0], "6": [55.15370705244123, 305.0, 553.0], "7": [64.70588235294117, 11.0, 17.0], "8": [72.22222222222221, 13.0, 18.0]}