precision,accuracy,recall,duration
0.2259739291254111,0.3386627906976744,0.20702438336006884,797.6234021186829
