{"0": [66.66666666666666, 50.0, 75.0], "1": [100.0, 88.0, 88.0], "2": [99.0909090909091, 109.0, 110.0], "3": [28.653846153846153, 149.0, 520.0], "4": [100.0, 199.0, 199.0], "5": [100.0, 64.0, 64.0], "6": [90.234375, 231.0, 256.0], "7": [100.0, 2.0, 2.0], "8": [29.03225806451613, 18.0, 62.0]}