precision,accuracy,recall,duration
0.37552987903124513,0.38380450407283184,0.35357771588917986,931.0849823951721
