precision,accuracy,recall,duration
0.38838738090596076,0.38537735849056604,0.3821101473336488,939.8159182071686
