{"0": [54.107142857142854, 303.0, 560.0], "1": [40.42553191489361, 19.0, 47.0], "2": [83.72093023255815, 36.0, 43.0], "3": [91.54518950437318, 314.0, 343.0], "4": [80.0, 120.0, 150.0], "5": [42.41573033707865, 151.0, 356.0], "6": [57.86618444846293, 320.0, 553.0], "7": [70.58823529411765, 12.0, 17.0], "8": [61.111111111111114, 11.0, 18.0]}