{"0": [27.102803738317753, 29.0, 107.0], "1": [47.61904761904761, 30.0, 63.0], "2": [85.96491228070175, 98.0, 114.0], "3": [67.52411575562701, 630.0, 933.0], "4": [80.27681660899654, 232.0, 289.0], "5": [32.58426966292135, 29.0, 89.0], "6": [48.36223506743738, 251.0, 519.0], "7": [NaN, 0.0, 0.0], "8": [66.66666666666666, 4.0, 6.0]}