precision,accuracy,recall,duration
0.2879075975867591,0.29990448901623684,0.306852061574558,597.9226777553558
