{"0": [99.6415770609319, 278.0, 279.0], "1": [32.0, 8.0, 25.0], "2": [80.95238095238095, 17.0, 21.0], "3": [86.54970760233918, 148.0, 171.0], "4": [91.13924050632912, 72.0, 79.0], "5": [34.26966292134831, 61.0, 178.0], "6": [49.280575539568346, 137.0, 278.0], "7": [50.0, 4.0, 8.0], "8": [100.0, 8.0, 8.0]}