precision,accuracy,recall,duration
0.3520590432795242,0.4,0.47439414709437255,418.2695777416229
