{"0": [19.444444444444446, 7.0, 36.0], "1": [42.857142857142854, 9.0, 21.0], "2": [97.61904761904762, 41.0, 42.0], "3": [54.983922829581985, 171.0, 311.0], "4": [60.43956043956044, 55.0, 91.0], "5": [20.689655172413794, 6.0, 29.0], "6": [77.01149425287356, 134.0, 174.0], "7": [NaN, 0.0, 0.0], "8": [0.0, 0.0, 1.0]}