{"0": [62.5, 350.0, 560.0], "1": [38.297872340425535, 18.0, 47.0], "2": [100.0, 43.0, 43.0], "3": [93.00291545189503, 319.0, 343.0], "4": [86.0, 129.0, 150.0], "5": [39.8876404494382, 142.0, 356.0], "6": [59.85533453887884, 331.0, 553.0], "7": [47.05882352941176, 8.0, 17.0], "8": [61.111111111111114, 11.0, 18.0]}