{"0": [61.15992970123023, 348.0, 569.0], "1": [34.04255319148936, 16.0, 47.0], "2": [95.45454545454545, 42.0, 44.0], "3": [93.75, 330.0, 352.0], "4": [98.66666666666667, 148.0, 150.0], "5": [41.917808219178085, 153.0, 365.0], "6": [55.387205387205384, 329.0, 594.0], "7": [76.47058823529412, 13.0, 17.0], "8": [72.22222222222221, 13.0, 18.0]}