precision,accuracy,recall,duration
0.3505143308912039,0.5482330468003821,0.36111586040961924,643.6607644557953
