{"0": [23.655913978494624, 66.0, 279.0], "1": [48.0, 12.0, 25.0], "2": [90.47619047619048, 19.0, 21.0], "3": [46.198830409356724, 79.0, 171.0], "4": [74.68354430379746, 59.0, 79.0], "5": [33.70786516853933, 60.0, 178.0], "6": [58.27338129496403, 162.0, 278.0], "7": [100.0, 8.0, 8.0], "8": [100.0, 8.0, 8.0]}