{"0": [58.57142857142858, 328.0, 560.0], "1": [36.17021276595745, 17.0, 47.0], "2": [100.0, 43.0, 43.0], "3": [88.33819241982506, 303.0, 343.0], "4": [88.66666666666667, 133.0, 150.0], "5": [42.13483146067416, 150.0, 356.0], "6": [55.69620253164557, 308.0, 553.0], "7": [76.47058823529412, 13.0, 17.0], "8": [50.0, 9.0, 18.0]}