precision,accuracy,recall,duration
0.29574348770163816,0.15958451369216242,0.25442087980926054,1192.920017004013
