{"0": [27.102803738317753, 29.0, 107.0], "1": [25.396825396825395, 16.0, 63.0], "2": [85.96491228070175, 98.0, 114.0], "3": [92.92604501607717, 867.0, 933.0], "4": [95.1219512195122, 273.0, 287.0], "5": [100.0, 89.0, 89.0], "6": [77.84200385356455, 404.0, 519.0], "7": [NaN, 0.0, 0.0], "8": [66.66666666666666, 4.0, 6.0]}