precision,accuracy,recall,duration
0.2416502992728038,0.2247403210576015,0.267357008203619,604.2111358642578
