precision,accuracy,recall,duration
0.36924337368558463,0.40520984081041966,0.3831797393669554,395.03120589256287
