{"0": [51.33689839572193, 96.0, 187.0], "1": [28.57142857142857, 4.0, 14.0], "2": [93.33333333333333, 14.0, 15.0], "3": [81.57894736842105, 93.0, 114.0], "4": [82.0, 41.0, 50.0], "5": [32.758620689655174, 38.0, 116.0], "6": [64.13043478260869, 118.0, 184.0], "7": [50.0, 2.0, 4.0], "8": [71.42857142857143, 5.0, 7.0]}