{"0": [100.0, 54.0, 54.0], "1": [36.36363636363637, 12.0, 33.0], "2": [58.620689655172406, 34.0, 58.0], "3": [89.24731182795699, 415.0, 465.0], "4": [95.68345323741008, 133.0, 139.0], "5": [17.77777777777778, 8.0, 45.0], "6": [61.68582375478927, 161.0, 261.0], "7": [NaN, 0.0, 0.0], "8": [100.0, 4.0, 4.0]}