precision,accuracy,recall,duration
0.37497311728298394,0.422475106685633,0.3837181598757025,319.3508667945862
