{"0": [51.30890052356021, 98.0, 191.0], "1": [28.57142857142857, 4.0, 14.0], "2": [100.0, 16.0, 16.0], "3": [73.72881355932203, 87.0, 118.0], "4": [84.0, 42.0, 50.0], "5": [35.833333333333336, 43.0, 120.0], "6": [62.121212121212125, 123.0, 198.0], "7": [50.0, 2.0, 4.0], "8": [71.42857142857143, 5.0, 7.0]}