precision,accuracy,recall,duration
0.29301777658432887,0.2738432483474976,0.33438136671705543,602.8150217533112
