{"0": [77.77777777777779, 42.0, 54.0], "1": [36.36363636363637, 12.0, 33.0], "2": [75.86206896551724, 44.0, 58.0], "3": [79.35483870967742, 369.0, 465.0], "4": [83.45323741007195, 116.0, 139.0], "5": [31.11111111111111, 14.0, 45.0], "6": [65.13409961685824, 170.0, 261.0], "7": [NaN, 0.0, 0.0], "8": [50.0, 2.0, 4.0]}