precision,accuracy,recall,duration
0.3695491357060411,0.5178907721280602,0.332657379901725,631.7201163768768
