precision,accuracy,recall,duration
0.30836269072415223,0.27311522048364156,0.3043033923761159,315.00550651550293
