{"0": [58.87521968365553, 335.0, 569.0], "1": [36.17021276595745, 17.0, 47.0], "2": [75.0, 33.0, 44.0], "3": [70.73863636363636, 249.0, 352.0], "4": [90.66666666666666, 136.0, 150.0], "5": [39.45205479452055, 144.0, 365.0], "6": [60.437710437710436, 359.0, 594.0], "7": [64.70588235294117, 11.0, 17.0], "8": [77.77777777777779, 14.0, 18.0]}