precision,accuracy,recall,duration
0.3294857059081627,0.3545966228893058,0.3958393566760706,210.2475802898407
