precision,accuracy,recall,duration
0.40154632572329974,0.467984934086629,0.36475357630086186,567.7763085365295
