{"0": [53.52112676056338, 152.0, 284.0], "1": [32.0, 8.0, 25.0], "2": [95.45454545454545, 21.0, 22.0], "3": [57.38636363636363, 101.0, 176.0], "4": [84.81012658227847, 67.0, 79.0], "5": [37.704918032786885, 69.0, 183.0], "6": [51.17056856187291, 153.0, 299.0], "7": [62.5, 5.0, 8.0], "8": [100.0, 8.0, 8.0]}