precision,accuracy,recall,duration
0.2993502340536709,0.2851063829787234,0.3841195178649442,406.4449956417084
