{"0": [25.0, 9.0, 36.0], "1": [85.71428571428571, 18.0, 21.0], "2": [85.71428571428571, 36.0, 42.0], "3": [77.17041800643086, 240.0, 311.0], "4": [82.41758241758241, 75.0, 91.0], "5": [31.03448275862069, 9.0, 29.0], "6": [67.24137931034483, 117.0, 174.0], "7": [NaN, 0.0, 0.0], "8": [0.0, 0.0, 1.0]}