{"0": [56.25, 315.0, 560.0], "1": [38.297872340425535, 18.0, 47.0], "2": [93.02325581395348, 40.0, 43.0], "3": [54.81049562682215, 188.0, 343.0], "4": [92.0, 138.0, 150.0], "5": [37.359550561797754, 133.0, 356.0], "6": [57.86618444846293, 320.0, 553.0], "7": [64.70588235294117, 11.0, 17.0], "8": [77.77777777777779, 14.0, 18.0]}