precision,accuracy,recall,duration
0.317191581267416,0.3177304964539007,0.30497818568373325,406.4039809703827
