{"0": [19.444444444444446, 7.0, 36.0], "1": [85.71428571428571, 18.0, 21.0], "2": [88.09523809523809, 37.0, 42.0], "3": [74.27652733118971, 231.0, 311.0], "4": [63.73626373626373, 58.0, 91.0], "5": [24.137931034482758, 7.0, 29.0], "6": [70.11494252873564, 122.0, 174.0], "7": [NaN, 0.0, 0.0], "8": [100.0, 1.0, 1.0]}