{"0": [55.88752196836555, 318.0, 569.0], "1": [36.17021276595745, 17.0, 47.0], "2": [97.72727272727273, 43.0, 44.0], "3": [54.54545454545454, 192.0, 352.0], "4": [95.33333333333334, 143.0, 150.0], "5": [36.71232876712329, 134.0, 365.0], "6": [58.75420875420876, 349.0, 594.0], "7": [76.47058823529412, 13.0, 17.0], "8": [61.111111111111114, 11.0, 18.0]}