precision,accuracy,recall,duration
0.355245831904225,0.40709219858156026,0.4888289692591721,422.1445035934448
