precision,accuracy,recall,duration
0.3465607329718265,0.35410764872521244,0.35095828102419463,1196.625795841217
