{"0": [85.04672897196261, 91.0, 107.0], "1": [36.507936507936506, 23.0, 63.0], "2": [83.33333333333334, 95.0, 114.0], "3": [64.95176848874597, 606.0, 933.0], "4": [82.57839721254355, 237.0, 287.0], "5": [25.842696629213485, 23.0, 89.0], "6": [55.8766859344894, 290.0, 519.0], "7": [NaN, 0.0, 0.0], "8": [50.0, 3.0, 6.0]}