precision,accuracy,recall,duration
0.3072012623801673,0.41762767710049425,0.29259089204162575,463.77831268310547
