precision,accuracy,recall,duration
0.35269692573399986,0.36471144749290446,0.31821716517775994,1207.0796949863434
