{"0": [52.54833040421792, 299.0, 569.0], "1": [91.48936170212765, 43.0, 47.0], "2": [100.0, 44.0, 44.0], "3": [80.68181818181817, 284.0, 352.0], "4": [88.66666666666667, 133.0, 150.0], "5": [48.21917808219178, 176.0, 365.0], "6": [65.48821548821549, 389.0, 594.0], "7": [0.0, 0.0, 17.0], "8": [88.88888888888889, 16.0, 18.0]}