precision,accuracy,recall,duration
0.3943336475496374,0.43812233285917496,0.3953584916514384,317.9720995426178
