{"0": [49.21465968586388, 94.0, 191.0], "1": [28.57142857142857, 4.0, 14.0], "2": [81.25, 13.0, 16.0], "3": [76.27118644067797, 90.0, 118.0], "4": [86.0, 43.0, 50.0], "5": [29.166666666666668, 35.0, 120.0], "6": [62.121212121212125, 123.0, 198.0], "7": [50.0, 2.0, 4.0], "8": [85.71428571428571, 6.0, 7.0]}