precision,accuracy,recall,duration
0.3037392758581545,0.3304964539007092,0.46763100883106795,423.38496112823486
