{"0": [52.32142857142858, 293.0, 560.0], "1": [34.04255319148936, 16.0, 47.0], "2": [90.69767441860465, 39.0, 43.0], "3": [53.06122448979592, 182.0, 343.0], "4": [90.66666666666666, 136.0, 150.0], "5": [39.04494382022472, 139.0, 356.0], "6": [56.78119349005425, 314.0, 553.0], "7": [64.70588235294117, 11.0, 17.0], "8": [77.77777777777779, 14.0, 18.0]}