precision,accuracy,recall,duration
0.2950697961643235,0.32056737588652484,0.2951021870063153,398.4863896369934
