precision,accuracy,recall,duration
0.26613235697013987,0.30101302460202606,0.3192444901191843,394.56759119033813
