{"0": [63.57142857142857, 356.0, 560.0], "1": [40.42553191489361, 19.0, 47.0], "2": [95.34883720930233, 41.0, 43.0], "3": [93.58600583090379, 321.0, 343.0], "4": [96.0, 144.0, 150.0], "5": [39.8876404494382, 142.0, 356.0], "6": [52.26039783001808, 289.0, 553.0], "7": [70.58823529411765, 12.0, 17.0], "8": [72.22222222222221, 13.0, 18.0]}