precision,accuracy,recall,duration
0.34664668280251354,0.30638297872340425,0.4430196910608634,418.9040331840515
