{"0": [19.444444444444446, 7.0, 36.0], "1": [38.095238095238095, 8.0, 21.0], "2": [78.57142857142857, 33.0, 42.0], "3": [65.91639871382637, 205.0, 311.0], "4": [91.20879120879121, 83.0, 91.0], "5": [24.137931034482758, 7.0, 29.0], "6": [83.9080459770115, 146.0, 174.0], "7": [NaN, 0.0, 0.0], "8": [0.0, 0.0, 1.0]}