precision,accuracy,recall,duration
0.31846622925066065,0.28085106382978725,0.3274626454117898,423.0709457397461
