{"0": [55.892857142857146, 313.0, 560.0], "1": [34.04255319148936, 16.0, 47.0], "2": [74.4186046511628, 32.0, 43.0], "3": [57.14285714285714, 196.0, 343.0], "4": [98.66666666666667, 148.0, 150.0], "5": [40.44943820224719, 144.0, 356.0], "6": [54.43037974683544, 301.0, 553.0], "7": [64.70588235294117, 11.0, 17.0], "8": [77.77777777777779, 14.0, 18.0]}