{"0": [19.444444444444446, 7.0, 36.0], "1": [57.14285714285714, 12.0, 21.0], "2": [92.85714285714286, 39.0, 42.0], "3": [82.31511254019293, 256.0, 311.0], "4": [48.35164835164835, 44.0, 91.0], "5": [24.137931034482758, 7.0, 29.0], "6": [81.03448275862068, 141.0, 174.0], "7": [NaN, 0.0, 0.0], "8": [100.0, 1.0, 1.0]}