precision,accuracy,recall,duration
0.3137562883601212,0.2877906976744186,0.2731050924645409,198.77252292633057
