precision,accuracy,recall,duration
0.3388450717903588,0.33900709219858155,0.4774893177247466,417.6625940799713
