{"0": [19.444444444444446, 7.0, 36.0], "1": [33.33333333333333, 7.0, 21.0], "2": [85.71428571428571, 36.0, 42.0], "3": [70.09646302250803, 218.0, 311.0], "4": [46.15384615384615, 42.0, 91.0], "5": [31.03448275862069, 9.0, 29.0], "6": [84.48275862068965, 147.0, 174.0], "7": [NaN, 0.0, 0.0], "8": [0.0, 0.0, 1.0]}