{"0": [57.14285714285714, 320.0, 560.0], "1": [40.42553191489361, 19.0, 47.0], "2": [88.37209302325581, 38.0, 43.0], "3": [74.34402332361516, 255.0, 343.0], "4": [94.66666666666667, 142.0, 150.0], "5": [41.29213483146067, 147.0, 356.0], "6": [64.01446654611212, 354.0, 553.0], "7": [52.94117647058824, 9.0, 17.0], "8": [77.77777777777779, 14.0, 18.0]}