precision,accuracy,recall,duration
0.33879186761330427,0.30043124101581214,0.3329977000510094,947.6608266830444
