{"0": [99.82142857142857, 559.0, 560.0], "1": [34.04255319148936, 16.0, 47.0], "2": [90.69767441860465, 39.0, 43.0], "3": [74.9271137026239, 257.0, 343.0], "4": [88.0, 132.0, 150.0], "5": [38.48314606741573, 137.0, 356.0], "6": [54.06871609403255, 299.0, 553.0], "7": [64.70588235294117, 11.0, 17.0], "8": [55.55555555555556, 10.0, 18.0]}