precision,accuracy,recall,duration
0.2953412435003175,0.3933002481389578,0.27964448757420146,397.48592615127563
