{"0": [15.544041450777202, 30.0, 193.0], "1": [100.0, 59.0, 59.0], "2": [45.83333333333333, 11.0, 24.0], "3": [82.05128205128204, 96.0, 117.0], "4": [100.0, 98.0, 98.0], "5": [40.21739130434783, 37.0, 92.0], "6": [64.67391304347827, 119.0, 184.0], "7": [100.0, 39.0, 39.0], "8": [NaN, 0.0, 0.0]}