best_model_train_loss,best_model_val_loss,best_model_train_acc,best_model_val_acc,best_model_learning_rate,best_model_nb_epoch
0.4526991844177246,0.5598820447921753,0.37704917788505554,0.34184396266937256,0.0010000000474974513,96
