precision,accuracy,recall,duration
0.3138718794493161,0.36312056737588655,0.4065372836485672,399.5984842777252
