{"0": [53.602811950790866, 305.0, 569.0], "1": [42.5531914893617, 20.0, 47.0], "2": [70.45454545454545, 31.0, 44.0], "3": [84.94318181818183, 299.0, 352.0], "4": [95.33333333333334, 143.0, 150.0], "5": [35.61643835616438, 130.0, 365.0], "6": [54.54545454545454, 324.0, 594.0], "7": [76.47058823529412, 13.0, 17.0], "8": [83.33333333333334, 15.0, 18.0]}