precision,accuracy,recall,duration
0.28902386331761787,0.42555831265508687,0.31301742069933103,389.42614674568176
