precision,accuracy,recall,duration
0.33518081321172044,0.32907801418439714,0.4595290352303325,404.572731256485
