precision,accuracy,recall,duration
0.35811421654467973,0.2247403210576015,0.354316109206757,1199.6902723312378
