{"0": [26.168224299065418, 28.0, 107.0], "1": [42.857142857142854, 27.0, 63.0], "2": [85.08771929824562, 97.0, 114.0], "3": [92.06859592711683, 859.0, 933.0], "4": [95.1219512195122, 273.0, 287.0], "5": [25.842696629213485, 23.0, 89.0], "6": [63.969171483622354, 332.0, 519.0], "7": [NaN, 0.0, 0.0], "8": [50.0, 3.0, 6.0]}