{"0": [60.71428571428571, 340.0, 560.0], "1": [29.78723404255319, 14.0, 47.0], "2": [86.04651162790698, 37.0, 43.0], "3": [93.00291545189503, 319.0, 343.0], "4": [96.66666666666667, 145.0, 150.0], "5": [39.60674157303371, 141.0, 356.0], "6": [55.33453887884268, 306.0, 553.0], "7": [64.70588235294117, 11.0, 17.0], "8": [77.77777777777779, 14.0, 18.0]}