precision,accuracy,recall,duration
0.34274534988820704,0.34579439252336447,0.3729747940231811,34.81587600708008
