precision,accuracy,recall,duration
0.35654023758913705,0.3562559694364852,0.31798360997259634,594.9074239730835
