{"0": [92.47311827956989, 258.0, 279.0], "1": [32.0, 8.0, 25.0], "2": [95.23809523809523, 20.0, 21.0], "3": [57.30994152046783, 98.0, 171.0], "4": [84.81012658227847, 67.0, 79.0], "5": [38.764044943820224, 69.0, 178.0], "6": [50.719424460431654, 141.0, 278.0], "7": [62.5, 5.0, 8.0], "8": [100.0, 8.0, 8.0]}