precision,accuracy,recall,duration
0.29749686706480133,0.21435316336166194,0.28688193945388657,1186.6871311664581
