{"0": [26.168224299065418, 28.0, 107.0], "1": [33.33333333333333, 21.0, 63.0], "2": [83.33333333333334, 95.0, 114.0], "3": [85.53054662379421, 798.0, 933.0], "4": [94.07665505226481, 270.0, 287.0], "5": [100.0, 89.0, 89.0], "6": [69.36416184971098, 360.0, 519.0], "7": [NaN, 0.0, 0.0], "8": [50.0, 3.0, 6.0]}