precision,accuracy,recall,duration
0.33966833580612316,0.36103151862464183,0.33560305437334936,588.2882516384125
