{"0": [47.67025089605735, 133.0, 279.0], "1": [36.0, 9.0, 25.0], "2": [95.23809523809523, 20.0, 21.0], "3": [92.98245614035088, 159.0, 171.0], "4": [92.40506329113924, 73.0, 79.0], "5": [37.07865168539326, 66.0, 178.0], "6": [71.58273381294964, 199.0, 278.0], "7": [25.0, 2.0, 8.0], "8": [100.0, 8.0, 8.0]}