{"0": [61.25000000000001, 343.0, 560.0], "1": [48.93617021276596, 23.0, 47.0], "2": [86.04651162790698, 37.0, 43.0], "3": [80.75801749271136, 277.0, 343.0], "4": [82.66666666666667, 124.0, 150.0], "5": [42.13483146067416, 150.0, 356.0], "6": [55.87703435804702, 309.0, 553.0], "7": [94.11764705882352, 16.0, 17.0], "8": [61.111111111111114, 11.0, 18.0]}