precision,accuracy,recall,duration
0.3126877736376038,0.31444759206798867,0.28723747622950835,604.0046753883362
