{"0": [22.22222222222222, 12.0, 54.0], "1": [84.84848484848484, 28.0, 33.0], "2": [81.03448275862068, 47.0, 58.0], "3": [72.47311827956989, 337.0, 465.0], "4": [71.94244604316546, 100.0, 139.0], "5": [40.0, 18.0, 45.0], "6": [68.96551724137932, 180.0, 261.0], "7": [NaN, 0.0, 0.0], "8": [100.0, 4.0, 4.0]}