precision,accuracy,recall,duration
0.31594779082890057,0.36737588652482267,0.4879526931860893,401.734965801239
