{"0": [33.33333333333333, 12.0, 36.0], "1": [33.33333333333333, 7.0, 21.0], "2": [71.42857142857143, 30.0, 42.0], "3": [71.06109324758843, 221.0, 311.0], "4": [75.82417582417582, 69.0, 91.0], "5": [17.24137931034483, 5.0, 29.0], "6": [58.620689655172406, 102.0, 174.0], "7": [NaN, 0.0, 0.0], "8": [0.0, 0.0, 1.0]}