{"0": [60.80843585237259, 346.0, 569.0], "1": [40.42553191489361, 19.0, 47.0], "2": [97.72727272727273, 43.0, 44.0], "3": [50.0, 176.0, 352.0], "4": [99.33333333333333, 149.0, 150.0], "5": [41.369863013698634, 151.0, 365.0], "6": [60.437710437710436, 359.0, 594.0], "7": [88.23529411764706, 15.0, 17.0], "8": [72.22222222222221, 13.0, 18.0]}