precision,accuracy,recall,duration
0.34671745290733885,0.324822695035461,0.4714654499645445,419.73873591423035
