{"0": [61.25000000000001, 343.0, 560.0], "1": [36.17021276595745, 17.0, 47.0], "2": [97.67441860465115, 42.0, 43.0], "3": [89.50437317784257, 307.0, 343.0], "4": [93.33333333333333, 140.0, 150.0], "5": [43.258426966292134, 154.0, 356.0], "6": [56.78119349005425, 314.0, 553.0], "7": [52.94117647058824, 9.0, 17.0], "8": [77.77777777777779, 14.0, 18.0]}