precision,accuracy,recall,duration
0.29792756963380795,0.38089330024813894,0.27041111472665125,399.9891414642334
