{"0": [21.243523316062177, 41.0, 193.0], "1": [100.0, 59.0, 59.0], "2": [50.0, 12.0, 24.0], "3": [77.77777777777779, 91.0, 117.0], "4": [100.0, 98.0, 98.0], "5": [42.391304347826086, 39.0, 92.0], "6": [65.21739130434783, 120.0, 184.0], "7": [100.0, 39.0, 39.0], "8": [NaN, 0.0, 0.0]}