{"0": [57.67857142857142, 323.0, 560.0], "1": [72.3404255319149, 34.0, 47.0], "2": [69.76744186046511, 30.0, 43.0], "3": [81.92419825072886, 281.0, 343.0], "4": [85.33333333333334, 128.0, 150.0], "5": [41.01123595505618, 146.0, 356.0], "6": [57.14285714285714, 316.0, 553.0], "7": [94.11764705882352, 16.0, 17.0], "8": [72.22222222222221, 13.0, 18.0]}