{"0": [89.83957219251337, 168.0, 187.0], "1": [100.0, 14.0, 14.0], "2": [100.0, 15.0, 15.0], "3": [96.49122807017544, 110.0, 114.0], "4": [78.0, 39.0, 50.0], "5": [89.65517241379311, 104.0, 116.0], "6": [72.82608695652173, 134.0, 184.0], "7": [0.0, 0.0, 4.0], "8": [100.0, 7.0, 7.0]}