{"0": [51.493848857644984, 293.0, 569.0], "1": [40.42553191489361, 19.0, 47.0], "2": [93.18181818181817, 41.0, 44.0], "3": [92.04545454545455, 324.0, 352.0], "4": [86.66666666666667, 130.0, 150.0], "5": [35.06849315068493, 128.0, 365.0], "6": [47.13804713804714, 280.0, 594.0], "7": [52.94117647058824, 9.0, 17.0], "8": [77.77777777777779, 14.0, 18.0]}