{"0": [54.64285714285714, 306.0, 560.0], "1": [48.93617021276596, 23.0, 47.0], "2": [100.0, 43.0, 43.0], "3": [84.25655976676384, 289.0, 343.0], "4": [84.66666666666667, 127.0, 150.0], "5": [39.60674157303371, 141.0, 356.0], "6": [58.04701627486437, 321.0, 553.0], "7": [17.647058823529413, 3.0, 17.0], "8": [77.77777777777779, 14.0, 18.0]}