{"0": [60.535714285714285, 339.0, 560.0], "1": [36.17021276595745, 17.0, 47.0], "2": [93.02325581395348, 40.0, 43.0], "3": [73.76093294460642, 253.0, 343.0], "4": [92.0, 138.0, 150.0], "5": [39.04494382022472, 139.0, 356.0], "6": [57.86618444846293, 320.0, 553.0], "7": [58.82352941176471, 10.0, 17.0], "8": [77.77777777777779, 14.0, 18.0]}