{"0": [55.19713261648745, 154.0, 279.0], "1": [48.0, 12.0, 25.0], "2": [100.0, 21.0, 21.0], "3": [71.9298245614035, 123.0, 171.0], "4": [81.0126582278481, 64.0, 79.0], "5": [36.51685393258427, 65.0, 178.0], "6": [43.52517985611511, 121.0, 278.0], "7": [100.0, 8.0, 8.0], "8": [100.0, 8.0, 8.0]}