precision,accuracy,recall,duration
0.3532377960094556,0.3780546238620029,0.36736756760909195,927.669805765152
