precision,accuracy,recall,duration
0.340303009018055,0.22830188679245284,0.33765455851411663,957.8765716552734
