{"0": [27.102803738317753, 29.0, 107.0], "1": [41.269841269841265, 26.0, 63.0], "2": [87.71929824561403, 100.0, 114.0], "3": [93.14040728831725, 869.0, 933.0], "4": [99.65397923875432, 288.0, 289.0], "5": [42.69662921348314, 38.0, 89.0], "6": [54.52793834296724, 283.0, 519.0], "7": [NaN, 0.0, 0.0], "8": [50.0, 3.0, 6.0]}