precision,accuracy,recall,duration
0.3987883737187701,0.4442836468885673,0.4014912120733668,397.69243574142456
