precision,accuracy,recall,duration
0.36177355619382384,0.3829084041548631,0.3529757351951103,1206.043353319168
