{"0": [82.2429906542056, 88.0, 107.0], "1": [41.269841269841265, 26.0, 63.0], "2": [81.57894736842105, 93.0, 114.0], "3": [63.558413719185424, 593.0, 933.0], "4": [74.56445993031359, 214.0, 287.0], "5": [20.224719101123593, 18.0, 89.0], "6": [52.215799614643544, 271.0, 519.0], "7": [NaN, 0.0, 0.0], "8": [66.66666666666666, 4.0, 6.0]}