{"0": [49.19786096256685, 92.0, 187.0], "1": [28.57142857142857, 4.0, 14.0], "2": [80.0, 12.0, 15.0], "3": [72.80701754385966, 83.0, 114.0], "4": [82.0, 41.0, 50.0], "5": [32.758620689655174, 38.0, 116.0], "6": [57.608695652173914, 106.0, 184.0], "7": [50.0, 2.0, 4.0], "8": [85.71428571428571, 6.0, 7.0]}