{"0": [96.05734767025089, 268.0, 279.0], "1": [32.0, 8.0, 25.0], "2": [95.23809523809523, 20.0, 21.0], "3": [56.72514619883041, 97.0, 171.0], "4": [91.13924050632912, 72.0, 79.0], "5": [35.95505617977528, 64.0, 178.0], "6": [67.62589928057554, 188.0, 278.0], "7": [62.5, 5.0, 8.0], "8": [100.0, 8.0, 8.0]}