precision,accuracy,recall,duration
0.3238677333674791,0.2553191489361702,0.44693556386463956,416.09779810905457
