{"0": [53.75, 301.0, 560.0], "1": [40.42553191489361, 19.0, 47.0], "2": [83.72093023255815, 36.0, 43.0], "3": [89.50437317784257, 307.0, 343.0], "4": [96.66666666666667, 145.0, 150.0], "5": [41.853932584269664, 149.0, 356.0], "6": [54.06871609403255, 299.0, 553.0], "7": [76.47058823529412, 13.0, 17.0], "8": [55.55555555555556, 10.0, 18.0]}