{"0": [19.444444444444446, 7.0, 36.0], "1": [38.095238095238095, 8.0, 21.0], "2": [85.71428571428571, 36.0, 42.0], "3": [84.56591639871382, 263.0, 311.0], "4": [53.84615384615385, 49.0, 91.0], "5": [27.586206896551722, 8.0, 29.0], "6": [88.50574712643679, 154.0, 174.0], "7": [NaN, 0.0, 0.0], "8": [0.0, 0.0, 1.0]}