precision,accuracy,recall,duration
0.3897275369298325,0.411214953271028,0.5033460759670437,62.129477739334106
