precision,accuracy,recall,duration
0.28231144309575684,0.3617021276595745,0.3000213495833853,404.2753851413727
