precision,accuracy,recall,duration
0.2971846135405831,0.2794326241134752,0.37775431324235703,404.9407048225403
