{"0": [16.666666666666664, 6.0, 36.0], "1": [38.095238095238095, 8.0, 21.0], "2": [83.33333333333334, 35.0, 42.0], "3": [62.37942122186495, 194.0, 311.0], "4": [58.24175824175825, 53.0, 91.0], "5": [100.0, 29.0, 29.0], "6": [71.26436781609196, 124.0, 174.0], "7": [NaN, 0.0, 0.0], "8": [100.0, 1.0, 1.0]}