{"0": [22.22222222222222, 8.0, 36.0], "1": [28.57142857142857, 6.0, 21.0], "2": [88.09523809523809, 37.0, 42.0], "3": [77.491961414791, 241.0, 311.0], "4": [75.82417582417582, 69.0, 91.0], "5": [100.0, 29.0, 29.0], "6": [67.81609195402298, 118.0, 174.0], "7": [NaN, 0.0, 0.0], "8": [0.0, 0.0, 1.0]}