precision,accuracy,recall,duration
0.3364750175278568,0.3333333333333333,0.3226654289886331,1192.260116815567
