{"0": [85.04672897196261, 91.0, 107.0], "1": [46.03174603174603, 29.0, 63.0], "2": [83.33333333333334, 95.0, 114.0], "3": [65.80921757770632, 614.0, 933.0], "4": [78.397212543554, 225.0, 287.0], "5": [39.325842696629216, 35.0, 89.0], "6": [61.657032755298644, 320.0, 519.0], "7": [NaN, 0.0, 0.0], "8": [50.0, 3.0, 6.0]}