best_model_train_loss,best_model_val_loss,best_model_train_acc,best_model_val_acc,best_model_learning_rate,best_model_nb_epoch
0.40592291951179504,1.1601357460021973,0.46911075711250305,0.4687795639038086,0.0010000000474974513,90
