precision,accuracy,recall,duration
0.38579251847352114,0.5350047303689688,0.40602236403740927,1256.1084780693054
