{"0": [24.956063268892795, 142.0, 569.0], "1": [40.42553191489361, 19.0, 47.0], "2": [70.45454545454545, 31.0, 44.0], "3": [52.84090909090909, 186.0, 352.0], "4": [88.0, 132.0, 150.0], "5": [37.534246575342465, 137.0, 365.0], "6": [58.080808080808076, 345.0, 594.0], "7": [76.47058823529412, 13.0, 17.0], "8": [88.88888888888889, 16.0, 18.0]}