{"0": [60.45694200351493, 344.0, 569.0], "1": [44.680851063829785, 21.0, 47.0], "2": [93.18181818181817, 41.0, 44.0], "3": [88.63636363636364, 312.0, 352.0], "4": [90.0, 135.0, 150.0], "5": [40.0, 146.0, 365.0], "6": [58.080808080808076, 345.0, 594.0], "7": [29.411764705882355, 5.0, 17.0], "8": [88.88888888888889, 16.0, 18.0]}