precision,accuracy,recall,duration
0.3512677611934787,0.3517730496453901,0.4627345037682474,428.0742840766907
