{"0": [19.444444444444446, 7.0, 36.0], "1": [38.095238095238095, 8.0, 21.0], "2": [85.71428571428571, 36.0, 42.0], "3": [63.9871382636656, 199.0, 311.0], "4": [78.02197802197803, 71.0, 91.0], "5": [24.137931034482758, 7.0, 29.0], "6": [74.13793103448276, 129.0, 174.0], "7": [NaN, 0.0, 0.0], "8": [0.0, 0.0, 1.0]}