precision,accuracy,recall,duration
0.2564927135907727,0.1577424023154848,0.21190828038774806,365.0904641151428
