{"0": [89.3048128342246, 167.0, 187.0], "1": [14.285714285714285, 2.0, 14.0], "2": [100.0, 15.0, 15.0], "3": [96.49122807017544, 110.0, 114.0], "4": [84.0, 42.0, 50.0], "5": [96.55172413793103, 112.0, 116.0], "6": [67.93478260869566, 125.0, 184.0], "7": [75.0, 3.0, 4.0], "8": [85.71428571428571, 6.0, 7.0]}