precision,accuracy,recall,duration
0.3593375905686822,0.33617021276595743,0.4778810652059719,420.7278616428375
