precision,accuracy,recall,duration
0.288029274768927,0.2897196261682243,0.2668122333903609,84.44921398162842
