{"0": [72.72727272727273, 8.0, 11.0], "1": [80.0, 4.0, 5.0], "2": [88.88888888888889, 16.0, 18.0], "3": [73.83177570093457, 79.0, 107.0], "4": [76.0, 19.0, 25.0], "5": [0.0, 0.0, 10.0], "6": [68.42105263157895, 26.0, 38.0], "7": [NaN, 0.0, 0.0], "8": [NaN, 0.0, 0.0]}