precision,accuracy,recall,duration
0.4094626424654997,0.2927289896128423,0.36597217459696785,1209.2753236293793
