{"0": [25.233644859813083, 27.0, 107.0], "1": [58.730158730158735, 37.0, 63.0], "2": [83.33333333333334, 95.0, 114.0], "3": [77.27759914255091, 721.0, 933.0], "4": [85.01742160278745, 244.0, 287.0], "5": [23.595505617977526, 21.0, 89.0], "6": [67.4373795761079, 350.0, 519.0], "7": [NaN, 0.0, 0.0], "8": [50.0, 3.0, 6.0]}