precision,accuracy,recall,duration
0.24232805392400378,0.3598130841121495,0.35070899186983795,50.951801776885986
