{"0": [45.45454545454545, 5.0, 11.0], "1": [20.0, 1.0, 5.0], "2": [83.33333333333334, 15.0, 18.0], "3": [54.20560747663551, 58.0, 107.0], "4": [84.0, 21.0, 25.0], "5": [0.0, 0.0, 10.0], "6": [97.36842105263158, 37.0, 38.0], "7": [NaN, 0.0, 0.0], "8": [NaN, 0.0, 0.0]}