precision,accuracy,recall,duration
0.32984323588049264,0.32907801418439714,0.3478571534619877,411.7396857738495
