{"0": [45.357142857142854, 254.0, 560.0], "1": [38.297872340425535, 18.0, 47.0], "2": [88.37209302325581, 38.0, 43.0], "3": [76.0932944606414, 261.0, 343.0], "4": [98.0, 147.0, 150.0], "5": [37.640449438202246, 134.0, 356.0], "6": [55.15370705244123, 305.0, 553.0], "7": [94.11764705882352, 16.0, 17.0], "8": [72.22222222222221, 13.0, 18.0]}