precision,accuracy,recall,duration
0.39503955089005244,0.4565425023877746,0.390600386991198,598.4672629833221
