precision,accuracy,recall,duration
0.35635472960233666,0.31631205673758866,0.4601456543098262,403.99632954597473
