{"0": [48.028673835125446, 134.0, 279.0], "1": [28.000000000000004, 7.0, 25.0], "2": [57.14285714285714, 12.0, 21.0], "3": [54.385964912280706, 93.0, 171.0], "4": [86.07594936708861, 68.0, 79.0], "5": [36.51685393258427, 65.0, 178.0], "6": [63.30935251798561, 176.0, 278.0], "7": [75.0, 6.0, 8.0], "8": [100.0, 8.0, 8.0]}