{"0": [22.22222222222222, 8.0, 36.0], "1": [33.33333333333333, 7.0, 21.0], "2": [83.33333333333334, 35.0, 42.0], "3": [78.45659163987139, 244.0, 311.0], "4": [84.61538461538461, 77.0, 91.0], "5": [24.137931034482758, 7.0, 29.0], "6": [59.77011494252874, 104.0, 174.0], "7": [NaN, 0.0, 0.0], "8": [0.0, 0.0, 1.0]}