precision,accuracy,recall,duration
0.2795402551642684,0.28509822712026833,0.33138849694322065,925.2641217708588
