{"0": [100.0, 560.0, 560.0], "1": [34.04255319148936, 16.0, 47.0], "2": [90.69767441860465, 39.0, 43.0], "3": [82.5072886297376, 283.0, 343.0], "4": [87.33333333333333, 131.0, 150.0], "5": [36.51685393258427, 130.0, 356.0], "6": [56.6003616636528, 313.0, 553.0], "7": [52.94117647058824, 9.0, 17.0], "8": [61.111111111111114, 11.0, 18.0]}