precision,accuracy,recall,duration
0.3376055813786563,0.3191489361702128,0.34422811538715004,418.921302318573
