{"0": [19.444444444444446, 7.0, 36.0], "1": [38.095238095238095, 8.0, 21.0], "2": [90.47619047619048, 38.0, 42.0], "3": [68.16720257234726, 212.0, 311.0], "4": [52.74725274725275, 48.0, 91.0], "5": [31.03448275862069, 9.0, 29.0], "6": [90.22988505747126, 157.0, 174.0], "7": [NaN, 0.0, 0.0], "8": [100.0, 1.0, 1.0]}