{"0": [58.75, 329.0, 560.0], "1": [36.17021276595745, 17.0, 47.0], "2": [100.0, 43.0, 43.0], "3": [86.29737609329446, 296.0, 343.0], "4": [93.33333333333333, 140.0, 150.0], "5": [42.41573033707865, 151.0, 356.0], "6": [57.14285714285714, 316.0, 553.0], "7": [58.82352941176471, 10.0, 17.0], "8": [72.22222222222221, 13.0, 18.0]}