best_model_train_loss,best_model_val_loss,best_model_train_acc,best_model_val_acc,best_model_learning_rate,best_model_nb_epoch
0.43847131729125977,0.9847490787506104,0.4551461338996887,0.3777148127555847,0.0010000000474974513,92
