precision,accuracy,recall,duration
0.3948409862281033,0.43076185912793485,0.4029393625712301,946.3419654369354
