precision,accuracy,recall,duration
0.38011636188784587,0.3654390934844193,0.38160129993479774,603.6680014133453
