{"0": [31.48148148148148, 17.0, 54.0], "1": [33.33333333333333, 11.0, 33.0], "2": [79.3103448275862, 46.0, 58.0], "3": [66.23655913978494, 308.0, 465.0], "4": [79.85611510791367, 111.0, 139.0], "5": [28.888888888888886, 13.0, 45.0], "6": [62.45210727969349, 163.0, 261.0], "7": [NaN, 0.0, 0.0], "8": [75.0, 3.0, 4.0]}