{"0": [50.0, 280.0, 560.0], "1": [27.659574468085108, 13.0, 47.0], "2": [86.04651162790698, 37.0, 43.0], "3": [88.33819241982506, 303.0, 343.0], "4": [86.66666666666667, 130.0, 150.0], "5": [33.70786516853933, 120.0, 356.0], "6": [51.5370705244123, 285.0, 553.0], "7": [41.17647058823529, 7.0, 17.0], "8": [72.22222222222221, 13.0, 18.0]}