best_model_train_loss,best_model_val_loss,best_model_train_acc,best_model_val_acc,best_model_learning_rate,best_model_nb_epoch
0.43638062477111816,1.4903018474578857,0.42186295986175537,0.4049665629863739,0.0010000000474974513,92
