precision,accuracy,recall,duration
0.3958257741560618,0.46418338108882523,0.36187068962912905,595.3266088962555
