precision,accuracy,recall,duration
0.3809253298391086,0.33191489361702126,0.47399307336661817,405.38156819343567
