{"0": [47.31182795698925, 132.0, 279.0], "1": [32.0, 8.0, 25.0], "2": [95.23809523809523, 20.0, 21.0], "3": [54.385964912280706, 93.0, 171.0], "4": [88.60759493670885, 70.0, 79.0], "5": [37.07865168539326, 66.0, 178.0], "6": [57.194244604316545, 159.0, 278.0], "7": [62.5, 5.0, 8.0], "8": [100.0, 8.0, 8.0]}