{"0": [25.0, 9.0, 36.0], "1": [28.57142857142857, 6.0, 21.0], "2": [80.95238095238095, 34.0, 42.0], "3": [79.09967845659163, 246.0, 311.0], "4": [74.72527472527473, 68.0, 91.0], "5": [27.586206896551722, 8.0, 29.0], "6": [57.47126436781609, 100.0, 174.0], "7": [NaN, 0.0, 0.0], "8": [0.0, 0.0, 1.0]}