{"0": [100.0, 26.0, 26.0], "1": [51.724137931034484, 15.0, 29.0], "2": [91.17647058823529, 31.0, 34.0], "3": [74.77477477477478, 166.0, 222.0], "4": [49.333333333333336, 37.0, 75.0], "5": [96.15384615384616, 25.0, 26.0], "6": [73.87387387387388, 82.0, 111.0], "7": [NaN, 0.0, 0.0], "8": [50.0, 5.0, 10.0]}