precision,accuracy,recall,duration
0.3181254503923371,0.400329489291598,0.29066456122608664,476.32875394821167
