{"0": [17.301038062283737, 50.0, 289.0], "1": [100.0, 96.0, 96.0], "2": [40.625, 13.0, 32.0], "3": [79.76878612716763, 138.0, 173.0], "4": [100.0, 147.0, 147.0], "5": [38.88888888888889, 56.0, 144.0], "6": [61.81818181818181, 170.0, 275.0], "7": [100.0, 58.0, 58.0], "8": [NaN, 0.0, 0.0]}