precision,accuracy,recall,duration
0.2694203539651334,0.23135033050047216,0.27887005177548413,1194.2483434677124
