{"0": [27.102803738317753, 29.0, 107.0], "1": [34.92063492063492, 22.0, 63.0], "2": [88.59649122807018, 101.0, 114.0], "3": [80.92175777063237, 755.0, 933.0], "4": [100.0, 287.0, 287.0], "5": [82.02247191011236, 73.0, 89.0], "6": [68.78612716763006, 357.0, 519.0], "7": [NaN, 0.0, 0.0], "8": [66.66666666666666, 4.0, 6.0]}