{"0": [49.56063268892794, 282.0, 569.0], "1": [38.297872340425535, 18.0, 47.0], "2": [90.9090909090909, 40.0, 44.0], "3": [73.01136363636364, 257.0, 352.0], "4": [89.33333333333333, 134.0, 150.0], "5": [44.657534246575345, 163.0, 365.0], "6": [56.56565656565656, 336.0, 594.0], "7": [52.94117647058824, 9.0, 17.0], "8": [83.33333333333334, 15.0, 18.0]}