{"0": [92.32142857142858, 517.0, 560.0], "1": [100.0, 47.0, 47.0], "2": [100.0, 43.0, 43.0], "3": [91.83673469387756, 315.0, 343.0], "4": [98.66666666666667, 148.0, 150.0], "5": [87.64044943820225, 312.0, 356.0], "6": [65.0994575045208, 360.0, 553.0], "7": [0.0, 0.0, 17.0], "8": [77.77777777777779, 14.0, 18.0]}