{"0": [25.352112676056336, 72.0, 284.0], "1": [32.0, 8.0, 25.0], "2": [100.0, 22.0, 22.0], "3": [78.4090909090909, 138.0, 176.0], "4": [84.81012658227847, 67.0, 79.0], "5": [30.601092896174865, 56.0, 183.0], "6": [48.16053511705686, 144.0, 299.0], "7": [100.0, 8.0, 8.0], "8": [100.0, 8.0, 8.0]}