precision,accuracy,recall,duration
0.36206807633817245,0.4078319006685769,0.38191713316795195,591.3942074775696
