precision,accuracy,recall,duration
0.3516197408135102,0.3694627709707823,0.36070964848421805,609.8718645572662
