{"0": [47.67025089605735, 133.0, 279.0], "1": [32.0, 8.0, 25.0], "2": [47.61904761904761, 10.0, 21.0], "3": [81.28654970760235, 139.0, 171.0], "4": [97.46835443037975, 77.0, 79.0], "5": [37.640449438202246, 67.0, 178.0], "6": [62.589928057553955, 174.0, 278.0], "7": [50.0, 4.0, 8.0], "8": [100.0, 8.0, 8.0]}