{"0": [29.629629629629626, 16.0, 54.0], "1": [42.42424242424242, 14.0, 33.0], "2": [87.93103448275862, 51.0, 58.0], "3": [64.73118279569893, 301.0, 465.0], "4": [89.36170212765957, 126.0, 141.0], "5": [31.11111111111111, 14.0, 45.0], "6": [55.172413793103445, 144.0, 261.0], "7": [NaN, 0.0, 0.0], "8": [75.0, 3.0, 4.0]}