precision,accuracy,recall,duration
0.3629351815545536,0.36281929990539263,0.3334190011223336,1208.2087075710297
