{"0": [53.25131810193322, 303.0, 569.0], "1": [91.48936170212765, 43.0, 47.0], "2": [100.0, 44.0, 44.0], "3": [80.9659090909091, 285.0, 352.0], "4": [87.33333333333333, 131.0, 150.0], "5": [55.89041095890411, 204.0, 365.0], "6": [61.27946127946128, 364.0, 594.0], "7": [0.0, 0.0, 17.0], "8": [72.22222222222221, 13.0, 18.0]}