{"0": [39.79057591623037, 76.0, 191.0], "1": [35.714285714285715, 5.0, 14.0], "2": [81.25, 13.0, 16.0], "3": [71.1864406779661, 84.0, 118.0], "4": [94.0, 47.0, 50.0], "5": [35.833333333333336, 43.0, 120.0], "6": [56.060606060606055, 111.0, 198.0], "7": [100.0, 4.0, 4.0], "8": [100.0, 7.0, 7.0]}