precision,accuracy,recall,duration
0.3389886631420708,0.3304964539007092,0.4612711404761521,412.39977765083313
