{"0": [25.0, 9.0, 36.0], "1": [33.33333333333333, 7.0, 21.0], "2": [88.09523809523809, 37.0, 42.0], "3": [68.16720257234726, 212.0, 311.0], "4": [59.34065934065934, 54.0, 91.0], "5": [27.586206896551722, 8.0, 29.0], "6": [83.33333333333334, 145.0, 174.0], "7": [NaN, 0.0, 0.0], "8": [0.0, 0.0, 1.0]}