{"0": [56.96428571428571, 319.0, 560.0], "1": [27.659574468085108, 13.0, 47.0], "2": [100.0, 43.0, 43.0], "3": [77.84256559766763, 267.0, 343.0], "4": [89.33333333333333, 134.0, 150.0], "5": [42.69662921348314, 152.0, 356.0], "6": [56.41952983725136, 312.0, 553.0], "7": [94.11764705882352, 16.0, 17.0], "8": [72.22222222222221, 13.0, 18.0]}