precision,accuracy,recall,duration
0.39920219286871705,0.4224219489120151,0.4232962183866994,1221.4644775390625
