{"0": [63.09314586994728, 359.0, 569.0], "1": [36.17021276595745, 17.0, 47.0], "2": [88.63636363636364, 39.0, 44.0], "3": [51.13636363636363, 180.0, 352.0], "4": [97.33333333333334, 146.0, 150.0], "5": [38.35616438356164, 140.0, 365.0], "6": [61.61616161616161, 366.0, 594.0], "7": [41.17647058823529, 7.0, 17.0], "8": [44.44444444444444, 8.0, 18.0]}