precision,accuracy,recall,duration
0.3650320311443173,0.3276595744680851,0.4586378710080525,417.28856444358826
