{"0": [22.22222222222222, 8.0, 36.0], "1": [42.857142857142854, 9.0, 21.0], "2": [80.95238095238095, 34.0, 42.0], "3": [75.2411575562701, 234.0, 311.0], "4": [78.02197802197803, 71.0, 91.0], "5": [24.137931034482758, 7.0, 29.0], "6": [63.793103448275865, 111.0, 174.0], "7": [NaN, 0.0, 0.0], "8": [0.0, 0.0, 1.0]}