{"0": [58.392857142857146, 327.0, 560.0], "1": [31.914893617021278, 15.0, 47.0], "2": [95.34883720930233, 41.0, 43.0], "3": [70.8454810495627, 243.0, 343.0], "4": [97.33333333333334, 146.0, 150.0], "5": [40.44943820224719, 144.0, 356.0], "6": [53.70705244122965, 297.0, 553.0], "7": [29.411764705882355, 5.0, 17.0], "8": [66.66666666666666, 12.0, 18.0]}