precision,accuracy,recall,duration
0.38586426113799477,0.32483474976392823,0.3709718356930954,602.7810273170471
