{"0": [33.33333333333333, 18.0, 54.0], "1": [48.484848484848484, 16.0, 33.0], "2": [89.65517241379311, 52.0, 58.0], "3": [74.40860215053763, 346.0, 465.0], "4": [82.73381294964028, 115.0, 139.0], "5": [28.888888888888886, 13.0, 45.0], "6": [58.620689655172406, 153.0, 261.0], "7": [NaN, 0.0, 0.0], "8": [50.0, 2.0, 4.0]}