{"0": [58.69947275922671, 334.0, 569.0], "1": [34.04255319148936, 16.0, 47.0], "2": [84.0909090909091, 37.0, 44.0], "3": [63.35227272727273, 223.0, 352.0], "4": [93.33333333333333, 140.0, 150.0], "5": [37.534246575342465, 137.0, 365.0], "6": [61.111111111111114, 363.0, 594.0], "7": [52.94117647058824, 9.0, 17.0], "8": [66.66666666666666, 12.0, 18.0]}