{"0": [60.80843585237259, 346.0, 569.0], "1": [51.06382978723404, 24.0, 47.0], "2": [97.72727272727273, 43.0, 44.0], "3": [88.06818181818183, 310.0, 352.0], "4": [88.66666666666667, 133.0, 150.0], "5": [37.534246575342465, 137.0, 365.0], "6": [54.54545454545454, 324.0, 594.0], "7": [5.88235294117647, 1.0, 17.0], "8": [83.33333333333334, 15.0, 18.0]}