precision,accuracy,recall,duration
0.37386927032842104,0.37163120567375885,0.476554827822522,421.5093274116516
