{"0": [42.5, 238.0, 560.0], "1": [48.93617021276596, 23.0, 47.0], "2": [76.74418604651163, 33.0, 43.0], "3": [58.60058309037901, 201.0, 343.0], "4": [85.33333333333334, 128.0, 150.0], "5": [36.51685393258427, 130.0, 356.0], "6": [58.22784810126582, 322.0, 553.0], "7": [94.11764705882352, 16.0, 17.0], "8": [72.22222222222221, 13.0, 18.0]}