{"0": [53.39285714285714, 299.0, 560.0], "1": [34.04255319148936, 16.0, 47.0], "2": [72.09302325581395, 31.0, 43.0], "3": [59.7667638483965, 205.0, 343.0], "4": [95.33333333333334, 143.0, 150.0], "5": [39.8876404494382, 142.0, 356.0], "6": [52.62206148282098, 291.0, 553.0], "7": [64.70588235294117, 11.0, 17.0], "8": [83.33333333333334, 15.0, 18.0]}