{"0": [40.0, 4.0, 10.0], "1": [0.0, 0.0, 5.0], "2": [81.81818181818183, 9.0, 11.0], "3": [87.5, 84.0, 96.0], "4": [67.74193548387096, 21.0, 31.0], "5": [100.0, 11.0, 11.0], "6": [60.0, 30.0, 50.0], "7": [NaN, 0.0, 0.0], "8": [NaN, 0.0, 0.0]}