best_model_train_loss,best_model_val_loss,best_model_train_acc,best_model_val_acc,best_model_learning_rate,best_model_nb_epoch
0.44401755928993225,0.5483339428901672,0.44147923588752747,0.3304964601993561,0.0010000000474974513,85
