precision,accuracy,recall,duration
0.34239239210077516,0.3333333333333333,0.46851659610834695,417.0255353450775
