{"0": [61.60714285714286, 345.0, 560.0], "1": [59.57446808510638, 28.0, 47.0], "2": [83.72093023255815, 36.0, 43.0], "3": [94.16909620991254, 323.0, 343.0], "4": [98.66666666666667, 148.0, 150.0], "5": [43.53932584269663, 155.0, 356.0], "6": [60.03616636528029, 332.0, 553.0], "7": [94.11764705882352, 16.0, 17.0], "8": [61.111111111111114, 11.0, 18.0]}