{"0": [46.22144112478031, 263.0, 569.0], "1": [40.42553191489361, 19.0, 47.0], "2": [86.36363636363636, 38.0, 44.0], "3": [81.25, 286.0, 352.0], "4": [89.33333333333333, 134.0, 150.0], "5": [42.19178082191781, 154.0, 365.0], "6": [51.68350168350169, 307.0, 594.0], "7": [47.05882352941176, 8.0, 17.0], "8": [88.88888888888889, 16.0, 18.0]}