precision,accuracy,recall,duration
0.34698741615605205,0.3425970292285577,0.31262273859247086,871.9665188789368
