{"0": [82.14285714285714, 460.0, 560.0], "1": [44.680851063829785, 21.0, 47.0], "2": [86.04651162790698, 37.0, 43.0], "3": [81.34110787172013, 279.0, 343.0], "4": [88.0, 132.0, 150.0], "5": [37.359550561797754, 133.0, 356.0], "6": [51.35623869801085, 284.0, 553.0], "7": [58.82352941176471, 10.0, 17.0], "8": [88.88888888888889, 16.0, 18.0]}