precision,accuracy,recall,duration
0.33324633066589743,0.42532005689900426,0.31741569900410815,302.8923156261444
