{"0": [50.78534031413613, 97.0, 191.0], "1": [64.28571428571429, 9.0, 14.0], "2": [93.75, 15.0, 16.0], "3": [56.779661016949156, 67.0, 118.0], "4": [86.0, 43.0, 50.0], "5": [36.666666666666664, 44.0, 120.0], "6": [65.15151515151516, 129.0, 198.0], "7": [75.0, 3.0, 4.0], "8": [85.71428571428571, 6.0, 7.0]}