precision,accuracy,recall,duration
0.3686812976275847,0.36737588652482267,0.47270328355629754,430.48449778556824
