precision,accuracy,recall,duration
0.29888881258283057,0.2785646836638338,0.26717371180826,631.8037800788879
