{"0": [24.074074074074073, 13.0, 54.0], "1": [84.84848484848484, 28.0, 33.0], "2": [81.03448275862068, 47.0, 58.0], "3": [76.98924731182795, 358.0, 465.0], "4": [87.76978417266187, 122.0, 139.0], "5": [37.77777777777778, 17.0, 45.0], "6": [67.04980842911877, 175.0, 261.0], "7": [NaN, 0.0, 0.0], "8": [100.0, 4.0, 4.0]}