precision,accuracy,recall,duration
0.380891324388058,0.3838526912181303,0.4165455076194219,1196.2255532741547
