precision,accuracy,recall,duration
0.3693209205789292,0.38205499276411,0.31582770365673807,401.0474410057068
