{"0": [50.80213903743316, 95.0, 187.0], "1": [85.71428571428571, 12.0, 14.0], "2": [60.0, 9.0, 15.0], "3": [82.45614035087719, 94.0, 114.0], "4": [100.0, 50.0, 50.0], "5": [39.6551724137931, 46.0, 116.0], "6": [61.41304347826087, 113.0, 184.0], "7": [50.0, 2.0, 4.0], "8": [85.71428571428571, 6.0, 7.0]}