{"0": [27.102803738317753, 29.0, 107.0], "1": [38.095238095238095, 24.0, 63.0], "2": [92.10526315789474, 105.0, 114.0], "3": [65.4876741693462, 611.0, 933.0], "4": [73.5191637630662, 211.0, 287.0], "5": [20.224719101123593, 18.0, 89.0], "6": [58.57418111753372, 304.0, 519.0], "7": [NaN, 0.0, 0.0], "8": [50.0, 3.0, 6.0]}