{"0": [61.964285714285715, 347.0, 560.0], "1": [36.17021276595745, 17.0, 47.0], "2": [95.34883720930233, 41.0, 43.0], "3": [87.46355685131195, 300.0, 343.0], "4": [96.66666666666667, 145.0, 150.0], "5": [42.41573033707865, 151.0, 356.0], "6": [58.95117540687161, 326.0, 553.0], "7": [70.58823529411765, 12.0, 17.0], "8": [72.22222222222221, 13.0, 18.0]}