{"0": [58.34797891036907, 332.0, 569.0], "1": [36.17021276595745, 17.0, 47.0], "2": [93.18181818181817, 41.0, 44.0], "3": [53.69318181818182, 189.0, 352.0], "4": [99.33333333333333, 149.0, 150.0], "5": [40.273972602739725, 147.0, 365.0], "6": [58.75420875420876, 349.0, 594.0], "7": [70.58823529411765, 12.0, 17.0], "8": [66.66666666666666, 12.0, 18.0]}