precision,accuracy,recall,duration
0.28603091512655016,0.3321220930232558,0.20307335597838008,396.15968203544617
