precision,accuracy,recall,duration
0.37099403903484685,0.4096499526963103,0.36073811169680753,501.7640130519867
