{"0": [47.803163444639715, 272.0, 569.0], "1": [53.191489361702125, 25.0, 47.0], "2": [77.27272727272727, 34.0, 44.0], "3": [82.95454545454545, 292.0, 352.0], "4": [96.66666666666667, 145.0, 150.0], "5": [40.821917808219176, 149.0, 365.0], "6": [58.75420875420876, 349.0, 594.0], "7": [76.47058823529412, 13.0, 17.0], "8": [44.44444444444444, 8.0, 18.0]}