{"0": [53.75, 301.0, 560.0], "1": [34.04255319148936, 16.0, 47.0], "2": [86.04651162790698, 37.0, 43.0], "3": [59.183673469387756, 203.0, 343.0], "4": [94.66666666666667, 142.0, 150.0], "5": [40.168539325842694, 143.0, 356.0], "6": [56.41952983725136, 312.0, 553.0], "7": [82.35294117647058, 14.0, 17.0], "8": [83.33333333333334, 15.0, 18.0]}