precision,accuracy,recall,duration
0.29421875306889306,0.3333333333333333,0.32236327135120924,1192.21413564682
