{"0": [100.0, 107.0, 107.0], "1": [41.269841269841265, 26.0, 63.0], "2": [82.45614035087719, 94.0, 114.0], "3": [64.7374062165059, 604.0, 933.0], "4": [88.50174216027874, 254.0, 287.0], "5": [24.719101123595504, 22.0, 89.0], "6": [58.1888246628131, 302.0, 519.0], "7": [NaN, 0.0, 0.0], "8": [50.0, 3.0, 6.0]}