{"0": [53.39285714285714, 299.0, 560.0], "1": [34.04255319148936, 16.0, 47.0], "2": [88.37209302325581, 38.0, 43.0], "3": [85.71428571428571, 294.0, 343.0], "4": [99.33333333333333, 149.0, 150.0], "5": [38.764044943820224, 138.0, 356.0], "6": [59.6745027124774, 330.0, 553.0], "7": [70.58823529411765, 12.0, 17.0], "8": [55.55555555555556, 10.0, 18.0]}