precision,accuracy,recall,duration
0.31948499346784254,0.2226950354609929,0.4223269273903121,406.1977846622467
