precision,accuracy,recall,duration
0.22744578710530977,0.3271298593879239,0.19910147526855904,1187.2049307823181
