{"0": [9.895833333333332, 57.0, 576.0], "1": [92.97297297297298, 172.0, 185.0], "2": [77.27272727272727, 51.0, 66.0], "3": [77.16763005780348, 267.0, 346.0], "4": [100.0, 296.0, 296.0], "5": [86.7595818815331, 249.0, 287.0], "6": [76.73992673992674, 419.0, 546.0], "7": [100.0, 116.0, 116.0], "8": [NaN, 0.0, 0.0]}