{"0": [55.497382198952884, 106.0, 191.0], "1": [92.85714285714286, 13.0, 14.0], "2": [100.0, 16.0, 16.0], "3": [75.42372881355932, 89.0, 118.0], "4": [88.0, 44.0, 50.0], "5": [35.833333333333336, 43.0, 120.0], "6": [72.72727272727273, 144.0, 198.0], "7": [25.0, 1.0, 4.0], "8": [100.0, 7.0, 7.0]}