precision,accuracy,recall,duration
0.3825006457026994,0.375886524822695,0.4739447273079974,419.8263895511627
