{"0": [53.16901408450704, 151.0, 284.0], "1": [48.0, 12.0, 25.0], "2": [95.45454545454545, 21.0, 22.0], "3": [74.43181818181817, 131.0, 176.0], "4": [96.20253164556962, 76.0, 79.0], "5": [34.97267759562842, 64.0, 183.0], "6": [64.88294314381271, 194.0, 299.0], "7": [37.5, 3.0, 8.0], "8": [87.5, 7.0, 8.0]}