{"0": [91.73989455184535, 522.0, 569.0], "1": [97.87234042553192, 46.0, 47.0], "2": [100.0, 44.0, 44.0], "3": [90.625, 319.0, 352.0], "4": [94.0, 141.0, 150.0], "5": [93.15068493150685, 340.0, 365.0], "6": [64.3097643097643, 382.0, 594.0], "7": [0.0, 0.0, 17.0], "8": [83.33333333333334, 15.0, 18.0]}