precision,accuracy,recall,duration
0.4041412564980509,0.31869688385269124,0.3870844984894225,1199.9576930999756
