{"0": [24.299065420560748, 26.0, 107.0], "1": [42.857142857142854, 27.0, 63.0], "2": [79.82456140350878, 91.0, 114.0], "3": [69.66773847802786, 650.0, 933.0], "4": [87.45644599303137, 251.0, 287.0], "5": [25.842696629213485, 23.0, 89.0], "6": [71.67630057803468, 372.0, 519.0], "7": [NaN, 0.0, 0.0], "8": [50.0, 3.0, 6.0]}