precision,accuracy,recall,duration
0.3584604033986778,0.3262411347517731,0.4729891179700841,417.9518475532532
