precision,accuracy,recall,duration
0.2348798074854795,0.3271298593879239,0.19654026997035365,1179.0358369350433
