{"0": [14.23611111111111, 82.0, 576.0], "1": [88.10810810810811, 163.0, 185.0], "2": [80.3030303030303, 53.0, 66.0], "3": [83.8150289017341, 290.0, 346.0], "4": [100.0, 296.0, 296.0], "5": [88.15331010452961, 253.0, 287.0], "6": [68.4981684981685, 374.0, 546.0], "7": [100.0, 116.0, 116.0], "8": [NaN, 0.0, 0.0]}