precision,accuracy,recall,duration
0.2859515293884418,0.2502360717658168,0.2828604540329265,602.3042776584625
