{"0": [27.77777777777778, 15.0, 54.0], "1": [21.21212121212121, 7.0, 33.0], "2": [87.93103448275862, 51.0, 58.0], "3": [81.72043010752688, 380.0, 465.0], "4": [88.48920863309353, 123.0, 139.0], "5": [97.77777777777777, 44.0, 45.0], "6": [65.51724137931035, 171.0, 261.0], "7": [NaN, 0.0, 0.0], "8": [75.0, 3.0, 4.0]}