{"0": [58.214285714285715, 326.0, 560.0], "1": [36.17021276595745, 17.0, 47.0], "2": [86.04651162790698, 37.0, 43.0], "3": [81.04956268221575, 278.0, 343.0], "4": [94.0, 141.0, 150.0], "5": [39.8876404494382, 142.0, 356.0], "6": [53.34538878842676, 295.0, 553.0], "7": [70.58823529411765, 12.0, 17.0], "8": [61.111111111111114, 11.0, 18.0]}