{"0": [45.357142857142854, 254.0, 560.0], "1": [42.5531914893617, 20.0, 47.0], "2": [83.72093023255815, 36.0, 43.0], "3": [58.60058309037901, 201.0, 343.0], "4": [88.66666666666667, 133.0, 150.0], "5": [37.640449438202246, 134.0, 356.0], "6": [59.49367088607595, 329.0, 553.0], "7": [76.47058823529412, 13.0, 17.0], "8": [66.66666666666666, 12.0, 18.0]}