precision,accuracy,recall,duration
0.2923047020724323,0.32340425531914896,0.4775862429981511,421.90292096138
