{"0": [55.17857142857143, 309.0, 560.0], "1": [31.914893617021278, 15.0, 47.0], "2": [100.0, 43.0, 43.0], "3": [69.38775510204081, 238.0, 343.0], "4": [94.66666666666667, 142.0, 150.0], "5": [33.98876404494382, 121.0, 356.0], "6": [56.78119349005425, 314.0, 553.0], "7": [64.70588235294117, 11.0, 17.0], "8": [72.22222222222221, 13.0, 18.0]}