{"0": [8.333333333333332, 3.0, 36.0], "1": [38.095238095238095, 8.0, 21.0], "2": [78.57142857142857, 33.0, 42.0], "3": [68.16720257234726, 212.0, 311.0], "4": [62.637362637362635, 57.0, 91.0], "5": [24.137931034482758, 7.0, 29.0], "6": [90.22988505747126, 157.0, 174.0], "7": [NaN, 0.0, 0.0], "8": [0.0, 0.0, 1.0]}