{"0": [54.48154657293497, 310.0, 569.0], "1": [34.04255319148936, 16.0, 47.0], "2": [90.9090909090909, 40.0, 44.0], "3": [50.85227272727273, 179.0, 352.0], "4": [94.0, 141.0, 150.0], "5": [37.80821917808219, 138.0, 365.0], "6": [60.26936026936027, 358.0, 594.0], "7": [58.82352941176471, 10.0, 17.0], "8": [83.33333333333334, 15.0, 18.0]}