{"0": [63.39285714285714, 355.0, 560.0], "1": [44.680851063829785, 21.0, 47.0], "2": [95.34883720930233, 41.0, 43.0], "3": [97.37609329446065, 334.0, 343.0], "4": [96.0, 144.0, 150.0], "5": [44.10112359550562, 157.0, 356.0], "6": [60.03616636528029, 332.0, 553.0], "7": [82.35294117647058, 14.0, 17.0], "8": [50.0, 9.0, 18.0]}