best_model_train_loss,best_model_val_loss,best_model_train_acc,best_model_val_acc,best_model_learning_rate,best_model_nb_epoch
0.4718552231788635,0.5209261775016785,0.4153963327407837,0.38297873735427856,0.0010000000474974513,83
