precision,accuracy,recall,duration
0.3517891751527667,0.3276595744680851,0.456968570654493,326.041850566864
