precision,accuracy,recall,duration
0.3703123636975553,0.3879472693032015,0.30444059334779383,599.7369573116302
