{"0": [50.70422535211267, 144.0, 284.0], "1": [56.00000000000001, 14.0, 25.0], "2": [72.72727272727273, 16.0, 22.0], "3": [89.20454545454545, 157.0, 176.0], "4": [84.81012658227847, 67.0, 79.0], "5": [37.704918032786885, 69.0, 183.0], "6": [63.54515050167224, 190.0, 299.0], "7": [75.0, 6.0, 8.0], "8": [100.0, 8.0, 8.0]}