precision,accuracy,recall,duration
0.3454314238035936,0.35127478753541075,0.353429951879077,1191.9545290470123
