{"0": [92.5233644859813, 99.0, 107.0], "1": [38.095238095238095, 24.0, 63.0], "2": [72.80701754385966, 83.0, 114.0], "3": [63.022508038585215, 588.0, 933.0], "4": [81.8815331010453, 235.0, 287.0], "5": [21.34831460674157, 19.0, 89.0], "6": [62.23506743737958, 323.0, 519.0], "7": [NaN, 0.0, 0.0], "8": [50.0, 3.0, 6.0]}