{"0": [43.05799648506151, 245.0, 569.0], "1": [42.5531914893617, 20.0, 47.0], "2": [97.72727272727273, 43.0, 44.0], "3": [76.42045454545455, 269.0, 352.0], "4": [87.33333333333333, 131.0, 150.0], "5": [38.35616438356164, 140.0, 365.0], "6": [58.58585858585859, 348.0, 594.0], "7": [52.94117647058824, 9.0, 17.0], "8": [72.22222222222221, 13.0, 18.0]}