precision,accuracy,recall,duration
0.27454534181301354,0.2989593188268685,0.3192335456334544,1196.2227647304535
