{"0": [100.0, 569.0, 569.0], "1": [36.17021276595745, 17.0, 47.0], "2": [97.72727272727273, 43.0, 44.0], "3": [75.85227272727273, 267.0, 352.0], "4": [87.33333333333333, 131.0, 150.0], "5": [35.342465753424655, 129.0, 365.0], "6": [57.91245791245792, 344.0, 594.0], "7": [52.94117647058824, 9.0, 17.0], "8": [72.22222222222221, 13.0, 18.0]}