precision,accuracy,recall,duration
0.41173992786396735,0.40955137481910275,0.42590993901902685,369.54123044013977
