{"0": [55.61497326203209, 104.0, 187.0], "1": [28.57142857142857, 4.0, 14.0], "2": [80.0, 12.0, 15.0], "3": [77.19298245614034, 88.0, 114.0], "4": [84.0, 42.0, 50.0], "5": [41.37931034482759, 48.0, 116.0], "6": [57.065217391304344, 105.0, 184.0], "7": [50.0, 2.0, 4.0], "8": [42.857142857142854, 3.0, 7.0]}