{"0": [83.45070422535211, 237.0, 284.0], "1": [52.0, 13.0, 25.0], "2": [90.9090909090909, 20.0, 22.0], "3": [97.1590909090909, 171.0, 176.0], "4": [54.43037974683544, 43.0, 79.0], "5": [94.53551912568307, 173.0, 183.0], "6": [64.88294314381271, 194.0, 299.0], "7": [12.5, 1.0, 8.0], "8": [87.5, 7.0, 8.0]}