{"0": [45.86994727592268, 261.0, 569.0], "1": [46.808510638297875, 22.0, 47.0], "2": [68.18181818181817, 30.0, 44.0], "3": [67.89772727272727, 239.0, 352.0], "4": [83.33333333333334, 125.0, 150.0], "5": [37.534246575342465, 137.0, 365.0], "6": [58.92255892255892, 350.0, 594.0], "7": [47.05882352941176, 8.0, 17.0], "8": [77.77777777777779, 14.0, 18.0]}