precision,accuracy,recall,duration
0.28512936010656337,0.31063829787234043,0.4661435477213279,414.50332283973694
