{"0": [54.82142857142858, 307.0, 560.0], "1": [38.297872340425535, 18.0, 47.0], "2": [86.04651162790698, 37.0, 43.0], "3": [58.309037900874635, 200.0, 343.0], "4": [99.33333333333333, 149.0, 150.0], "5": [38.764044943820224, 138.0, 356.0], "6": [54.43037974683544, 301.0, 553.0], "7": [64.70588235294117, 11.0, 17.0], "8": [83.33333333333334, 15.0, 18.0]}