precision,accuracy,recall,duration
0.362830713665689,0.37038789025543994,0.35801868556537975,1195.4579980373383
