precision,accuracy,recall,duration
0.37707444953884944,0.37075471698113205,0.3811197929589815,965.0998306274414
