{"0": [52.72407732864674, 300.0, 569.0], "1": [36.17021276595745, 17.0, 47.0], "2": [72.72727272727273, 32.0, 44.0], "3": [92.61363636363636, 326.0, 352.0], "4": [95.33333333333334, 143.0, 150.0], "5": [43.28767123287671, 158.0, 365.0], "6": [62.79461279461279, 373.0, 594.0], "7": [52.94117647058824, 9.0, 17.0], "8": [72.22222222222221, 13.0, 18.0]}