{"0": [32.71028037383177, 35.0, 107.0], "1": [36.507936507936506, 23.0, 63.0], "2": [95.6140350877193, 109.0, 114.0], "3": [64.52304394426581, 602.0, 933.0], "4": [89.27335640138409, 258.0, 289.0], "5": [35.95505617977528, 32.0, 89.0], "6": [52.408477842003855, 272.0, 519.0], "7": [NaN, 0.0, 0.0], "8": [50.0, 3.0, 6.0]}