precision,accuracy,recall,duration
0.21899007357367242,0.3800872093023256,0.2707075104769906,497.3276836872101
