{"0": [47.19101123595505, 42.0, 89.0], "1": [100.0, 58.0, 58.0], "2": [100.0, 141.0, 141.0], "3": [31.07638888888889, 179.0, 576.0], "4": [94.6236559139785, 176.0, 186.0], "5": [45.33333333333333, 34.0, 75.0], "6": [99.50248756218906, 200.0, 201.0], "7": [100.0, 6.0, 6.0], "8": [38.63636363636363, 17.0, 44.0]}