{"0": [58.92857142857143, 330.0, 560.0], "1": [36.17021276595745, 17.0, 47.0], "2": [97.67441860465115, 42.0, 43.0], "3": [88.0466472303207, 302.0, 343.0], "4": [98.0, 147.0, 150.0], "5": [39.325842696629216, 140.0, 356.0], "6": [52.80289330922242, 292.0, 553.0], "7": [76.47058823529412, 13.0, 17.0], "8": [66.66666666666666, 12.0, 18.0]}