precision,accuracy,recall,duration
0.34499422926444934,0.3446808510638298,0.46197444852136804,413.23055958747864
