{"0": [99.46524064171123, 186.0, 187.0], "1": [35.714285714285715, 5.0, 14.0], "2": [86.66666666666667, 13.0, 15.0], "3": [87.71929824561403, 100.0, 114.0], "4": [88.0, 44.0, 50.0], "5": [38.793103448275865, 45.0, 116.0], "6": [65.21739130434783, 120.0, 184.0], "7": [25.0, 1.0, 4.0], "8": [85.71428571428571, 6.0, 7.0]}