{"0": [48.028673835125446, 134.0, 279.0], "1": [44.0, 11.0, 25.0], "2": [100.0, 21.0, 21.0], "3": [72.51461988304094, 124.0, 171.0], "4": [91.13924050632912, 72.0, 79.0], "5": [37.640449438202246, 67.0, 178.0], "6": [58.63309352517986, 163.0, 278.0], "7": [37.5, 3.0, 8.0], "8": [87.5, 7.0, 8.0]}