best_model_train_loss,best_model_val_loss,best_model_train_acc,best_model_val_acc,best_model_learning_rate,best_model_nb_epoch
0.43672165274620056,0.5301178693771362,0.43690431118011475,0.3432624042034149,0.0010000000474974513,88
