precision,accuracy,recall,duration
0.3549453780625267,0.3702127659574468,0.39267244557003217,413.62256264686584
