{"0": [62.32142857142857, 349.0, 560.0], "1": [38.297872340425535, 18.0, 47.0], "2": [97.67441860465115, 42.0, 43.0], "3": [92.12827988338192, 316.0, 343.0], "4": [93.33333333333333, 140.0, 150.0], "5": [41.853932584269664, 149.0, 356.0], "6": [55.87703435804702, 309.0, 553.0], "7": [47.05882352941176, 8.0, 17.0], "8": [72.22222222222221, 13.0, 18.0]}