best_model_train_loss,best_model_val_loss,best_model_train_acc,best_model_val_acc,best_model_learning_rate,best_model_nb_epoch
0.47022563219070435,0.5531429648399353,0.4471978545188904,0.3617021143436432,0.0010000000474974513,91
