precision,accuracy,recall,duration
0.34336927540884854,0.3659574468085106,0.47259644162478914,419.42786979675293
