{"0": [22.22222222222222, 8.0, 36.0], "1": [23.809523809523807, 5.0, 21.0], "2": [88.09523809523809, 37.0, 42.0], "3": [61.09324758842444, 190.0, 311.0], "4": [84.61538461538461, 77.0, 91.0], "5": [24.137931034482758, 7.0, 29.0], "6": [70.6896551724138, 123.0, 174.0], "7": [NaN, 0.0, 0.0], "8": [0.0, 0.0, 1.0]}