{"0": [57.14285714285714, 320.0, 560.0], "1": [93.61702127659575, 44.0, 47.0], "2": [95.34883720930233, 41.0, 43.0], "3": [69.67930029154519, 239.0, 343.0], "4": [87.33333333333333, 131.0, 150.0], "5": [42.41573033707865, 151.0, 356.0], "6": [69.43942133815551, 384.0, 553.0], "7": [17.647058823529413, 3.0, 17.0], "8": [94.44444444444444, 17.0, 18.0]}