best_model_train_loss,best_model_val_loss,best_model_train_acc,best_model_val_acc,best_model_learning_rate,best_model_nb_epoch
0.42763063311576843,0.6190700531005859,0.44849246740341187,0.28037384152412415,0.0010000000474974513,97
