precision,accuracy,recall,duration
0.27367963731875433,0.27102803738317754,0.2679319403714565,102.33352780342102
