{"0": [40.0, 4.0, 10.0], "1": [80.0, 4.0, 5.0], "2": [81.81818181818183, 9.0, 11.0], "3": [70.83333333333334, 68.0, 96.0], "4": [93.54838709677419, 29.0, 31.0], "5": [45.45454545454545, 5.0, 11.0], "6": [74.0, 37.0, 50.0], "7": [NaN, 0.0, 0.0], "8": [NaN, 0.0, 0.0]}