precision,accuracy,recall,duration
0.3021758449279254,0.38089330024813894,0.2908824795417121,396.1979274749756
