{"0": [22.797927461139896, 44.0, 193.0], "1": [100.0, 59.0, 59.0], "2": [29.166666666666668, 7.0, 24.0], "3": [78.63247863247864, 92.0, 117.0], "4": [100.0, 98.0, 98.0], "5": [41.30434782608695, 38.0, 92.0], "6": [66.30434782608695, 122.0, 184.0], "7": [100.0, 39.0, 39.0], "8": [NaN, 0.0, 0.0]}