precision,accuracy,recall,duration
0.38748317359595563,0.4284369114877589,0.3573939849458538,595.8465385437012
