precision,accuracy,recall,duration
0.3692899319278903,0.35363550519357884,0.35378175324755246,1208.9619455337524
