{"0": [65.42056074766354, 70.0, 107.0], "1": [39.682539682539684, 25.0, 63.0], "2": [85.96491228070175, 98.0, 114.0], "3": [69.13183279742765, 645.0, 933.0], "4": [73.17073170731707, 210.0, 287.0], "5": [24.719101123595504, 22.0, 89.0], "6": [56.84007707129094, 295.0, 519.0], "7": [NaN, 0.0, 0.0], "8": [66.66666666666666, 4.0, 6.0]}