{"0": [48.59154929577465, 138.0, 284.0], "1": [32.0, 8.0, 25.0], "2": [90.9090909090909, 20.0, 22.0], "3": [72.1590909090909, 127.0, 176.0], "4": [88.60759493670885, 70.0, 79.0], "5": [37.15846994535519, 68.0, 183.0], "6": [61.53846153846154, 184.0, 299.0], "7": [50.0, 4.0, 8.0], "8": [100.0, 8.0, 8.0]}