{"0": [59.05096660808435, 336.0, 569.0], "1": [42.5531914893617, 20.0, 47.0], "2": [97.72727272727273, 43.0, 44.0], "3": [80.39772727272727, 283.0, 352.0], "4": [86.66666666666667, 130.0, 150.0], "5": [38.9041095890411, 142.0, 365.0], "6": [52.35690235690236, 311.0, 594.0], "7": [23.52941176470588, 4.0, 17.0], "8": [83.33333333333334, 15.0, 18.0]}