precision,accuracy,recall,duration
0.34931622638357507,0.31347517730496455,0.43992562228138976,418.5618841648102
