{"0": [22.22222222222222, 8.0, 36.0], "1": [42.857142857142854, 9.0, 21.0], "2": [90.47619047619048, 38.0, 42.0], "3": [72.9903536977492, 227.0, 311.0], "4": [82.41758241758241, 75.0, 91.0], "5": [24.137931034482758, 7.0, 29.0], "6": [68.96551724137932, 120.0, 174.0], "7": [NaN, 0.0, 0.0], "8": [0.0, 0.0, 1.0]}