precision,accuracy,recall,duration
0.3494841168793007,0.3702127659574468,0.4892554382058023,415.5924367904663
