{"0": [19.444444444444446, 7.0, 36.0], "1": [47.61904761904761, 10.0, 21.0], "2": [69.04761904761905, 29.0, 42.0], "3": [61.7363344051447, 192.0, 311.0], "4": [42.857142857142854, 39.0, 91.0], "5": [27.586206896551722, 8.0, 29.0], "6": [91.37931034482759, 159.0, 174.0], "7": [NaN, 0.0, 0.0], "8": [0.0, 0.0, 1.0]}