{"0": [52.67857142857143, 295.0, 560.0], "1": [36.17021276595745, 17.0, 47.0], "2": [100.0, 43.0, 43.0], "3": [55.39358600583091, 190.0, 343.0], "4": [94.0, 141.0, 150.0], "5": [39.60674157303371, 141.0, 356.0], "6": [58.77034358047016, 325.0, 553.0], "7": [82.35294117647058, 14.0, 17.0], "8": [72.22222222222221, 13.0, 18.0]}