precision,accuracy,recall,duration
0.36100522152742737,0.2474032105760151,0.3796918322026741,1216.152398109436
