{"0": [28.037383177570092, 30.0, 107.0], "1": [33.33333333333333, 21.0, 63.0], "2": [87.71929824561403, 100.0, 114.0], "3": [91.7470525187567, 856.0, 933.0], "4": [85.36585365853658, 245.0, 287.0], "5": [20.224719101123593, 18.0, 89.0], "6": [61.849710982658955, 321.0, 519.0], "7": [NaN, 0.0, 0.0], "8": [50.0, 3.0, 6.0]}