precision,accuracy,recall,duration
0.24413786640856022,0.2926829268292683,0.23321302687431944,991.6638553142548
