best_model_train_loss,best_model_val_loss,best_model_train_acc,best_model_val_acc,best_model_learning_rate,best_model_nb_epoch
0.4588829278945923,0.6581418514251709,0.4097839891910553,0.23607176542282104,0.0010000000474974513,82
