precision,accuracy,recall,duration
0.4019352226449725,0.2502360717658168,0.3214515556999108,1213.509114265442
