{"0": [28.037383177570092, 30.0, 107.0], "1": [69.84126984126983, 44.0, 63.0], "2": [87.71929824561403, 100.0, 114.0], "3": [83.4941050375134, 779.0, 933.0], "4": [95.81881533101046, 275.0, 287.0], "5": [32.58426966292135, 29.0, 89.0], "6": [63.19845857418112, 328.0, 519.0], "7": [NaN, 0.0, 0.0], "8": [50.0, 3.0, 6.0]}