{"0": [60.28119507908612, 343.0, 569.0], "1": [53.191489361702125, 25.0, 47.0], "2": [100.0, 44.0, 44.0], "3": [94.60227272727273, 333.0, 352.0], "4": [89.33333333333333, 134.0, 150.0], "5": [38.9041095890411, 142.0, 365.0], "6": [46.801346801346796, 278.0, 594.0], "7": [35.294117647058826, 6.0, 17.0], "8": [72.22222222222221, 13.0, 18.0]}