precision,accuracy,recall,duration
0.3374283958588793,0.3755334281650071,0.3410243058968497,321.90468406677246
