{"0": [53.403141361256544, 102.0, 191.0], "1": [85.71428571428571, 12.0, 14.0], "2": [93.75, 15.0, 16.0], "3": [73.72881355932203, 87.0, 118.0], "4": [74.0, 37.0, 50.0], "5": [43.333333333333336, 52.0, 120.0], "6": [71.71717171717171, 142.0, 198.0], "7": [0.0, 0.0, 4.0], "8": [100.0, 7.0, 7.0]}