{"0": [53.40501792114696, 149.0, 279.0], "1": [88.0, 22.0, 25.0], "2": [90.47619047619048, 19.0, 21.0], "3": [63.74269005847953, 109.0, 171.0], "4": [84.81012658227847, 67.0, 79.0], "5": [47.19101123595505, 84.0, 178.0], "6": [64.02877697841727, 178.0, 278.0], "7": [0.0, 0.0, 8.0], "8": [100.0, 8.0, 8.0]}