{"0": [52.85714285714286, 296.0, 560.0], "1": [44.680851063829785, 21.0, 47.0], "2": [95.34883720930233, 41.0, 43.0], "3": [74.34402332361516, 255.0, 343.0], "4": [88.66666666666667, 133.0, 150.0], "5": [40.168539325842694, 143.0, 356.0], "6": [57.50452079566004, 318.0, 553.0], "7": [47.05882352941176, 8.0, 17.0], "8": [55.55555555555556, 10.0, 18.0]}