precision,accuracy,recall,duration
0.3781437164542124,0.38865248226950355,0.4724488349705484,423.4388165473938
