precision,accuracy,recall,duration
0.24599370548431385,0.2402315484804631,0.2822250904622876,398.7951216697693
