{"0": [100.0, 187.0, 187.0], "1": [35.714285714285715, 5.0, 14.0], "2": [100.0, 15.0, 15.0], "3": [84.21052631578947, 96.0, 114.0], "4": [82.0, 41.0, 50.0], "5": [38.793103448275865, 45.0, 116.0], "6": [69.56521739130434, 128.0, 184.0], "7": [50.0, 2.0, 4.0], "8": [85.71428571428571, 6.0, 7.0]}