{"0": [60.71428571428571, 340.0, 560.0], "1": [51.06382978723404, 24.0, 47.0], "2": [86.04651162790698, 37.0, 43.0], "3": [81.63265306122449, 280.0, 343.0], "4": [100.0, 150.0, 150.0], "5": [41.57303370786517, 148.0, 356.0], "6": [56.05786618444847, 310.0, 553.0], "7": [76.47058823529412, 13.0, 17.0], "8": [44.44444444444444, 8.0, 18.0]}