{"0": [64.10714285714286, 359.0, 560.0], "1": [38.297872340425535, 18.0, 47.0], "2": [95.34883720930233, 41.0, 43.0], "3": [93.00291545189503, 319.0, 343.0], "4": [94.66666666666667, 142.0, 150.0], "5": [39.60674157303371, 141.0, 356.0], "6": [56.41952983725136, 312.0, 553.0], "7": [82.35294117647058, 14.0, 17.0], "8": [66.66666666666666, 12.0, 18.0]}