precision,accuracy,recall,duration
0.38570652385620124,0.43812233285917496,0.38017750386061683,306.87557578086853
