precision,accuracy,recall,duration
0.3796153563514215,0.3855250709555345,0.3471074968705681,505.05952739715576
