{"0": [50.61511423550088, 288.0, 569.0], "1": [44.680851063829785, 21.0, 47.0], "2": [100.0, 44.0, 44.0], "3": [76.13636363636364, 268.0, 352.0], "4": [98.0, 147.0, 150.0], "5": [46.849315068493155, 171.0, 365.0], "6": [64.3097643097643, 382.0, 594.0], "7": [70.58823529411765, 12.0, 17.0], "8": [38.88888888888889, 7.0, 18.0]}