{"0": [56.690140845070424, 161.0, 284.0], "1": [32.0, 8.0, 25.0], "2": [72.72727272727273, 16.0, 22.0], "3": [73.29545454545455, 129.0, 176.0], "4": [93.67088607594937, 74.0, 79.0], "5": [40.43715846994536, 74.0, 183.0], "6": [70.5685618729097, 211.0, 299.0], "7": [62.5, 5.0, 8.0], "8": [100.0, 8.0, 8.0]}