{"0": [27.67857142857143, 155.0, 560.0], "1": [31.914893617021278, 15.0, 47.0], "2": [90.69767441860465, 39.0, 43.0], "3": [60.932944606414, 209.0, 343.0], "4": [96.66666666666667, 145.0, 150.0], "5": [37.92134831460674, 135.0, 356.0], "6": [62.56781193490054, 346.0, 553.0], "7": [82.35294117647058, 14.0, 17.0], "8": [72.22222222222221, 13.0, 18.0]}