precision,accuracy,recall,duration
0.3902286998485389,0.4670433145009416,0.36669091017243705,597.3270583152771
