precision,accuracy,recall,duration
0.32096494311234935,0.3286118980169972,0.30765560492195165,1228.9004740715027
