{"0": [100.0, 107.0, 107.0], "1": [41.269841269841265, 26.0, 63.0], "2": [85.08771929824562, 97.0, 114.0], "3": [68.91747052518757, 643.0, 933.0], "4": [86.06271777003485, 247.0, 287.0], "5": [21.34831460674157, 19.0, 89.0], "6": [53.75722543352601, 279.0, 519.0], "7": [NaN, 0.0, 0.0], "8": [66.66666666666666, 4.0, 6.0]}