{"0": [49.29577464788733, 140.0, 284.0], "1": [28.000000000000004, 7.0, 25.0], "2": [95.45454545454545, 21.0, 22.0], "3": [53.40909090909091, 94.0, 176.0], "4": [88.60759493670885, 70.0, 79.0], "5": [38.25136612021858, 70.0, 183.0], "6": [57.19063545150501, 171.0, 299.0], "7": [62.5, 5.0, 8.0], "8": [100.0, 8.0, 8.0]}