{"0": [53.40501792114696, 149.0, 279.0], "1": [44.0, 11.0, 25.0], "2": [95.23809523809523, 20.0, 21.0], "3": [90.64327485380117, 155.0, 171.0], "4": [92.40506329113924, 73.0, 79.0], "5": [45.50561797752809, 81.0, 178.0], "6": [67.98561151079137, 189.0, 278.0], "7": [25.0, 2.0, 8.0], "8": [100.0, 8.0, 8.0]}