precision,accuracy,recall,duration
0.37138744749150077,0.42981186685962375,0.368239620980882,366.2681670188904
