{"0": [54.54545454545454, 102.0, 187.0], "1": [35.714285714285715, 5.0, 14.0], "2": [93.33333333333333, 14.0, 15.0], "3": [51.75438596491229, 59.0, 114.0], "4": [82.0, 41.0, 50.0], "5": [32.758620689655174, 38.0, 116.0], "6": [68.47826086956522, 126.0, 184.0], "7": [50.0, 2.0, 4.0], "8": [100.0, 7.0, 7.0]}