precision,accuracy,recall,duration
0.2644491788960257,0.25692454632282713,0.2671212746972131,596.6145617961884
