{"0": [100.0, 279.0, 279.0], "1": [32.0, 8.0, 25.0], "2": [90.47619047619048, 19.0, 21.0], "3": [84.7953216374269, 145.0, 171.0], "4": [87.34177215189874, 69.0, 79.0], "5": [39.8876404494382, 71.0, 178.0], "6": [62.589928057553955, 174.0, 278.0], "7": [62.5, 5.0, 8.0], "8": [100.0, 8.0, 8.0]}