precision,accuracy,recall,duration
0.31525827131419476,0.3148936170212766,0.29233829367805786,407.96632504463196
