{"0": [19.444444444444446, 7.0, 36.0], "1": [90.47619047619048, 19.0, 21.0], "2": [83.33333333333334, 35.0, 42.0], "3": [73.31189710610933, 228.0, 311.0], "4": [70.32967032967034, 64.0, 91.0], "5": [31.03448275862069, 9.0, 29.0], "6": [68.96551724137932, 120.0, 174.0], "7": [NaN, 0.0, 0.0], "8": [100.0, 1.0, 1.0]}