precision,accuracy,recall,duration
0.3425370816507875,0.36962750716332377,0.36188079355167324,604.7902412414551
