{"0": [50.179211469534046, 140.0, 279.0], "1": [88.0, 22.0, 25.0], "2": [85.71428571428571, 18.0, 21.0], "3": [89.47368421052632, 153.0, 171.0], "4": [93.67088607594937, 74.0, 79.0], "5": [43.258426966292134, 77.0, 178.0], "6": [61.51079136690647, 171.0, 278.0], "7": [0.0, 0.0, 8.0], "8": [62.5, 5.0, 8.0]}