{"0": [60.98418277680141, 347.0, 569.0], "1": [34.04255319148936, 16.0, 47.0], "2": [93.18181818181817, 41.0, 44.0], "3": [51.13636363636363, 180.0, 352.0], "4": [97.33333333333334, 146.0, 150.0], "5": [40.54794520547945, 148.0, 365.0], "6": [59.764309764309765, 355.0, 594.0], "7": [52.94117647058824, 9.0, 17.0], "8": [77.77777777777779, 14.0, 18.0]}