precision,accuracy,recall,duration
0.2687519666219804,0.26099290780141843,0.4096901529081742,402.2488296031952
