best_model_train_loss,best_model_val_loss,best_model_train_acc,best_model_val_acc,best_model_learning_rate,best_model_nb_epoch
0.46968647837638855,0.542258083820343,0.4456728994846344,0.39432623982429504,0.0010000000474974513,97
