precision,accuracy,recall,duration
0.3575798429160245,0.3574468085106383,0.4219075170584946,416.86407566070557
