{"0": [21.79261862917399, 124.0, 569.0], "1": [38.297872340425535, 18.0, 47.0], "2": [90.9090909090909, 40.0, 44.0], "3": [69.31818181818183, 244.0, 352.0], "4": [82.66666666666667, 124.0, 150.0], "5": [40.54794520547945, 148.0, 365.0], "6": [52.861952861952865, 314.0, 594.0], "7": [100.0, 17.0, 17.0], "8": [94.44444444444444, 17.0, 18.0]}