precision,accuracy,recall,duration
0.37601620296254895,0.43361986628462273,0.33742084753825774,612.6938786506653
