{"0": [30.46594982078853, 85.0, 279.0], "1": [44.0, 11.0, 25.0], "2": [57.14285714285714, 12.0, 21.0], "3": [92.39766081871345, 158.0, 171.0], "4": [97.46835443037975, 77.0, 79.0], "5": [41.57303370786517, 74.0, 178.0], "6": [58.27338129496403, 162.0, 278.0], "7": [100.0, 8.0, 8.0], "8": [75.0, 6.0, 8.0]}