precision,accuracy,recall,duration
0.3386123223235654,0.34896810506566606,0.3327326702580252,80.60489416122437
