precision,accuracy,recall,duration
0.3640720450946753,0.43603258265452804,0.35776632330693553,890.1181461811066
