{"0": [53.75, 301.0, 560.0], "1": [48.93617021276596, 23.0, 47.0], "2": [88.37209302325581, 38.0, 43.0], "3": [73.46938775510205, 252.0, 343.0], "4": [83.33333333333334, 125.0, 150.0], "5": [37.359550561797754, 133.0, 356.0], "6": [50.63291139240506, 280.0, 553.0], "7": [58.82352941176471, 10.0, 17.0], "8": [83.33333333333334, 15.0, 18.0]}