precision,accuracy,recall,duration
0.38588363822597116,0.4040114613180516,0.3482884874577523,548.4571514129639
