{"0": [56.272401433691755, 157.0, 279.0], "1": [28.000000000000004, 7.0, 25.0], "2": [90.47619047619048, 19.0, 21.0], "3": [81.87134502923976, 140.0, 171.0], "4": [86.07594936708861, 68.0, 79.0], "5": [39.8876404494382, 71.0, 178.0], "6": [53.956834532374096, 150.0, 278.0], "7": [62.5, 5.0, 8.0], "8": [87.5, 7.0, 8.0]}