{"0": [60.357142857142854, 338.0, 560.0], "1": [31.914893617021278, 15.0, 47.0], "2": [90.69767441860465, 39.0, 43.0], "3": [58.89212827988338, 202.0, 343.0], "4": [98.0, 147.0, 150.0], "5": [38.764044943820224, 138.0, 356.0], "6": [59.13200723327306, 327.0, 553.0], "7": [47.05882352941176, 8.0, 17.0], "8": [83.33333333333334, 15.0, 18.0]}