precision,accuracy,recall,duration
0.3693839970800623,0.4085106382978723,0.4811556570251178,423.7881956100464
