{"0": [22.22222222222222, 8.0, 36.0], "1": [38.095238095238095, 8.0, 21.0], "2": [97.61904761904762, 41.0, 42.0], "3": [60.12861736334405, 187.0, 311.0], "4": [61.53846153846154, 56.0, 91.0], "5": [24.137931034482758, 7.0, 29.0], "6": [63.2183908045977, 110.0, 174.0], "7": [NaN, 0.0, 0.0], "8": [0.0, 0.0, 1.0]}