{"0": [39.82142857142857, 223.0, 560.0], "1": [34.04255319148936, 16.0, 47.0], "2": [90.69767441860465, 39.0, 43.0], "3": [61.224489795918366, 210.0, 343.0], "4": [82.66666666666667, 124.0, 150.0], "5": [34.55056179775281, 123.0, 356.0], "6": [53.16455696202531, 294.0, 553.0], "7": [64.70588235294117, 11.0, 17.0], "8": [88.88888888888889, 16.0, 18.0]}