{"0": [58.75, 329.0, 560.0], "1": [36.17021276595745, 17.0, 47.0], "2": [97.67441860465115, 42.0, 43.0], "3": [58.89212827988338, 202.0, 343.0], "4": [92.0, 138.0, 150.0], "5": [39.325842696629216, 140.0, 356.0], "6": [53.8878842676311, 298.0, 553.0], "7": [64.70588235294117, 11.0, 17.0], "8": [83.33333333333334, 15.0, 18.0]}