precision,accuracy,recall,duration
0.3646033746316615,0.5539262062440871,0.3734186595322398,508.804728269577
