{"0": [15.992970123022848, 91.0, 569.0], "1": [31.914893617021278, 15.0, 47.0], "2": [100.0, 44.0, 44.0], "3": [53.40909090909091, 188.0, 352.0], "4": [92.66666666666666, 139.0, 150.0], "5": [39.178082191780824, 143.0, 365.0], "6": [55.892255892255896, 332.0, 594.0], "7": [100.0, 17.0, 17.0], "8": [77.77777777777779, 14.0, 18.0]}