best_model_train_loss,best_model_val_loss,best_model_train_acc,best_model_val_acc,best_model_learning_rate,best_model_nb_epoch
0.44177761673927307,0.5841817855834961,0.4334731101989746,0.32056736946105957,0.0010000000474974513,98
