precision,accuracy,recall,duration
0.31185799254969065,0.34609929078014184,0.3677493716855065,405.92631340026855
