{"0": [16.666666666666664, 6.0, 36.0], "1": [42.857142857142854, 9.0, 21.0], "2": [85.71428571428571, 36.0, 42.0], "3": [68.48874598070739, 213.0, 311.0], "4": [47.25274725274725, 43.0, 91.0], "5": [24.137931034482758, 7.0, 29.0], "6": [83.9080459770115, 146.0, 174.0], "7": [NaN, 0.0, 0.0], "8": [100.0, 1.0, 1.0]}