{"0": [63.21428571428571, 354.0, 560.0], "1": [48.93617021276596, 23.0, 47.0], "2": [81.3953488372093, 35.0, 43.0], "3": [78.71720116618076, 270.0, 343.0], "4": [98.0, 147.0, 150.0], "5": [42.97752808988764, 153.0, 356.0], "6": [55.15370705244123, 305.0, 553.0], "7": [58.82352941176471, 10.0, 17.0], "8": [72.22222222222221, 13.0, 18.0]}