precision,accuracy,recall,duration
0.2721668734360432,0.358560794044665,0.2763971602392418,396.57733130455017
