precision,accuracy,recall,duration
0.34967099101854004,0.37228003784295177,0.37536973535439455,1200.711445569992
