{"0": [47.10017574692443, 268.0, 569.0], "1": [44.680851063829785, 21.0, 47.0], "2": [90.9090909090909, 40.0, 44.0], "3": [96.875, 341.0, 352.0], "4": [86.66666666666667, 130.0, 150.0], "5": [40.273972602739725, 147.0, 365.0], "6": [68.18181818181817, 405.0, 594.0], "7": [17.647058823529413, 3.0, 17.0], "8": [72.22222222222221, 13.0, 18.0]}