best_model_train_loss,best_model_val_loss,best_model_train_acc,best_model_val_acc,best_model_learning_rate,best_model_nb_epoch
0.44221341609954834,1.2664388418197632,0.42014461755752563,0.4049195945262909,0.0010000000474974513,94
