precision,accuracy,recall,duration
0.38461140447305336,0.3978240302743614,0.3260256359772643,1228.2334332466125
