{"0": [60.98418277680141, 347.0, 569.0], "1": [34.04255319148936, 16.0, 47.0], "2": [84.0909090909091, 37.0, 44.0], "3": [62.5, 220.0, 352.0], "4": [92.0, 138.0, 150.0], "5": [42.73972602739726, 156.0, 365.0], "6": [62.45791245791246, 371.0, 594.0], "7": [76.47058823529412, 13.0, 17.0], "8": [94.44444444444444, 17.0, 18.0]}