best_model_train_loss,best_model_val_loss,best_model_train_acc,best_model_val_acc,best_model_learning_rate,best_model_nb_epoch
0.43839117884635925,0.6734378337860107,0.4373570382595062,0.38999056816101074,0.0010000000474974513,81
