precision,accuracy,recall,duration
0.4203158305513586,0.47445600756859035,0.3971133826253921,1206.9217331409454
