precision,accuracy,recall,duration
0.36199490422605435,0.29933899905571293,0.362500054150827,597.034176826477
