{"0": [50.43936731107206, 287.0, 569.0], "1": [38.297872340425535, 18.0, 47.0], "2": [84.0909090909091, 37.0, 44.0], "3": [53.69318181818182, 189.0, 352.0], "4": [89.33333333333333, 134.0, 150.0], "5": [38.35616438356164, 140.0, 365.0], "6": [54.04040404040404, 321.0, 594.0], "7": [76.47058823529412, 13.0, 17.0], "8": [61.111111111111114, 11.0, 18.0]}