{"0": [31.48148148148148, 17.0, 54.0], "1": [36.36363636363637, 12.0, 33.0], "2": [77.58620689655173, 45.0, 58.0], "3": [85.16129032258064, 396.0, 465.0], "4": [84.17266187050359, 117.0, 139.0], "5": [31.11111111111111, 14.0, 45.0], "6": [52.87356321839081, 138.0, 261.0], "7": [NaN, 0.0, 0.0], "8": [75.0, 3.0, 4.0]}