{"0": [19.68365553602812, 112.0, 569.0], "1": [40.42553191489361, 19.0, 47.0], "2": [84.0909090909091, 37.0, 44.0], "3": [82.38636363636364, 290.0, 352.0], "4": [84.0, 126.0, 150.0], "5": [34.794520547945204, 127.0, 365.0], "6": [47.30639730639731, 281.0, 594.0], "7": [100.0, 17.0, 17.0], "8": [88.88888888888889, 16.0, 18.0]}