precision,accuracy,recall,duration
0.3213181057299873,0.27801418439716313,0.46596263734157806,412.13716197013855
