{"0": [58.57142857142858, 328.0, 560.0], "1": [36.17021276595745, 17.0, 47.0], "2": [79.06976744186046, 34.0, 43.0], "3": [79.30029154518951, 272.0, 343.0], "4": [96.66666666666667, 145.0, 150.0], "5": [42.13483146067416, 150.0, 356.0], "6": [55.15370705244123, 305.0, 553.0], "7": [47.05882352941176, 8.0, 17.0], "8": [83.33333333333334, 15.0, 18.0]}