{"0": [22.22222222222222, 8.0, 36.0], "1": [38.095238095238095, 8.0, 21.0], "2": [73.80952380952381, 31.0, 42.0], "3": [81.9935691318328, 255.0, 311.0], "4": [59.34065934065934, 54.0, 91.0], "5": [20.689655172413794, 6.0, 29.0], "6": [84.48275862068965, 147.0, 174.0], "7": [NaN, 0.0, 0.0], "8": [0.0, 0.0, 1.0]}