{"0": [50.535714285714285, 283.0, 560.0], "1": [44.680851063829785, 21.0, 47.0], "2": [95.34883720930233, 41.0, 43.0], "3": [73.76093294460642, 253.0, 343.0], "4": [86.66666666666667, 130.0, 150.0], "5": [43.53932584269663, 155.0, 356.0], "6": [57.86618444846293, 320.0, 553.0], "7": [82.35294117647058, 14.0, 17.0], "8": [66.66666666666666, 12.0, 18.0]}