precision,accuracy,recall,duration
0.3657389829655482,0.1565017261219793,0.33926391880559403,542.9179177284241
