{"0": [71.42857142857143, 40.0, 56.0], "1": [85.36585365853658, 35.0, 41.0], "2": [86.36363636363636, 76.0, 88.0], "3": [96.7551622418879, 328.0, 339.0], "4": [87.78625954198473, 115.0, 131.0], "5": [39.62264150943396, 21.0, 53.0], "6": [99.03846153846155, 103.0, 104.0], "7": [0.0, 0.0, 4.0], "8": [28.30188679245283, 15.0, 53.0]}