precision,accuracy,recall,duration
0.251610700936915,0.34408602150537637,0.21365542240436503,1174.8004670143127
