{"0": [60.89285714285714, 341.0, 560.0], "1": [40.42553191489361, 19.0, 47.0], "2": [100.0, 43.0, 43.0], "3": [71.7201166180758, 246.0, 343.0], "4": [92.66666666666666, 139.0, 150.0], "5": [36.79775280898877, 131.0, 356.0], "6": [52.80289330922242, 292.0, 553.0], "7": [76.47058823529412, 13.0, 17.0], "8": [83.33333333333334, 15.0, 18.0]}