{"0": [61.25000000000001, 343.0, 560.0], "1": [36.17021276595745, 17.0, 47.0], "2": [95.34883720930233, 41.0, 43.0], "3": [78.4256559766764, 269.0, 343.0], "4": [88.0, 132.0, 150.0], "5": [43.82022471910113, 156.0, 356.0], "6": [56.05786618444847, 310.0, 553.0], "7": [76.47058823529412, 13.0, 17.0], "8": [66.66666666666666, 12.0, 18.0]}