precision,accuracy,recall,duration
0.3482009293953913,0.39363241678726485,0.3171054069170723,402.59254813194275
