{"0": [55.080213903743314, 103.0, 187.0], "1": [85.71428571428571, 12.0, 14.0], "2": [100.0, 15.0, 15.0], "3": [71.9298245614035, 82.0, 114.0], "4": [76.0, 38.0, 50.0], "5": [36.206896551724135, 42.0, 116.0], "6": [64.67391304347827, 119.0, 184.0], "7": [25.0, 1.0, 4.0], "8": [100.0, 7.0, 7.0]}