precision,accuracy,recall,duration
0.28639507943913284,0.33583489681050654,0.35081136371197225,171.33346104621887
