{"0": [19.230769230769234, 5.0, 26.0], "1": [62.06896551724138, 18.0, 29.0], "2": [94.11764705882352, 32.0, 34.0], "3": [65.76576576576578, 146.0, 222.0], "4": [54.666666666666664, 41.0, 75.0], "5": [19.230769230769234, 5.0, 26.0], "6": [89.1891891891892, 99.0, 111.0], "7": [NaN, 0.0, 0.0], "8": [80.0, 8.0, 10.0]}