best_model_train_loss,best_model_val_loss,best_model_train_acc,best_model_val_acc,best_model_learning_rate,best_model_nb_epoch
0.4003031849861145,11.919652938842773,0.45003965497016907,0.40024784207344055,0.0010000000474974513,87
