precision,accuracy,recall,duration
0.3404894640258497,0.3940520446096654,0.26717254594167983,392.23494267463684
