{"0": [16.580310880829018, 32.0, 193.0], "1": [100.0, 59.0, 59.0], "2": [62.5, 15.0, 24.0], "3": [85.71428571428571, 102.0, 119.0], "4": [86.5979381443299, 84.0, 97.0], "5": [44.565217391304344, 41.0, 92.0], "6": [63.58695652173913, 117.0, 184.0], "7": [100.0, 39.0, 39.0], "8": [NaN, 0.0, 0.0]}