{"0": [45.51971326164875, 127.0, 279.0], "1": [52.0, 13.0, 25.0], "2": [100.0, 21.0, 21.0], "3": [80.7017543859649, 138.0, 171.0], "4": [92.40506329113924, 73.0, 79.0], "5": [34.831460674157306, 62.0, 178.0], "6": [56.11510791366906, 156.0, 278.0], "7": [62.5, 5.0, 8.0], "8": [87.5, 7.0, 8.0]}