precision,accuracy,recall,duration
0.2692600471015257,0.2492732558139535,0.2980812044491064,27807.1251206398
