{"0": [73.03370786516854, 65.0, 89.0], "1": [96.55172413793103, 56.0, 58.0], "2": [96.45390070921985, 136.0, 141.0], "3": [65.45138888888889, 377.0, 576.0], "4": [90.32258064516128, 168.0, 186.0], "5": [37.333333333333336, 28.0, 75.0], "6": [93.03482587064677, 187.0, 201.0], "7": [50.0, 3.0, 6.0], "8": [29.545454545454547, 13.0, 44.0]}