precision,accuracy,recall,duration
0.33901264290987837,0.3829787234042553,0.4807818174414618,418.5331304073334
