{"0": [11.11111111111111, 4.0, 36.0], "1": [47.61904761904761, 10.0, 21.0], "2": [83.33333333333334, 35.0, 42.0], "3": [57.87781350482315, 180.0, 311.0], "4": [72.52747252747253, 66.0, 91.0], "5": [17.24137931034483, 5.0, 29.0], "6": [77.58620689655173, 135.0, 174.0], "7": [NaN, 0.0, 0.0], "8": [0.0, 0.0, 1.0]}