precision,accuracy,recall,duration
0.26942840388259487,0.2862523540489642,0.27257404488389114,603.9279816150665
