{"0": [60.357142857142854, 338.0, 560.0], "1": [40.42553191489361, 19.0, 47.0], "2": [97.67441860465115, 42.0, 43.0], "3": [87.75510204081633, 301.0, 343.0], "4": [86.66666666666667, 130.0, 150.0], "5": [40.168539325842694, 143.0, 356.0], "6": [55.51537070524412, 307.0, 553.0], "7": [58.82352941176471, 10.0, 17.0], "8": [77.77777777777779, 14.0, 18.0]}