precision,accuracy,recall,duration
0.39949256980465564,0.4297994269340974,0.3789997016895403,586.7632212638855
