precision,accuracy,recall,duration
0.3512196958576166,0.3581526861451461,0.3572954865109005,609.4735035896301
