{"0": [29.629629629629626, 16.0, 54.0], "1": [45.45454545454545, 15.0, 33.0], "2": [87.93103448275862, 51.0, 58.0], "3": [66.88172043010752, 311.0, 465.0], "4": [87.94326241134752, 124.0, 141.0], "5": [28.888888888888886, 13.0, 45.0], "6": [56.70498084291188, 148.0, 261.0], "7": [NaN, 0.0, 0.0], "8": [75.0, 3.0, 4.0]}