{"0": [49.46236559139785, 138.0, 279.0], "1": [36.0, 9.0, 25.0], "2": [71.42857142857143, 15.0, 21.0], "3": [70.17543859649122, 120.0, 171.0], "4": [82.27848101265823, 65.0, 79.0], "5": [38.764044943820224, 69.0, 178.0], "6": [60.79136690647482, 169.0, 278.0], "7": [50.0, 4.0, 8.0], "8": [100.0, 8.0, 8.0]}