precision,accuracy,recall,duration
0.28250534682279527,0.31267738883632923,0.32144500034618534,1194.228234052658
