{"0": [100.0, 569.0, 569.0], "1": [29.78723404255319, 14.0, 47.0], "2": [97.72727272727273, 43.0, 44.0], "3": [71.02272727272727, 250.0, 352.0], "4": [86.0, 129.0, 150.0], "5": [37.534246575342465, 137.0, 365.0], "6": [54.882154882154886, 326.0, 594.0], "7": [58.82352941176471, 10.0, 17.0], "8": [77.77777777777779, 14.0, 18.0]}