precision,accuracy,recall,duration
0.3421749516506519,0.3888888888888889,0.3338511061344967,599.2436125278473
