{"0": [51.40845070422535, 146.0, 284.0], "1": [88.0, 22.0, 25.0], "2": [95.45454545454545, 21.0, 22.0], "3": [84.6590909090909, 149.0, 176.0], "4": [81.0126582278481, 64.0, 79.0], "5": [37.704918032786885, 69.0, 183.0], "6": [63.54515050167224, 190.0, 299.0], "7": [12.5, 1.0, 8.0], "8": [87.5, 7.0, 8.0]}