precision,accuracy,recall,duration
0.35199267231321074,0.3049645390070922,0.45012265819265856,427.42545461654663
