{"0": [19.444444444444446, 7.0, 36.0], "1": [42.857142857142854, 9.0, 21.0], "2": [80.95238095238095, 34.0, 42.0], "3": [70.41800643086816, 219.0, 311.0], "4": [83.51648351648352, 76.0, 91.0], "5": [17.24137931034483, 5.0, 29.0], "6": [80.45977011494253, 140.0, 174.0], "7": [NaN, 0.0, 0.0], "8": [0.0, 0.0, 1.0]}