precision,accuracy,recall,duration
0.2865708847826704,0.21576959395656278,0.2401390483011744,1194.994392633438
