{"0": [28.037383177570092, 30.0, 107.0], "1": [41.269841269841265, 26.0, 63.0], "2": [88.59649122807018, 101.0, 114.0], "3": [86.60235798499464, 808.0, 933.0], "4": [97.90940766550523, 281.0, 287.0], "5": [95.50561797752809, 85.0, 89.0], "6": [62.6204238921002, 325.0, 519.0], "7": [NaN, 0.0, 0.0], "8": [83.33333333333334, 5.0, 6.0]}