precision,accuracy,recall,duration
0.3645314536570272,0.3049645390070922,0.45982108212769407,424.69884729385376
