precision,accuracy,recall,duration
0.29026390276390274,0.308411214953271,0.31815799410733003,93.69064354896545
