{"0": [63.63636363636363, 7.0, 11.0], "1": [60.0, 3.0, 5.0], "2": [88.88888888888889, 16.0, 18.0], "3": [69.1588785046729, 74.0, 107.0], "4": [88.0, 22.0, 25.0], "5": [10.0, 1.0, 10.0], "6": [65.78947368421053, 25.0, 38.0], "7": [NaN, 0.0, 0.0], "8": [NaN, 0.0, 0.0]}