precision,accuracy,recall,duration
0.2618907893861079,0.2757318224740321,0.27672105301792427,599.3994936943054
