{"0": [100.0, 54.0, 54.0], "1": [33.33333333333333, 11.0, 33.0], "2": [81.03448275862068, 47.0, 58.0], "3": [82.58064516129032, 384.0, 465.0], "4": [79.13669064748201, 110.0, 139.0], "5": [17.77777777777778, 8.0, 45.0], "6": [57.08812260536399, 149.0, 261.0], "7": [NaN, 0.0, 0.0], "8": [100.0, 4.0, 4.0]}