precision,accuracy,recall,duration
0.2637688887515328,0.28126497364638237,0.3210981901056251,931.44207239151
