{"0": [100.0, 560.0, 560.0], "1": [36.17021276595745, 17.0, 47.0], "2": [97.67441860465115, 42.0, 43.0], "3": [85.71428571428571, 294.0, 343.0], "4": [85.33333333333334, 128.0, 150.0], "5": [36.51685393258427, 130.0, 356.0], "6": [55.87703435804702, 309.0, 553.0], "7": [47.05882352941176, 8.0, 17.0], "8": [66.66666666666666, 12.0, 18.0]}