precision,accuracy,recall,duration
0.3688051307783853,0.37252124645892354,0.35635405894286776,1212.3609054088593
