precision,accuracy,recall,duration
0.3592524169504984,0.3870056497175141,0.3094573345930359,595.9765791893005
