{"0": [74.76635514018692, 80.0, 107.0], "1": [38.095238095238095, 24.0, 63.0], "2": [86.8421052631579, 99.0, 114.0], "3": [67.09539121114683, 626.0, 933.0], "4": [77.00348432055749, 221.0, 287.0], "5": [19.101123595505616, 17.0, 89.0], "6": [49.71098265895954, 258.0, 519.0], "7": [NaN, 0.0, 0.0], "8": [66.66666666666666, 4.0, 6.0]}