{"0": [57.99648506151143, 330.0, 569.0], "1": [42.5531914893617, 20.0, 47.0], "2": [93.18181818181817, 41.0, 44.0], "3": [80.68181818181817, 284.0, 352.0], "4": [86.0, 129.0, 150.0], "5": [39.45205479452055, 144.0, 365.0], "6": [55.892255892255896, 332.0, 594.0], "7": [17.647058823529413, 3.0, 17.0], "8": [72.22222222222221, 13.0, 18.0]}