precision,accuracy,recall,duration
0.32990572086918585,0.2794326241134752,0.4436416952956111,420.03508377075195
