{"0": [54.107142857142854, 303.0, 560.0], "1": [46.808510638297875, 22.0, 47.0], "2": [100.0, 43.0, 43.0], "3": [54.518950437317784, 187.0, 343.0], "4": [79.33333333333333, 119.0, 150.0], "5": [36.51685393258427, 130.0, 356.0], "6": [59.6745027124774, 330.0, 553.0], "7": [76.47058823529412, 13.0, 17.0], "8": [77.77777777777779, 14.0, 18.0]}