precision,accuracy,recall,duration
0.3815764601534526,0.41111643507426926,0.35502258164941985,939.6035535335541
