precision,accuracy,recall,duration
0.358413421877812,0.3059490084985836,0.3641279898258298,611.137834072113
