{"0": [29.629629629629626, 16.0, 54.0], "1": [33.33333333333333, 11.0, 33.0], "2": [84.48275862068965, 49.0, 58.0], "3": [85.80645161290322, 399.0, 465.0], "4": [73.38129496402878, 102.0, 139.0], "5": [37.77777777777778, 17.0, 45.0], "6": [52.87356321839081, 138.0, 261.0], "7": [NaN, 0.0, 0.0], "8": [75.0, 3.0, 4.0]}