{"0": [51.42857142857142, 288.0, 560.0], "1": [27.659574468085108, 13.0, 47.0], "2": [90.69767441860465, 39.0, 43.0], "3": [74.63556851311954, 256.0, 343.0], "4": [87.33333333333333, 131.0, 150.0], "5": [41.01123595505618, 146.0, 356.0], "6": [59.6745027124774, 330.0, 553.0], "7": [64.70588235294117, 11.0, 17.0], "8": [83.33333333333334, 15.0, 18.0]}