{"0": [17.75043936731107, 101.0, 569.0], "1": [40.42553191489361, 19.0, 47.0], "2": [93.18181818181817, 41.0, 44.0], "3": [73.29545454545455, 258.0, 352.0], "4": [84.0, 126.0, 150.0], "5": [32.87671232876712, 120.0, 365.0], "6": [54.882154882154886, 326.0, 594.0], "7": [100.0, 17.0, 17.0], "8": [83.33333333333334, 15.0, 18.0]}