precision,accuracy,recall,duration
0.31603193144418523,0.3012275731822474,0.29044653767586204,1204.0680148601532
