{"0": [100.0, 107.0, 107.0], "1": [49.2063492063492, 31.0, 63.0], "2": [85.08771929824562, 97.0, 114.0], "3": [69.88210075026795, 652.0, 933.0], "4": [85.36585365853658, 245.0, 287.0], "5": [39.325842696629216, 35.0, 89.0], "6": [59.73025048169557, 310.0, 519.0], "7": [NaN, 0.0, 0.0], "8": [50.0, 3.0, 6.0]}