precision,accuracy,recall,duration
0.3233142293361967,0.3915737298636927,0.2653484752592754,395.386479139328
