{"0": [15.025906735751295, 29.0, 193.0], "1": [100.0, 59.0, 59.0], "2": [70.83333333333334, 17.0, 24.0], "3": [80.67226890756302, 96.0, 119.0], "4": [78.35051546391753, 76.0, 97.0], "5": [42.391304347826086, 39.0, 92.0], "6": [73.91304347826086, 136.0, 184.0], "7": [100.0, 39.0, 39.0], "8": [NaN, 0.0, 0.0]}