precision,accuracy,recall,duration
0.32671325796699996,0.29036827195467424,0.26017869410952166,1220.1339983940125
