precision,accuracy,recall,duration
0.32713189500652934,0.29178470254957506,0.29646190576963993,1192.3294742107391
