{"0": [35.51401869158878, 38.0, 107.0], "1": [76.19047619047619, 48.0, 63.0], "2": [84.21052631578947, 96.0, 114.0], "3": [73.84780278670954, 689.0, 933.0], "4": [87.45644599303137, 251.0, 287.0], "5": [44.9438202247191, 40.0, 89.0], "6": [64.35452793834297, 334.0, 519.0], "7": [NaN, 0.0, 0.0], "8": [66.66666666666666, 4.0, 6.0]}