{"0": [28.037383177570092, 30.0, 107.0], "1": [88.88888888888889, 56.0, 63.0], "2": [85.08771929824562, 97.0, 114.0], "3": [68.70310825294747, 641.0, 933.0], "4": [91.63763066202091, 263.0, 287.0], "5": [49.43820224719101, 44.0, 89.0], "6": [70.71290944123314, 367.0, 519.0], "7": [NaN, 0.0, 0.0], "8": [83.33333333333334, 5.0, 6.0]}