precision,accuracy,recall,duration
0.3806918070974942,0.524482109227872,0.38613594911886867,558.7079348564148
