{"0": [15.992970123022848, 91.0, 569.0], "1": [40.42553191489361, 19.0, 47.0], "2": [90.9090909090909, 40.0, 44.0], "3": [70.17045454545455, 247.0, 352.0], "4": [90.0, 135.0, 150.0], "5": [28.493150684931507, 104.0, 365.0], "6": [60.60606060606061, 360.0, 594.0], "7": [100.0, 17.0, 17.0], "8": [77.77777777777779, 14.0, 18.0]}