{"0": [55.53571428571429, 311.0, 560.0], "1": [34.04255319148936, 16.0, 47.0], "2": [72.09302325581395, 31.0, 43.0], "3": [77.84256559766763, 267.0, 343.0], "4": [94.66666666666667, 142.0, 150.0], "5": [39.60674157303371, 141.0, 356.0], "6": [52.07956600361664, 288.0, 553.0], "7": [64.70588235294117, 11.0, 17.0], "8": [83.33333333333334, 15.0, 18.0]}