{"0": [60.71428571428571, 340.0, 560.0], "1": [34.04255319148936, 16.0, 47.0], "2": [95.34883720930233, 41.0, 43.0], "3": [81.04956268221575, 278.0, 343.0], "4": [92.66666666666666, 139.0, 150.0], "5": [42.41573033707865, 151.0, 356.0], "6": [54.43037974683544, 301.0, 553.0], "7": [58.82352941176471, 10.0, 17.0], "8": [72.22222222222221, 13.0, 18.0]}