precision,accuracy,recall,duration
0.27297466522239167,0.26912181303116145,0.2537011372464033,598.4849729537964
