{"0": [27.77777777777778, 15.0, 54.0], "1": [30.303030303030305, 10.0, 33.0], "2": [86.20689655172413, 50.0, 58.0], "3": [76.12903225806451, 354.0, 465.0], "4": [84.89208633093526, 118.0, 139.0], "5": [97.77777777777777, 44.0, 45.0], "6": [68.5823754789272, 179.0, 261.0], "7": [NaN, 0.0, 0.0], "8": [100.0, 4.0, 4.0]}