{"0": [51.40845070422535, 146.0, 284.0], "1": [44.0, 11.0, 25.0], "2": [95.45454545454545, 21.0, 22.0], "3": [75.0, 132.0, 176.0], "4": [58.22784810126582, 46.0, 79.0], "5": [46.994535519125684, 86.0, 183.0], "6": [66.22073578595318, 198.0, 299.0], "7": [25.0, 2.0, 8.0], "8": [75.0, 6.0, 8.0]}