precision,accuracy,recall,duration
0.3317292229502202,0.3419293218720153,0.34098738001077883,611.7004821300507
