{"0": [58.78136200716846, 164.0, 279.0], "1": [32.0, 8.0, 25.0], "2": [85.71428571428571, 18.0, 21.0], "3": [86.54970760233918, 148.0, 171.0], "4": [96.20253164556962, 76.0, 79.0], "5": [37.640449438202246, 67.0, 178.0], "6": [71.22302158273382, 198.0, 278.0], "7": [25.0, 2.0, 8.0], "8": [100.0, 8.0, 8.0]}