precision,accuracy,recall,duration
0.3778407246769517,0.31916902738432484,0.3680356203795517,600.5359334945679
