{"0": [27.77777777777778, 15.0, 54.0], "1": [42.42424242424242, 14.0, 33.0], "2": [84.48275862068965, 49.0, 58.0], "3": [79.78494623655914, 371.0, 465.0], "4": [84.89208633093526, 118.0, 139.0], "5": [20.0, 9.0, 45.0], "6": [54.406130268199234, 142.0, 261.0], "7": [NaN, 0.0, 0.0], "8": [75.0, 3.0, 4.0]}