precision,accuracy,recall,duration
0.2758167271491713,0.2901849217638691,0.319647994135835,316.72966265678406
