{"0": [100.0, 191.0, 191.0], "1": [35.714285714285715, 5.0, 14.0], "2": [87.5, 14.0, 16.0], "3": [73.72881355932203, 87.0, 118.0], "4": [86.0, 43.0, 50.0], "5": [34.166666666666664, 41.0, 120.0], "6": [62.62626262626263, 124.0, 198.0], "7": [50.0, 2.0, 4.0], "8": [85.71428571428571, 6.0, 7.0]}