precision,accuracy,recall,duration
0.3544600726842556,0.3465533522190746,0.33890947316561815,1203.2531123161316
