{"0": [72.89719626168224, 78.0, 107.0], "1": [42.857142857142854, 27.0, 63.0], "2": [78.0701754385965, 89.0, 114.0], "3": [63.87995712754555, 596.0, 933.0], "4": [83.62369337979094, 240.0, 287.0], "5": [23.595505617977526, 21.0, 89.0], "6": [63.39113680154143, 329.0, 519.0], "7": [NaN, 0.0, 0.0], "8": [66.66666666666666, 4.0, 6.0]}