precision,accuracy,recall,duration
0.28464304762296117,0.42431761786600497,0.3045873021374261,391.0332136154175
