{"0": [12.953367875647666, 25.0, 193.0], "1": [100.0, 59.0, 59.0], "2": [41.66666666666667, 10.0, 24.0], "3": [71.7948717948718, 84.0, 117.0], "4": [100.0, 98.0, 98.0], "5": [36.95652173913043, 34.0, 92.0], "6": [62.5, 115.0, 184.0], "7": [100.0, 39.0, 39.0], "8": [NaN, 0.0, 0.0]}