precision,accuracy,recall,duration
0.3707722715345952,0.34626300851466413,0.3379762519234153,1211.2728383541107
