{"0": [54.833040421792624, 312.0, 569.0], "1": [89.36170212765957, 42.0, 47.0], "2": [95.45454545454545, 42.0, 44.0], "3": [82.67045454545455, 291.0, 352.0], "4": [92.0, 138.0, 150.0], "5": [47.671232876712324, 174.0, 365.0], "6": [69.36026936026936, 412.0, 594.0], "7": [0.0, 0.0, 17.0], "8": [66.66666666666666, 12.0, 18.0]}