precision,accuracy,recall,duration
0.33107423196853764,0.3429811866859624,0.2929178956999103,392.8972370624542
