{"0": [73.79679144385027, 138.0, 187.0], "1": [35.714285714285715, 5.0, 14.0], "2": [86.66666666666667, 13.0, 15.0], "3": [64.03508771929825, 73.0, 114.0], "4": [84.0, 42.0, 50.0], "5": [33.62068965517241, 39.0, 116.0], "6": [72.82608695652173, 134.0, 184.0], "7": [100.0, 4.0, 4.0], "8": [85.71428571428571, 6.0, 7.0]}