precision,accuracy,recall,duration
0.35510037178146464,0.4114002478314746,0.28976660697234213,451.1628227233887
