{"0": [15.025906735751295, 29.0, 193.0], "1": [100.0, 59.0, 59.0], "2": [50.0, 12.0, 24.0], "3": [80.67226890756302, 96.0, 119.0], "4": [79.38144329896907, 77.0, 97.0], "5": [51.08695652173913, 47.0, 92.0], "6": [63.04347826086957, 116.0, 184.0], "7": [100.0, 39.0, 39.0], "8": [NaN, 0.0, 0.0]}