precision,accuracy,recall,duration
0.25541507078987075,0.32873563218390806,0.3074252551771115,211.87459230422974
