{"0": [42.857142857142854, 24.0, 56.0], "1": [68.29268292682927, 28.0, 41.0], "2": [87.5, 77.0, 88.0], "3": [59.587020648967545, 202.0, 339.0], "4": [78.62595419847328, 103.0, 131.0], "5": [35.84905660377358, 19.0, 53.0], "6": [91.34615384615384, 95.0, 104.0], "7": [100.0, 4.0, 4.0], "8": [59.25925925925925, 32.0, 54.0]}