precision,accuracy,recall,duration
0.3943785562058658,0.4364851957975167,0.33288845941866685,599.9736597537994
