precision,accuracy,recall,duration
0.34743023585554983,0.29929078014184396,0.47039117918188034,410.25935649871826
