{"0": [48.38709677419355, 135.0, 279.0], "1": [32.0, 8.0, 25.0], "2": [90.47619047619048, 19.0, 21.0], "3": [78.3625730994152, 134.0, 171.0], "4": [87.34177215189874, 69.0, 79.0], "5": [35.95505617977528, 64.0, 178.0], "6": [52.87769784172662, 147.0, 278.0], "7": [75.0, 6.0, 8.0], "8": [100.0, 8.0, 8.0]}