precision,accuracy,recall,duration
0.3551431897701689,0.3902554399243141,0.345721288808397,1205.1744530200958
