{"0": [56.59050966608085, 322.0, 569.0], "1": [78.72340425531915, 37.0, 47.0], "2": [100.0, 44.0, 44.0], "3": [75.2840909090909, 265.0, 352.0], "4": [92.66666666666666, 139.0, 150.0], "5": [35.06849315068493, 128.0, 365.0], "6": [63.63636363636363, 378.0, 594.0], "7": [5.88235294117647, 1.0, 17.0], "8": [83.33333333333334, 15.0, 18.0]}