{"0": [64.32337434094903, 366.0, 569.0], "1": [38.297872340425535, 18.0, 47.0], "2": [95.45454545454545, 42.0, 44.0], "3": [90.05681818181817, 317.0, 352.0], "4": [95.33333333333334, 143.0, 150.0], "5": [42.73972602739726, 156.0, 365.0], "6": [59.59595959595959, 354.0, 594.0], "7": [70.58823529411765, 12.0, 17.0], "8": [50.0, 9.0, 18.0]}