precision,accuracy,recall,duration
0.2596401502630084,0.1575212866603595,0.23694311416405867,1097.3121483325958
