{"0": [94.02460456942003, 535.0, 569.0], "1": [48.93617021276596, 23.0, 47.0], "2": [90.9090909090909, 40.0, 44.0], "3": [88.35227272727273, 311.0, 352.0], "4": [86.0, 129.0, 150.0], "5": [96.43835616438356, 352.0, 365.0], "6": [69.36026936026936, 412.0, 594.0], "7": [70.58823529411765, 12.0, 17.0], "8": [44.44444444444444, 8.0, 18.0]}