precision,accuracy,recall,duration
0.30159380087448784,0.4267990074441687,0.3103387386728229,404.0304481983185
