{"0": [63.09314586994728, 359.0, 569.0], "1": [36.17021276595745, 17.0, 47.0], "2": [79.54545454545455, 35.0, 44.0], "3": [87.5, 308.0, 352.0], "4": [95.33333333333334, 143.0, 150.0], "5": [41.369863013698634, 151.0, 365.0], "6": [62.62626262626263, 372.0, 594.0], "7": [58.82352941176471, 10.0, 17.0], "8": [66.66666666666666, 12.0, 18.0]}