{"0": [40.0, 4.0, 10.0], "1": [60.0, 3.0, 5.0], "2": [90.9090909090909, 10.0, 11.0], "3": [69.79166666666666, 67.0, 96.0], "4": [67.74193548387096, 21.0, 31.0], "5": [72.72727272727273, 8.0, 11.0], "6": [74.0, 37.0, 50.0], "7": [NaN, 0.0, 0.0], "8": [NaN, 0.0, 0.0]}