{"0": [61.86291739894551, 352.0, 569.0], "1": [38.297872340425535, 18.0, 47.0], "2": [77.27272727272727, 34.0, 44.0], "3": [67.89772727272727, 239.0, 352.0], "4": [89.33333333333333, 134.0, 150.0], "5": [39.45205479452055, 144.0, 365.0], "6": [59.764309764309765, 355.0, 594.0], "7": [70.58823529411765, 12.0, 17.0], "8": [66.66666666666666, 12.0, 18.0]}