{"0": [48.50615114235501, 276.0, 569.0], "1": [53.191489361702125, 25.0, 47.0], "2": [93.18181818181817, 41.0, 44.0], "3": [83.80681818181817, 295.0, 352.0], "4": [89.33333333333333, 134.0, 150.0], "5": [39.45205479452055, 144.0, 365.0], "6": [53.87205387205387, 320.0, 594.0], "7": [41.17647058823529, 7.0, 17.0], "8": [72.22222222222221, 13.0, 18.0]}