{"0": [61.07142857142858, 342.0, 560.0], "1": [53.191489361702125, 25.0, 47.0], "2": [83.72093023255815, 36.0, 43.0], "3": [82.79883381924198, 284.0, 343.0], "4": [98.0, 147.0, 150.0], "5": [41.57303370786517, 148.0, 356.0], "6": [60.57866184448463, 335.0, 553.0], "7": [82.35294117647058, 14.0, 17.0], "8": [61.111111111111114, 11.0, 18.0]}