precision,accuracy,recall,duration
0.36897331073451145,0.4077212806026365,0.3339856071312624,602.0288801193237
