precision,accuracy,recall,duration
0.35187703229858486,0.3781869688385269,0.35558148104358617,1213.0826790332794
