{"0": [79.43925233644859, 85.0, 107.0], "1": [39.682539682539684, 25.0, 63.0], "2": [84.21052631578947, 96.0, 114.0], "3": [64.41586280814576, 601.0, 933.0], "4": [72.12543554006969, 207.0, 287.0], "5": [19.101123595505616, 17.0, 89.0], "6": [54.33526011560693, 282.0, 519.0], "7": [NaN, 0.0, 0.0], "8": [66.66666666666666, 4.0, 6.0]}