precision,accuracy,recall,duration
0.3526232677510477,0.3860640301318267,0.3291617637447809,604.2684307098389
