{"0": [61.964285714285715, 347.0, 560.0], "1": [40.42553191489361, 19.0, 47.0], "2": [88.37209302325581, 38.0, 43.0], "3": [88.33819241982506, 303.0, 343.0], "4": [95.33333333333334, 143.0, 150.0], "5": [39.325842696629216, 140.0, 356.0], "6": [55.87703435804702, 309.0, 553.0], "7": [70.58823529411765, 12.0, 17.0], "8": [66.66666666666666, 12.0, 18.0]}