precision,accuracy,recall,duration
0.3380875224644956,0.3404255319148936,0.4759671351496018,415.32904028892517
