{"0": [22.22222222222222, 8.0, 36.0], "1": [38.095238095238095, 8.0, 21.0], "2": [85.71428571428571, 36.0, 42.0], "3": [69.77491961414792, 217.0, 311.0], "4": [48.35164835164835, 44.0, 91.0], "5": [24.137931034482758, 7.0, 29.0], "6": [83.33333333333334, 145.0, 174.0], "7": [NaN, 0.0, 0.0], "8": [0.0, 0.0, 1.0]}