{"0": [66.60714285714285, 373.0, 560.0], "1": [65.95744680851064, 31.0, 47.0], "2": [100.0, 43.0, 43.0], "3": [86.29737609329446, 296.0, 343.0], "4": [86.0, 129.0, 150.0], "5": [44.9438202247191, 160.0, 356.0], "6": [56.6003616636528, 313.0, 553.0], "7": [94.11764705882352, 16.0, 17.0], "8": [61.111111111111114, 11.0, 18.0]}