precision,accuracy,recall,duration
0.2507680493785303,0.2570093457943925,0.2937571786412512,99.42415237426758
