{"0": [58.17223198594025, 331.0, 569.0], "1": [97.87234042553192, 46.0, 47.0], "2": [100.0, 44.0, 44.0], "3": [78.125, 275.0, 352.0], "4": [94.0, 141.0, 150.0], "5": [39.178082191780824, 143.0, 365.0], "6": [68.85521885521885, 409.0, 594.0], "7": [0.0, 0.0, 17.0], "8": [94.44444444444444, 17.0, 18.0]}