best_model_train_loss,best_model_val_loss,best_model_train_acc,best_model_val_acc,best_model_learning_rate,best_model_nb_epoch
0.4635017216205597,0.8902732729911804,0.42871639132499695,0.3817153573036194,0.0010000000474974513,99
