precision,accuracy,recall,duration
0.358056667625575,0.3817153628652215,0.3342385391602147,608.2820410728455
