precision,accuracy,recall,duration
0.3799778663732428,0.3954154727793696,0.33135167624257594,609.0420732498169
