{"0": [29.629629629629626, 16.0, 54.0], "1": [51.515151515151516, 17.0, 33.0], "2": [82.75862068965517, 48.0, 58.0], "3": [64.08602150537635, 298.0, 465.0], "4": [80.85106382978722, 114.0, 141.0], "5": [35.55555555555556, 16.0, 45.0], "6": [54.78927203065134, 143.0, 261.0], "7": [NaN, 0.0, 0.0], "8": [100.0, 4.0, 4.0]}