{"0": [49.82078853046595, 139.0, 279.0], "1": [48.0, 12.0, 25.0], "2": [33.33333333333333, 7.0, 21.0], "3": [84.7953216374269, 145.0, 171.0], "4": [98.73417721518987, 78.0, 79.0], "5": [39.8876404494382, 71.0, 178.0], "6": [59.71223021582733, 166.0, 278.0], "7": [87.5, 7.0, 8.0], "8": [100.0, 8.0, 8.0]}