precision,accuracy,recall,duration
0.3353091765800132,0.2961210974456008,0.3225871668874613,1214.4170088768005
