{"0": [60.80843585237259, 346.0, 569.0], "1": [38.297872340425535, 18.0, 47.0], "2": [93.18181818181817, 41.0, 44.0], "3": [82.95454545454545, 292.0, 352.0], "4": [94.0, 141.0, 150.0], "5": [41.369863013698634, 151.0, 365.0], "6": [87.7104377104377, 521.0, 594.0], "7": [23.52941176470588, 4.0, 17.0], "8": [88.88888888888889, 16.0, 18.0]}