precision,accuracy,recall,duration
0.37734057242134206,0.406827880512091,0.36871322533711076,292.22709584236145
