{"0": [56.02094240837696, 107.0, 191.0], "1": [35.714285714285715, 5.0, 14.0], "2": [87.5, 14.0, 16.0], "3": [44.06779661016949, 52.0, 118.0], "4": [80.0, 40.0, 50.0], "5": [34.166666666666664, 41.0, 120.0], "6": [82.82828282828282, 164.0, 198.0], "7": [50.0, 2.0, 4.0], "8": [100.0, 7.0, 7.0]}