{"0": [58.75, 329.0, 560.0], "1": [40.42553191489361, 19.0, 47.0], "2": [97.67441860465115, 42.0, 43.0], "3": [55.68513119533528, 191.0, 343.0], "4": [88.0, 132.0, 150.0], "5": [42.97752808988764, 153.0, 356.0], "6": [54.61121157323689, 302.0, 553.0], "7": [76.47058823529412, 13.0, 17.0], "8": [77.77777777777779, 14.0, 18.0]}