{"0": [57.32142857142857, 321.0, 560.0], "1": [38.297872340425535, 18.0, 47.0], "2": [100.0, 43.0, 43.0], "3": [87.17201166180757, 299.0, 343.0], "4": [85.33333333333334, 128.0, 150.0], "5": [43.258426966292134, 154.0, 356.0], "6": [56.6003616636528, 313.0, 553.0], "7": [82.35294117647058, 14.0, 17.0], "8": [66.66666666666666, 12.0, 18.0]}