precision,accuracy,recall,duration
0.3251787505088372,0.3342776203966006,0.28316574928504523,614.4165163040161
