{"0": [22.22222222222222, 12.0, 54.0], "1": [87.87878787878788, 29.0, 33.0], "2": [82.75862068965517, 48.0, 58.0], "3": [65.80645161290323, 306.0, 465.0], "4": [73.38129496402878, 102.0, 139.0], "5": [42.22222222222222, 19.0, 45.0], "6": [70.88122605363985, 185.0, 261.0], "7": [NaN, 0.0, 0.0], "8": [100.0, 4.0, 4.0]}