precision,accuracy,recall,duration
0.34384017367174335,0.29603399433427763,0.29249832086573585,1219.7802636623383
