{"0": [27.102803738317753, 29.0, 107.0], "1": [95.23809523809523, 60.0, 63.0], "2": [84.21052631578947, 96.0, 114.0], "3": [71.59699892818864, 668.0, 933.0], "4": [66.55052264808361, 191.0, 287.0], "5": [48.31460674157304, 43.0, 89.0], "6": [77.07129094412332, 400.0, 519.0], "7": [NaN, 0.0, 0.0], "8": [66.66666666666666, 4.0, 6.0]}