precision,accuracy,recall,duration
0.28420035798945187,0.3002832861189802,0.3069076502860288,631.4151504039764
