precision,accuracy,recall,duration
0.38715057902201816,0.4153400868306802,0.38722844720224514,394.8980836868286
