{"0": [47.593582887700535, 89.0, 187.0], "1": [28.57142857142857, 4.0, 14.0], "2": [80.0, 12.0, 15.0], "3": [87.71929824561403, 100.0, 114.0], "4": [76.0, 38.0, 50.0], "5": [34.48275862068966, 40.0, 116.0], "6": [61.41304347826087, 113.0, 184.0], "7": [50.0, 2.0, 4.0], "8": [85.71428571428571, 6.0, 7.0]}