{"0": [87.03703703703704, 47.0, 54.0], "1": [39.39393939393939, 13.0, 33.0], "2": [94.82758620689656, 55.0, 58.0], "3": [75.91397849462366, 353.0, 465.0], "4": [67.62589928057554, 94.0, 139.0], "5": [20.0, 9.0, 45.0], "6": [63.984674329501914, 167.0, 261.0], "7": [NaN, 0.0, 0.0], "8": [75.0, 3.0, 4.0]}