precision,accuracy,recall,duration
0.42071392173716926,0.45600756859035,0.41626572663893924,1133.6437859535217
