{"0": [55.88752196836555, 318.0, 569.0], "1": [36.17021276595745, 17.0, 47.0], "2": [95.45454545454545, 42.0, 44.0], "3": [54.82954545454546, 193.0, 352.0], "4": [89.33333333333333, 134.0, 150.0], "5": [38.082191780821915, 139.0, 365.0], "6": [55.387205387205384, 329.0, 594.0], "7": [58.82352941176471, 10.0, 17.0], "8": [44.44444444444444, 8.0, 18.0]}