precision,accuracy,recall,duration
0.3487503436713324,0.40892193308550184,0.2995484057078761,393.71756196022034
