{"0": [13.989637305699482, 27.0, 193.0], "1": [100.0, 59.0, 59.0], "2": [41.66666666666667, 10.0, 24.0], "3": [79.83193277310924, 95.0, 119.0], "4": [83.50515463917526, 81.0, 97.0], "5": [42.391304347826086, 39.0, 92.0], "6": [69.02173913043478, 127.0, 184.0], "7": [100.0, 39.0, 39.0], "8": [NaN, 0.0, 0.0]}