precision,accuracy,recall,duration
0.3761380376929365,0.4081041968162084,0.3748476328091164,396.18470644950867
