precision,accuracy,recall,duration
0.32316631247097216,0.3635505193578848,0.3320383905906589,605.7480659484863
