{"0": [49.73262032085562, 93.0, 187.0], "1": [28.57142857142857, 4.0, 14.0], "2": [86.66666666666667, 13.0, 15.0], "3": [80.7017543859649, 92.0, 114.0], "4": [82.0, 41.0, 50.0], "5": [36.206896551724135, 42.0, 116.0], "6": [63.04347826086957, 116.0, 184.0], "7": [50.0, 2.0, 4.0], "8": [85.71428571428571, 6.0, 7.0]}