{"0": [94.44444444444444, 51.0, 54.0], "1": [27.27272727272727, 9.0, 33.0], "2": [84.48275862068965, 49.0, 58.0], "3": [63.2258064516129, 294.0, 465.0], "4": [84.17266187050359, 117.0, 139.0], "5": [17.77777777777778, 8.0, 45.0], "6": [54.78927203065134, 143.0, 261.0], "7": [NaN, 0.0, 0.0], "8": [75.0, 3.0, 4.0]}