{"0": [66.08084358523726, 376.0, 569.0], "1": [29.78723404255319, 14.0, 47.0], "2": [93.18181818181817, 41.0, 44.0], "3": [86.07954545454545, 303.0, 352.0], "4": [93.33333333333333, 140.0, 150.0], "5": [42.73972602739726, 156.0, 365.0], "6": [56.56565656565656, 336.0, 594.0], "7": [82.35294117647058, 14.0, 17.0], "8": [83.33333333333334, 15.0, 18.0]}