{"0": [50.89285714285714, 285.0, 560.0], "1": [36.17021276595745, 17.0, 47.0], "2": [90.69767441860465, 39.0, 43.0], "3": [77.55102040816327, 266.0, 343.0], "4": [86.66666666666667, 130.0, 150.0], "5": [32.86516853932584, 117.0, 356.0], "6": [64.73779385171791, 358.0, 553.0], "7": [58.82352941176471, 10.0, 17.0], "8": [88.88888888888889, 16.0, 18.0]}