precision,accuracy,recall,duration
0.3349133497838749,0.3040604343720491,0.28951218870601264,1222.059462070465
