{"0": [25.233644859813083, 27.0, 107.0], "1": [85.71428571428571, 54.0, 63.0], "2": [88.59649122807018, 101.0, 114.0], "3": [74.59807073954984, 696.0, 933.0], "4": [77.35191637630662, 222.0, 287.0], "5": [40.44943820224719, 36.0, 89.0], "6": [64.16184971098265, 333.0, 519.0], "7": [NaN, 0.0, 0.0], "8": [83.33333333333334, 5.0, 6.0]}