{"0": [38.732394366197184, 110.0, 284.0], "1": [16.0, 4.0, 25.0], "2": [68.18181818181817, 15.0, 22.0], "3": [63.06818181818182, 111.0, 176.0], "4": [92.40506329113924, 73.0, 79.0], "5": [40.98360655737705, 75.0, 183.0], "6": [59.86622073578596, 179.0, 299.0], "7": [100.0, 8.0, 8.0], "8": [100.0, 8.0, 8.0]}