precision,accuracy,recall,duration
0.2706275007390626,0.29775280898876405,0.3710870019871596,138.56699466705322
