{"0": [66.66666666666666, 22.0, 33.0], "1": [100.0, 19.0, 19.0], "2": [86.95652173913044, 40.0, 46.0], "3": [72.6530612244898, 178.0, 245.0], "4": [59.70149253731343, 40.0, 67.0], "5": [24.0, 6.0, 25.0], "6": [70.32967032967034, 64.0, 91.0], "7": [0.0, 0.0, 1.0], "8": [85.71428571428571, 6.0, 7.0]}