precision,accuracy,recall,duration
0.3109171256664991,0.3404255319148936,0.4792779113010476,425.6361994743347
