{"0": [58.214285714285715, 326.0, 560.0], "1": [40.42553191489361, 19.0, 47.0], "2": [88.37209302325581, 38.0, 43.0], "3": [60.64139941690962, 208.0, 343.0], "4": [92.66666666666666, 139.0, 150.0], "5": [43.258426966292134, 154.0, 356.0], "6": [56.9620253164557, 315.0, 553.0], "7": [76.47058823529412, 13.0, 17.0], "8": [72.22222222222221, 13.0, 18.0]}