{"0": [13.88888888888889, 5.0, 36.0], "1": [42.857142857142854, 9.0, 21.0], "2": [83.33333333333334, 35.0, 42.0], "3": [67.20257234726688, 209.0, 311.0], "4": [52.74725274725275, 48.0, 91.0], "5": [20.689655172413794, 6.0, 29.0], "6": [87.93103448275862, 153.0, 174.0], "7": [NaN, 0.0, 0.0], "8": [0.0, 0.0, 1.0]}