precision,accuracy,recall,duration
0.253850394307537,0.1721194879089616,0.21516954633661875,298.79216957092285
