{"0": [89.52879581151832, 171.0, 191.0], "1": [35.714285714285715, 5.0, 14.0], "2": [100.0, 16.0, 16.0], "3": [95.76271186440678, 113.0, 118.0], "4": [80.0, 40.0, 50.0], "5": [97.5, 117.0, 120.0], "6": [64.14141414141415, 127.0, 198.0], "7": [75.0, 3.0, 4.0], "8": [71.42857142857143, 5.0, 7.0]}