{"0": [40.74074074074074, 11.0, 27.0], "1": [58.620689655172406, 17.0, 29.0], "2": [88.23529411764706, 30.0, 34.0], "3": [83.33333333333334, 185.0, 222.0], "4": [38.666666666666664, 29.0, 75.0], "5": [23.076923076923077, 6.0, 26.0], "6": [77.47747747747748, 86.0, 111.0], "7": [NaN, 0.0, 0.0], "8": [60.0, 6.0, 10.0]}