{"0": [61.86291739894551, 352.0, 569.0], "1": [57.446808510638306, 27.0, 47.0], "2": [95.45454545454545, 42.0, 44.0], "3": [92.89772727272727, 327.0, 352.0], "4": [98.66666666666667, 148.0, 150.0], "5": [43.28767123287671, 158.0, 365.0], "6": [58.080808080808076, 345.0, 594.0], "7": [94.11764705882352, 16.0, 17.0], "8": [33.33333333333333, 6.0, 18.0]}