precision,accuracy,recall,duration
0.3125804484266632,0.40885984023238925,0.2635428215779789,2055.1867678165436
