{"0": [79.7752808988764, 71.0, 89.0], "1": [100.0, 58.0, 58.0], "2": [99.29078014184397, 140.0, 141.0], "3": [24.783362218370883, 143.0, 577.0], "4": [92.47311827956989, 172.0, 186.0], "5": [45.33333333333333, 34.0, 75.0], "6": [87.06467661691542, 175.0, 201.0], "7": [100.0, 6.0, 6.0], "8": [34.090909090909086, 15.0, 44.0]}