best_model_train_loss,best_model_val_loss,best_model_train_acc,best_model_val_acc,best_model_learning_rate,best_model_nb_epoch
0.44296813011169434,0.5323423743247986,0.4563477039337158,0.36312055587768555,0.0010000000474974513,93
