precision,accuracy,recall,duration
0.3330280816762366,0.2765957446808511,0.3358887023188313,410.0849804878235
