{"0": [27.77777777777778, 10.0, 36.0], "1": [33.33333333333333, 7.0, 21.0], "2": [73.80952380952381, 31.0, 42.0], "3": [75.88424437299035, 236.0, 311.0], "4": [72.52747252747253, 66.0, 91.0], "5": [27.586206896551722, 8.0, 29.0], "6": [86.7816091954023, 151.0, 174.0], "7": [NaN, 0.0, 0.0], "8": [100.0, 1.0, 1.0]}