{"0": [39.464285714285715, 221.0, 560.0], "1": [59.57446808510638, 28.0, 47.0], "2": [74.4186046511628, 32.0, 43.0], "3": [57.434402332361515, 197.0, 343.0], "4": [91.33333333333333, 137.0, 150.0], "5": [36.51685393258427, 130.0, 356.0], "6": [55.33453887884268, 306.0, 553.0], "7": [94.11764705882352, 16.0, 17.0], "8": [83.33333333333334, 15.0, 18.0]}