precision,accuracy,recall,duration
0.28775592143025414,0.29084041548630785,0.3478126179483225,607.122385263443
