{"0": [62.96296296296296, 34.0, 54.0], "1": [33.33333333333333, 11.0, 33.0], "2": [74.13793103448276, 43.0, 58.0], "3": [83.01075268817203, 386.0, 465.0], "4": [79.13669064748201, 110.0, 139.0], "5": [20.0, 9.0, 45.0], "6": [59.38697318007663, 155.0, 261.0], "7": [NaN, 0.0, 0.0], "8": [75.0, 3.0, 4.0]}