{"0": [92.6056338028169, 263.0, 284.0], "1": [100.0, 25.0, 25.0], "2": [90.9090909090909, 20.0, 22.0], "3": [97.1590909090909, 171.0, 176.0], "4": [92.40506329113924, 73.0, 79.0], "5": [74.86338797814209, 137.0, 183.0], "6": [65.55183946488295, 196.0, 299.0], "7": [0.0, 0.0, 8.0], "8": [75.0, 6.0, 8.0]}