precision,accuracy,recall,duration
0.3068929900976929,0.27101038715769593,0.26346382405766267,611.4206619262695
