{"0": [27.77777777777778, 15.0, 54.0], "1": [81.81818181818183, 27.0, 33.0], "2": [79.3103448275862, 46.0, 58.0], "3": [78.27956989247312, 364.0, 465.0], "4": [84.89208633093526, 118.0, 139.0], "5": [42.22222222222222, 19.0, 45.0], "6": [68.5823754789272, 179.0, 261.0], "7": [NaN, 0.0, 0.0], "8": [100.0, 4.0, 4.0]}