precision,accuracy,recall,duration
0.2857742718108195,0.26534466477809254,0.28042959219962005,601.8328113555908
