{"0": [29.629629629629626, 16.0, 54.0], "1": [36.36363636363637, 12.0, 33.0], "2": [91.37931034482759, 53.0, 58.0], "3": [84.51612903225806, 393.0, 465.0], "4": [77.6978417266187, 108.0, 139.0], "5": [95.55555555555556, 43.0, 45.0], "6": [57.47126436781609, 150.0, 261.0], "7": [NaN, 0.0, 0.0], "8": [75.0, 3.0, 4.0]}