precision,accuracy,recall,duration
0.26793381010851713,0.25140712945590993,0.37076613581920886,118.13569712638855
