{"0": [56.25, 18.0, 32.0], "1": [100.0, 19.0, 19.0], "2": [95.65217391304348, 44.0, 46.0], "3": [73.87755102040816, 181.0, 245.0], "4": [64.17910447761194, 43.0, 67.0], "5": [28.000000000000004, 7.0, 25.0], "6": [91.20879120879121, 83.0, 91.0], "7": [0.0, 0.0, 1.0], "8": [57.14285714285714, 4.0, 7.0]}