precision,accuracy,recall,duration
0.4131833685532072,0.462386200287494,0.4302081080941114,940.1131019592285
