precision,accuracy,recall,duration
0.37856056380093467,0.37110481586402266,0.3797898786546356,602.6802880764008
