{"0": [50.71428571428571, 284.0, 560.0], "1": [27.659574468085108, 13.0, 47.0], "2": [88.37209302325581, 38.0, 43.0], "3": [54.22740524781341, 186.0, 343.0], "4": [88.66666666666667, 133.0, 150.0], "5": [38.764044943820224, 138.0, 356.0], "6": [56.23869801084991, 311.0, 553.0], "7": [47.05882352941176, 8.0, 17.0], "8": [61.111111111111114, 11.0, 18.0]}