{"0": [31.48148148148148, 17.0, 54.0], "1": [42.42424242424242, 14.0, 33.0], "2": [74.13793103448276, 43.0, 58.0], "3": [66.88172043010752, 311.0, 465.0], "4": [84.89208633093526, 118.0, 139.0], "5": [26.666666666666668, 12.0, 45.0], "6": [56.70498084291188, 148.0, 261.0], "7": [NaN, 0.0, 0.0], "8": [75.0, 3.0, 4.0]}