{"0": [30.76923076923077, 8.0, 26.0], "1": [79.3103448275862, 23.0, 29.0], "2": [97.05882352941177, 33.0, 34.0], "3": [72.52252252252252, 161.0, 222.0], "4": [49.333333333333336, 37.0, 75.0], "5": [88.46153846153845, 23.0, 26.0], "6": [75.67567567567568, 84.0, 111.0], "7": [NaN, 0.0, 0.0], "8": [80.0, 8.0, 10.0]}