best_model_train_loss,best_model_val_loss,best_model_train_acc,best_model_val_acc,best_model_learning_rate,best_model_nb_epoch
0.4569209814071655,0.5819622278213501,0.4320203363895416,0.39754486083984375,0.0010000000474974513,96
