precision,accuracy,recall,duration
0.3541840558208304,0.35135135135135137,0.3471596382485625,403.5468394756317
