precision,accuracy,recall,duration
0.38449948879610024,0.40226628895184136,0.4147932067286603,1212.4867911338806
