{"0": [54.45026178010471, 104.0, 191.0], "1": [28.57142857142857, 4.0, 14.0], "2": [75.0, 12.0, 16.0], "3": [70.33898305084746, 83.0, 118.0], "4": [88.0, 44.0, 50.0], "5": [39.166666666666664, 47.0, 120.0], "6": [84.84848484848484, 168.0, 198.0], "7": [50.0, 2.0, 4.0], "8": [100.0, 7.0, 7.0]}