{"0": [26.168224299065418, 28.0, 107.0], "1": [33.33333333333333, 21.0, 63.0], "2": [80.7017543859649, 92.0, 114.0], "3": [63.45123258306538, 592.0, 933.0], "4": [78.04878048780488, 224.0, 287.0], "5": [23.595505617977526, 21.0, 89.0], "6": [54.72061657032755, 284.0, 519.0], "7": [NaN, 0.0, 0.0], "8": [66.66666666666666, 4.0, 6.0]}