precision,accuracy,recall,duration
0.32927330119105985,0.3627311522048364,0.2847488930741371,321.50847005844116
