{"0": [53.92670157068062, 103.0, 191.0], "1": [92.85714285714286, 13.0, 14.0], "2": [100.0, 16.0, 16.0], "3": [83.05084745762711, 98.0, 118.0], "4": [84.0, 42.0, 50.0], "5": [37.5, 45.0, 120.0], "6": [69.6969696969697, 138.0, 198.0], "7": [25.0, 1.0, 4.0], "8": [100.0, 7.0, 7.0]}