{"0": [59.05096660808435, 336.0, 569.0], "1": [34.04255319148936, 16.0, 47.0], "2": [88.63636363636364, 39.0, 44.0], "3": [88.06818181818183, 310.0, 352.0], "4": [99.33333333333333, 149.0, 150.0], "5": [37.534246575342465, 137.0, 365.0], "6": [58.92255892255892, 350.0, 594.0], "7": [64.70588235294117, 11.0, 17.0], "8": [61.111111111111114, 11.0, 18.0]}