precision,accuracy,recall,duration
0.35056325709629516,0.20679886685552407,0.3719405329883799,600.8303842544556
