{"0": [33.33333333333333, 18.0, 54.0], "1": [15.151515151515152, 5.0, 33.0], "2": [89.65517241379311, 52.0, 58.0], "3": [97.84946236559139, 455.0, 465.0], "4": [87.76978417266187, 122.0, 139.0], "5": [24.444444444444443, 11.0, 45.0], "6": [67.04980842911877, 175.0, 261.0], "7": [NaN, 0.0, 0.0], "8": [50.0, 2.0, 4.0]}