precision,accuracy,recall,duration
0.2641529109536187,0.3548387096774194,0.2610340562488193,395.8960280418396
