precision,accuracy,recall,duration
0.3718779624560024,0.22568460812086874,0.2540019380592352,1196.4657082557678
