{"0": [26.168224299065418, 28.0, 107.0], "1": [42.857142857142854, 27.0, 63.0], "2": [87.71929824561403, 100.0, 114.0], "3": [79.63558413719186, 743.0, 933.0], "4": [98.95470383275261, 284.0, 287.0], "5": [98.87640449438202, 88.0, 89.0], "6": [70.52023121387283, 366.0, 519.0], "7": [NaN, 0.0, 0.0], "8": [66.66666666666666, 4.0, 6.0]}