precision,accuracy,recall,duration
0.34473441279904676,0.3578847969782814,0.4002929490132609,613.232344865799
