{"0": [20.37037037037037, 11.0, 54.0], "1": [33.33333333333333, 11.0, 33.0], "2": [87.93103448275862, 51.0, 58.0], "3": [69.24731182795699, 322.0, 465.0], "4": [62.589928057553955, 87.0, 139.0], "5": [20.0, 9.0, 45.0], "6": [71.26436781609196, 186.0, 261.0], "7": [NaN, 0.0, 0.0], "8": [75.0, 3.0, 4.0]}