{"0": [62.39015817223199, 355.0, 569.0], "1": [42.5531914893617, 20.0, 47.0], "2": [95.45454545454545, 42.0, 44.0], "3": [82.38636363636364, 290.0, 352.0], "4": [94.0, 141.0, 150.0], "5": [42.19178082191781, 154.0, 365.0], "6": [57.744107744107744, 343.0, 594.0], "7": [70.58823529411765, 12.0, 17.0], "8": [61.111111111111114, 11.0, 18.0]}