{"0": [91.90140845070422, 261.0, 284.0], "1": [56.00000000000001, 14.0, 25.0], "2": [95.45454545454545, 21.0, 22.0], "3": [92.04545454545455, 162.0, 176.0], "4": [67.08860759493672, 53.0, 79.0], "5": [86.33879781420765, 158.0, 183.0], "6": [67.55852842809364, 202.0, 299.0], "7": [0.0, 0.0, 8.0], "8": [87.5, 7.0, 8.0]}