best_model_train_loss,best_model_val_loss,best_model_train_acc,best_model_val_acc,best_model_learning_rate,best_model_nb_epoch
0.4417646825313568,0.7688548564910889,0.45362135767936707,0.2993389964103699,0.0010000000474974513,93
