precision,accuracy,recall,duration
0.373637197235291,0.36732766761095376,0.37457615170995084,602.5993337631226
