precision,accuracy,recall,duration
0.3813761791224681,0.366554863440345,0.3124158575071272,942.7979514598846
