{"0": [27.77777777777778, 15.0, 54.0], "1": [33.33333333333333, 11.0, 33.0], "2": [87.93103448275862, 51.0, 58.0], "3": [67.95698924731182, 316.0, 465.0], "4": [74.10071942446042, 103.0, 139.0], "5": [37.77777777777778, 17.0, 45.0], "6": [59.00383141762452, 154.0, 261.0], "7": [NaN, 0.0, 0.0], "8": [75.0, 3.0, 4.0]}