{"0": [55.892857142857146, 313.0, 560.0], "1": [51.06382978723404, 24.0, 47.0], "2": [90.69767441860465, 39.0, 43.0], "3": [90.0874635568513, 309.0, 343.0], "4": [90.0, 135.0, 150.0], "5": [46.06741573033708, 164.0, 356.0], "6": [56.78119349005425, 314.0, 553.0], "7": [88.23529411764706, 15.0, 17.0], "8": [50.0, 9.0, 18.0]}