precision,accuracy,recall,duration
0.3426341505591789,0.3588652482269504,0.49126865894245875,422.06554889678955
