{"0": [25.0, 9.0, 36.0], "1": [38.095238095238095, 8.0, 21.0], "2": [69.04761904761905, 29.0, 42.0], "3": [67.52411575562701, 210.0, 311.0], "4": [59.34065934065934, 54.0, 91.0], "5": [20.689655172413794, 6.0, 29.0], "6": [78.16091954022988, 136.0, 174.0], "7": [NaN, 0.0, 0.0], "8": [0.0, 0.0, 1.0]}