{"0": [58.03571428571429, 325.0, 560.0], "1": [34.04255319148936, 16.0, 47.0], "2": [95.34883720930233, 41.0, 43.0], "3": [81.34110787172013, 279.0, 343.0], "4": [94.66666666666667, 142.0, 150.0], "5": [42.69662921348314, 152.0, 356.0], "6": [56.23869801084991, 311.0, 553.0], "7": [82.35294117647058, 14.0, 17.0], "8": [55.55555555555556, 10.0, 18.0]}