best_model_train_loss,best_model_val_loss,best_model_train_acc,best_model_val_acc,best_model_learning_rate,best_model_nb_epoch
0.44603613018989563,0.5515114068984985,0.4044986665248871,0.31347519159317017,0.0010000000474974513,91
