precision,accuracy,recall,duration
0.2874246279662114,0.2652482269503546,0.27037006801947483,402.9429302215576
