{"0": [16.666666666666664, 6.0, 36.0], "1": [28.57142857142857, 6.0, 21.0], "2": [88.09523809523809, 37.0, 42.0], "3": [79.09967845659163, 246.0, 311.0], "4": [87.91208791208791, 80.0, 91.0], "5": [89.65517241379311, 26.0, 29.0], "6": [66.66666666666666, 116.0, 174.0], "7": [NaN, 0.0, 0.0], "8": [100.0, 1.0, 1.0]}