best_model_train_loss,best_model_val_loss,best_model_train_acc,best_model_val_acc,best_model_learning_rate,best_model_nb_epoch
0.43911218643188477,0.5124772191047668,0.45558521151542664,0.36595743894577026,0.0010000000474974513,92
