precision,accuracy,recall,duration
0.3371363356358088,0.32907801418439714,0.48127463811944726,420.84738636016846
