{"0": [19.444444444444446, 7.0, 36.0], "1": [28.57142857142857, 6.0, 21.0], "2": [95.23809523809523, 40.0, 42.0], "3": [79.09967845659163, 246.0, 311.0], "4": [57.14285714285714, 52.0, 91.0], "5": [20.689655172413794, 6.0, 29.0], "6": [66.66666666666666, 116.0, 174.0], "7": [NaN, 0.0, 0.0], "8": [0.0, 0.0, 1.0]}