{"0": [59.64285714285714, 334.0, 560.0], "1": [38.297872340425535, 18.0, 47.0], "2": [76.74418604651163, 33.0, 43.0], "3": [91.25364431486881, 313.0, 343.0], "4": [94.66666666666667, 142.0, 150.0], "5": [39.60674157303371, 141.0, 356.0], "6": [54.06871609403255, 299.0, 553.0], "7": [76.47058823529412, 13.0, 17.0], "8": [61.111111111111114, 11.0, 18.0]}