{"0": [57.99648506151143, 330.0, 569.0], "1": [46.808510638297875, 22.0, 47.0], "2": [86.36363636363636, 38.0, 44.0], "3": [84.94318181818183, 299.0, 352.0], "4": [90.66666666666666, 136.0, 150.0], "5": [40.821917808219176, 149.0, 365.0], "6": [58.58585858585859, 348.0, 594.0], "7": [29.411764705882355, 5.0, 17.0], "8": [77.77777777777779, 14.0, 18.0]}