precision,accuracy,recall,duration
0.317577286823201,0.28997093023255816,0.29875269120408626,394.14044642448425
