{"0": [100.0, 279.0, 279.0], "1": [32.0, 8.0, 25.0], "2": [80.95238095238095, 17.0, 21.0], "3": [62.57309941520468, 107.0, 171.0], "4": [87.34177215189874, 69.0, 79.0], "5": [35.95505617977528, 64.0, 178.0], "6": [96.0431654676259, 267.0, 278.0], "7": [25.0, 2.0, 8.0], "8": [100.0, 8.0, 8.0]}