precision,accuracy,recall,duration
0.3556287067786736,0.3808630393996248,0.42513251354022147,82.17554640769958
