precision,accuracy,recall,duration
0.3921875272246785,0.3375886524822695,0.4721082088584029,417.263468503952
