precision,accuracy,recall,duration
0.30285928370137444,0.2975517890772128,0.32108510823010605,603.0452566146851
