{"0": [100.0, 284.0, 284.0], "1": [32.0, 8.0, 25.0], "2": [86.36363636363636, 19.0, 22.0], "3": [71.02272727272727, 125.0, 176.0], "4": [88.60759493670885, 70.0, 79.0], "5": [39.34426229508197, 72.0, 183.0], "6": [59.19732441471572, 177.0, 299.0], "7": [50.0, 4.0, 8.0], "8": [87.5, 7.0, 8.0]}