precision,accuracy,recall,duration
0.4003542977777108,0.44950213371266,0.40778525057483883,319.30450201034546
