{"0": [50.78534031413613, 97.0, 191.0], "1": [28.57142857142857, 4.0, 14.0], "2": [93.75, 15.0, 16.0], "3": [55.08474576271186, 65.0, 118.0], "4": [86.0, 43.0, 50.0], "5": [35.833333333333336, 43.0, 120.0], "6": [64.64646464646465, 128.0, 198.0], "7": [50.0, 2.0, 4.0], "8": [71.42857142857143, 5.0, 7.0]}