{"0": [18.63799283154122, 52.0, 279.0], "1": [32.0, 8.0, 25.0], "2": [90.47619047619048, 19.0, 21.0], "3": [56.14035087719298, 96.0, 171.0], "4": [92.40506329113924, 73.0, 79.0], "5": [36.51685393258427, 65.0, 178.0], "6": [58.992805755395686, 164.0, 278.0], "7": [100.0, 8.0, 8.0], "8": [100.0, 8.0, 8.0]}