{"0": [22.666666666666664, 17.0, 75.0], "1": [61.36363636363637, 54.0, 88.0], "2": [92.72727272727272, 102.0, 110.0], "3": [62.11538461538461, 323.0, 520.0], "4": [91.95979899497488, 183.0, 199.0], "5": [65.625, 42.0, 64.0], "6": [87.890625, 225.0, 256.0], "7": [100.0, 2.0, 2.0], "8": [46.774193548387096, 29.0, 62.0]}