precision,accuracy,recall,duration
0.26621966686437504,0.2636103151862464,0.2808321543963761,601.1666514873505
