{"0": [99.6415770609319, 278.0, 279.0], "1": [32.0, 8.0, 25.0], "2": [100.0, 21.0, 21.0], "3": [71.34502923976608, 122.0, 171.0], "4": [86.07594936708861, 68.0, 79.0], "5": [38.764044943820224, 69.0, 178.0], "6": [69.42446043165468, 193.0, 278.0], "7": [50.0, 4.0, 8.0], "8": [100.0, 8.0, 8.0]}