{"0": [58.87521968365553, 335.0, 569.0], "1": [40.42553191489361, 19.0, 47.0], "2": [81.81818181818183, 36.0, 44.0], "3": [71.02272727272727, 250.0, 352.0], "4": [97.33333333333334, 146.0, 150.0], "5": [37.26027397260274, 136.0, 365.0], "6": [57.744107744107744, 343.0, 594.0], "7": [76.47058823529412, 13.0, 17.0], "8": [61.111111111111114, 11.0, 18.0]}