precision,accuracy,recall,duration
0.3263321091330201,0.3364485981308411,0.42810518782292967,35.44579243659973
