precision,accuracy,recall,duration
0.33778053912294204,0.3545586107091172,0.2939015249946317,399.3958275318146
