{"0": [56.68449197860963, 106.0, 187.0], "1": [85.71428571428571, 12.0, 14.0], "2": [100.0, 15.0, 15.0], "3": [69.2982456140351, 79.0, 114.0], "4": [82.0, 41.0, 50.0], "5": [43.96551724137931, 51.0, 116.0], "6": [72.82608695652173, 134.0, 184.0], "7": [25.0, 1.0, 4.0], "8": [100.0, 7.0, 7.0]}