precision,accuracy,recall,duration
0.24197962761628058,0.24457308248914617,0.28497434449024445,395.78653025627136
