{"0": [100.0, 187.0, 187.0], "1": [35.714285714285715, 5.0, 14.0], "2": [93.33333333333333, 14.0, 15.0], "3": [92.10526315789474, 105.0, 114.0], "4": [86.0, 43.0, 50.0], "5": [37.06896551724138, 43.0, 116.0], "6": [63.58695652173913, 117.0, 184.0], "7": [50.0, 2.0, 4.0], "8": [85.71428571428571, 6.0, 7.0]}