precision,accuracy,recall,duration
0.28029425262222896,0.2806026365348399,0.2876716991877231,609.8001232147217
