{"0": [100.0, 284.0, 284.0], "1": [32.0, 8.0, 25.0], "2": [95.45454545454545, 21.0, 22.0], "3": [85.22727272727273, 150.0, 176.0], "4": [86.07594936708861, 68.0, 79.0], "5": [37.15846994535519, 68.0, 183.0], "6": [57.859531772575245, 173.0, 299.0], "7": [50.0, 4.0, 8.0], "8": [100.0, 8.0, 8.0]}