{"0": [59.22671353251317, 337.0, 569.0], "1": [36.17021276595745, 17.0, 47.0], "2": [88.63636363636364, 39.0, 44.0], "3": [79.54545454545455, 280.0, 352.0], "4": [94.66666666666667, 142.0, 150.0], "5": [39.178082191780824, 143.0, 365.0], "6": [58.417508417508415, 347.0, 594.0], "7": [70.58823529411765, 12.0, 17.0], "8": [61.111111111111114, 11.0, 18.0]}