{"0": [61.25000000000001, 343.0, 560.0], "1": [40.42553191489361, 19.0, 47.0], "2": [86.04651162790698, 37.0, 43.0], "3": [57.434402332361515, 197.0, 343.0], "4": [93.33333333333333, 140.0, 150.0], "5": [43.258426966292134, 154.0, 356.0], "6": [54.97287522603978, 304.0, 553.0], "7": [70.58823529411765, 12.0, 17.0], "8": [61.111111111111114, 11.0, 18.0]}