{"0": [46.964285714285715, 263.0, 560.0], "1": [36.17021276595745, 17.0, 47.0], "2": [90.69767441860465, 39.0, 43.0], "3": [67.93002915451895, 233.0, 343.0], "4": [94.66666666666667, 142.0, 150.0], "5": [38.48314606741573, 137.0, 356.0], "6": [58.40867992766727, 323.0, 553.0], "7": [82.35294117647058, 14.0, 17.0], "8": [66.66666666666666, 12.0, 18.0]}