{"0": [99.46428571428572, 557.0, 560.0], "1": [29.78723404255319, 14.0, 47.0], "2": [90.69767441860465, 39.0, 43.0], "3": [87.17201166180757, 299.0, 343.0], "4": [90.0, 135.0, 150.0], "5": [39.60674157303371, 141.0, 356.0], "6": [58.58951175406871, 324.0, 553.0], "7": [29.411764705882355, 5.0, 17.0], "8": [38.88888888888889, 7.0, 18.0]}