precision,accuracy,recall,duration
0.31225027831624463,0.3148936170212766,0.2857148159565279,407.028000831604
