{"0": [25.0, 9.0, 36.0], "1": [85.71428571428571, 18.0, 21.0], "2": [90.47619047619048, 38.0, 42.0], "3": [76.20578778135048, 237.0, 311.0], "4": [63.73626373626373, 58.0, 91.0], "5": [37.93103448275862, 11.0, 29.0], "6": [63.793103448275865, 111.0, 174.0], "7": [NaN, 0.0, 0.0], "8": [100.0, 1.0, 1.0]}