{"0": [57.67857142857142, 323.0, 560.0], "1": [44.680851063829785, 21.0, 47.0], "2": [100.0, 43.0, 43.0], "3": [72.59475218658892, 249.0, 343.0], "4": [88.66666666666667, 133.0, 150.0], "5": [42.97752808988764, 153.0, 356.0], "6": [56.9620253164557, 315.0, 553.0], "7": [76.47058823529412, 13.0, 17.0], "8": [50.0, 9.0, 18.0]}