{"0": [57.14285714285714, 320.0, 560.0], "1": [87.2340425531915, 41.0, 47.0], "2": [88.37209302325581, 38.0, 43.0], "3": [72.59475218658892, 249.0, 343.0], "4": [96.0, 144.0, 150.0], "5": [41.57303370786517, 148.0, 356.0], "6": [64.19529837251356, 355.0, 553.0], "7": [5.88235294117647, 1.0, 17.0], "8": [100.0, 18.0, 18.0]}