precision,accuracy,recall,duration
0.3069445319526144,0.3120567375886525,0.35558614113147136,420.4248571395874
