{"0": [27.77777777777778, 10.0, 36.0], "1": [33.33333333333333, 7.0, 21.0], "2": [76.19047619047619, 32.0, 42.0], "3": [68.48874598070739, 213.0, 311.0], "4": [61.53846153846154, 56.0, 91.0], "5": [20.689655172413794, 6.0, 29.0], "6": [91.95402298850574, 160.0, 174.0], "7": [NaN, 0.0, 0.0], "8": [100.0, 1.0, 1.0]}