{"0": [60.0, 336.0, 560.0], "1": [40.42553191489361, 19.0, 47.0], "2": [97.67441860465115, 42.0, 43.0], "3": [74.63556851311954, 256.0, 343.0], "4": [94.66666666666667, 142.0, 150.0], "5": [41.57303370786517, 148.0, 356.0], "6": [60.03616636528029, 332.0, 553.0], "7": [76.47058823529412, 13.0, 17.0], "8": [61.111111111111114, 11.0, 18.0]}