precision,accuracy,recall,duration
0.29598394028509906,0.29948364888123924,0.3585726769204918,750.5751550197601
