{"0": [80.35714285714286, 90.0, 112.0], "1": [68.6046511627907, 59.0, 86.0], "2": [74.73118279569893, 139.0, 186.0], "3": [66.02373887240356, 445.0, 674.0], "4": [76.60377358490567, 203.0, 265.0], "5": [54.36893203883495, 56.0, 103.0], "6": [93.36492890995261, 197.0, 211.0], "7": [33.33333333333333, 3.0, 9.0], "8": [29.896907216494846, 29.0, 97.0]}