precision,accuracy,recall,duration
0.2999937377602515,0.3771712158808933,0.27928667691618375,394.38976192474365
