precision,accuracy,recall,duration
0.36573162413745314,0.5136559655007187,0.3865285863295432,931.9821245670319
