{"0": [38.75, 217.0, 560.0], "1": [55.319148936170215, 26.0, 47.0], "2": [93.02325581395348, 40.0, 43.0], "3": [52.1865889212828, 179.0, 343.0], "4": [80.0, 120.0, 150.0], "5": [31.46067415730337, 112.0, 356.0], "6": [53.34538878842676, 295.0, 553.0], "7": [64.70588235294117, 11.0, 17.0], "8": [83.33333333333334, 15.0, 18.0]}