precision,accuracy,recall,duration
0.3369027820308317,0.361794500723589,0.35780670580144686,396.64642548561096
