precision,accuracy,recall,duration
0.33489818561768553,0.2936170212765957,0.4303354091301757,328.11458826065063
