{"0": [25.0, 9.0, 36.0], "1": [57.14285714285714, 12.0, 21.0], "2": [66.66666666666666, 28.0, 42.0], "3": [81.02893890675242, 252.0, 311.0], "4": [97.8021978021978, 89.0, 91.0], "5": [27.586206896551722, 8.0, 29.0], "6": [57.47126436781609, 100.0, 174.0], "7": [NaN, 0.0, 0.0], "8": [0.0, 0.0, 1.0]}