{"0": [50.80213903743316, 95.0, 187.0], "1": [28.57142857142857, 4.0, 14.0], "2": [86.66666666666667, 13.0, 15.0], "3": [92.98245614035088, 106.0, 114.0], "4": [84.0, 42.0, 50.0], "5": [43.103448275862064, 50.0, 116.0], "6": [66.84782608695652, 123.0, 184.0], "7": [25.0, 1.0, 4.0], "8": [100.0, 7.0, 7.0]}