{"0": [60.962566844919785, 114.0, 187.0], "1": [42.857142857142854, 6.0, 14.0], "2": [93.33333333333333, 14.0, 15.0], "3": [80.7017543859649, 92.0, 114.0], "4": [92.0, 46.0, 50.0], "5": [38.793103448275865, 45.0, 116.0], "6": [94.02173913043478, 173.0, 184.0], "7": [25.0, 1.0, 4.0], "8": [100.0, 7.0, 7.0]}