best_model_train_loss,best_model_val_loss,best_model_train_acc,best_model_val_acc,best_model_learning_rate,best_model_nb_epoch
0.4528569281101227,0.5267253518104553,0.43405336141586304,0.37063267827033997,0.0010000000474974513,68
