precision,accuracy,recall,duration
0.3909270927093447,0.3885741265344665,0.445111331828542,1211.540530204773
