precision,accuracy,recall,duration
0.35521610074141413,0.38549075391180654,0.339995869971351,400.2847366333008
