{"0": [26.168224299065418, 28.0, 107.0], "1": [34.92063492063492, 22.0, 63.0], "2": [86.8421052631579, 99.0, 114.0], "3": [63.87995712754555, 596.0, 933.0], "4": [77.00348432055749, 221.0, 287.0], "5": [37.07865168539326, 33.0, 89.0], "6": [56.84007707129094, 295.0, 519.0], "7": [NaN, 0.0, 0.0], "8": [16.666666666666664, 1.0, 6.0]}