best_model_train_loss,best_model_val_loss,best_model_train_acc,best_model_val_acc,best_model_learning_rate,best_model_nb_epoch
0.4796917736530304,0.5537812113761902,0.40909090638160706,0.37641510367393494,0.0010000000474974513,62
