precision,accuracy,recall,duration
0.4000264450971631,0.40728476821192056,0.3702762218780971,1185.5042159557343
