precision,accuracy,recall,duration
0.3811066771453827,0.3570754716981132,0.3856897406207702,959.7426271438599
