{"0": [54.305799648506145, 309.0, 569.0], "1": [44.680851063829785, 21.0, 47.0], "2": [65.9090909090909, 29.0, 44.0], "3": [67.32954545454545, 237.0, 352.0], "4": [96.0, 144.0, 150.0], "5": [42.465753424657535, 155.0, 365.0], "6": [63.2996632996633, 376.0, 594.0], "7": [52.94117647058824, 9.0, 17.0], "8": [83.33333333333334, 15.0, 18.0]}