{"0": [27.102803738317753, 29.0, 107.0], "1": [55.55555555555556, 35.0, 63.0], "2": [79.82456140350878, 91.0, 114.0], "3": [66.55948553054662, 621.0, 933.0], "4": [83.73702422145328, 242.0, 289.0], "5": [29.213483146067414, 26.0, 89.0], "6": [60.886319845857415, 316.0, 519.0], "7": [NaN, 0.0, 0.0], "8": [50.0, 3.0, 6.0]}