{"0": [61.07142857142858, 342.0, 560.0], "1": [42.5531914893617, 20.0, 47.0], "2": [100.0, 43.0, 43.0], "3": [88.33819241982506, 303.0, 343.0], "4": [94.66666666666667, 142.0, 150.0], "5": [39.04494382022472, 139.0, 356.0], "6": [56.9620253164557, 315.0, 553.0], "7": [70.58823529411765, 12.0, 17.0], "8": [61.111111111111114, 11.0, 18.0]}