precision,accuracy,recall,duration
0.34888340758878267,0.3621013133208255,0.29393083831217703,325.497517824173
