{"0": [58.17223198594025, 331.0, 569.0], "1": [38.297872340425535, 18.0, 47.0], "2": [90.9090909090909, 40.0, 44.0], "3": [81.5340909090909, 287.0, 352.0], "4": [88.66666666666667, 133.0, 150.0], "5": [41.64383561643836, 152.0, 365.0], "6": [56.9023569023569, 338.0, 594.0], "7": [29.411764705882355, 5.0, 17.0], "8": [77.77777777777779, 14.0, 18.0]}