precision,accuracy,recall,duration
0.30737508651048856,0.3970345963756178,0.2911729214976243,470.2666301727295
