best_model_train_loss,best_model_val_loss,best_model_train_acc,best_model_val_acc,best_model_learning_rate,best_model_nb_epoch
0.47964659333229065,0.5511777400970459,0.3560808300971985,0.2992907762527466,0.0010000000474974513,98
