precision,accuracy,recall,duration
0.30749806857483,0.3276595744680851,0.299451395581787,409.31948161125183
