{"0": [16.666666666666664, 6.0, 36.0], "1": [90.47619047619048, 19.0, 21.0], "2": [88.09523809523809, 37.0, 42.0], "3": [72.66881028938906, 226.0, 311.0], "4": [63.73626373626373, 58.0, 91.0], "5": [31.03448275862069, 9.0, 29.0], "6": [67.81609195402298, 118.0, 174.0], "7": [NaN, 0.0, 0.0], "8": [100.0, 1.0, 1.0]}