{"0": [51.42857142857142, 288.0, 560.0], "1": [34.04255319148936, 16.0, 47.0], "2": [86.04651162790698, 37.0, 43.0], "3": [81.34110787172013, 279.0, 343.0], "4": [90.0, 135.0, 150.0], "5": [41.57303370786517, 148.0, 356.0], "6": [56.23869801084991, 311.0, 553.0], "7": [58.82352941176471, 10.0, 17.0], "8": [66.66666666666666, 12.0, 18.0]}