{"0": [83.47978910369068, 475.0, 569.0], "1": [59.57446808510638, 28.0, 47.0], "2": [100.0, 44.0, 44.0], "3": [95.73863636363636, 337.0, 352.0], "4": [60.66666666666667, 91.0, 150.0], "5": [95.34246575342465, 348.0, 365.0], "6": [64.47811447811448, 383.0, 594.0], "7": [0.0, 0.0, 17.0], "8": [66.66666666666666, 12.0, 18.0]}