{"0": [57.3943661971831, 163.0, 284.0], "1": [72.0, 18.0, 25.0], "2": [22.727272727272727, 5.0, 22.0], "3": [83.52272727272727, 147.0, 176.0], "4": [96.20253164556962, 76.0, 79.0], "5": [39.34426229508197, 72.0, 183.0], "6": [61.20401337792642, 183.0, 299.0], "7": [75.0, 6.0, 8.0], "8": [100.0, 8.0, 8.0]}