precision,accuracy,recall,duration
0.3104909203060655,0.38220757825370677,0.27980515983035303,474.9244210720062
