{"0": [21.453287197231834, 62.0, 289.0], "1": [100.0, 96.0, 96.0], "2": [40.625, 13.0, 32.0], "3": [79.76878612716763, 138.0, 173.0], "4": [100.0, 147.0, 147.0], "5": [43.05555555555556, 62.0, 144.0], "6": [63.272727272727266, 174.0, 275.0], "7": [100.0, 58.0, 58.0], "8": [NaN, 0.0, 0.0]}