precision,accuracy,recall,duration
0.2598033914970705,0.22901849217638692,0.27339930110724947,321.0561168193817
