{"0": [99.47643979057592, 190.0, 191.0], "1": [35.714285714285715, 5.0, 14.0], "2": [100.0, 16.0, 16.0], "3": [84.7457627118644, 100.0, 118.0], "4": [88.0, 44.0, 50.0], "5": [35.833333333333336, 43.0, 120.0], "6": [76.26262626262627, 151.0, 198.0], "7": [50.0, 2.0, 4.0], "8": [85.71428571428571, 6.0, 7.0]}