precision,accuracy,recall,duration
0.3728047133956401,0.35602836879432626,0.48591306187307226,421.41655826568604
