precision,accuracy,recall,duration
0.29260014158369096,0.2870639534883721,0.3329859025181934,2492.8634264469147
