{"0": [33.70786516853933, 30.0, 89.0], "1": [75.86206896551724, 44.0, 58.0], "2": [77.30496453900709, 109.0, 141.0], "3": [70.83333333333334, 408.0, 576.0], "4": [80.64516129032258, 150.0, 186.0], "5": [38.666666666666664, 29.0, 75.0], "6": [96.01990049751244, 193.0, 201.0], "7": [100.0, 6.0, 6.0], "8": [27.27272727272727, 12.0, 44.0]}