precision,accuracy,recall,duration
0.35785788006222596,0.4179245283018868,0.44072908341878164,5393.865953207016
