{"0": [53.153153153153156, 59.0, 111.0], "1": [76.92307692307693, 30.0, 39.0], "2": [92.3076923076923, 168.0, 182.0], "3": [58.17120622568094, 598.0, 1028.0], "4": [61.84738955823293, 154.0, 249.0], "5": [10.465116279069768, 9.0, 86.0], "6": [50.476190476190474, 212.0, 420.0], "7": [0.0, 0.0, 1.0], "8": [100.0, 4.0, 4.0]}