{"0": [55.711775043936726, 317.0, 569.0], "1": [36.17021276595745, 17.0, 47.0], "2": [93.18181818181817, 41.0, 44.0], "3": [82.38636363636364, 290.0, 352.0], "4": [86.0, 129.0, 150.0], "5": [47.671232876712324, 174.0, 365.0], "6": [58.417508417508415, 347.0, 594.0], "7": [41.17647058823529, 7.0, 17.0], "8": [100.0, 18.0, 18.0]}