precision,accuracy,recall,duration
0.32530287262345975,0.3672316384180791,0.36052950407582607,599.1740577220917
