{"0": [46.12676056338028, 131.0, 284.0], "1": [48.0, 12.0, 25.0], "2": [95.45454545454545, 21.0, 22.0], "3": [80.68181818181817, 142.0, 176.0], "4": [87.34177215189874, 69.0, 79.0], "5": [40.43715846994536, 74.0, 183.0], "6": [78.92976588628763, 236.0, 299.0], "7": [12.5, 1.0, 8.0], "8": [87.5, 7.0, 8.0]}