{"0": [55.711775043936726, 317.0, 569.0], "1": [36.17021276595745, 17.0, 47.0], "2": [97.72727272727273, 43.0, 44.0], "3": [71.02272727272727, 250.0, 352.0], "4": [96.0, 144.0, 150.0], "5": [43.013698630136986, 157.0, 365.0], "6": [58.92255892255892, 350.0, 594.0], "7": [76.47058823529412, 13.0, 17.0], "8": [38.88888888888889, 7.0, 18.0]}