precision,accuracy,recall,duration
0.372376296511984,0.43124101581217056,0.3687488917681451,996.072571516037
