{"0": [50.17857142857143, 281.0, 560.0], "1": [38.297872340425535, 18.0, 47.0], "2": [72.09302325581395, 31.0, 43.0], "3": [74.63556851311954, 256.0, 343.0], "4": [76.66666666666667, 115.0, 150.0], "5": [41.01123595505618, 146.0, 356.0], "6": [56.41952983725136, 312.0, 553.0], "7": [58.82352941176471, 10.0, 17.0], "8": [100.0, 18.0, 18.0]}