precision,accuracy,recall,duration
0.26111895171922517,0.369727047146402,0.27159902825405563,393.8580107688904
