{"0": [56.59050966608085, 322.0, 569.0], "1": [40.42553191489361, 19.0, 47.0], "2": [86.36363636363636, 38.0, 44.0], "3": [50.0, 176.0, 352.0], "4": [95.33333333333334, 143.0, 150.0], "5": [37.80821917808219, 138.0, 365.0], "6": [61.95286195286195, 368.0, 594.0], "7": [76.47058823529412, 13.0, 17.0], "8": [72.22222222222221, 13.0, 18.0]}