best_model_train_loss,best_model_val_loss,best_model_train_acc,best_model_val_acc,best_model_learning_rate,best_model_nb_epoch
0.47358056902885437,1.1121002435684204,0.3834017515182495,0.3416387140750885,0.0010000000474974513,82
