precision,accuracy,recall,duration
0.27733818136808025,0.29372304743651173,0.34508719494539,927.5529599189758
