{"0": [100.0, 560.0, 560.0], "1": [36.17021276595745, 17.0, 47.0], "2": [95.34883720930233, 41.0, 43.0], "3": [78.71720116618076, 270.0, 343.0], "4": [83.33333333333334, 125.0, 150.0], "5": [39.60674157303371, 141.0, 356.0], "6": [54.61121157323689, 302.0, 553.0], "7": [29.411764705882355, 5.0, 17.0], "8": [72.22222222222221, 13.0, 18.0]}