precision,accuracy,recall,duration
0.28993963650076304,0.29645390070921984,0.27669991563808316,405.2651484012604
