{"0": [19.444444444444446, 7.0, 36.0], "1": [85.71428571428571, 18.0, 21.0], "2": [90.47619047619048, 38.0, 42.0], "3": [67.52411575562701, 210.0, 311.0], "4": [90.10989010989012, 82.0, 91.0], "5": [20.689655172413794, 6.0, 29.0], "6": [77.01149425287356, 134.0, 174.0], "7": [NaN, 0.0, 0.0], "8": [100.0, 1.0, 1.0]}