best_model_train_loss,best_model_val_loss,best_model_train_acc,best_model_val_acc,best_model_learning_rate,best_model_nb_epoch
0.5325886607170105,1.2360073328018188,0.25814729928970337,0.2578796446323395,0.0010000000474974513,63
