precision,accuracy,recall,duration
0.32276538832779916,0.2722063037249284,0.26824270655932286,564.5962491035461
