{"0": [71.68458781362007, 200.0, 279.0], "1": [24.0, 6.0, 25.0], "2": [100.0, 21.0, 21.0], "3": [84.7953216374269, 145.0, 171.0], "4": [86.07594936708861, 68.0, 79.0], "5": [84.8314606741573, 151.0, 178.0], "6": [57.194244604316545, 159.0, 278.0], "7": [50.0, 4.0, 8.0], "8": [100.0, 8.0, 8.0]}