precision,accuracy,recall,duration
0.2907561052059463,0.3977485928705441,0.3880802350798947,228.58446741104126
