{"0": [28.125, 9.0, 32.0], "1": [47.368421052631575, 9.0, 19.0], "2": [97.82608695652173, 45.0, 46.0], "3": [50.204081632653065, 123.0, 245.0], "4": [70.1492537313433, 47.0, 67.0], "5": [12.0, 3.0, 25.0], "6": [87.91208791208791, 80.0, 91.0], "7": [100.0, 1.0, 1.0], "8": [57.14285714285714, 4.0, 7.0]}