best_model_train_loss,best_model_val_loss,best_model_train_acc,best_model_val_acc,best_model_learning_rate,best_model_nb_epoch
0.4560641944408417,0.5774327516555786,0.43240153789520264,0.40934842824935913,0.0010000000474974513,90
