precision,accuracy,recall,duration
0.36125081394697434,0.39260312944523473,0.35917212170747265,401.79270672798157
