precision,accuracy,recall,duration
0.41075172595521414,0.38243626062322944,0.4196914117959675,1187.6732227802277
