{"0": [23.364485981308412, 25.0, 107.0], "1": [33.33333333333333, 21.0, 63.0], "2": [86.8421052631579, 99.0, 114.0], "3": [66.55948553054662, 621.0, 933.0], "4": [82.57839721254355, 237.0, 287.0], "5": [25.842696629213485, 23.0, 89.0], "6": [53.75722543352601, 279.0, 519.0], "7": [NaN, 0.0, 0.0], "8": [50.0, 3.0, 6.0]}