{"0": [50.78534031413613, 97.0, 191.0], "1": [28.57142857142857, 4.0, 14.0], "2": [87.5, 14.0, 16.0], "3": [83.05084745762711, 98.0, 118.0], "4": [90.0, 45.0, 50.0], "5": [40.0, 48.0, 120.0], "6": [64.64646464646465, 128.0, 198.0], "7": [50.0, 2.0, 4.0], "8": [85.71428571428571, 6.0, 7.0]}