{"0": [56.239015817223205, 320.0, 569.0], "1": [34.04255319148936, 16.0, 47.0], "2": [81.81818181818183, 36.0, 44.0], "3": [87.5, 308.0, 352.0], "4": [97.33333333333334, 146.0, 150.0], "5": [39.45205479452055, 144.0, 365.0], "6": [56.22895622895623, 334.0, 594.0], "7": [82.35294117647058, 14.0, 17.0], "8": [66.66666666666666, 12.0, 18.0]}