precision,accuracy,recall,duration
0.29747554126814957,0.3012275731822474,0.34142839337291114,608.6555364131927
