{"0": [59.25925925925925, 32.0, 54.0], "1": [36.36363636363637, 12.0, 33.0], "2": [75.86206896551724, 44.0, 58.0], "3": [75.48387096774194, 351.0, 465.0], "4": [85.61151079136691, 119.0, 139.0], "5": [20.0, 9.0, 45.0], "6": [65.13409961685824, 170.0, 261.0], "7": [NaN, 0.0, 0.0], "8": [75.0, 3.0, 4.0]}