best_model_train_loss,best_model_val_loss,best_model_train_acc,best_model_val_acc,best_model_learning_rate,best_model_nb_epoch
0.48692598938941956,2.7408101558685303,0.3039969205856323,0.38494935631752014,0.0010000000474974513,96
