precision,accuracy,recall,duration
0.32578116922100897,0.38060781476121563,0.31071738841420565,401.6025822162628
