{"0": [54.01069518716578, 101.0, 187.0], "1": [85.71428571428571, 12.0, 14.0], "2": [93.33333333333333, 14.0, 15.0], "3": [74.56140350877193, 85.0, 114.0], "4": [82.0, 41.0, 50.0], "5": [40.51724137931034, 47.0, 116.0], "6": [65.21739130434783, 120.0, 184.0], "7": [25.0, 1.0, 4.0], "8": [100.0, 7.0, 7.0]}