precision,accuracy,recall,duration
0.3482786635342678,0.3593675131768088,0.32720551492897576,957.2897815704346
