{"0": [55.00000000000001, 308.0, 560.0], "1": [91.48936170212765, 43.0, 47.0], "2": [90.69767441860465, 39.0, 43.0], "3": [73.17784256559767, 251.0, 343.0], "4": [97.33333333333334, 146.0, 150.0], "5": [48.87640449438202, 174.0, 356.0], "6": [65.28028933092224, 361.0, 553.0], "7": [5.88235294117647, 1.0, 17.0], "8": [77.77777777777779, 14.0, 18.0]}