precision,accuracy,recall,duration
0.40059168589944555,0.3843248347497639,0.45698675547585144,1205.195874452591
