precision,accuracy,recall,duration
0.351781004512097,0.37980085348506404,0.324640845510758,404.49321603775024
