{"0": [27.102803738317753, 29.0, 107.0], "1": [34.92063492063492, 22.0, 63.0], "2": [81.57894736842105, 93.0, 114.0], "3": [67.84565916398714, 633.0, 933.0], "4": [78.397212543554, 225.0, 287.0], "5": [29.213483146067414, 26.0, 89.0], "6": [52.98651252408478, 275.0, 519.0], "7": [NaN, 0.0, 0.0], "8": [16.666666666666664, 1.0, 6.0]}