{"0": [50.78534031413613, 97.0, 191.0], "1": [28.57142857142857, 4.0, 14.0], "2": [100.0, 16.0, 16.0], "3": [77.11864406779661, 91.0, 118.0], "4": [92.0, 46.0, 50.0], "5": [42.5, 51.0, 120.0], "6": [69.1919191919192, 137.0, 198.0], "7": [50.0, 2.0, 4.0], "8": [100.0, 7.0, 7.0]}