precision,accuracy,recall,duration
0.3669374159911328,0.1846081208687441,0.3067706476263105,1211.860830783844
