{"0": [25.233644859813083, 27.0, 107.0], "1": [58.730158730158735, 37.0, 63.0], "2": [92.98245614035088, 106.0, 114.0], "3": [97.42765273311898, 909.0, 933.0], "4": [93.37979094076655, 268.0, 287.0], "5": [40.44943820224719, 36.0, 89.0], "6": [65.70327552986512, 341.0, 519.0], "7": [NaN, 0.0, 0.0], "8": [50.0, 3.0, 6.0]}