{"0": [25.333333333333336, 19.0, 75.0], "1": [62.5, 55.0, 88.0], "2": [90.9090909090909, 100.0, 110.0], "3": [64.23076923076924, 334.0, 520.0], "4": [98.49246231155779, 196.0, 199.0], "5": [73.4375, 47.0, 64.0], "6": [89.0625, 228.0, 256.0], "7": [100.0, 2.0, 2.0], "8": [40.32258064516129, 25.0, 62.0]}