best_model_train_loss,best_model_val_loss,best_model_train_acc,best_model_val_acc,best_model_learning_rate,best_model_nb_epoch
0.4522586464881897,0.7659575343132019,0.4138019382953644,0.46717777848243713,0.0010000000474974513,98
