precision,accuracy,recall,duration
0.39286011936528376,0.4120747484427408,0.3833551399445456,894.6510622501373
