{"0": [53.75, 301.0, 560.0], "1": [29.78723404255319, 14.0, 47.0], "2": [100.0, 43.0, 43.0], "3": [80.17492711370262, 275.0, 343.0], "4": [88.0, 132.0, 150.0], "5": [39.325842696629216, 140.0, 356.0], "6": [54.79204339963834, 303.0, 553.0], "7": [64.70588235294117, 11.0, 17.0], "8": [44.44444444444444, 8.0, 18.0]}