precision,accuracy,recall,duration
0.36138048096950715,0.36380772855796417,0.33585374666060586,615.1819124221802
