precision,accuracy,recall,duration
0.3811508394759805,0.4001892147587512,0.34645427070550755,1200.9863543510437
