{"0": [56.59050966608085, 322.0, 569.0], "1": [48.93617021276596, 23.0, 47.0], "2": [88.63636363636364, 39.0, 44.0], "3": [69.88636363636364, 246.0, 352.0], "4": [92.66666666666666, 139.0, 150.0], "5": [42.465753424657535, 155.0, 365.0], "6": [60.77441077441077, 361.0, 594.0], "7": [58.82352941176471, 10.0, 17.0], "8": [72.22222222222221, 13.0, 18.0]}