{"0": [29.629629629629626, 16.0, 54.0], "1": [42.42424242424242, 14.0, 33.0], "2": [86.20689655172413, 50.0, 58.0], "3": [63.44086021505376, 295.0, 465.0], "4": [92.19858156028369, 130.0, 141.0], "5": [24.444444444444443, 11.0, 45.0], "6": [59.38697318007663, 155.0, 261.0], "7": [NaN, 0.0, 0.0], "8": [100.0, 4.0, 4.0]}