{"0": [97.1326164874552, 271.0, 279.0], "1": [28.000000000000004, 7.0, 25.0], "2": [90.47619047619048, 19.0, 21.0], "3": [92.98245614035088, 159.0, 171.0], "4": [91.13924050632912, 72.0, 79.0], "5": [66.85393258426966, 119.0, 178.0], "6": [80.93525179856115, 225.0, 278.0], "7": [75.0, 6.0, 8.0], "8": [87.5, 7.0, 8.0]}