precision,accuracy,recall,duration
0.3401419154107351,0.4039829302987198,0.36868319625329043,321.6213128566742
