{"0": [37.696335078534034, 72.0, 191.0], "1": [35.714285714285715, 5.0, 14.0], "2": [75.0, 12.0, 16.0], "3": [68.64406779661016, 81.0, 118.0], "4": [62.0, 31.0, 50.0], "5": [76.66666666666667, 92.0, 120.0], "6": [66.66666666666666, 132.0, 198.0], "7": [50.0, 2.0, 4.0], "8": [100.0, 7.0, 7.0]}