precision,accuracy,recall,duration
0.29877617088464825,0.2696220930232558,0.3465132291393639,794.1780517101288
