precision,accuracy,recall,duration
0.33537584485354066,0.3262411347517731,0.4806788037837304,415.09188747406006
