{"0": [59.285714285714285, 332.0, 560.0], "1": [40.42553191489361, 19.0, 47.0], "2": [67.44186046511628, 29.0, 43.0], "3": [88.33819241982506, 303.0, 343.0], "4": [98.0, 147.0, 150.0], "5": [37.359550561797754, 133.0, 356.0], "6": [54.249547920434, 300.0, 553.0], "7": [70.58823529411765, 12.0, 17.0], "8": [77.77777777777779, 14.0, 18.0]}