precision,accuracy,recall,duration
0.3034875817290515,0.2981186685962373,0.31889411022266423,397.23948669433594
