precision,accuracy,recall,duration
0.2913252011976764,0.3304964539007092,0.4458078288695135,418.30852794647217
