{"0": [61.78571428571429, 346.0, 560.0], "1": [48.93617021276596, 23.0, 47.0], "2": [97.67441860465115, 42.0, 43.0], "3": [56.559766763848394, 194.0, 343.0], "4": [96.0, 144.0, 150.0], "5": [39.04494382022472, 139.0, 356.0], "6": [58.04701627486437, 321.0, 553.0], "7": [88.23529411764706, 15.0, 17.0], "8": [66.66666666666666, 12.0, 18.0]}