{"0": [58.098591549295776, 165.0, 284.0], "1": [96.0, 24.0, 25.0], "2": [100.0, 22.0, 22.0], "3": [80.11363636363636, 141.0, 176.0], "4": [72.15189873417721, 57.0, 79.0], "5": [44.80874316939891, 82.0, 183.0], "6": [57.859531772575245, 173.0, 299.0], "7": [0.0, 0.0, 8.0], "8": [75.0, 6.0, 8.0]}