{"0": [63.79613356766256, 363.0, 569.0], "1": [36.17021276595745, 17.0, 47.0], "2": [95.45454545454545, 42.0, 44.0], "3": [93.75, 330.0, 352.0], "4": [98.0, 147.0, 150.0], "5": [41.369863013698634, 151.0, 365.0], "6": [54.882154882154886, 326.0, 594.0], "7": [88.23529411764706, 15.0, 17.0], "8": [55.55555555555556, 10.0, 18.0]}