{"0": [27.943760984182774, 159.0, 569.0], "1": [51.06382978723404, 24.0, 47.0], "2": [84.0909090909091, 37.0, 44.0], "3": [87.2159090909091, 307.0, 352.0], "4": [88.0, 132.0, 150.0], "5": [47.94520547945205, 175.0, 365.0], "6": [52.52525252525253, 312.0, 594.0], "7": [82.35294117647058, 14.0, 17.0], "8": [72.22222222222221, 13.0, 18.0]}