precision,accuracy,recall,duration
0.33762537184593455,0.3148936170212766,0.4467316951239781,411.8182439804077
