{"0": [25.0, 9.0, 36.0], "1": [47.61904761904761, 10.0, 21.0], "2": [78.57142857142857, 33.0, 42.0], "3": [72.02572347266882, 224.0, 311.0], "4": [74.72527472527473, 68.0, 91.0], "5": [24.137931034482758, 7.0, 29.0], "6": [75.86206896551724, 132.0, 174.0], "7": [NaN, 0.0, 0.0], "8": [0.0, 0.0, 1.0]}