precision,accuracy,recall,duration
0.3905786282031126,0.33899905571293676,0.3742023044488286,1207.9787347316742
