{"0": [25.233644859813083, 27.0, 107.0], "1": [53.96825396825397, 34.0, 63.0], "2": [87.71929824561403, 100.0, 114.0], "3": [64.09431939978563, 598.0, 933.0], "4": [93.03135888501743, 267.0, 287.0], "5": [21.34831460674157, 19.0, 89.0], "6": [67.82273603082851, 352.0, 519.0], "7": [NaN, 0.0, 0.0], "8": [50.0, 3.0, 6.0]}