{"0": [56.06326889279437, 319.0, 569.0], "1": [51.06382978723404, 24.0, 47.0], "2": [97.72727272727273, 43.0, 44.0], "3": [86.36363636363636, 304.0, 352.0], "4": [90.66666666666666, 136.0, 150.0], "5": [36.71232876712329, 134.0, 365.0], "6": [61.61616161616161, 366.0, 594.0], "7": [23.52941176470588, 4.0, 17.0], "8": [77.77777777777779, 14.0, 18.0]}