{"0": [22.994652406417114, 43.0, 187.0], "1": [57.14285714285714, 8.0, 14.0], "2": [93.33333333333333, 14.0, 15.0], "3": [78.0701754385965, 89.0, 114.0], "4": [86.0, 43.0, 50.0], "5": [36.206896551724135, 42.0, 116.0], "6": [77.17391304347827, 142.0, 184.0], "7": [100.0, 4.0, 4.0], "8": [85.71428571428571, 6.0, 7.0]}