{"0": [67.38351254480287, 188.0, 279.0], "1": [48.0, 12.0, 25.0], "2": [95.23809523809523, 20.0, 21.0], "3": [68.42105263157895, 117.0, 171.0], "4": [78.48101265822784, 62.0, 79.0], "5": [38.764044943820224, 69.0, 178.0], "6": [55.03597122302158, 153.0, 278.0], "7": [75.0, 6.0, 8.0], "8": [100.0, 8.0, 8.0]}