precision,accuracy,recall,duration
0.2723575841362199,0.3395872420262664,0.36640316711850796,198.56475257873535
