{"0": [53.125, 17.0, 32.0], "1": [78.94736842105263, 15.0, 19.0], "2": [93.47826086956522, 43.0, 46.0], "3": [52.6530612244898, 129.0, 245.0], "4": [74.6268656716418, 50.0, 67.0], "5": [24.0, 6.0, 25.0], "6": [93.4065934065934, 85.0, 91.0], "7": [0.0, 0.0, 1.0], "8": [100.0, 7.0, 7.0]}