{"0": [42.40837696335078, 81.0, 191.0], "1": [92.85714285714286, 13.0, 14.0], "2": [87.5, 14.0, 16.0], "3": [77.11864406779661, 91.0, 118.0], "4": [92.0, 46.0, 50.0], "5": [30.0, 36.0, 120.0], "6": [53.535353535353536, 106.0, 198.0], "7": [75.0, 3.0, 4.0], "8": [100.0, 7.0, 7.0]}