best_model_train_loss,best_model_val_loss,best_model_train_acc,best_model_val_acc,best_model_learning_rate,best_model_nb_epoch
0.40620481967926025,1.1565847396850586,0.47934308648109436,0.44412606954574585,0.0010000000474974513,99
