precision,accuracy,recall,duration
0.39401108608634267,0.44412607449856734,0.36589127222924583,633.0264446735382
