{"0": [53.04659498207885, 148.0, 279.0], "1": [28.000000000000004, 7.0, 25.0], "2": [76.19047619047619, 16.0, 21.0], "3": [56.14035087719298, 96.0, 171.0], "4": [84.81012658227847, 67.0, 79.0], "5": [37.07865168539326, 66.0, 178.0], "6": [60.431654676258994, 168.0, 278.0], "7": [87.5, 7.0, 8.0], "8": [87.5, 7.0, 8.0]}