precision,accuracy,recall,duration
0.3539605399543337,0.40114613180515757,0.3483495041037828,592.6003448963165
