{"0": [43.36917562724014, 121.0, 279.0], "1": [44.0, 11.0, 25.0], "2": [90.47619047619048, 19.0, 21.0], "3": [72.51461988304094, 124.0, 171.0], "4": [86.07594936708861, 68.0, 79.0], "5": [39.8876404494382, 71.0, 178.0], "6": [72.66187050359713, 202.0, 278.0], "7": [62.5, 5.0, 8.0], "8": [75.0, 6.0, 8.0]}