{"0": [25.333333333333336, 19.0, 75.0], "1": [59.09090909090909, 52.0, 88.0], "2": [91.81818181818183, 101.0, 110.0], "3": [60.76923076923077, 316.0, 520.0], "4": [59.2964824120603, 118.0, 199.0], "5": [34.375, 22.0, 64.0], "6": [84.765625, 217.0, 256.0], "7": [100.0, 2.0, 2.0], "8": [50.0, 31.0, 62.0]}