{"0": [57.99648506151143, 330.0, 569.0], "1": [40.42553191489361, 19.0, 47.0], "2": [93.18181818181817, 41.0, 44.0], "3": [80.39772727272727, 283.0, 352.0], "4": [90.66666666666666, 136.0, 150.0], "5": [43.83561643835616, 160.0, 365.0], "6": [54.04040404040404, 321.0, 594.0], "7": [41.17647058823529, 7.0, 17.0], "8": [72.22222222222221, 13.0, 18.0]}