precision,accuracy,recall,duration
0.3168106941204647,0.1728748806112703,0.24236850751023858,611.0604674816132
