{"0": [91.39784946236558, 255.0, 279.0], "1": [28.000000000000004, 7.0, 25.0], "2": [100.0, 21.0, 21.0], "3": [90.64327485380117, 155.0, 171.0], "4": [94.9367088607595, 75.0, 79.0], "5": [45.50561797752809, 81.0, 178.0], "6": [93.88489208633094, 261.0, 278.0], "7": [37.5, 3.0, 8.0], "8": [100.0, 8.0, 8.0]}