precision,accuracy,recall,duration
0.2930851934267562,0.35502471169686983,0.2716724310697699,466.17636585235596
