{"0": [25.60553633217993, 74.0, 289.0], "1": [100.0, 96.0, 96.0], "2": [34.375, 11.0, 32.0], "3": [84.39306358381504, 146.0, 173.0], "4": [100.0, 147.0, 147.0], "5": [41.66666666666667, 60.0, 144.0], "6": [69.45454545454545, 191.0, 275.0], "7": [100.0, 58.0, 58.0], "8": [NaN, 0.0, 0.0]}