precision,accuracy,recall,duration
0.336267923392256,0.3669985775248933,0.30109961188570455,321.72267055511475
