{"0": [52.879581151832454, 101.0, 191.0], "1": [85.71428571428571, 12.0, 14.0], "2": [100.0, 16.0, 16.0], "3": [75.42372881355932, 89.0, 118.0], "4": [78.0, 39.0, 50.0], "5": [39.166666666666664, 47.0, 120.0], "6": [74.74747474747475, 148.0, 198.0], "7": [25.0, 1.0, 4.0], "8": [100.0, 7.0, 7.0]}