{"0": [32.51318101933216, 185.0, 569.0], "1": [51.06382978723404, 24.0, 47.0], "2": [88.63636363636364, 39.0, 44.0], "3": [80.68181818181817, 284.0, 352.0], "4": [88.0, 132.0, 150.0], "5": [28.493150684931507, 104.0, 365.0], "6": [42.592592592592595, 253.0, 594.0], "7": [58.82352941176471, 10.0, 17.0], "8": [83.33333333333334, 15.0, 18.0]}