precision,accuracy,recall,duration
0.19804302145318262,0.15011547344110854,0.24217143588488618,278.3308656215668
