{"0": [88.88888888888889, 24.0, 27.0], "1": [70.83333333333334, 17.0, 24.0], "2": [72.72727272727273, 32.0, 44.0], "3": [92.98245614035088, 159.0, 171.0], "4": [88.88888888888889, 56.0, 63.0], "5": [55.55555555555556, 15.0, 27.0], "6": [90.74074074074075, 49.0, 54.0], "7": [50.0, 1.0, 2.0], "8": [71.42857142857143, 15.0, 21.0]}