{"0": [60.28119507908612, 343.0, 569.0], "1": [40.42553191489361, 19.0, 47.0], "2": [79.54545454545455, 35.0, 44.0], "3": [61.64772727272727, 217.0, 352.0], "4": [98.66666666666667, 148.0, 150.0], "5": [38.9041095890411, 142.0, 365.0], "6": [53.87205387205387, 320.0, 594.0], "7": [76.47058823529412, 13.0, 17.0], "8": [77.77777777777779, 14.0, 18.0]}