{"0": [72.25130890052355, 138.0, 191.0], "1": [50.0, 7.0, 14.0], "2": [93.75, 15.0, 16.0], "3": [85.59322033898306, 101.0, 118.0], "4": [40.0, 20.0, 50.0], "5": [93.33333333333333, 112.0, 120.0], "6": [67.17171717171718, 133.0, 198.0], "7": [0.0, 0.0, 4.0], "8": [100.0, 7.0, 7.0]}