precision,accuracy,recall,duration
0.33734091391607696,0.34893617021276596,0.486870476290959,415.5857536792755
