{"0": [58.214285714285715, 326.0, 560.0], "1": [36.17021276595745, 17.0, 47.0], "2": [100.0, 43.0, 43.0], "3": [58.309037900874635, 200.0, 343.0], "4": [92.0, 138.0, 150.0], "5": [39.60674157303371, 141.0, 356.0], "6": [55.87703435804702, 309.0, 553.0], "7": [82.35294117647058, 14.0, 17.0], "8": [77.77777777777779, 14.0, 18.0]}