best_model_train_loss,best_model_val_loss,best_model_train_acc,best_model_val_acc,best_model_learning_rate,best_model_nb_epoch
0.45361122488975525,0.5513138771057129,0.45024779438972473,0.27234041690826416,0.0010000000474974513,91
