precision,accuracy,recall,duration
0.3473544580225615,0.36737588652482267,0.49140361875513594,409.44316840171814
