{"0": [57.14285714285714, 320.0, 560.0], "1": [34.04255319148936, 16.0, 47.0], "2": [100.0, 43.0, 43.0], "3": [58.60058309037901, 201.0, 343.0], "4": [88.66666666666667, 133.0, 150.0], "5": [41.01123595505618, 146.0, 356.0], "6": [53.70705244122965, 297.0, 553.0], "7": [64.70588235294117, 11.0, 17.0], "8": [83.33333333333334, 15.0, 18.0]}