{"0": [19.444444444444446, 7.0, 36.0], "1": [38.095238095238095, 8.0, 21.0], "2": [76.19047619047619, 32.0, 42.0], "3": [65.91639871382637, 205.0, 311.0], "4": [61.53846153846154, 56.0, 91.0], "5": [20.689655172413794, 6.0, 29.0], "6": [75.86206896551724, 132.0, 174.0], "7": [NaN, 0.0, 0.0], "8": [0.0, 0.0, 1.0]}