best_model_train_loss,best_model_val_loss,best_model_train_acc,best_model_val_acc,best_model_learning_rate,best_model_nb_epoch
0.3708295524120331,15.641195297241211,0.49881047010421753,0.4243176281452179,0.0010000000474974513,95
