precision,accuracy,recall,duration
0.2983495527564698,0.41935483870967744,0.29817605626721794,403.16915464401245
