{"0": [9.32642487046632, 18.0, 193.0], "1": [100.0, 59.0, 59.0], "2": [41.66666666666667, 10.0, 24.0], "3": [75.21367521367522, 88.0, 117.0], "4": [100.0, 98.0, 98.0], "5": [41.30434782608695, 38.0, 92.0], "6": [64.13043478260869, 118.0, 184.0], "7": [100.0, 39.0, 39.0], "8": [NaN, 0.0, 0.0]}