precision,accuracy,recall,duration
0.2367408678767705,0.2616822429906542,0.27287909335288363,66.07618355751038
