{"0": [20.0, 2.0, 10.0], "1": [40.0, 2.0, 5.0], "2": [100.0, 11.0, 11.0], "3": [72.91666666666666, 70.0, 96.0], "4": [83.87096774193549, 26.0, 31.0], "5": [90.9090909090909, 10.0, 11.0], "6": [74.0, 37.0, 50.0], "7": [NaN, 0.0, 0.0], "8": [NaN, 0.0, 0.0]}