{"0": [60.89285714285714, 341.0, 560.0], "1": [40.42553191489361, 19.0, 47.0], "2": [97.67441860465115, 42.0, 43.0], "3": [76.38483965014578, 262.0, 343.0], "4": [94.66666666666667, 142.0, 150.0], "5": [42.97752808988764, 153.0, 356.0], "6": [61.48282097649186, 340.0, 553.0], "7": [64.70588235294117, 11.0, 17.0], "8": [44.44444444444444, 8.0, 18.0]}