precision,accuracy,recall,duration
0.36792879721246785,0.3871576959395656,0.3975877988335653,609.0416285991669
