precision,accuracy,recall,duration
0.40009330547994704,0.39482510781025393,0.35519715427167375,937.8234367370605
