{"0": [57.14285714285714, 320.0, 560.0], "1": [38.297872340425535, 18.0, 47.0], "2": [81.3953488372093, 35.0, 43.0], "3": [74.9271137026239, 257.0, 343.0], "4": [90.0, 135.0, 150.0], "5": [41.01123595505618, 146.0, 356.0], "6": [59.3128390596745, 328.0, 553.0], "7": [88.23529411764706, 15.0, 17.0], "8": [50.0, 9.0, 18.0]}