{"0": [25.925925925925924, 14.0, 54.0], "1": [33.33333333333333, 11.0, 33.0], "2": [84.48275862068965, 49.0, 58.0], "3": [62.1505376344086, 289.0, 465.0], "4": [69.7841726618705, 97.0, 139.0], "5": [24.444444444444443, 11.0, 45.0], "6": [67.04980842911877, 175.0, 261.0], "7": [NaN, 0.0, 0.0], "8": [75.0, 3.0, 4.0]}