{"0": [20.0, 2.0, 10.0], "1": [20.0, 1.0, 5.0], "2": [90.9090909090909, 10.0, 11.0], "3": [63.541666666666664, 61.0, 96.0], "4": [58.06451612903226, 18.0, 31.0], "5": [100.0, 11.0, 11.0], "6": [66.0, 33.0, 50.0], "7": [NaN, 0.0, 0.0], "8": [NaN, 0.0, 0.0]}