{"0": [15.817223198594025, 90.0, 569.0], "1": [46.808510638297875, 22.0, 47.0], "2": [95.45454545454545, 42.0, 44.0], "3": [70.17045454545455, 247.0, 352.0], "4": [84.0, 126.0, 150.0], "5": [35.06849315068493, 128.0, 365.0], "6": [53.535353535353536, 318.0, 594.0], "7": [100.0, 17.0, 17.0], "8": [77.77777777777779, 14.0, 18.0]}