{"0": [62.91739894551846, 358.0, 569.0], "1": [40.42553191489361, 19.0, 47.0], "2": [95.45454545454545, 42.0, 44.0], "3": [83.80681818181817, 295.0, 352.0], "4": [96.66666666666667, 145.0, 150.0], "5": [41.917808219178085, 153.0, 365.0], "6": [56.22895622895623, 334.0, 594.0], "7": [76.47058823529412, 13.0, 17.0], "8": [72.22222222222221, 13.0, 18.0]}