precision,accuracy,recall,duration
0.3105529691144376,0.29929078014184396,0.39358583483948456,406.5027515888214
