{"0": [22.22222222222222, 8.0, 36.0], "1": [90.47619047619048, 19.0, 21.0], "2": [90.47619047619048, 38.0, 42.0], "3": [77.81350482315112, 242.0, 311.0], "4": [65.93406593406593, 60.0, 91.0], "5": [31.03448275862069, 9.0, 29.0], "6": [67.81609195402298, 118.0, 174.0], "7": [NaN, 0.0, 0.0], "8": [0.0, 0.0, 1.0]}