{"0": [60.357142857142854, 338.0, 560.0], "1": [34.04255319148936, 16.0, 47.0], "2": [93.02325581395348, 40.0, 43.0], "3": [56.85131195335277, 195.0, 343.0], "4": [94.0, 141.0, 150.0], "5": [41.57303370786517, 148.0, 356.0], "6": [60.94032549728752, 337.0, 553.0], "7": [76.47058823529412, 13.0, 17.0], "8": [61.111111111111114, 11.0, 18.0]}