{"0": [56.94200351493849, 324.0, 569.0], "1": [46.808510638297875, 22.0, 47.0], "2": [95.45454545454545, 42.0, 44.0], "3": [89.20454545454545, 314.0, 352.0], "4": [88.66666666666667, 133.0, 150.0], "5": [40.821917808219176, 149.0, 365.0], "6": [53.03030303030303, 315.0, 594.0], "7": [23.52941176470588, 4.0, 17.0], "8": [100.0, 18.0, 18.0]}