{"0": [60.28119507908612, 343.0, 569.0], "1": [55.319148936170215, 26.0, 47.0], "2": [88.63636363636364, 39.0, 44.0], "3": [92.04545454545455, 324.0, 352.0], "4": [94.0, 141.0, 150.0], "5": [42.19178082191781, 154.0, 365.0], "6": [59.25925925925925, 352.0, 594.0], "7": [23.52941176470588, 4.0, 17.0], "8": [50.0, 9.0, 18.0]}