{"0": [62.67857142857143, 351.0, 560.0], "1": [51.06382978723404, 24.0, 47.0], "2": [97.67441860465115, 42.0, 43.0], "3": [90.67055393586006, 311.0, 343.0], "4": [62.66666666666667, 94.0, 150.0], "5": [86.23595505617978, 307.0, 356.0], "6": [58.95117540687161, 326.0, 553.0], "7": [5.88235294117647, 1.0, 17.0], "8": [83.33333333333334, 15.0, 18.0]}