precision,accuracy,recall,duration
0.34567763076434876,0.4794651384909265,0.34851987791044237,567.2302048206329
