{"0": [51.61290322580645, 144.0, 279.0], "1": [64.0, 16.0, 25.0], "2": [95.23809523809523, 20.0, 21.0], "3": [45.614035087719294, 78.0, 171.0], "4": [79.74683544303798, 63.0, 79.0], "5": [32.58426966292135, 58.0, 178.0], "6": [55.03597122302158, 153.0, 278.0], "7": [62.5, 5.0, 8.0], "8": [100.0, 8.0, 8.0]}