precision,accuracy,recall,duration
0.3798702647301069,0.3679923334930522,0.3732423616707608,968.8196742534637
