{"0": [60.89285714285714, 341.0, 560.0], "1": [44.680851063829785, 21.0, 47.0], "2": [95.34883720930233, 41.0, 43.0], "3": [85.71428571428571, 294.0, 343.0], "4": [84.66666666666667, 127.0, 150.0], "5": [42.97752808988764, 153.0, 356.0], "6": [58.95117540687161, 326.0, 553.0], "7": [35.294117647058826, 6.0, 17.0], "8": [55.55555555555556, 10.0, 18.0]}