{"0": [37.142857142857146, 208.0, 560.0], "1": [65.95744680851064, 31.0, 47.0], "2": [65.11627906976744, 28.0, 43.0], "3": [72.8862973760933, 250.0, 343.0], "4": [100.0, 150.0, 150.0], "5": [43.53932584269663, 155.0, 356.0], "6": [61.30198915009042, 339.0, 553.0], "7": [100.0, 17.0, 17.0], "8": [44.44444444444444, 8.0, 18.0]}