precision,accuracy,recall,duration
0.2722536224351379,0.2870148538572113,0.35264023437490777,921.3718240261078
