{"0": [100.0, 560.0, 560.0], "1": [42.5531914893617, 20.0, 47.0], "2": [97.67441860465115, 42.0, 43.0], "3": [87.46355685131195, 300.0, 343.0], "4": [86.0, 129.0, 150.0], "5": [39.325842696629216, 140.0, 356.0], "6": [51.17540687160941, 283.0, 553.0], "7": [11.76470588235294, 2.0, 17.0], "8": [66.66666666666666, 12.0, 18.0]}