best_model_train_loss,best_model_val_loss,best_model_train_acc,best_model_val_acc,best_model_learning_rate,best_model_nb_epoch
0.44817665219306946,0.5532600283622742,0.4635913074016571,0.2992907762527466,0.0010000000474974513,88
