precision,accuracy,recall,duration
0.27914995179956836,0.31063829787234043,0.436346193821154,399.90777802467346
