{"0": [55.55555555555556, 20.0, 36.0], "1": [42.857142857142854, 9.0, 21.0], "2": [85.71428571428571, 36.0, 42.0], "3": [80.06430868167203, 249.0, 311.0], "4": [62.637362637362635, 57.0, 91.0], "5": [17.24137931034483, 5.0, 29.0], "6": [63.2183908045977, 110.0, 174.0], "7": [NaN, 0.0, 0.0], "8": [0.0, 0.0, 1.0]}