{"0": [30.89005235602094, 59.0, 191.0], "1": [57.14285714285714, 8.0, 14.0], "2": [87.5, 14.0, 16.0], "3": [62.71186440677966, 74.0, 118.0], "4": [92.0, 46.0, 50.0], "5": [36.666666666666664, 44.0, 120.0], "6": [57.07070707070707, 113.0, 198.0], "7": [100.0, 4.0, 4.0], "8": [100.0, 7.0, 7.0]}