precision,accuracy,recall,duration
0.2851244987578096,0.28794326241134754,0.24403759897347507,409.2606449127197
