{"0": [22.22222222222222, 8.0, 36.0], "1": [85.71428571428571, 18.0, 21.0], "2": [85.71428571428571, 36.0, 42.0], "3": [75.88424437299035, 236.0, 311.0], "4": [76.92307692307693, 70.0, 91.0], "5": [68.96551724137932, 20.0, 29.0], "6": [64.9425287356322, 113.0, 174.0], "7": [NaN, 0.0, 0.0], "8": [100.0, 1.0, 1.0]}