{"0": [61.78571428571429, 346.0, 560.0], "1": [38.297872340425535, 18.0, 47.0], "2": [100.0, 43.0, 43.0], "3": [74.9271137026239, 257.0, 343.0], "4": [97.33333333333334, 146.0, 150.0], "5": [41.853932584269664, 149.0, 356.0], "6": [58.95117540687161, 326.0, 553.0], "7": [70.58823529411765, 12.0, 17.0], "8": [55.55555555555556, 10.0, 18.0]}