{"0": [63.39285714285714, 355.0, 560.0], "1": [38.297872340425535, 18.0, 47.0], "2": [100.0, 43.0, 43.0], "3": [79.88338192419825, 274.0, 343.0], "4": [95.33333333333334, 143.0, 150.0], "5": [43.53932584269663, 155.0, 356.0], "6": [60.94032549728752, 337.0, 553.0], "7": [94.11764705882352, 16.0, 17.0], "8": [61.111111111111114, 11.0, 18.0]}