{"0": [64.14762741652021, 365.0, 569.0], "1": [44.680851063829785, 21.0, 47.0], "2": [90.9090909090909, 40.0, 44.0], "3": [90.3409090909091, 318.0, 352.0], "4": [96.0, 144.0, 150.0], "5": [41.369863013698634, 151.0, 365.0], "6": [59.764309764309765, 355.0, 594.0], "7": [94.11764705882352, 16.0, 17.0], "8": [61.111111111111114, 11.0, 18.0]}