best_model_train_loss,best_model_val_loss,best_model_train_acc,best_model_val_acc,best_model_learning_rate,best_model_nb_epoch
0.45798125863075256,1.4651410579681396,0.39928150177001953,0.28271251916885376,0.0010000000474974513,68
