precision,accuracy,recall,duration
0.33649876420512714,0.3104106972301815,0.326862746484781,591.3463711738586
