{"0": [99.6415770609319, 278.0, 279.0], "1": [32.0, 8.0, 25.0], "2": [100.0, 21.0, 21.0], "3": [70.76023391812866, 121.0, 171.0], "4": [87.34177215189874, 69.0, 79.0], "5": [38.20224719101123, 68.0, 178.0], "6": [52.87769784172662, 147.0, 278.0], "7": [25.0, 2.0, 8.0], "8": [100.0, 8.0, 8.0]}