precision,accuracy,recall,duration
0.36142707405872465,0.4059216809933142,0.3906883327075838,595.7518167495728
