{"0": [44.44444444444444, 124.0, 279.0], "1": [48.0, 12.0, 25.0], "2": [95.23809523809523, 20.0, 21.0], "3": [70.76023391812866, 121.0, 171.0], "4": [75.9493670886076, 60.0, 79.0], "5": [39.8876404494382, 71.0, 178.0], "6": [74.10071942446042, 206.0, 278.0], "7": [12.5, 1.0, 8.0], "8": [87.5, 7.0, 8.0]}