precision,accuracy,recall,duration
0.3406472943677331,0.25070688030160226,0.32812778491283895,609.2754743099213
