precision,accuracy,recall,duration
0.3630129397640727,0.3930936613055818,0.37430461615324695,1182.3100695610046
