{"0": [29.629629629629626, 16.0, 54.0], "1": [42.42424242424242, 14.0, 33.0], "2": [81.03448275862068, 47.0, 58.0], "3": [89.89247311827957, 418.0, 465.0], "4": [98.58156028368793, 139.0, 141.0], "5": [33.33333333333333, 15.0, 45.0], "6": [54.78927203065134, 143.0, 261.0], "7": [NaN, 0.0, 0.0], "8": [75.0, 3.0, 4.0]}