{"0": [50.96660808435852, 290.0, 569.0], "1": [40.42553191489361, 19.0, 47.0], "2": [72.72727272727273, 32.0, 44.0], "3": [82.10227272727273, 289.0, 352.0], "4": [96.0, 144.0, 150.0], "5": [41.64383561643836, 152.0, 365.0], "6": [63.468013468013474, 377.0, 594.0], "7": [41.17647058823529, 7.0, 17.0], "8": [77.77777777777779, 14.0, 18.0]}