{"0": [100.0, 569.0, 569.0], "1": [27.659574468085108, 13.0, 47.0], "2": [97.72727272727273, 43.0, 44.0], "3": [86.64772727272727, 305.0, 352.0], "4": [96.66666666666667, 145.0, 150.0], "5": [41.369863013698634, 151.0, 365.0], "6": [64.3097643097643, 382.0, 594.0], "7": [29.411764705882355, 5.0, 17.0], "8": [61.111111111111114, 11.0, 18.0]}