precision,accuracy,recall,duration
0.34216649639012897,0.3276595744680851,0.46718210048401865,412.3077952861786
