{"0": [61.60714285714286, 345.0, 560.0], "1": [34.04255319148936, 16.0, 47.0], "2": [93.02325581395348, 40.0, 43.0], "3": [90.96209912536443, 312.0, 343.0], "4": [98.0, 147.0, 150.0], "5": [44.9438202247191, 160.0, 356.0], "6": [58.22784810126582, 322.0, 553.0], "7": [70.58823529411765, 12.0, 17.0], "8": [66.66666666666666, 12.0, 18.0]}