{"0": [25.0, 9.0, 36.0], "1": [33.33333333333333, 7.0, 21.0], "2": [83.33333333333334, 35.0, 42.0], "3": [69.45337620578779, 216.0, 311.0], "4": [49.45054945054945, 45.0, 91.0], "5": [31.03448275862069, 9.0, 29.0], "6": [87.93103448275862, 153.0, 174.0], "7": [NaN, 0.0, 0.0], "8": [0.0, 0.0, 1.0]}