precision,accuracy,recall,duration
0.2713655489934996,0.30638297872340425,0.28053162658809994,402.0851466655731
