{"0": [19.444444444444446, 7.0, 36.0], "1": [28.57142857142857, 6.0, 21.0], "2": [83.33333333333334, 35.0, 42.0], "3": [71.38263665594855, 222.0, 311.0], "4": [75.82417582417582, 69.0, 91.0], "5": [100.0, 29.0, 29.0], "6": [68.96551724137932, 120.0, 174.0], "7": [NaN, 0.0, 0.0], "8": [100.0, 1.0, 1.0]}