{"0": [24.60732984293194, 47.0, 191.0], "1": [42.857142857142854, 6.0, 14.0], "2": [81.25, 13.0, 16.0], "3": [61.86440677966102, 73.0, 118.0], "4": [80.0, 40.0, 50.0], "5": [40.833333333333336, 49.0, 120.0], "6": [69.1919191919192, 137.0, 198.0], "7": [75.0, 3.0, 4.0], "8": [100.0, 7.0, 7.0]}