precision,accuracy,recall,duration
0.3151891755702759,0.3347517730496454,0.47341468437672746,414.8391635417938
