{"0": [59.82142857142857, 335.0, 560.0], "1": [34.04255319148936, 16.0, 47.0], "2": [72.09302325581395, 31.0, 43.0], "3": [58.309037900874635, 200.0, 343.0], "4": [96.66666666666667, 145.0, 150.0], "5": [39.325842696629216, 140.0, 356.0], "6": [57.50452079566004, 318.0, 553.0], "7": [64.70588235294117, 11.0, 17.0], "8": [77.77777777777779, 14.0, 18.0]}