precision,accuracy,recall,duration
0.2610599724847037,0.3130841121495327,0.3107639567720213,140.57681798934937
