{"0": [20.0, 2.0, 10.0], "1": [20.0, 1.0, 5.0], "2": [81.81818181818183, 9.0, 11.0], "3": [67.70833333333334, 65.0, 96.0], "4": [70.96774193548387, 22.0, 31.0], "5": [81.81818181818183, 9.0, 11.0], "6": [78.0, 39.0, 50.0], "7": [NaN, 0.0, 0.0], "8": [NaN, 0.0, 0.0]}