precision,accuracy,recall,duration
0.33586193008151527,0.29160739687055476,0.3142296532525402,315.8292784690857
