{"0": [98.42931937172776, 188.0, 191.0], "1": [35.714285714285715, 5.0, 14.0], "2": [93.75, 15.0, 16.0], "3": [61.86440677966102, 73.0, 118.0], "4": [90.0, 45.0, 50.0], "5": [35.833333333333336, 43.0, 120.0], "6": [68.68686868686868, 136.0, 198.0], "7": [50.0, 2.0, 4.0], "8": [85.71428571428571, 6.0, 7.0]}