precision,accuracy,recall,duration
0.3629720719872584,0.36879432624113473,0.4830741449084207,425.8226127624512
