best_model_train_loss,best_model_val_loss,best_model_train_acc,best_model_val_acc,best_model_learning_rate,best_model_nb_epoch
0.43065792322158813,1.4317035675048828,0.415905624628067,0.43812233209609985,0.0010000000474974513,88
