precision,accuracy,recall,duration
0.33902174603300106,0.39829302987197723,0.3425312299797517,323.51343417167664
