{"0": [46.07329842931937, 88.0, 191.0], "1": [42.857142857142854, 6.0, 14.0], "2": [87.5, 14.0, 16.0], "3": [79.66101694915254, 94.0, 118.0], "4": [74.0, 37.0, 50.0], "5": [48.333333333333336, 58.0, 120.0], "6": [66.66666666666666, 132.0, 198.0], "7": [50.0, 2.0, 4.0], "8": [100.0, 7.0, 7.0]}