precision,accuracy,recall,duration
0.35385136416070195,0.38079470198675497,0.3056660867315015,1207.7547407150269
