{"0": [55.36028119507909, 315.0, 569.0], "1": [89.36170212765957, 42.0, 47.0], "2": [97.72727272727273, 43.0, 44.0], "3": [71.5909090909091, 252.0, 352.0], "4": [94.0, 141.0, 150.0], "5": [44.93150684931507, 164.0, 365.0], "6": [62.79461279461279, 373.0, 594.0], "7": [11.76470588235294, 2.0, 17.0], "8": [100.0, 18.0, 18.0]}