precision,accuracy,recall,duration
0.3656443936746745,0.38907522759942503,0.3505068453612094,960.3571457862854
