{"0": [56.607142857142854, 317.0, 560.0], "1": [38.297872340425535, 18.0, 47.0], "2": [67.44186046511628, 29.0, 43.0], "3": [81.34110787172013, 279.0, 343.0], "4": [80.0, 120.0, 150.0], "5": [40.73033707865169, 145.0, 356.0], "6": [61.30198915009042, 339.0, 553.0], "7": [58.82352941176471, 10.0, 17.0], "8": [100.0, 18.0, 18.0]}