{"0": [33.68983957219251, 63.0, 187.0], "1": [78.57142857142857, 11.0, 14.0], "2": [80.0, 12.0, 15.0], "3": [66.66666666666666, 76.0, 114.0], "4": [82.0, 41.0, 50.0], "5": [44.827586206896555, 52.0, 116.0], "6": [73.91304347826086, 136.0, 184.0], "7": [100.0, 4.0, 4.0], "8": [100.0, 7.0, 7.0]}