precision,accuracy,recall,duration
0.3159001254211066,0.27092198581560284,0.4496651757157356,410.242062330246
