{"0": [25.0, 9.0, 36.0], "1": [38.095238095238095, 8.0, 21.0], "2": [85.71428571428571, 36.0, 42.0], "3": [83.27974276527331, 259.0, 311.0], "4": [62.637362637362635, 57.0, 91.0], "5": [20.689655172413794, 6.0, 29.0], "6": [79.88505747126436, 139.0, 174.0], "7": [NaN, 0.0, 0.0], "8": [0.0, 0.0, 1.0]}