{"0": [62.67857142857143, 351.0, 560.0], "1": [40.42553191489361, 19.0, 47.0], "2": [93.02325581395348, 40.0, 43.0], "3": [79.30029154518951, 272.0, 343.0], "4": [97.33333333333334, 146.0, 150.0], "5": [42.97752808988764, 153.0, 356.0], "6": [55.69620253164557, 308.0, 553.0], "7": [94.11764705882352, 16.0, 17.0], "8": [66.66666666666666, 12.0, 18.0]}