{"0": [58.1151832460733, 111.0, 191.0], "1": [50.0, 7.0, 14.0], "2": [87.5, 14.0, 16.0], "3": [88.13559322033898, 104.0, 118.0], "4": [56.00000000000001, 28.0, 50.0], "5": [93.33333333333333, 112.0, 120.0], "6": [66.16161616161617, 131.0, 198.0], "7": [0.0, 0.0, 4.0], "8": [100.0, 7.0, 7.0]}