precision,accuracy,recall,duration
0.35269885560155223,0.39242932438907524,0.31884479691586637,942.4175233840942
