{"0": [51.60714285714286, 289.0, 560.0], "1": [87.2340425531915, 41.0, 47.0], "2": [97.67441860465115, 42.0, 43.0], "3": [60.932944606414, 209.0, 343.0], "4": [90.66666666666666, 136.0, 150.0], "5": [47.19101123595505, 168.0, 356.0], "6": [65.64195298372513, 363.0, 553.0], "7": [17.647058823529413, 3.0, 17.0], "8": [94.44444444444444, 17.0, 18.0]}