best_model_train_loss,best_model_val_loss,best_model_train_acc,best_model_val_acc,best_model_learning_rate,best_model_nb_epoch
0.4354798197746277,0.5159851908683777,0.44872283935546875,0.37304964661598206,0.0010000000474974513,96
