precision,accuracy,recall,duration
0.35878477072094317,0.33617021276595743,0.47242157450236694,402.6257586479187
