precision,accuracy,recall,duration
0.3795982887474905,0.39159503342884433,0.33067078178319925,615.2685015201569
