{"0": [50.89605734767025, 142.0, 279.0], "1": [28.000000000000004, 7.0, 25.0], "2": [85.71428571428571, 18.0, 21.0], "3": [91.81286549707602, 157.0, 171.0], "4": [86.07594936708861, 68.0, 79.0], "5": [38.764044943820224, 69.0, 178.0], "6": [58.63309352517986, 163.0, 278.0], "7": [75.0, 6.0, 8.0], "8": [87.5, 7.0, 8.0]}