precision,accuracy,recall,duration
0.3102014275858701,0.4292803970223325,0.3122066518664852,394.18389081954956
