{"0": [9.844559585492227, 19.0, 193.0], "1": [100.0, 59.0, 59.0], "2": [33.33333333333333, 8.0, 24.0], "3": [76.92307692307693, 90.0, 117.0], "4": [100.0, 98.0, 98.0], "5": [38.04347826086957, 35.0, 92.0], "6": [60.86956521739131, 112.0, 184.0], "7": [100.0, 39.0, 39.0], "8": [NaN, 0.0, 0.0]}