{"0": [58.214285714285715, 326.0, 560.0], "1": [34.04255319148936, 16.0, 47.0], "2": [97.67441860465115, 42.0, 43.0], "3": [82.21574344023324, 282.0, 343.0], "4": [93.33333333333333, 140.0, 150.0], "5": [41.853932584269664, 149.0, 356.0], "6": [55.87703435804702, 309.0, 553.0], "7": [70.58823529411765, 12.0, 17.0], "8": [83.33333333333334, 15.0, 18.0]}