precision,accuracy,recall,duration
0.2570164575689638,0.3177304964539007,0.38903451371574227,401.3054676055908
