precision,accuracy,recall,duration
0.3338394040872537,0.21340887629839472,0.3496439234720245,600.098554611206
