{"0": [33.33333333333333, 18.0, 54.0], "1": [33.33333333333333, 11.0, 33.0], "2": [87.93103448275862, 51.0, 58.0], "3": [95.6989247311828, 445.0, 465.0], "4": [89.92805755395683, 125.0, 139.0], "5": [31.11111111111111, 14.0, 45.0], "6": [63.984674329501914, 167.0, 261.0], "7": [NaN, 0.0, 0.0], "8": [50.0, 2.0, 4.0]}