precision,accuracy,recall,duration
0.37881448005288,0.3607176581680831,0.4287372301297372,1193.6702597141266
