precision,accuracy,recall,duration
0.3774199956098659,0.406827880512091,0.3652165509680933,403.0588343143463
