{"0": [49.73821989528796, 95.0, 191.0], "1": [28.57142857142857, 4.0, 14.0], "2": [81.25, 13.0, 16.0], "3": [77.11864406779661, 91.0, 118.0], "4": [82.0, 41.0, 50.0], "5": [40.833333333333336, 49.0, 120.0], "6": [65.65656565656566, 130.0, 198.0], "7": [50.0, 2.0, 4.0], "8": [100.0, 7.0, 7.0]}