{"0": [27.102803738317753, 29.0, 107.0], "1": [38.095238095238095, 24.0, 63.0], "2": [92.98245614035088, 106.0, 114.0], "3": [73.41907824222936, 685.0, 933.0], "4": [71.0801393728223, 204.0, 287.0], "5": [23.595505617977526, 21.0, 89.0], "6": [54.52793834296724, 283.0, 519.0], "7": [NaN, 0.0, 0.0], "8": [33.33333333333333, 2.0, 6.0]}