{"0": [60.45694200351493, 344.0, 569.0], "1": [36.17021276595745, 17.0, 47.0], "2": [75.0, 33.0, 44.0], "3": [53.125, 187.0, 352.0], "4": [98.66666666666667, 148.0, 150.0], "5": [38.9041095890411, 142.0, 365.0], "6": [63.804713804713806, 379.0, 594.0], "7": [64.70588235294117, 11.0, 17.0], "8": [72.22222222222221, 13.0, 18.0]}