precision,accuracy,recall,duration
0.3574965850253538,0.45951126018207955,0.36103327767569554,894.1784324645996
