{"0": [47.85714285714286, 268.0, 560.0], "1": [57.446808510638306, 27.0, 47.0], "2": [88.37209302325581, 38.0, 43.0], "3": [71.13702623906705, 244.0, 343.0], "4": [75.33333333333333, 113.0, 150.0], "5": [35.674157303370784, 127.0, 356.0], "6": [51.5370705244123, 285.0, 553.0], "7": [58.82352941176471, 10.0, 17.0], "8": [88.88888888888889, 16.0, 18.0]}