best_model_train_loss,best_model_val_loss,best_model_train_acc,best_model_val_acc,best_model_learning_rate,best_model_nb_epoch
0.44935137033462524,0.6100786328315735,0.4396442174911499,0.3942398428916931,0.0010000000474974513,93
