precision,accuracy,recall,duration
0.3882592062489845,0.34844192634560905,0.4128782549270245,1194.255428314209
