precision,accuracy,recall,duration
0.34550704690195416,0.35561877667140823,0.35133674777478285,406.2948741912842
