{"0": [52.35602094240838, 100.0, 191.0], "1": [42.857142857142854, 6.0, 14.0], "2": [75.0, 12.0, 16.0], "3": [90.67796610169492, 107.0, 118.0], "4": [92.0, 46.0, 50.0], "5": [35.833333333333336, 43.0, 120.0], "6": [73.73737373737373, 146.0, 198.0], "7": [25.0, 1.0, 4.0], "8": [100.0, 7.0, 7.0]}