{"0": [24.299065420560748, 26.0, 107.0], "1": [38.095238095238095, 24.0, 63.0], "2": [89.47368421052632, 102.0, 114.0], "3": [75.2411575562701, 702.0, 933.0], "4": [77.00348432055749, 221.0, 287.0], "5": [39.325842696629216, 35.0, 89.0], "6": [51.637764932562625, 268.0, 519.0], "7": [NaN, 0.0, 0.0], "8": [33.33333333333333, 2.0, 6.0]}