precision,accuracy,recall,duration
0.2868020258975474,0.3933002481389578,0.28718452005416034,397.014817237854
