{"0": [10.880829015544041, 21.0, 193.0], "1": [100.0, 59.0, 59.0], "2": [37.5, 9.0, 24.0], "3": [81.19658119658119, 95.0, 117.0], "4": [100.0, 98.0, 98.0], "5": [41.30434782608695, 38.0, 92.0], "6": [70.65217391304348, 130.0, 184.0], "7": [100.0, 39.0, 39.0], "8": [NaN, 0.0, 0.0]}