precision,accuracy,recall,duration
0.27612085342151405,0.3746898263027295,0.2692249394397025,400.58625316619873
