{"0": [19.170984455958546, 37.0, 193.0], "1": [100.0, 59.0, 59.0], "2": [45.83333333333333, 11.0, 24.0], "3": [88.88888888888889, 104.0, 117.0], "4": [100.0, 98.0, 98.0], "5": [38.04347826086957, 35.0, 92.0], "6": [65.76086956521739, 121.0, 184.0], "7": [100.0, 39.0, 39.0], "8": [NaN, 0.0, 0.0]}