{"0": [55.00000000000001, 308.0, 560.0], "1": [36.17021276595745, 17.0, 47.0], "2": [100.0, 43.0, 43.0], "3": [74.63556851311954, 256.0, 343.0], "4": [91.33333333333333, 137.0, 150.0], "5": [39.8876404494382, 142.0, 356.0], "6": [55.87703435804702, 309.0, 553.0], "7": [76.47058823529412, 13.0, 17.0], "8": [72.22222222222221, 13.0, 18.0]}