best_model_train_loss,best_model_val_loss,best_model_train_acc,best_model_val_acc,best_model_learning_rate,best_model_nb_epoch
0.44705429673194885,0.5486617684364319,0.43118566274642944,0.29361701011657715,0.0010000000474974513,89
