precision,accuracy,recall,duration
0.3263464641278607,0.3404255319148936,0.3619535870616921,419.5468053817749
