{"0": [52.32142857142858, 293.0, 560.0], "1": [38.297872340425535, 18.0, 47.0], "2": [86.04651162790698, 37.0, 43.0], "3": [69.38775510204081, 238.0, 343.0], "4": [96.0, 144.0, 150.0], "5": [40.168539325842694, 143.0, 356.0], "6": [56.6003616636528, 313.0, 553.0], "7": [82.35294117647058, 14.0, 17.0], "8": [61.111111111111114, 11.0, 18.0]}