precision,accuracy,recall,duration
0.27446277251684004,0.2521246458923513,0.26150462258852525,607.887825012207
