{"0": [25.925925925925924, 14.0, 54.0], "1": [36.36363636363637, 12.0, 33.0], "2": [91.37931034482759, 53.0, 58.0], "3": [78.70967741935485, 366.0, 465.0], "4": [91.36690647482014, 127.0, 139.0], "5": [100.0, 45.0, 45.0], "6": [65.90038314176245, 172.0, 261.0], "7": [NaN, 0.0, 0.0], "8": [75.0, 3.0, 4.0]}