precision,accuracy,recall,duration
0.28465734298598,0.3120567375886525,0.4525032615914828,399.3374242782593
