{"0": [38.88888888888889, 14.0, 36.0], "1": [38.095238095238095, 8.0, 21.0], "2": [78.57142857142857, 33.0, 42.0], "3": [78.13504823151125, 243.0, 311.0], "4": [78.02197802197803, 71.0, 91.0], "5": [17.24137931034483, 5.0, 29.0], "6": [63.793103448275865, 111.0, 174.0], "7": [NaN, 0.0, 0.0], "8": [0.0, 0.0, 1.0]}