{"0": [53.57142857142857, 300.0, 560.0], "1": [63.829787234042556, 30.0, 47.0], "2": [55.81395348837209, 24.0, 43.0], "3": [55.68513119533528, 191.0, 343.0], "4": [83.33333333333334, 125.0, 150.0], "5": [41.29213483146067, 147.0, 356.0], "6": [57.32368896925859, 317.0, 553.0], "7": [76.47058823529412, 13.0, 17.0], "8": [72.22222222222221, 13.0, 18.0]}