{"0": [16.0427807486631, 30.0, 187.0], "1": [57.14285714285714, 8.0, 14.0], "2": [80.0, 12.0, 15.0], "3": [74.56140350877193, 85.0, 114.0], "4": [90.0, 45.0, 50.0], "5": [31.896551724137932, 37.0, 116.0], "6": [63.58695652173913, 117.0, 184.0], "7": [100.0, 4.0, 4.0], "8": [100.0, 7.0, 7.0]}