precision,accuracy,recall,duration
0.34236622658929006,0.3347517730496454,0.46863104193924315,403.154310464859
