{"0": [22.22222222222222, 8.0, 36.0], "1": [33.33333333333333, 7.0, 21.0], "2": [90.47619047619048, 38.0, 42.0], "3": [75.56270096463022, 235.0, 311.0], "4": [68.13186813186813, 62.0, 91.0], "5": [24.137931034482758, 7.0, 29.0], "6": [64.36781609195403, 112.0, 174.0], "7": [NaN, 0.0, 0.0], "8": [0.0, 0.0, 1.0]}