best_model_train_loss,best_model_val_loss,best_model_train_acc,best_model_val_acc,best_model_learning_rate,best_model_nb_epoch
0.4607023596763611,0.7620798349380493,0.42864999175071716,0.44590163230895996,0.0010000000474974513,97
