precision,accuracy,recall,duration
0.5151266417505391,0.4262295081967213,0.2967421346506314,586.0479533672333
