{"0": [24.074074074074073, 13.0, 54.0], "1": [65.38461538461539, 17.0, 26.0], "2": [75.0, 24.0, 32.0], "3": [95.23809523809523, 40.0, 42.0], "4": [88.23529411764706, 30.0, 34.0], "5": [37.77777777777778, 17.0, 45.0], "6": [47.22222222222222, 34.0, 72.0], "7": [NaN, 0.0, 0.0], "8": [NaN, 0.0, 0.0]}