{"0": [62.038664323374334, 353.0, 569.0], "1": [44.680851063829785, 21.0, 47.0], "2": [90.9090909090909, 40.0, 44.0], "3": [84.6590909090909, 298.0, 352.0], "4": [98.0, 147.0, 150.0], "5": [42.465753424657535, 155.0, 365.0], "6": [58.080808080808076, 345.0, 594.0], "7": [76.47058823529412, 13.0, 17.0], "8": [55.55555555555556, 10.0, 18.0]}