precision,accuracy,recall,duration
0.27563924407061663,0.3081058726220017,0.20190725432542483,1185.1595017910004
