{"0": [12.152777777777777, 70.0, 576.0], "1": [97.2972972972973, 180.0, 185.0], "2": [56.060606060606055, 37.0, 66.0], "3": [91.61849710982659, 317.0, 346.0], "4": [100.0, 296.0, 296.0], "5": [86.06271777003485, 247.0, 287.0], "6": [75.0915750915751, 410.0, 546.0], "7": [100.0, 116.0, 116.0], "8": [NaN, 0.0, 0.0]}