precision,accuracy,recall,duration
0.3709461659433201,0.34609929078014184,0.4618060834474331,418.7236771583557
