precision,accuracy,recall,duration
0.35681037238006896,0.3919501677048395,0.36439283660395855,944.1600017547607
