precision,accuracy,recall,duration
0.3782515945428233,0.3740566037735849,0.3903438627493644,956.421737909317
