{"0": [50.17857142857143, 281.0, 560.0], "1": [40.42553191489361, 19.0, 47.0], "2": [60.46511627906976, 26.0, 43.0], "3": [85.71428571428571, 294.0, 343.0], "4": [97.33333333333334, 146.0, 150.0], "5": [41.29213483146067, 147.0, 356.0], "6": [60.03616636528029, 332.0, 553.0], "7": [58.82352941176471, 10.0, 17.0], "8": [77.77777777777779, 14.0, 18.0]}