{"0": [25.233644859813083, 27.0, 107.0], "1": [44.44444444444444, 28.0, 63.0], "2": [94.73684210526315, 108.0, 114.0], "3": [66.66666666666666, 622.0, 933.0], "4": [91.34948096885813, 264.0, 289.0], "5": [28.08988764044944, 25.0, 89.0], "6": [48.16955684007707, 250.0, 519.0], "7": [NaN, 0.0, 0.0], "8": [50.0, 3.0, 6.0]}