{"0": [57.11775043936731, 325.0, 569.0], "1": [36.17021276595745, 17.0, 47.0], "2": [100.0, 44.0, 44.0], "3": [68.75, 242.0, 352.0], "4": [90.0, 135.0, 150.0], "5": [40.54794520547945, 148.0, 365.0], "6": [49.32659932659932, 293.0, 594.0], "7": [35.294117647058826, 6.0, 17.0], "8": [94.44444444444444, 17.0, 18.0]}