precision,accuracy,recall,duration
0.3235298045786752,0.3276595744680851,0.3491677957065842,421.37210154533386
