{"0": [27.77777777777778, 10.0, 36.0], "1": [42.857142857142854, 9.0, 21.0], "2": [73.80952380952381, 31.0, 42.0], "3": [69.77491961414792, 217.0, 311.0], "4": [69.23076923076923, 63.0, 91.0], "5": [24.137931034482758, 7.0, 29.0], "6": [78.16091954022988, 136.0, 174.0], "7": [NaN, 0.0, 0.0], "8": [100.0, 1.0, 1.0]}