{"0": [61.60714285714286, 345.0, 560.0], "1": [34.04255319148936, 16.0, 47.0], "2": [81.3953488372093, 35.0, 43.0], "3": [90.37900874635568, 310.0, 343.0], "4": [96.0, 144.0, 150.0], "5": [40.44943820224719, 144.0, 356.0], "6": [55.33453887884268, 306.0, 553.0], "7": [76.47058823529412, 13.0, 17.0], "8": [77.77777777777779, 14.0, 18.0]}