precision,accuracy,recall,duration
0.2963690644010287,0.2559017941454202,0.24307778834328897,606.5097832679749
