{"0": [25.925925925925924, 14.0, 54.0], "1": [87.87878787878788, 29.0, 33.0], "2": [81.03448275862068, 47.0, 58.0], "3": [74.6236559139785, 347.0, 465.0], "4": [89.92805755395683, 125.0, 139.0], "5": [44.44444444444444, 20.0, 45.0], "6": [77.39463601532567, 202.0, 261.0], "7": [NaN, 0.0, 0.0], "8": [100.0, 4.0, 4.0]}