{"0": [58.34797891036907, 332.0, 569.0], "1": [38.297872340425535, 18.0, 47.0], "2": [70.45454545454545, 31.0, 44.0], "3": [66.19318181818183, 233.0, 352.0], "4": [94.0, 141.0, 150.0], "5": [38.63013698630137, 141.0, 365.0], "6": [56.9023569023569, 338.0, 594.0], "7": [58.82352941176471, 10.0, 17.0], "8": [72.22222222222221, 13.0, 18.0]}