precision,accuracy,recall,duration
0.3465672078843313,0.33900709219858155,0.46966194191496335,410.53805327415466
