{"0": [62.32142857142857, 349.0, 560.0], "1": [40.42553191489361, 19.0, 47.0], "2": [90.69767441860465, 39.0, 43.0], "3": [58.01749271137027, 199.0, 343.0], "4": [95.33333333333334, 143.0, 150.0], "5": [43.53932584269663, 155.0, 356.0], "6": [53.34538878842676, 295.0, 553.0], "7": [94.11764705882352, 16.0, 17.0], "8": [72.22222222222221, 13.0, 18.0]}