precision,accuracy,recall,duration
0.37984293294981686,0.4077212806026365,0.3593057401393475,598.7463669776917
