precision,accuracy,recall,duration
0.3575410053805422,0.26099290780141843,0.4189165446695846,326.69845509529114
