{"0": [49.29577464788733, 140.0, 284.0], "1": [40.0, 10.0, 25.0], "2": [63.63636363636363, 14.0, 22.0], "3": [77.27272727272727, 136.0, 176.0], "4": [81.0126582278481, 64.0, 79.0], "5": [39.89071038251366, 73.0, 183.0], "6": [66.5551839464883, 199.0, 299.0], "7": [62.5, 5.0, 8.0], "8": [100.0, 8.0, 8.0]}