{"0": [22.22222222222222, 8.0, 36.0], "1": [47.61904761904761, 10.0, 21.0], "2": [78.57142857142857, 33.0, 42.0], "3": [88.10289389067523, 274.0, 311.0], "4": [94.5054945054945, 86.0, 91.0], "5": [34.48275862068966, 10.0, 29.0], "6": [57.47126436781609, 100.0, 174.0], "7": [NaN, 0.0, 0.0], "8": [0.0, 0.0, 1.0]}