precision,accuracy,recall,duration
0.32415157169167674,0.30921985815602837,0.4423186243232811,415.74944949150085
