{"0": [57.85714285714286, 324.0, 560.0], "1": [34.04255319148936, 16.0, 47.0], "2": [100.0, 43.0, 43.0], "3": [56.559766763848394, 194.0, 343.0], "4": [84.66666666666667, 127.0, 150.0], "5": [43.53932584269663, 155.0, 356.0], "6": [56.23869801084991, 311.0, 553.0], "7": [76.47058823529412, 13.0, 17.0], "8": [72.22222222222221, 13.0, 18.0]}