precision,accuracy,recall,duration
0.3498170470699369,0.32340425531914896,0.4680555297955601,403.524995803833
