{"0": [27.77777777777778, 10.0, 36.0], "1": [33.33333333333333, 7.0, 21.0], "2": [73.80952380952381, 31.0, 42.0], "3": [74.27652733118971, 231.0, 311.0], "4": [74.72527472527473, 68.0, 91.0], "5": [24.137931034482758, 7.0, 29.0], "6": [70.6896551724138, 123.0, 174.0], "7": [NaN, 0.0, 0.0], "8": [0.0, 0.0, 1.0]}