precision,accuracy,recall,duration
0.35232223109374605,0.3822975517890772,0.32786961814667026,603.4678399562836
