{"0": [51.056338028169016, 145.0, 284.0], "1": [92.0, 23.0, 25.0], "2": [100.0, 22.0, 22.0], "3": [86.36363636363636, 152.0, 176.0], "4": [73.41772151898735, 58.0, 79.0], "5": [36.6120218579235, 67.0, 183.0], "6": [67.22408026755853, 201.0, 299.0], "7": [0.0, 0.0, 8.0], "8": [100.0, 8.0, 8.0]}