{"0": [59.929701230228474, 341.0, 569.0], "1": [59.57446808510638, 28.0, 47.0], "2": [72.72727272727273, 32.0, 44.0], "3": [54.82954545454546, 193.0, 352.0], "4": [94.66666666666667, 142.0, 150.0], "5": [38.9041095890411, 142.0, 365.0], "6": [59.427609427609426, 353.0, 594.0], "7": [52.94117647058824, 9.0, 17.0], "8": [66.66666666666666, 12.0, 18.0]}