{"0": [50.43936731107206, 287.0, 569.0], "1": [31.914893617021278, 15.0, 47.0], "2": [88.63636363636364, 39.0, 44.0], "3": [50.56818181818182, 178.0, 352.0], "4": [97.33333333333334, 146.0, 150.0], "5": [36.43835616438356, 133.0, 365.0], "6": [60.60606060606061, 360.0, 594.0], "7": [64.70588235294117, 11.0, 17.0], "8": [77.77777777777779, 14.0, 18.0]}