precision,accuracy,recall,duration
0.32110609336394214,0.27375886524822696,0.3577905348796431,422.5133271217346
