{"0": [63.92857142857142, 358.0, 560.0], "1": [48.93617021276596, 23.0, 47.0], "2": [100.0, 43.0, 43.0], "3": [93.87755102040816, 322.0, 343.0], "4": [96.66666666666667, 145.0, 150.0], "5": [42.41573033707865, 151.0, 356.0], "6": [53.8878842676311, 298.0, 553.0], "7": [88.23529411764706, 15.0, 17.0], "8": [50.0, 9.0, 18.0]}