{"0": [22.22222222222222, 8.0, 36.0], "1": [42.857142857142854, 9.0, 21.0], "2": [59.523809523809526, 25.0, 42.0], "3": [81.35048231511254, 253.0, 311.0], "4": [58.24175824175825, 53.0, 91.0], "5": [24.137931034482758, 7.0, 29.0], "6": [89.65517241379311, 156.0, 174.0], "7": [NaN, 0.0, 0.0], "8": [100.0, 1.0, 1.0]}