precision,accuracy,recall,duration
0.3071484242493231,0.33617021276595743,0.35873927363190766,406.1522159576416
