best_model_train_loss,best_model_val_loss,best_model_train_acc,best_model_val_acc,best_model_learning_rate,best_model_nb_epoch
0.467416912317276,0.5303643941879272,0.44338542222976685,0.41843971610069275,0.0010000000474974513,84
