precision,accuracy,recall,duration
0.33405352751059497,0.3375886524822695,0.49423478891823497,419.9024991989136
