{"0": [8.333333333333332, 3.0, 36.0], "1": [33.33333333333333, 7.0, 21.0], "2": [85.71428571428571, 36.0, 42.0], "3": [77.491961414791, 241.0, 311.0], "4": [68.13186813186813, 62.0, 91.0], "5": [17.24137931034483, 5.0, 29.0], "6": [64.9425287356322, 113.0, 174.0], "7": [NaN, 0.0, 0.0], "8": [0.0, 0.0, 1.0]}