precision,accuracy,recall,duration
0.36159991892537247,0.31063829787234043,0.4496094250686408,411.125878572464
