{"0": [20.0, 2.0, 10.0], "1": [40.0, 2.0, 5.0], "2": [90.9090909090909, 10.0, 11.0], "3": [80.20833333333334, 77.0, 96.0], "4": [70.96774193548387, 22.0, 31.0], "5": [90.9090909090909, 10.0, 11.0], "6": [72.0, 36.0, 50.0], "7": [NaN, 0.0, 0.0], "8": [NaN, 0.0, 0.0]}