precision,accuracy,recall,duration
0.3002439701314581,0.2723404255319149,0.4619598574582498,423.2703101634979
