{"0": [56.96428571428571, 319.0, 560.0], "1": [36.17021276595745, 17.0, 47.0], "2": [93.02325581395348, 40.0, 43.0], "3": [80.466472303207, 276.0, 343.0], "4": [94.0, 141.0, 150.0], "5": [37.359550561797754, 133.0, 356.0], "6": [58.58951175406871, 324.0, 553.0], "7": [64.70588235294117, 11.0, 17.0], "8": [77.77777777777779, 14.0, 18.0]}