{"0": [16.666666666666664, 6.0, 36.0], "1": [38.095238095238095, 8.0, 21.0], "2": [76.19047619047619, 32.0, 42.0], "3": [81.67202572347267, 254.0, 311.0], "4": [54.94505494505495, 50.0, 91.0], "5": [27.586206896551722, 8.0, 29.0], "6": [89.08045977011494, 155.0, 174.0], "7": [NaN, 0.0, 0.0], "8": [0.0, 0.0, 1.0]}