{"0": [35.67662565905096, 203.0, 569.0], "1": [38.297872340425535, 18.0, 47.0], "2": [100.0, 44.0, 44.0], "3": [53.125, 187.0, 352.0], "4": [89.33333333333333, 134.0, 150.0], "5": [38.63013698630137, 141.0, 365.0], "6": [58.417508417508415, 347.0, 594.0], "7": [94.11764705882352, 16.0, 17.0], "8": [66.66666666666666, 12.0, 18.0]}