precision,accuracy,recall,duration
0.37288599398151334,0.4422616195495927,0.37555117478710476,890.0075562000275
