{"0": [55.35714285714286, 310.0, 560.0], "1": [55.319148936170215, 26.0, 47.0], "2": [74.4186046511628, 32.0, 43.0], "3": [66.76384839650146, 229.0, 343.0], "4": [87.33333333333333, 131.0, 150.0], "5": [32.86516853932584, 117.0, 356.0], "6": [53.34538878842676, 295.0, 553.0], "7": [58.82352941176471, 10.0, 17.0], "8": [77.77777777777779, 14.0, 18.0]}