{"0": [26.881720430107524, 75.0, 279.0], "1": [40.0, 10.0, 25.0], "2": [95.23809523809523, 20.0, 21.0], "3": [73.09941520467837, 125.0, 171.0], "4": [82.27848101265823, 65.0, 79.0], "5": [34.26966292134831, 61.0, 178.0], "6": [57.194244604316545, 159.0, 278.0], "7": [75.0, 6.0, 8.0], "8": [100.0, 8.0, 8.0]}