precision,accuracy,recall,duration
0.3362112857001138,0.3629417382999045,0.3527883021536542,591.5988371372223
