{"0": [45.878136200716845, 128.0, 279.0], "1": [40.0, 10.0, 25.0], "2": [90.47619047619048, 19.0, 21.0], "3": [81.87134502923976, 140.0, 171.0], "4": [92.40506329113924, 73.0, 79.0], "5": [43.82022471910113, 78.0, 178.0], "6": [75.53956834532374, 210.0, 278.0], "7": [37.5, 3.0, 8.0], "8": [75.0, 6.0, 8.0]}