precision,accuracy,recall,duration
0.3747852072508873,0.4077212806026365,0.34909103093681143,614.1170089244843
