{"0": [49.29577464788733, 140.0, 284.0], "1": [48.0, 12.0, 25.0], "2": [63.63636363636363, 14.0, 22.0], "3": [87.5, 154.0, 176.0], "4": [79.74683544303798, 63.0, 79.0], "5": [37.15846994535519, 68.0, 183.0], "6": [61.87290969899666, 185.0, 299.0], "7": [62.5, 5.0, 8.0], "8": [100.0, 8.0, 8.0]}