precision,accuracy,recall,duration
0.3632455853477368,0.352219074598678,0.3541437157349322,603.6648924350739
