precision,accuracy,recall,duration
0.4084712454244395,0.4470531863919502,0.3849284133968143,943.3699781894684
