{"0": [51.60714285714286, 289.0, 560.0], "1": [31.914893617021278, 15.0, 47.0], "2": [93.02325581395348, 40.0, 43.0], "3": [65.88921282798835, 226.0, 343.0], "4": [89.33333333333333, 134.0, 150.0], "5": [37.07865168539326, 132.0, 356.0], "6": [53.34538878842676, 295.0, 553.0], "7": [64.70588235294117, 11.0, 17.0], "8": [66.66666666666666, 12.0, 18.0]}