{"0": [27.77777777777778, 15.0, 54.0], "1": [42.42424242424242, 14.0, 33.0], "2": [74.13793103448276, 43.0, 58.0], "3": [76.55913978494624, 356.0, 465.0], "4": [71.94244604316546, 100.0, 139.0], "5": [35.55555555555556, 16.0, 45.0], "6": [52.87356321839081, 138.0, 261.0], "7": [NaN, 0.0, 0.0], "8": [100.0, 4.0, 4.0]}