precision,accuracy,recall,duration
0.35901653068610145,0.2851063829787234,0.4580851931260328,321.8199231624603
