precision,accuracy,recall,duration
0.3830117617449771,0.4143126177024482,0.33013474280340394,604.816579580307
