{"0": [27.77777777777778, 10.0, 36.0], "1": [23.809523809523807, 5.0, 21.0], "2": [88.09523809523809, 37.0, 42.0], "3": [89.71061093247589, 279.0, 311.0], "4": [81.31868131868131, 74.0, 91.0], "5": [24.137931034482758, 7.0, 29.0], "6": [52.87356321839081, 92.0, 174.0], "7": [NaN, 0.0, 0.0], "8": [0.0, 0.0, 1.0]}