{"0": [51.40845070422535, 146.0, 284.0], "1": [32.0, 8.0, 25.0], "2": [72.72727272727273, 16.0, 22.0], "3": [67.61363636363636, 119.0, 176.0], "4": [88.60759493670885, 70.0, 79.0], "5": [43.169398907103826, 79.0, 183.0], "6": [63.54515050167224, 190.0, 299.0], "7": [87.5, 7.0, 8.0], "8": [100.0, 8.0, 8.0]}