precision,accuracy,recall,duration
0.4026566276596831,0.4152542372881356,0.3693887364306178,602.9457175731659
