precision,accuracy,recall,duration
0.3623324334215111,0.375886524822695,0.47519433528599364,327.6520583629608
