{"0": [51.056338028169016, 145.0, 284.0], "1": [44.0, 11.0, 25.0], "2": [36.36363636363637, 8.0, 22.0], "3": [68.18181818181817, 120.0, 176.0], "4": [91.13924050632912, 72.0, 79.0], "5": [41.53005464480874, 76.0, 183.0], "6": [65.21739130434783, 195.0, 299.0], "7": [75.0, 6.0, 8.0], "8": [100.0, 8.0, 8.0]}