precision,accuracy,recall,duration
0.3737719641843422,0.4399243140964995,0.3954106264116194,1199.725681066513
