{"0": [48.68189806678383, 277.0, 569.0], "1": [42.5531914893617, 20.0, 47.0], "2": [90.9090909090909, 40.0, 44.0], "3": [68.18181818181817, 240.0, 352.0], "4": [86.66666666666667, 130.0, 150.0], "5": [33.6986301369863, 123.0, 365.0], "6": [63.2996632996633, 376.0, 594.0], "7": [35.294117647058826, 6.0, 17.0], "8": [77.77777777777779, 14.0, 18.0]}