{"0": [54.833040421792624, 312.0, 569.0], "1": [36.17021276595745, 17.0, 47.0], "2": [90.9090909090909, 40.0, 44.0], "3": [53.69318181818182, 189.0, 352.0], "4": [94.0, 141.0, 150.0], "5": [35.342465753424655, 129.0, 365.0], "6": [58.24915824915825, 346.0, 594.0], "7": [64.70588235294117, 11.0, 17.0], "8": [77.77777777777779, 14.0, 18.0]}