{"0": [99.64850615114236, 567.0, 569.0], "1": [27.659574468085108, 13.0, 47.0], "2": [93.18181818181817, 41.0, 44.0], "3": [76.98863636363636, 271.0, 352.0], "4": [88.66666666666667, 133.0, 150.0], "5": [35.342465753424655, 129.0, 365.0], "6": [56.56565656565656, 336.0, 594.0], "7": [35.294117647058826, 6.0, 17.0], "8": [94.44444444444444, 17.0, 18.0]}