{"0": [28.119507908611602, 160.0, 569.0], "1": [29.78723404255319, 14.0, 47.0], "2": [95.45454545454545, 42.0, 44.0], "3": [77.27272727272727, 272.0, 352.0], "4": [85.33333333333334, 128.0, 150.0], "5": [33.97260273972603, 124.0, 365.0], "6": [58.417508417508415, 347.0, 594.0], "7": [88.23529411764706, 15.0, 17.0], "8": [72.22222222222221, 13.0, 18.0]}