{"0": [60.45694200351493, 344.0, 569.0], "1": [55.319148936170215, 26.0, 47.0], "2": [93.18181818181817, 41.0, 44.0], "3": [95.45454545454545, 336.0, 352.0], "4": [92.0, 138.0, 150.0], "5": [43.56164383561644, 159.0, 365.0], "6": [58.080808080808076, 345.0, 594.0], "7": [11.76470588235294, 2.0, 17.0], "8": [72.22222222222221, 13.0, 18.0]}