precision,accuracy,recall,duration
0.28698471528046043,0.18932955618508027,0.2364927818378587,1195.3612558841705
