{"0": [26.168224299065418, 28.0, 107.0], "1": [50.79365079365079, 32.0, 63.0], "2": [90.35087719298247, 103.0, 114.0], "3": [88.42443729903538, 825.0, 933.0], "4": [94.42508710801394, 271.0, 287.0], "5": [100.0, 89.0, 89.0], "6": [70.32755298651252, 365.0, 519.0], "7": [NaN, 0.0, 0.0], "8": [66.66666666666666, 4.0, 6.0]}