precision,accuracy,recall,duration
0.21300479824489627,0.12136627906976744,0.2791538577139211,808.719701051712
