precision,accuracy,recall,duration
0.3243602476959616,0.31152204836415365,0.25553324515365433,319.9905388355255
