{"0": [66.49214659685863, 127.0, 191.0], "1": [35.714285714285715, 5.0, 14.0], "2": [100.0, 16.0, 16.0], "3": [88.13559322033898, 104.0, 118.0], "4": [84.0, 42.0, 50.0], "5": [33.33333333333333, 40.0, 120.0], "6": [78.28282828282829, 155.0, 198.0], "7": [100.0, 4.0, 4.0], "8": [85.71428571428571, 6.0, 7.0]}