{"0": [54.6572934973638, 311.0, 569.0], "1": [40.42553191489361, 19.0, 47.0], "2": [97.72727272727273, 43.0, 44.0], "3": [80.11363636363636, 282.0, 352.0], "4": [91.33333333333333, 137.0, 150.0], "5": [31.780821917808222, 116.0, 365.0], "6": [57.407407407407405, 341.0, 594.0], "7": [29.411764705882355, 5.0, 17.0], "8": [88.88888888888889, 16.0, 18.0]}