precision,accuracy,recall,duration
0.2808021542315011,0.35834896810506567,0.3409829676766797,122.23996329307556
