{"0": [30.76923076923077, 8.0, 26.0], "1": [58.620689655172406, 17.0, 29.0], "2": [94.11764705882352, 32.0, 34.0], "3": [62.612612612612615, 139.0, 222.0], "4": [68.0, 51.0, 75.0], "5": [26.923076923076923, 7.0, 26.0], "6": [72.07207207207207, 80.0, 111.0], "7": [NaN, 0.0, 0.0], "8": [80.0, 8.0, 10.0]}