precision,accuracy,recall,duration
0.2145884659049393,0.19168591224018475,0.33910569071387786,275.2827138900757
