{"0": [74.07407407407408, 20.0, 27.0], "1": [54.166666666666664, 13.0, 24.0], "2": [86.36363636363636, 38.0, 44.0], "3": [86.54970760233918, 148.0, 171.0], "4": [87.3015873015873, 55.0, 63.0], "5": [55.55555555555556, 15.0, 27.0], "6": [88.88888888888889, 48.0, 54.0], "7": [0.0, 0.0, 2.0], "8": [61.904761904761905, 13.0, 21.0]}