precision,accuracy,recall,duration
0.26168674850947604,0.3345740281224152,0.21065005488424704,1193.783863067627
