{"0": [9.895833333333332, 57.0, 576.0], "1": [97.83783783783784, 181.0, 185.0], "2": [66.66666666666666, 44.0, 66.0], "3": [84.39306358381504, 292.0, 346.0], "4": [100.0, 296.0, 296.0], "5": [79.09407665505228, 227.0, 287.0], "6": [72.52747252747253, 396.0, 546.0], "7": [100.0, 116.0, 116.0], "8": [NaN, 0.0, 0.0]}