precision,accuracy,recall,duration
0.2714240651814268,0.3870967741935484,0.2860129192448784,399.0153956413269
