precision,accuracy,recall,duration
0.33248163754908283,0.37980085348506404,0.3084502727627576,323.767231464386
