{"0": [53.403141361256544, 102.0, 191.0], "1": [85.71428571428571, 12.0, 14.0], "2": [100.0, 16.0, 16.0], "3": [78.8135593220339, 93.0, 118.0], "4": [72.0, 36.0, 50.0], "5": [43.333333333333336, 52.0, 120.0], "6": [66.16161616161617, 131.0, 198.0], "7": [25.0, 1.0, 4.0], "8": [100.0, 7.0, 7.0]}