best_model_train_loss,best_model_val_loss,best_model_train_acc,best_model_val_acc,best_model_learning_rate,best_model_nb_epoch
0.44857898354530334,1.1832259893417358,0.4105783998966217,0.29302987456321716,0.0010000000474974513,85
