precision,accuracy,recall,duration
0.26340867648272137,0.2773826458036984,0.30168216537413295,317.628901720047
