{"0": [100.0, 191.0, 191.0], "1": [35.714285714285715, 5.0, 14.0], "2": [100.0, 16.0, 16.0], "3": [67.79661016949152, 80.0, 118.0], "4": [86.0, 43.0, 50.0], "5": [37.5, 45.0, 120.0], "6": [68.18181818181817, 135.0, 198.0], "7": [50.0, 2.0, 4.0], "8": [85.71428571428571, 6.0, 7.0]}