{"0": [98.95287958115183, 189.0, 191.0], "1": [35.714285714285715, 5.0, 14.0], "2": [87.5, 14.0, 16.0], "3": [63.559322033898304, 75.0, 118.0], "4": [78.0, 39.0, 50.0], "5": [41.66666666666667, 50.0, 120.0], "6": [58.080808080808076, 115.0, 198.0], "7": [50.0, 2.0, 4.0], "8": [100.0, 7.0, 7.0]}