precision,accuracy,recall,duration
0.2770267007652242,0.27359846669861043,0.3370869199767886,932.5883915424347
