{"0": [100.0, 560.0, 560.0], "1": [31.914893617021278, 15.0, 47.0], "2": [93.02325581395348, 40.0, 43.0], "3": [86.88046647230321, 298.0, 343.0], "4": [86.0, 129.0, 150.0], "5": [41.29213483146067, 147.0, 356.0], "6": [55.87703435804702, 309.0, 553.0], "7": [29.411764705882355, 5.0, 17.0], "8": [72.22222222222221, 13.0, 18.0]}