{"0": [63.09314586994728, 359.0, 569.0], "1": [63.829787234042556, 30.0, 47.0], "2": [97.72727272727273, 43.0, 44.0], "3": [92.89772727272727, 327.0, 352.0], "4": [100.0, 150.0, 150.0], "5": [43.28767123287671, 158.0, 365.0], "6": [59.09090909090909, 351.0, 594.0], "7": [94.11764705882352, 16.0, 17.0], "8": [38.88888888888889, 7.0, 18.0]}