precision,accuracy,recall,duration
0.39217195094360513,0.4020715630885122,0.3790320299930143,599.686418056488
