precision,accuracy,recall,duration
0.36617669920358664,0.3475177304964539,0.4646369602850366,325.4719591140747
