{"0": [25.0, 9.0, 36.0], "1": [33.33333333333333, 7.0, 21.0], "2": [85.71428571428571, 36.0, 42.0], "3": [74.27652733118971, 231.0, 311.0], "4": [81.31868131868131, 74.0, 91.0], "5": [27.586206896551722, 8.0, 29.0], "6": [54.59770114942529, 95.0, 174.0], "7": [NaN, 0.0, 0.0], "8": [0.0, 0.0, 1.0]}