precision,accuracy,recall,duration
0.3650173662529968,0.3943262411347518,0.48179432440436987,419.30921387672424
