{"0": [16.666666666666664, 6.0, 36.0], "1": [42.857142857142854, 9.0, 21.0], "2": [85.71428571428571, 36.0, 42.0], "3": [61.41479099678456, 191.0, 311.0], "4": [75.82417582417582, 69.0, 91.0], "5": [20.689655172413794, 6.0, 29.0], "6": [63.2183908045977, 110.0, 174.0], "7": [NaN, 0.0, 0.0], "8": [0.0, 0.0, 1.0]}