precision,accuracy,recall,duration
0.34240452762600515,0.4109985528219971,0.3493644514261528,379.17475843429565
