{"0": [56.68449197860963, 106.0, 187.0], "1": [35.714285714285715, 5.0, 14.0], "2": [86.66666666666667, 13.0, 15.0], "3": [73.68421052631578, 84.0, 114.0], "4": [90.0, 45.0, 50.0], "5": [37.93103448275862, 44.0, 116.0], "6": [54.891304347826086, 101.0, 184.0], "7": [50.0, 2.0, 4.0], "8": [100.0, 7.0, 7.0]}