precision,accuracy,recall,duration
0.26883926419830195,0.3080459770114943,0.33530997989324507,329.7846486568451
