{"0": [87.5, 49.0, 56.0], "1": [60.97560975609756, 25.0, 41.0], "2": [84.0909090909091, 74.0, 88.0], "3": [63.716814159292035, 216.0, 339.0], "4": [71.7557251908397, 94.0, 131.0], "5": [49.056603773584904, 26.0, 53.0], "6": [90.38461538461539, 94.0, 104.0], "7": [50.0, 2.0, 4.0], "8": [40.74074074074074, 22.0, 54.0]}