{"0": [19.464285714285715, 109.0, 560.0], "1": [36.17021276595745, 17.0, 47.0], "2": [97.67441860465115, 42.0, 43.0], "3": [77.55102040816327, 266.0, 343.0], "4": [85.33333333333334, 128.0, 150.0], "5": [41.01123595505618, 146.0, 356.0], "6": [54.06871609403255, 299.0, 553.0], "7": [100.0, 17.0, 17.0], "8": [83.33333333333334, 15.0, 18.0]}