precision,accuracy,recall,duration
0.336505288118526,0.3449575871819039,0.3585775224685809,607.4921140670776
