precision,accuracy,recall,duration
0.38043160072736387,0.39159503342884433,0.354752595229096,594.28737616539
