{"0": [51.971326164874554, 145.0, 279.0], "1": [28.000000000000004, 7.0, 25.0], "2": [71.42857142857143, 15.0, 21.0], "3": [83.04093567251462, 142.0, 171.0], "4": [93.67088607594937, 74.0, 79.0], "5": [43.258426966292134, 77.0, 178.0], "6": [59.352517985611506, 165.0, 278.0], "7": [50.0, 4.0, 8.0], "8": [100.0, 8.0, 8.0]}