{"0": [29.629629629629626, 16.0, 54.0], "1": [51.515151515151516, 17.0, 33.0], "2": [91.37931034482759, 53.0, 58.0], "3": [65.16129032258064, 303.0, 465.0], "4": [95.0354609929078, 134.0, 141.0], "5": [35.55555555555556, 16.0, 45.0], "6": [59.00383141762452, 154.0, 261.0], "7": [NaN, 0.0, 0.0], "8": [50.0, 2.0, 4.0]}