{"0": [48.85764499121266, 278.0, 569.0], "1": [57.446808510638306, 27.0, 47.0], "2": [63.63636363636363, 28.0, 44.0], "3": [48.86363636363637, 172.0, 352.0], "4": [96.66666666666667, 145.0, 150.0], "5": [34.794520547945204, 127.0, 365.0], "6": [63.468013468013474, 377.0, 594.0], "7": [82.35294117647058, 14.0, 17.0], "8": [77.77777777777779, 14.0, 18.0]}