precision,accuracy,recall,duration
0.34913475667578786,0.3761379971250599,0.31592648601165757,932.0236973762512
