{"0": [50.89285714285714, 285.0, 560.0], "1": [87.2340425531915, 41.0, 47.0], "2": [100.0, 43.0, 43.0], "3": [69.09620991253644, 237.0, 343.0], "4": [86.0, 129.0, 150.0], "5": [47.19101123595505, 168.0, 356.0], "6": [68.71609403254972, 380.0, 553.0], "7": [17.647058823529413, 3.0, 17.0], "8": [88.88888888888889, 16.0, 18.0]}