precision,accuracy,recall,duration
0.34169360827777673,0.4171374764595104,0.32834018102751117,605.0859031677246
