{"0": [48.59154929577465, 138.0, 284.0], "1": [92.0, 23.0, 25.0], "2": [100.0, 22.0, 22.0], "3": [70.45454545454545, 124.0, 176.0], "4": [82.27848101265823, 65.0, 79.0], "5": [37.15846994535519, 68.0, 183.0], "6": [63.54515050167224, 190.0, 299.0], "7": [12.5, 1.0, 8.0], "8": [100.0, 8.0, 8.0]}