{"0": [44.63971880492091, 254.0, 569.0], "1": [57.446808510638306, 27.0, 47.0], "2": [54.54545454545454, 24.0, 44.0], "3": [69.88636363636364, 246.0, 352.0], "4": [85.33333333333334, 128.0, 150.0], "5": [44.109589041095894, 161.0, 365.0], "6": [60.77441077441077, 361.0, 594.0], "7": [64.70588235294117, 11.0, 17.0], "8": [77.77777777777779, 14.0, 18.0]}