precision,accuracy,recall,duration
0.3426790978705995,0.17792302106027597,0.3079876985320534,854.409126996994
