{"0": [55.36028119507909, 315.0, 569.0], "1": [46.808510638297875, 22.0, 47.0], "2": [95.45454545454545, 42.0, 44.0], "3": [82.95454545454545, 292.0, 352.0], "4": [89.33333333333333, 134.0, 150.0], "5": [44.657534246575345, 163.0, 365.0], "6": [61.111111111111114, 363.0, 594.0], "7": [5.88235294117647, 1.0, 17.0], "8": [66.66666666666666, 12.0, 18.0]}