precision,accuracy,recall,duration
0.30747908735060603,0.3153918791312559,0.3379576111248393,604.0766160488129
