{"0": [72.22222222222221, 39.0, 54.0], "1": [39.39393939393939, 13.0, 33.0], "2": [89.65517241379311, 52.0, 58.0], "3": [78.27956989247312, 364.0, 465.0], "4": [62.589928057553955, 87.0, 139.0], "5": [17.77777777777778, 8.0, 45.0], "6": [60.91954022988506, 159.0, 261.0], "7": [NaN, 0.0, 0.0], "8": [75.0, 3.0, 4.0]}