precision,accuracy,recall,duration
0.2532354259586707,0.23897581792318634,0.2778466113504329,320.0095031261444
