{"0": [99.47643979057592, 190.0, 191.0], "1": [35.714285714285715, 5.0, 14.0], "2": [100.0, 16.0, 16.0], "3": [90.67796610169492, 107.0, 118.0], "4": [86.0, 43.0, 50.0], "5": [33.33333333333333, 40.0, 120.0], "6": [70.70707070707071, 140.0, 198.0], "7": [50.0, 2.0, 4.0], "8": [85.71428571428571, 6.0, 7.0]}