precision,accuracy,recall,duration
0.39572038265141174,0.4238975817923186,0.38851888964236425,294.2453758716583
