{"0": [57.59162303664922, 110.0, 191.0], "1": [28.57142857142857, 4.0, 14.0], "2": [81.25, 13.0, 16.0], "3": [68.64406779661016, 81.0, 118.0], "4": [88.0, 44.0, 50.0], "5": [35.833333333333336, 43.0, 120.0], "6": [58.58585858585859, 116.0, 198.0], "7": [50.0, 2.0, 4.0], "8": [85.71428571428571, 6.0, 7.0]}