precision,accuracy,recall,duration
0.26226497180565084,0.3430232558139535,0.32070011280496724,309.31962418556213
