{"0": [30.337078651685395, 27.0, 89.0], "1": [100.0, 58.0, 58.0], "2": [95.74468085106383, 135.0, 141.0], "3": [55.55555555555556, 320.0, 576.0], "4": [80.10752688172043, 149.0, 186.0], "5": [36.0, 27.0, 75.0], "6": [84.07960199004975, 169.0, 201.0], "7": [100.0, 6.0, 6.0], "8": [29.545454545454547, 13.0, 44.0]}