{"0": [61.25000000000001, 343.0, 560.0], "1": [44.680851063829785, 21.0, 47.0], "2": [95.34883720930233, 41.0, 43.0], "3": [93.00291545189503, 319.0, 343.0], "4": [86.66666666666667, 130.0, 150.0], "5": [41.57303370786517, 148.0, 356.0], "6": [54.61121157323689, 302.0, 553.0], "7": [58.82352941176471, 10.0, 17.0], "8": [83.33333333333334, 15.0, 18.0]}