{"0": [50.43936731107206, 287.0, 569.0], "1": [38.297872340425535, 18.0, 47.0], "2": [95.45454545454545, 42.0, 44.0], "3": [78.69318181818183, 277.0, 352.0], "4": [84.0, 126.0, 150.0], "5": [36.71232876712329, 134.0, 365.0], "6": [50.841750841750844, 302.0, 594.0], "7": [47.05882352941176, 8.0, 17.0], "8": [83.33333333333334, 15.0, 18.0]}