precision,accuracy,recall,duration
0.20544992514884367,0.27713625866050806,0.2669816375956727,120.90211534500122
