{"0": [59.25925925925925, 16.0, 27.0], "1": [79.16666666666666, 19.0, 24.0], "2": [90.9090909090909, 40.0, 44.0], "3": [57.89473684210527, 99.0, 171.0], "4": [88.88888888888889, 56.0, 63.0], "5": [70.37037037037037, 19.0, 27.0], "6": [87.03703703703704, 47.0, 54.0], "7": [50.0, 1.0, 2.0], "8": [76.19047619047619, 16.0, 21.0]}