{"0": [62.142857142857146, 348.0, 560.0], "1": [36.17021276595745, 17.0, 47.0], "2": [93.02325581395348, 40.0, 43.0], "3": [87.46355685131195, 300.0, 343.0], "4": [94.66666666666667, 142.0, 150.0], "5": [41.01123595505618, 146.0, 356.0], "6": [56.05786618444847, 310.0, 553.0], "7": [47.05882352941176, 8.0, 17.0], "8": [77.77777777777779, 14.0, 18.0]}