precision,accuracy,recall,duration
0.3747630886478299,0.3801418439716312,0.4742401098427265,421.13685059547424
