{"0": [16.666666666666664, 6.0, 36.0], "1": [42.857142857142854, 9.0, 21.0], "2": [80.95238095238095, 34.0, 42.0], "3": [59.4855305466238, 185.0, 311.0], "4": [82.41758241758241, 75.0, 91.0], "5": [20.689655172413794, 6.0, 29.0], "6": [70.11494252873564, 122.0, 174.0], "7": [NaN, 0.0, 0.0], "8": [0.0, 0.0, 1.0]}