precision,accuracy,recall,duration
0.3121720002118923,0.2898961284230406,0.2744622706122694,618.0558874607086
