{"0": [22.22222222222222, 12.0, 54.0], "1": [84.84848484848484, 28.0, 33.0], "2": [84.48275862068965, 49.0, 58.0], "3": [70.75268817204301, 329.0, 465.0], "4": [78.41726618705036, 109.0, 139.0], "5": [33.33333333333333, 15.0, 45.0], "6": [78.9272030651341, 206.0, 261.0], "7": [NaN, 0.0, 0.0], "8": [100.0, 4.0, 4.0]}