precision,accuracy,recall,duration
0.21855989298753584,0.33126550868486354,0.20156186481480787,1182.8118634223938
