{"0": [9.895833333333332, 57.0, 576.0], "1": [97.2972972972973, 180.0, 185.0], "2": [72.72727272727273, 48.0, 66.0], "3": [78.32369942196532, 271.0, 346.0], "4": [100.0, 296.0, 296.0], "5": [87.45644599303137, 251.0, 287.0], "6": [72.89377289377289, 398.0, 546.0], "7": [100.0, 116.0, 116.0], "8": [NaN, 0.0, 0.0]}