precision,accuracy,recall,duration
0.33007420242102853,0.34893617021276596,0.4784595970980271,424.80467462539673
