{"0": [16.666666666666664, 6.0, 36.0], "1": [33.33333333333333, 7.0, 21.0], "2": [85.71428571428571, 36.0, 42.0], "3": [64.30868167202573, 200.0, 311.0], "4": [53.84615384615385, 49.0, 91.0], "5": [27.586206896551722, 8.0, 29.0], "6": [87.93103448275862, 153.0, 174.0], "7": [NaN, 0.0, 0.0], "8": [0.0, 0.0, 1.0]}