{"0": [57.67857142857142, 323.0, 560.0], "1": [34.04255319148936, 16.0, 47.0], "2": [95.34883720930233, 41.0, 43.0], "3": [58.60058309037901, 201.0, 343.0], "4": [94.0, 141.0, 150.0], "5": [39.04494382022472, 139.0, 356.0], "6": [56.78119349005425, 314.0, 553.0], "7": [82.35294117647058, 14.0, 17.0], "8": [66.66666666666666, 12.0, 18.0]}