precision,accuracy,recall,duration
0.2720285361846921,0.2822695035460993,0.3565347144180718,421.17670941352844
