{"0": [58.92857142857143, 330.0, 560.0], "1": [38.297872340425535, 18.0, 47.0], "2": [100.0, 43.0, 43.0], "3": [67.93002915451895, 233.0, 343.0], "4": [88.66666666666667, 133.0, 150.0], "5": [40.73033707865169, 145.0, 356.0], "6": [59.85533453887884, 331.0, 553.0], "7": [76.47058823529412, 13.0, 17.0], "8": [66.66666666666666, 12.0, 18.0]}