{"0": [8.333333333333332, 3.0, 36.0], "1": [38.095238095238095, 8.0, 21.0], "2": [83.33333333333334, 35.0, 42.0], "3": [77.17041800643086, 240.0, 311.0], "4": [54.94505494505495, 50.0, 91.0], "5": [24.137931034482758, 7.0, 29.0], "6": [93.10344827586206, 162.0, 174.0], "7": [NaN, 0.0, 0.0], "8": [100.0, 1.0, 1.0]}