{"0": [21.830985915492956, 62.0, 284.0], "1": [32.0, 8.0, 25.0], "2": [100.0, 22.0, 22.0], "3": [63.06818181818182, 111.0, 176.0], "4": [87.34177215189874, 69.0, 79.0], "5": [36.6120218579235, 67.0, 183.0], "6": [46.48829431438127, 139.0, 299.0], "7": [100.0, 8.0, 8.0], "8": [100.0, 8.0, 8.0]}