precision,accuracy,recall,duration
0.31653074703625445,0.3432624113475177,0.48276202401752166,409.2424156665802
