{"0": [19.444444444444446, 7.0, 36.0], "1": [42.857142857142854, 9.0, 21.0], "2": [71.42857142857143, 30.0, 42.0], "3": [67.84565916398714, 211.0, 311.0], "4": [59.34065934065934, 54.0, 91.0], "5": [20.689655172413794, 6.0, 29.0], "6": [83.9080459770115, 146.0, 174.0], "7": [NaN, 0.0, 0.0], "8": [0.0, 0.0, 1.0]}