{"0": [60.89285714285714, 341.0, 560.0], "1": [40.42553191489361, 19.0, 47.0], "2": [100.0, 43.0, 43.0], "3": [87.46355685131195, 300.0, 343.0], "4": [95.33333333333334, 143.0, 150.0], "5": [44.10112359550562, 157.0, 356.0], "6": [55.33453887884268, 306.0, 553.0], "7": [94.11764705882352, 16.0, 17.0], "8": [44.44444444444444, 8.0, 18.0]}