precision,accuracy,recall,duration
0.2873545654634019,0.33632923368022705,0.3768313758076858,1208.3000524044037
