{"0": [100.0, 569.0, 569.0], "1": [27.659574468085108, 13.0, 47.0], "2": [97.72727272727273, 43.0, 44.0], "3": [55.11363636363637, 194.0, 352.0], "4": [88.0, 132.0, 150.0], "5": [35.61643835616438, 130.0, 365.0], "6": [57.744107744107744, 343.0, 594.0], "7": [29.411764705882355, 5.0, 17.0], "8": [72.22222222222221, 13.0, 18.0]}