{"0": [89.83957219251337, 168.0, 187.0], "1": [14.285714285714285, 2.0, 14.0], "2": [86.66666666666667, 13.0, 15.0], "3": [93.85964912280701, 107.0, 114.0], "4": [90.0, 45.0, 50.0], "5": [51.724137931034484, 60.0, 116.0], "6": [92.93478260869566, 171.0, 184.0], "7": [100.0, 4.0, 4.0], "8": [100.0, 7.0, 7.0]}