{"0": [41.17647058823529, 77.0, 187.0], "1": [42.857142857142854, 6.0, 14.0], "2": [80.0, 12.0, 15.0], "3": [70.17543859649122, 80.0, 114.0], "4": [80.0, 40.0, 50.0], "5": [37.06896551724138, 43.0, 116.0], "6": [56.52173913043478, 104.0, 184.0], "7": [50.0, 2.0, 4.0], "8": [100.0, 7.0, 7.0]}