precision,accuracy,recall,duration
0.38859295087754564,0.2237960339943343,0.3469492461380226,1216.7231860160828
