best_model_train_loss,best_model_val_loss,best_model_train_acc,best_model_val_acc,best_model_learning_rate,best_model_nb_epoch
0.43848931789398193,0.6045234799385071,0.4556543827056885,0.37960338592529297,0.0010000000474974513,96
