precision,accuracy,recall,duration
0.428591971168255,0.40776233828461905,0.39893410665717877,953.9027917385101
