precision,accuracy,recall,duration
0.3720140781117363,0.3909348441926346,0.38231634382909135,602.6943490505219
