{"0": [54.82142857142858, 307.0, 560.0], "1": [23.404255319148938, 11.0, 47.0], "2": [83.72093023255815, 36.0, 43.0], "3": [87.17201166180757, 299.0, 343.0], "4": [92.0, 138.0, 150.0], "5": [40.168539325842694, 143.0, 356.0], "6": [51.17540687160941, 283.0, 553.0], "7": [52.94117647058824, 9.0, 17.0], "8": [55.55555555555556, 10.0, 18.0]}