{"0": [29.629629629629626, 16.0, 54.0], "1": [36.36363636363637, 12.0, 33.0], "2": [79.3103448275862, 46.0, 58.0], "3": [66.23655913978494, 308.0, 465.0], "4": [78.41726618705036, 109.0, 139.0], "5": [40.0, 18.0, 45.0], "6": [50.95785440613027, 133.0, 261.0], "7": [NaN, 0.0, 0.0], "8": [75.0, 3.0, 4.0]}