precision,accuracy,recall,duration
0.24405620134786796,0.24751066856330015,0.28432192825661634,316.02893829345703
