{"0": [98.95287958115183, 189.0, 191.0], "1": [35.714285714285715, 5.0, 14.0], "2": [100.0, 16.0, 16.0], "3": [73.72881355932203, 87.0, 118.0], "4": [90.0, 45.0, 50.0], "5": [35.0, 42.0, 120.0], "6": [76.76767676767676, 152.0, 198.0], "7": [50.0, 2.0, 4.0], "8": [85.71428571428571, 6.0, 7.0]}