{"0": [66.96428571428571, 375.0, 560.0], "1": [46.808510638297875, 22.0, 47.0], "2": [100.0, 43.0, 43.0], "3": [96.20991253644316, 330.0, 343.0], "4": [91.33333333333333, 137.0, 150.0], "5": [43.258426966292134, 154.0, 356.0], "6": [57.50452079566004, 318.0, 553.0], "7": [82.35294117647058, 14.0, 17.0], "8": [55.55555555555556, 10.0, 18.0]}