precision,accuracy,recall,duration
0.3748135275264053,0.26817752596789424,0.3725788591944166,598.3228266239166
