{"0": [33.33333333333333, 18.0, 54.0], "1": [30.303030303030305, 10.0, 33.0], "2": [89.65517241379311, 52.0, 58.0], "3": [84.08602150537634, 391.0, 465.0], "4": [88.48920863309353, 123.0, 139.0], "5": [24.444444444444443, 11.0, 45.0], "6": [64.36781609195403, 168.0, 261.0], "7": [NaN, 0.0, 0.0], "8": [50.0, 2.0, 4.0]}