precision,accuracy,recall,duration
0.28740412495275697,0.2297872340425532,0.42716008166723324,406.51022148132324
