precision,accuracy,recall,duration
0.3494907784092548,0.3851224105461394,0.2981528977866213,599.4518232345581
