{"0": [47.53521126760563, 135.0, 284.0], "1": [96.0, 24.0, 25.0], "2": [100.0, 22.0, 22.0], "3": [78.4090909090909, 138.0, 176.0], "4": [75.9493670886076, 60.0, 79.0], "5": [39.34426229508197, 72.0, 183.0], "6": [71.23745819397993, 213.0, 299.0], "7": [25.0, 2.0, 8.0], "8": [100.0, 8.0, 8.0]}