{"0": [55.35714285714286, 310.0, 560.0], "1": [48.93617021276596, 23.0, 47.0], "2": [100.0, 43.0, 43.0], "3": [88.33819241982506, 303.0, 343.0], "4": [82.66666666666667, 124.0, 150.0], "5": [57.865168539325836, 206.0, 356.0], "6": [64.376130198915, 356.0, 553.0], "7": [11.76470588235294, 2.0, 17.0], "8": [66.66666666666666, 12.0, 18.0]}