precision,accuracy,recall,duration
0.3603401242654732,0.40305635148042024,0.42288032957006916,593.251579284668
