{"0": [45.16129032258064, 126.0, 279.0], "1": [52.0, 13.0, 25.0], "2": [71.42857142857143, 15.0, 21.0], "3": [77.19298245614034, 132.0, 171.0], "4": [73.41772151898735, 58.0, 79.0], "5": [39.325842696629216, 70.0, 178.0], "6": [73.38129496402878, 204.0, 278.0], "7": [12.5, 1.0, 8.0], "8": [75.0, 6.0, 8.0]}