precision,accuracy,recall,duration
0.35106297209430526,0.4020715630885122,0.3541465989750723,597.588933467865
