{"0": [46.12676056338028, 131.0, 284.0], "1": [48.0, 12.0, 25.0], "2": [86.36363636363636, 19.0, 22.0], "3": [68.75, 121.0, 176.0], "4": [82.27848101265823, 65.0, 79.0], "5": [38.79781420765027, 71.0, 183.0], "6": [75.58528428093646, 226.0, 299.0], "7": [37.5, 3.0, 8.0], "8": [100.0, 8.0, 8.0]}