precision,accuracy,recall,duration
0.28915888643382814,0.33900709219858155,0.4320029044037618,400.91153502464294
