precision,accuracy,recall,duration
0.2974344310137591,0.307837582625118,0.29445827457313706,608.3023750782013
