{"0": [22.22222222222222, 12.0, 54.0], "1": [81.81818181818183, 27.0, 33.0], "2": [93.10344827586206, 54.0, 58.0], "3": [74.6236559139785, 347.0, 465.0], "4": [61.15107913669065, 85.0, 139.0], "5": [28.888888888888886, 13.0, 45.0], "6": [73.18007662835248, 191.0, 261.0], "7": [NaN, 0.0, 0.0], "8": [100.0, 4.0, 4.0]}