precision,accuracy,recall,duration
0.3034967296267387,0.3342776203966006,0.3591813145514344,601.7749586105347
