{"0": [64.81481481481481, 35.0, 54.0], "1": [30.303030303030305, 10.0, 33.0], "2": [79.3103448275862, 46.0, 58.0], "3": [74.40860215053763, 346.0, 465.0], "4": [78.41726618705036, 109.0, 139.0], "5": [17.77777777777778, 8.0, 45.0], "6": [56.70498084291188, 148.0, 261.0], "7": [NaN, 0.0, 0.0], "8": [75.0, 3.0, 4.0]}