{"0": [53.035714285714285, 297.0, 560.0], "1": [95.74468085106383, 45.0, 47.0], "2": [41.86046511627907, 18.0, 43.0], "3": [55.68513119533528, 191.0, 343.0], "4": [100.0, 150.0, 150.0], "5": [43.53932584269663, 155.0, 356.0], "6": [61.48282097649186, 340.0, 553.0], "7": [76.47058823529412, 13.0, 17.0], "8": [50.0, 9.0, 18.0]}