{"0": [61.964285714285715, 347.0, 560.0], "1": [38.297872340425535, 18.0, 47.0], "2": [100.0, 43.0, 43.0], "3": [87.17201166180757, 299.0, 343.0], "4": [95.33333333333334, 143.0, 150.0], "5": [40.168539325842694, 143.0, 356.0], "6": [60.397830018083184, 334.0, 553.0], "7": [64.70588235294117, 11.0, 17.0], "8": [61.111111111111114, 11.0, 18.0]}