{"0": [39.894551845342704, 227.0, 569.0], "1": [27.659574468085108, 13.0, 47.0], "2": [81.81818181818183, 36.0, 44.0], "3": [78.4090909090909, 276.0, 352.0], "4": [93.33333333333333, 140.0, 150.0], "5": [36.16438356164384, 132.0, 365.0], "6": [51.010101010101, 303.0, 594.0], "7": [94.11764705882352, 16.0, 17.0], "8": [77.77777777777779, 14.0, 18.0]}