precision,accuracy,recall,duration
0.3024715596001691,0.413151364764268,0.3033157391308626,402.36862301826477
