{"0": [11.398963730569948, 22.0, 193.0], "1": [100.0, 59.0, 59.0], "2": [33.33333333333333, 8.0, 24.0], "3": [81.19658119658119, 95.0, 117.0], "4": [100.0, 98.0, 98.0], "5": [36.95652173913043, 34.0, 92.0], "6": [64.13043478260869, 118.0, 184.0], "7": [100.0, 39.0, 39.0], "8": [NaN, 0.0, 0.0]}