best_model_train_loss,best_model_val_loss,best_model_train_acc,best_model_val_acc,best_model_learning_rate,best_model_nb_epoch
0.4380709230899811,0.49317020177841187,0.44338542222976685,0.3985815644264221,0.0010000000474974513,87
