precision,accuracy,recall,duration
0.36701211966258523,0.39923591212989495,0.3267625227871291,599.0058026313782
