precision,accuracy,recall,duration
0.3805885645136013,0.4099290780141844,0.5097171027521769,403.8771777153015
