{"0": [19.444444444444446, 7.0, 36.0], "1": [33.33333333333333, 7.0, 21.0], "2": [85.71428571428571, 36.0, 42.0], "3": [68.81028938906752, 214.0, 311.0], "4": [61.53846153846154, 56.0, 91.0], "5": [20.689655172413794, 6.0, 29.0], "6": [51.724137931034484, 90.0, 174.0], "7": [NaN, 0.0, 0.0], "8": [0.0, 0.0, 1.0]}