{"0": [59.82142857142857, 335.0, 560.0], "1": [46.808510638297875, 22.0, 47.0], "2": [95.34883720930233, 41.0, 43.0], "3": [89.50437317784257, 307.0, 343.0], "4": [98.0, 147.0, 150.0], "5": [41.01123595505618, 146.0, 356.0], "6": [56.78119349005425, 314.0, 553.0], "7": [82.35294117647058, 14.0, 17.0], "8": [77.77777777777779, 14.0, 18.0]}