{"0": [53.75, 301.0, 560.0], "1": [34.04255319148936, 16.0, 47.0], "2": [76.74418604651163, 33.0, 43.0], "3": [59.183673469387756, 203.0, 343.0], "4": [94.66666666666667, 142.0, 150.0], "5": [38.48314606741573, 137.0, 356.0], "6": [56.41952983725136, 312.0, 553.0], "7": [76.47058823529412, 13.0, 17.0], "8": [77.77777777777779, 14.0, 18.0]}