{"0": [54.305799648506145, 309.0, 569.0], "1": [51.06382978723404, 24.0, 47.0], "2": [100.0, 44.0, 44.0], "3": [86.36363636363636, 304.0, 352.0], "4": [90.0, 135.0, 150.0], "5": [43.013698630136986, 157.0, 365.0], "6": [56.3973063973064, 335.0, 594.0], "7": [17.647058823529413, 3.0, 17.0], "8": [66.66666666666666, 12.0, 18.0]}