precision,accuracy,recall,duration
0.271364435367268,0.2836676217765043,0.29154703575812685,597.9768261909485
