{"0": [100.0, 279.0, 279.0], "1": [32.0, 8.0, 25.0], "2": [95.23809523809523, 20.0, 21.0], "3": [81.28654970760235, 139.0, 171.0], "4": [84.81012658227847, 67.0, 79.0], "5": [37.07865168539326, 66.0, 178.0], "6": [57.194244604316545, 159.0, 278.0], "7": [50.0, 4.0, 8.0], "8": [100.0, 8.0, 8.0]}