precision,accuracy,recall,duration
0.2619045287447255,0.1619452313503305,0.24692340544353852,1187.438434123993
