{"0": [25.233644859813083, 27.0, 107.0], "1": [34.92063492063492, 22.0, 63.0], "2": [90.35087719298247, 103.0, 114.0], "3": [96.57020364415862, 901.0, 933.0], "4": [95.81881533101046, 275.0, 287.0], "5": [100.0, 89.0, 89.0], "6": [68.20809248554913, 354.0, 519.0], "7": [NaN, 0.0, 0.0], "8": [66.66666666666666, 4.0, 6.0]}