{"0": [57.64499121265377, 328.0, 569.0], "1": [44.680851063829785, 21.0, 47.0], "2": [97.72727272727273, 43.0, 44.0], "3": [70.73863636363636, 249.0, 352.0], "4": [85.33333333333334, 128.0, 150.0], "5": [40.821917808219176, 149.0, 365.0], "6": [58.75420875420876, 349.0, 594.0], "7": [64.70588235294117, 11.0, 17.0], "8": [55.55555555555556, 10.0, 18.0]}