best_model_train_loss,best_model_val_loss,best_model_train_acc,best_model_val_acc,best_model_learning_rate,best_model_nb_epoch
0.44337528944015503,1.0521605014801025,0.4625158905982971,0.3814919590950012,0.0010000000474974513,90
