precision,accuracy,recall,duration
0.29992480144490913,0.32483474976392823,0.38905592641424885,600.3751962184906
