{"0": [55.55555555555556, 30.0, 54.0], "1": [36.36363636363637, 12.0, 33.0], "2": [82.75862068965517, 48.0, 58.0], "3": [81.0752688172043, 377.0, 465.0], "4": [71.22302158273382, 99.0, 139.0], "5": [20.0, 9.0, 45.0], "6": [52.87356321839081, 138.0, 261.0], "7": [NaN, 0.0, 0.0], "8": [50.0, 2.0, 4.0]}