precision,accuracy,recall,duration
0.3335710856924903,0.4096728307254623,0.3421727979367637,322.6128716468811
