{"0": [44.50261780104712, 85.0, 191.0], "1": [42.857142857142854, 6.0, 14.0], "2": [100.0, 16.0, 16.0], "3": [58.47457627118644, 69.0, 118.0], "4": [64.0, 32.0, 50.0], "5": [69.16666666666667, 83.0, 120.0], "6": [65.65656565656566, 130.0, 198.0], "7": [50.0, 2.0, 4.0], "8": [100.0, 7.0, 7.0]}