{"0": [20.738137082601053, 118.0, 569.0], "1": [48.93617021276596, 23.0, 47.0], "2": [93.18181818181817, 41.0, 44.0], "3": [82.67045454545455, 291.0, 352.0], "4": [70.66666666666667, 106.0, 150.0], "5": [37.534246575342465, 137.0, 365.0], "6": [50.33670033670033, 299.0, 594.0], "7": [100.0, 17.0, 17.0], "8": [83.33333333333334, 15.0, 18.0]}