{"0": [39.19156414762742, 223.0, 569.0], "1": [40.42553191489361, 19.0, 47.0], "2": [95.45454545454545, 42.0, 44.0], "3": [75.0, 264.0, 352.0], "4": [88.66666666666667, 133.0, 150.0], "5": [34.794520547945204, 127.0, 365.0], "6": [58.92255892255892, 350.0, 594.0], "7": [82.35294117647058, 14.0, 17.0], "8": [88.88888888888889, 16.0, 18.0]}