best_model_train_loss,best_model_val_loss,best_model_train_acc,best_model_val_acc,best_model_learning_rate,best_model_nb_epoch
0.44122374057769775,0.5254595875740051,0.4445291757583618,0.34893617033958435,0.0010000000474974513,85
