precision,accuracy,recall,duration
0.33426093158034476,0.3375886524822695,0.35559971307652133,419.008962392807
