{"0": [65.71428571428571, 368.0, 560.0], "1": [40.42553191489361, 19.0, 47.0], "2": [90.69767441860465, 39.0, 43.0], "3": [90.0874635568513, 309.0, 343.0], "4": [95.33333333333334, 143.0, 150.0], "5": [44.38202247191011, 158.0, 356.0], "6": [56.6003616636528, 313.0, 553.0], "7": [76.47058823529412, 13.0, 17.0], "8": [66.66666666666666, 12.0, 18.0]}