{"0": [19.444444444444446, 7.0, 36.0], "1": [38.095238095238095, 8.0, 21.0], "2": [85.71428571428571, 36.0, 42.0], "3": [70.09646302250803, 218.0, 311.0], "4": [63.73626373626373, 58.0, 91.0], "5": [27.586206896551722, 8.0, 29.0], "6": [75.28735632183908, 131.0, 174.0], "7": [NaN, 0.0, 0.0], "8": [100.0, 1.0, 1.0]}