precision,accuracy,recall,duration
0.397599137495754,0.42990654205607476,0.5441839477726574,34.212265491485596
