{"0": [59.10714285714286, 331.0, 560.0], "1": [34.04255319148936, 16.0, 47.0], "2": [88.37209302325581, 38.0, 43.0], "3": [62.09912536443149, 213.0, 343.0], "4": [93.33333333333333, 140.0, 150.0], "5": [42.97752808988764, 153.0, 356.0], "6": [51.71790235081374, 286.0, 553.0], "7": [76.47058823529412, 13.0, 17.0], "8": [77.77777777777779, 14.0, 18.0]}