{"0": [17.253521126760564, 49.0, 284.0], "1": [48.0, 12.0, 25.0], "2": [90.9090909090909, 20.0, 22.0], "3": [69.31818181818183, 122.0, 176.0], "4": [92.40506329113924, 73.0, 79.0], "5": [38.25136612021858, 70.0, 183.0], "6": [55.51839464882943, 166.0, 299.0], "7": [100.0, 8.0, 8.0], "8": [100.0, 8.0, 8.0]}