{"0": [52.196836555360285, 297.0, 569.0], "1": [42.5531914893617, 20.0, 47.0], "2": [95.45454545454545, 42.0, 44.0], "3": [75.2840909090909, 265.0, 352.0], "4": [87.33333333333333, 131.0, 150.0], "5": [38.082191780821915, 139.0, 365.0], "6": [59.93265993265994, 356.0, 594.0], "7": [58.82352941176471, 10.0, 17.0], "8": [72.22222222222221, 13.0, 18.0]}