best_model_train_loss,best_model_val_loss,best_model_train_acc,best_model_val_acc,best_model_learning_rate,best_model_nb_epoch
0.45986706018447876,1.0575306415557861,0.40737923979759216,0.41678521037101746,0.0010000000474974513,92
