precision,accuracy,recall,duration
0.35254654740048014,0.3840682788051209,0.3244102169455679,424.51354360580444
