precision,accuracy,recall,duration
0.3810026816576613,0.3881019830028329,0.41652847464878145,1193.331678390503
