{"0": [27.102803738317753, 29.0, 107.0], "1": [33.33333333333333, 21.0, 63.0], "2": [86.8421052631579, 99.0, 114.0], "3": [63.022508038585215, 588.0, 933.0], "4": [77.00348432055749, 221.0, 287.0], "5": [28.08988764044944, 25.0, 89.0], "6": [59.73025048169557, 310.0, 519.0], "7": [NaN, 0.0, 0.0], "8": [50.0, 3.0, 6.0]}