{"0": [50.78534031413613, 97.0, 191.0], "1": [28.57142857142857, 4.0, 14.0], "2": [100.0, 16.0, 16.0], "3": [83.05084745762711, 98.0, 118.0], "4": [92.0, 46.0, 50.0], "5": [41.66666666666667, 50.0, 120.0], "6": [64.14141414141415, 127.0, 198.0], "7": [50.0, 2.0, 4.0], "8": [100.0, 7.0, 7.0]}