precision,accuracy,recall,duration
0.35968942117214814,0.3218720152817574,0.2928768733092192,609.0306560993195
