{"0": [70.96774193548387, 198.0, 279.0], "1": [40.0, 10.0, 25.0], "2": [57.14285714285714, 12.0, 21.0], "3": [91.81286549707602, 157.0, 171.0], "4": [100.0, 79.0, 79.0], "5": [42.13483146067416, 75.0, 178.0], "6": [59.352517985611506, 165.0, 278.0], "7": [75.0, 6.0, 8.0], "8": [100.0, 8.0, 8.0]}