best_model_train_loss,best_model_val_loss,best_model_train_acc,best_model_val_acc,best_model_learning_rate,best_model_nb_epoch
0.42706939578056335,0.5042739510536194,0.4529165029525757,0.3602837026119232,0.0010000000474974513,99
