precision,accuracy,recall,duration
0.36343050376247155,0.36028368794326243,0.4828180416660292,402.32267785072327
