precision,accuracy,recall,duration
0.4142317145579191,0.4337748344370861,0.4105045696560092,1211.481024980545
