{"0": [25.0, 9.0, 36.0], "1": [38.095238095238095, 8.0, 21.0], "2": [78.57142857142857, 33.0, 42.0], "3": [73.95498392282958, 230.0, 311.0], "4": [65.93406593406593, 60.0, 91.0], "5": [24.137931034482758, 7.0, 29.0], "6": [59.77011494252874, 104.0, 174.0], "7": [NaN, 0.0, 0.0], "8": [0.0, 0.0, 1.0]}