{"0": [57.82073813708261, 329.0, 569.0], "1": [36.17021276595745, 17.0, 47.0], "2": [95.45454545454545, 42.0, 44.0], "3": [54.82954545454546, 193.0, 352.0], "4": [90.0, 135.0, 150.0], "5": [41.917808219178085, 153.0, 365.0], "6": [58.92255892255892, 350.0, 594.0], "7": [64.70588235294117, 11.0, 17.0], "8": [33.33333333333333, 6.0, 18.0]}