{"0": [60.357142857142854, 338.0, 560.0], "1": [23.404255319148938, 11.0, 47.0], "2": [90.69767441860465, 39.0, 43.0], "3": [56.559766763848394, 194.0, 343.0], "4": [96.0, 144.0, 150.0], "5": [40.44943820224719, 144.0, 356.0], "6": [59.3128390596745, 328.0, 553.0], "7": [94.11764705882352, 16.0, 17.0], "8": [72.22222222222221, 13.0, 18.0]}