best_model_train_loss,best_model_val_loss,best_model_train_acc,best_model_val_acc,best_model_learning_rate,best_model_nb_epoch
0.43797358870506287,0.5451008081436157,0.4529165029525757,0.33475178480148315,0.0010000000474974513,90
