precision,accuracy,recall,duration
0.34866031230310357,0.33191489361702126,0.4543356622023879,406.1088333129883
