precision,accuracy,recall,duration
0.3539937712351505,0.19136960600375236,0.2622872865063534,304.6472432613373
