precision,accuracy,recall,duration
0.3588819250090352,0.28234183191690276,0.38681715114868925,640.3957304954529
