{"0": [33.33333333333333, 18.0, 54.0], "1": [33.33333333333333, 11.0, 33.0], "2": [82.75862068965517, 48.0, 58.0], "3": [84.94623655913979, 395.0, 465.0], "4": [88.48920863309353, 123.0, 139.0], "5": [20.0, 9.0, 45.0], "6": [59.00383141762452, 154.0, 261.0], "7": [NaN, 0.0, 0.0], "8": [50.0, 2.0, 4.0]}