{"0": [62.214411247803156, 354.0, 569.0], "1": [38.297872340425535, 18.0, 47.0], "2": [84.0909090909091, 37.0, 44.0], "3": [82.10227272727273, 289.0, 352.0], "4": [98.0, 147.0, 150.0], "5": [41.369863013698634, 151.0, 365.0], "6": [58.24915824915825, 346.0, 594.0], "7": [76.47058823529412, 13.0, 17.0], "8": [61.111111111111114, 11.0, 18.0]}