{"0": [62.142857142857146, 348.0, 560.0], "1": [46.808510638297875, 22.0, 47.0], "2": [74.4186046511628, 32.0, 43.0], "3": [58.89212827988338, 202.0, 343.0], "4": [96.66666666666667, 145.0, 150.0], "5": [41.01123595505618, 146.0, 356.0], "6": [56.23869801084991, 311.0, 553.0], "7": [58.82352941176471, 10.0, 17.0], "8": [66.66666666666666, 12.0, 18.0]}