{"0": [59.10714285714286, 331.0, 560.0], "1": [34.04255319148936, 16.0, 47.0], "2": [95.34883720930233, 41.0, 43.0], "3": [87.46355685131195, 300.0, 343.0], "4": [94.66666666666667, 142.0, 150.0], "5": [40.168539325842694, 143.0, 356.0], "6": [55.69620253164557, 308.0, 553.0], "7": [76.47058823529412, 13.0, 17.0], "8": [66.66666666666666, 12.0, 18.0]}