precision,accuracy,recall,duration
0.37007136062699514,0.40919980833732633,0.32672421088985254,1013.8158366680145
