{"0": [51.78571428571429, 290.0, 560.0], "1": [68.08510638297872, 32.0, 47.0], "2": [81.3953488372093, 35.0, 43.0], "3": [72.59475218658892, 249.0, 343.0], "4": [82.0, 123.0, 150.0], "5": [43.82022471910113, 156.0, 356.0], "6": [58.22784810126582, 322.0, 553.0], "7": [64.70588235294117, 11.0, 17.0], "8": [83.33333333333334, 15.0, 18.0]}