{"0": [50.357142857142854, 282.0, 560.0], "1": [46.808510638297875, 22.0, 47.0], "2": [100.0, 43.0, 43.0], "3": [58.60058309037901, 201.0, 343.0], "4": [76.0, 114.0, 150.0], "5": [37.92134831460674, 135.0, 356.0], "6": [52.80289330922242, 292.0, 553.0], "7": [64.70588235294117, 11.0, 17.0], "8": [83.33333333333334, 15.0, 18.0]}