best_model_train_loss,best_model_val_loss,best_model_train_acc,best_model_val_acc,best_model_learning_rate,best_model_nb_epoch
0.44886910915374756,0.5364074110984802,0.4647350311279297,0.38014185428619385,0.0010000000474974513,99
