precision,accuracy,recall,duration
0.37847755036211045,0.3801418439716312,0.47287474359027004,424.68399572372437
