{"0": [19.444444444444446, 7.0, 36.0], "1": [42.857142857142854, 9.0, 21.0], "2": [76.19047619047619, 32.0, 42.0], "3": [60.45016077170418, 188.0, 311.0], "4": [83.51648351648352, 76.0, 91.0], "5": [24.137931034482758, 7.0, 29.0], "6": [67.81609195402298, 118.0, 174.0], "7": [NaN, 0.0, 0.0], "8": [0.0, 0.0, 1.0]}