{"0": [64.14762741652021, 365.0, 569.0], "1": [36.17021276595745, 17.0, 47.0], "2": [100.0, 44.0, 44.0], "3": [89.77272727272727, 316.0, 352.0], "4": [92.66666666666666, 139.0, 150.0], "5": [42.19178082191781, 154.0, 365.0], "6": [62.79461279461279, 373.0, 594.0], "7": [52.94117647058824, 9.0, 17.0], "8": [55.55555555555556, 10.0, 18.0]}