precision,accuracy,recall,duration
0.338166511901317,0.3375886524822695,0.4678737620028229,417.22690749168396
