{"0": [58.92857142857143, 330.0, 560.0], "1": [38.297872340425535, 18.0, 47.0], "2": [90.69767441860465, 39.0, 43.0], "3": [74.63556851311954, 256.0, 343.0], "4": [97.33333333333334, 146.0, 150.0], "5": [39.60674157303371, 141.0, 356.0], "6": [55.33453887884268, 306.0, 553.0], "7": [64.70588235294117, 11.0, 17.0], "8": [55.55555555555556, 10.0, 18.0]}