best_model_train_loss,best_model_val_loss,best_model_train_acc,best_model_val_acc,best_model_learning_rate,best_model_nb_epoch
0.4317888021469116,0.8808254599571228,0.44752222299575806,0.40415486693382263,0.0010000000474974513,99
