precision,accuracy,recall,duration
0.39206660536181853,0.413434247871334,0.38205139958403517,1214.3495454788208
