precision,accuracy,recall,duration
0.3611387277354081,0.40415486307837584,0.3797928618525089,595.7275936603546
