{"0": [25.925925925925924, 14.0, 54.0], "1": [36.36363636363637, 12.0, 33.0], "2": [81.03448275862068, 47.0, 58.0], "3": [65.80645161290323, 306.0, 465.0], "4": [76.2589928057554, 106.0, 139.0], "5": [22.22222222222222, 10.0, 45.0], "6": [50.57471264367817, 132.0, 261.0], "7": [NaN, 0.0, 0.0], "8": [100.0, 4.0, 4.0]}