{"0": [51.66959578207382, 294.0, 569.0], "1": [31.914893617021278, 15.0, 47.0], "2": [95.45454545454545, 42.0, 44.0], "3": [74.14772727272727, 261.0, 352.0], "4": [88.0, 132.0, 150.0], "5": [42.465753424657535, 155.0, 365.0], "6": [60.77441077441077, 361.0, 594.0], "7": [58.82352941176471, 10.0, 17.0], "8": [55.55555555555556, 10.0, 18.0]}