precision,accuracy,recall,duration
0.3436692232529999,0.4630969609261939,0.3715587952073579,394.79983496665955
