{"0": [27.807486631016044, 52.0, 187.0], "1": [42.857142857142854, 6.0, 14.0], "2": [86.66666666666667, 13.0, 15.0], "3": [72.80701754385966, 83.0, 114.0], "4": [78.0, 39.0, 50.0], "5": [42.241379310344826, 49.0, 116.0], "6": [65.21739130434783, 120.0, 184.0], "7": [50.0, 2.0, 4.0], "8": [100.0, 7.0, 7.0]}