precision,accuracy,recall,duration
0.3708089801889909,0.3645390070921986,0.4698478726733891,420.23928022384644
