precision,accuracy,recall,duration
0.32385839599953736,0.31347517730496455,0.45766456812581663,419.4501368999481
