{"0": [68.57142857142857, 384.0, 560.0], "1": [65.95744680851064, 31.0, 47.0], "2": [86.04651162790698, 37.0, 43.0], "3": [98.54227405247813, 338.0, 343.0], "4": [99.33333333333333, 149.0, 150.0], "5": [45.2247191011236, 161.0, 356.0], "6": [60.397830018083184, 334.0, 553.0], "7": [94.11764705882352, 16.0, 17.0], "8": [38.88888888888889, 7.0, 18.0]}