{"0": [25.0, 9.0, 36.0], "1": [38.095238095238095, 8.0, 21.0], "2": [73.80952380952381, 31.0, 42.0], "3": [72.02572347266882, 224.0, 311.0], "4": [78.02197802197803, 71.0, 91.0], "5": [24.137931034482758, 7.0, 29.0], "6": [77.01149425287356, 134.0, 174.0], "7": [NaN, 0.0, 0.0], "8": [0.0, 0.0, 1.0]}