precision,accuracy,recall,duration
0.31303200848564194,0.3313953488372093,0.3385221536051543,200.47191047668457
