{"0": [37.333333333333336, 28.0, 75.0], "1": [62.5, 55.0, 88.0], "2": [90.9090909090909, 100.0, 110.0], "3": [62.11538461538461, 323.0, 520.0], "4": [68.34170854271356, 136.0, 199.0], "5": [28.125, 18.0, 64.0], "6": [86.328125, 221.0, 256.0], "7": [100.0, 2.0, 2.0], "8": [59.67741935483871, 37.0, 62.0]}