{"0": [55.88752196836555, 318.0, 569.0], "1": [44.680851063829785, 21.0, 47.0], "2": [93.18181818181817, 41.0, 44.0], "3": [90.625, 319.0, 352.0], "4": [88.66666666666667, 133.0, 150.0], "5": [40.54794520547945, 148.0, 365.0], "6": [47.30639730639731, 281.0, 594.0], "7": [29.411764705882355, 5.0, 17.0], "8": [77.77777777777779, 14.0, 18.0]}