{"0": [59.82142857142857, 335.0, 560.0], "1": [68.08510638297872, 32.0, 47.0], "2": [100.0, 43.0, 43.0], "3": [57.7259475218659, 198.0, 343.0], "4": [75.33333333333333, 113.0, 150.0], "5": [44.38202247191011, 158.0, 356.0], "6": [56.6003616636528, 313.0, 553.0], "7": [94.11764705882352, 16.0, 17.0], "8": [55.55555555555556, 10.0, 18.0]}