{"0": [65.71428571428571, 368.0, 560.0], "1": [100.0, 47.0, 47.0], "2": [100.0, 43.0, 43.0], "3": [85.13119533527697, 292.0, 343.0], "4": [87.33333333333333, 131.0, 150.0], "5": [63.76404494382022, 227.0, 356.0], "6": [57.86618444846293, 320.0, 553.0], "7": [0.0, 0.0, 17.0], "8": [83.33333333333334, 15.0, 18.0]}