best_model_train_loss,best_model_val_loss,best_model_train_acc,best_model_val_acc,best_model_learning_rate,best_model_nb_epoch
0.4412198066711426,0.5546693801879883,0.4449104070663452,0.34184396266937256,0.0010000000474974513,99
