precision,accuracy,recall,duration
0.29621202386492373,0.34184397163120567,0.45052783095618587,401.0696575641632
