{"0": [52.77777777777778, 19.0, 36.0], "1": [28.57142857142857, 6.0, 21.0], "2": [85.71428571428571, 36.0, 42.0], "3": [69.45337620578779, 216.0, 311.0], "4": [75.82417582417582, 69.0, 91.0], "5": [17.24137931034483, 5.0, 29.0], "6": [64.9425287356322, 113.0, 174.0], "7": [NaN, 0.0, 0.0], "8": [0.0, 0.0, 1.0]}