{"0": [59.929701230228474, 341.0, 569.0], "1": [42.5531914893617, 20.0, 47.0], "2": [95.45454545454545, 42.0, 44.0], "3": [84.0909090909091, 296.0, 352.0], "4": [90.0, 135.0, 150.0], "5": [40.0, 146.0, 365.0], "6": [58.92255892255892, 350.0, 594.0], "7": [29.411764705882355, 5.0, 17.0], "8": [66.66666666666666, 12.0, 18.0]}