precision,accuracy,recall,duration
0.2633819158328963,0.2270168855534709,0.25390172197474425,309.4548969268799
