{"0": [26.923076923076923, 7.0, 26.0], "1": [48.275862068965516, 14.0, 29.0], "2": [94.11764705882352, 32.0, 34.0], "3": [80.18018018018019, 178.0, 222.0], "4": [94.66666666666667, 71.0, 75.0], "5": [96.15384615384616, 25.0, 26.0], "6": [71.17117117117117, 79.0, 111.0], "7": [NaN, 0.0, 0.0], "8": [60.0, 6.0, 10.0]}