precision,accuracy,recall,duration
0.397966224531985,0.1964117091595845,0.31019039371611346,1196.772703409195
