{"0": [30.8411214953271, 33.0, 107.0], "1": [66.66666666666666, 42.0, 63.0], "2": [90.35087719298247, 103.0, 114.0], "3": [94.7481243301179, 884.0, 933.0], "4": [96.51567944250871, 277.0, 287.0], "5": [26.96629213483146, 24.0, 89.0], "6": [64.73988439306359, 336.0, 519.0], "7": [NaN, 0.0, 0.0], "8": [50.0, 3.0, 6.0]}