precision,accuracy,recall,duration
0.3552686810345048,0.3243890752275994,0.32857827667108375,975.5495307445526
