{"0": [69.82142857142857, 391.0, 560.0], "1": [40.42553191489361, 19.0, 47.0], "2": [83.72093023255815, 36.0, 43.0], "3": [89.21282798833819, 306.0, 343.0], "4": [98.0, 147.0, 150.0], "5": [42.69662921348314, 152.0, 356.0], "6": [61.12115732368897, 338.0, 553.0], "7": [47.05882352941176, 8.0, 17.0], "8": [72.22222222222221, 13.0, 18.0]}