precision,accuracy,recall,duration
0.3298073501254356,0.34738372093023256,0.40679509322415114,540.2515547275543
