{"0": [58.42696629213483, 52.0, 89.0], "1": [55.172413793103445, 32.0, 58.0], "2": [99.29078014184397, 140.0, 141.0], "3": [55.90277777777778, 322.0, 576.0], "4": [69.89247311827957, 130.0, 186.0], "5": [26.666666666666668, 20.0, 75.0], "6": [93.53233830845771, 188.0, 201.0], "7": [50.0, 3.0, 6.0], "8": [25.0, 11.0, 44.0]}