best_model_train_loss,best_model_val_loss,best_model_train_acc,best_model_val_acc,best_model_learning_rate,best_model_nb_epoch
0.4874419569969177,1.0258417129516602,0.36772555112838745,0.27289897203445435,0.0010000000474974513,99
