precision,accuracy,recall,duration
0.3203897190735029,0.2728989612842304,0.28589390087216604,1195.4805505275726
