precision,accuracy,recall,duration
0.32852514249794235,0.31397544853635506,0.3177290023298458,1204.0322489738464
