{"0": [25.233644859813083, 27.0, 107.0], "1": [87.3015873015873, 55.0, 63.0], "2": [84.21052631578947, 96.0, 114.0], "3": [74.06216505894963, 691.0, 933.0], "4": [67.94425087108013, 195.0, 287.0], "5": [41.57303370786517, 37.0, 89.0], "6": [67.05202312138728, 348.0, 519.0], "7": [NaN, 0.0, 0.0], "8": [66.66666666666666, 4.0, 6.0]}