{"0": [29.906542056074763, 32.0, 107.0], "1": [82.53968253968253, 52.0, 63.0], "2": [78.0701754385965, 89.0, 114.0], "3": [76.7416934619507, 716.0, 933.0], "4": [82.57839721254355, 237.0, 287.0], "5": [37.07865168539326, 33.0, 89.0], "6": [72.44701348747591, 376.0, 519.0], "7": [NaN, 0.0, 0.0], "8": [83.33333333333334, 5.0, 6.0]}