precision,accuracy,recall,duration
0.37202289320938187,0.40974212034383956,0.3398226033008669,611.1746261119843
