{"0": [52.32974910394266, 146.0, 279.0], "1": [40.0, 10.0, 25.0], "2": [61.904761904761905, 13.0, 21.0], "3": [83.62573099415205, 143.0, 171.0], "4": [87.34177215189874, 69.0, 79.0], "5": [38.20224719101123, 68.0, 178.0], "6": [55.75539568345324, 155.0, 278.0], "7": [75.0, 6.0, 8.0], "8": [100.0, 8.0, 8.0]}