{"0": [11.538461538461538, 3.0, 26.0], "1": [62.06896551724138, 18.0, 29.0], "2": [91.17647058823529, 31.0, 34.0], "3": [59.009009009009006, 131.0, 222.0], "4": [46.666666666666664, 35.0, 75.0], "5": [96.15384615384616, 25.0, 26.0], "6": [79.27927927927928, 88.0, 111.0], "7": [NaN, 0.0, 0.0], "8": [70.0, 7.0, 10.0]}