best_model_train_loss,best_model_val_loss,best_model_train_acc,best_model_val_acc,best_model_learning_rate,best_model_nb_epoch
0.4640706181526184,0.7363523244857788,0.43277522921562195,0.3430725634098053,0.0010000000474974513,83
