precision,accuracy,recall,duration
0.3311401549982855,0.25070688030160226,0.32188978025578713,610.8688504695892
