precision,accuracy,recall,duration
0.3528212939930259,0.359035004730369,0.3154198882330252,1203.2968075275421
