{"0": [53.075571177504386, 302.0, 569.0], "1": [40.42553191489361, 19.0, 47.0], "2": [84.0909090909091, 37.0, 44.0], "3": [91.76136363636364, 323.0, 352.0], "4": [98.0, 147.0, 150.0], "5": [43.28767123287671, 158.0, 365.0], "6": [64.98316498316498, 386.0, 594.0], "7": [82.35294117647058, 14.0, 17.0], "8": [61.111111111111114, 11.0, 18.0]}