{"0": [29.629629629629626, 16.0, 54.0], "1": [57.57575757575758, 19.0, 33.0], "2": [81.03448275862068, 47.0, 58.0], "3": [89.24731182795699, 415.0, 465.0], "4": [92.90780141843972, 131.0, 141.0], "5": [26.666666666666668, 12.0, 45.0], "6": [58.23754789272031, 152.0, 261.0], "7": [NaN, 0.0, 0.0], "8": [75.0, 3.0, 4.0]}