precision,accuracy,recall,duration
0.3379146723159892,0.4009433962264151,0.4239691271383873,2413.1669414043427
