{"0": [51.35135135135135, 57.0, 111.0], "1": [71.7948717948718, 28.0, 39.0], "2": [86.81318681318682, 158.0, 182.0], "3": [55.933852140077825, 575.0, 1028.0], "4": [83.13253012048193, 207.0, 249.0], "5": [15.11627906976744, 13.0, 86.0], "6": [54.285714285714285, 228.0, 420.0], "7": [0.0, 0.0, 1.0], "8": [100.0, 4.0, 4.0]}