precision,accuracy,recall,duration
0.3583764495457581,0.3546099290780142,0.47681317613313035,421.09271788597107
