{"0": [59.10714285714286, 331.0, 560.0], "1": [38.297872340425535, 18.0, 47.0], "2": [95.34883720930233, 41.0, 43.0], "3": [72.30320699708454, 248.0, 343.0], "4": [92.66666666666666, 139.0, 150.0], "5": [39.60674157303371, 141.0, 356.0], "6": [60.75949367088608, 336.0, 553.0], "7": [76.47058823529412, 13.0, 17.0], "8": [72.22222222222221, 13.0, 18.0]}