precision,accuracy,recall,duration
0.3095346987210743,0.38213399503722084,0.29015578751684046,395.4330313205719
