precision,accuracy,recall,duration
0.3500389399935751,0.3333333333333333,0.40343524014509363,603.4255871772766
