{"0": [27.77777777777778, 15.0, 54.0], "1": [39.39393939393939, 13.0, 33.0], "2": [81.03448275862068, 47.0, 58.0], "3": [70.3225806451613, 327.0, 465.0], "4": [65.46762589928058, 91.0, 139.0], "5": [26.666666666666668, 12.0, 45.0], "6": [76.24521072796935, 199.0, 261.0], "7": [NaN, 0.0, 0.0], "8": [50.0, 2.0, 4.0]}