{"0": [61.07142857142858, 342.0, 560.0], "1": [48.93617021276596, 23.0, 47.0], "2": [62.7906976744186, 27.0, 43.0], "3": [67.93002915451895, 233.0, 343.0], "4": [97.33333333333334, 146.0, 150.0], "5": [38.20224719101123, 136.0, 356.0], "6": [55.33453887884268, 306.0, 553.0], "7": [70.58823529411765, 12.0, 17.0], "8": [77.77777777777779, 14.0, 18.0]}