precision,accuracy,recall,duration
0.29404829388688786,0.2794326241134752,0.27950186982969627,401.44040751457214
