{"0": [22.22222222222222, 8.0, 36.0], "1": [28.57142857142857, 6.0, 21.0], "2": [73.80952380952381, 31.0, 42.0], "3": [71.70418006430869, 223.0, 311.0], "4": [65.93406593406593, 60.0, 91.0], "5": [100.0, 29.0, 29.0], "6": [86.20689655172413, 150.0, 174.0], "7": [NaN, 0.0, 0.0], "8": [100.0, 1.0, 1.0]}