precision,accuracy,recall,duration
0.3390320955917615,0.3835021707670043,0.3436542881664748,404.01051115989685
