{"0": [47.593582887700535, 89.0, 187.0], "1": [35.714285714285715, 5.0, 14.0], "2": [80.0, 12.0, 15.0], "3": [79.82456140350878, 91.0, 114.0], "4": [80.0, 40.0, 50.0], "5": [53.44827586206896, 62.0, 116.0], "6": [64.13043478260869, 118.0, 184.0], "7": [50.0, 2.0, 4.0], "8": [100.0, 7.0, 7.0]}