{"0": [55.00000000000001, 308.0, 560.0], "1": [48.93617021276596, 23.0, 47.0], "2": [97.67441860465115, 42.0, 43.0], "3": [74.9271137026239, 257.0, 343.0], "4": [90.66666666666666, 136.0, 150.0], "5": [40.73033707865169, 145.0, 356.0], "6": [59.85533453887884, 331.0, 553.0], "7": [23.52941176470588, 4.0, 17.0], "8": [77.77777777777779, 14.0, 18.0]}