precision,accuracy,recall,duration
0.3284802662553068,0.42024832855778416,0.2940660350742925,622.4767696857452
