{"0": [44.44444444444444, 124.0, 279.0], "1": [64.0, 16.0, 25.0], "2": [90.47619047619048, 19.0, 21.0], "3": [83.04093567251462, 142.0, 171.0], "4": [83.54430379746836, 66.0, 79.0], "5": [37.640449438202246, 67.0, 178.0], "6": [57.194244604316545, 159.0, 278.0], "7": [75.0, 6.0, 8.0], "8": [100.0, 8.0, 8.0]}