best_model_train_loss,best_model_val_loss,best_model_train_acc,best_model_val_acc,best_model_learning_rate,best_model_nb_epoch
0.4780210852622986,0.6198379397392273,0.42001014947891235,0.38632073998451233,0.0010000000474974513,53
