precision,accuracy,recall,duration
0.3614284398067862,0.25754716981132075,0.35377877190765133,947.6164813041687
