precision,accuracy,recall,duration
0.3620723966719771,0.3866794441782463,0.36881103651845554,926.9936072826385
