{"0": [53.214285714285715, 298.0, 560.0], "1": [34.04255319148936, 16.0, 47.0], "2": [90.69767441860465, 39.0, 43.0], "3": [89.50437317784257, 307.0, 343.0], "4": [88.0, 132.0, 150.0], "5": [41.853932584269664, 149.0, 356.0], "6": [57.68535262206148, 319.0, 553.0], "7": [35.294117647058826, 6.0, 17.0], "8": [77.77777777777779, 14.0, 18.0]}