{"0": [26.168224299065418, 28.0, 107.0], "1": [52.38095238095239, 33.0, 63.0], "2": [83.33333333333334, 95.0, 114.0], "3": [89.06752411575563, 831.0, 933.0], "4": [86.50519031141869, 250.0, 289.0], "5": [35.95505617977528, 32.0, 89.0], "6": [58.1888246628131, 302.0, 519.0], "7": [NaN, 0.0, 0.0], "8": [50.0, 3.0, 6.0]}