{"0": [65.20210896309314, 371.0, 569.0], "1": [42.5531914893617, 20.0, 47.0], "2": [95.45454545454545, 42.0, 44.0], "3": [71.30681818181817, 251.0, 352.0], "4": [90.66666666666666, 136.0, 150.0], "5": [41.917808219178085, 153.0, 365.0], "6": [58.417508417508415, 347.0, 594.0], "7": [82.35294117647058, 14.0, 17.0], "8": [77.77777777777779, 14.0, 18.0]}