precision,accuracy,recall,duration
0.35124482287194053,0.35046728971962615,0.43636974584555227,66.00690746307373
