{"0": [97.86096256684492, 183.0, 187.0], "1": [42.857142857142854, 6.0, 14.0], "2": [93.33333333333333, 14.0, 15.0], "3": [79.82456140350878, 91.0, 114.0], "4": [92.0, 46.0, 50.0], "5": [31.03448275862069, 36.0, 116.0], "6": [57.608695652173914, 106.0, 184.0], "7": [50.0, 2.0, 4.0], "8": [85.71428571428571, 6.0, 7.0]}