precision,accuracy,recall,duration
0.22584379486420447,0.16099664590321036,0.3250529460192633,957.3119714260101
