{"0": [97.14285714285714, 544.0, 560.0], "1": [38.297872340425535, 18.0, 47.0], "2": [88.37209302325581, 38.0, 43.0], "3": [88.33819241982506, 303.0, 343.0], "4": [98.0, 147.0, 150.0], "5": [44.38202247191011, 158.0, 356.0], "6": [96.38336347197107, 533.0, 553.0], "7": [17.647058823529413, 3.0, 17.0], "8": [38.88888888888889, 7.0, 18.0]}