{"0": [63.39285714285714, 355.0, 560.0], "1": [34.04255319148936, 16.0, 47.0], "2": [93.02325581395348, 40.0, 43.0], "3": [79.88338192419825, 274.0, 343.0], "4": [98.0, 147.0, 150.0], "5": [43.82022471910113, 156.0, 356.0], "6": [51.5370705244123, 285.0, 553.0], "7": [58.82352941176471, 10.0, 17.0], "8": [66.66666666666666, 12.0, 18.0]}