{"0": [53.04659498207885, 148.0, 279.0], "1": [84.0, 21.0, 25.0], "2": [85.71428571428571, 18.0, 21.0], "3": [73.09941520467837, 125.0, 171.0], "4": [94.9367088607595, 75.0, 79.0], "5": [33.146067415730336, 59.0, 178.0], "6": [63.30935251798561, 176.0, 278.0], "7": [0.0, 0.0, 8.0], "8": [100.0, 8.0, 8.0]}