precision,accuracy,recall,duration
0.35685742891173966,0.3888888888888889,0.34678049520249793,607.2633171081543
