{"0": [47.183098591549296, 134.0, 284.0], "1": [44.0, 11.0, 25.0], "2": [90.9090909090909, 20.0, 22.0], "3": [75.0, 132.0, 176.0], "4": [79.74683544303798, 63.0, 79.0], "5": [39.89071038251366, 73.0, 183.0], "6": [75.91973244147158, 227.0, 299.0], "7": [37.5, 3.0, 8.0], "8": [100.0, 8.0, 8.0]}