precision,accuracy,recall,duration
0.27812406339128953,0.2847682119205298,0.3256214294094242,1199.4953339099884
