{"0": [100.0, 569.0, 569.0], "1": [40.42553191489361, 19.0, 47.0], "2": [100.0, 44.0, 44.0], "3": [82.10227272727273, 289.0, 352.0], "4": [89.33333333333333, 134.0, 150.0], "5": [38.9041095890411, 142.0, 365.0], "6": [56.56565656565656, 336.0, 594.0], "7": [41.17647058823529, 7.0, 17.0], "8": [61.111111111111114, 11.0, 18.0]}