{"0": [54.6572934973638, 311.0, 569.0], "1": [44.680851063829785, 21.0, 47.0], "2": [86.36363636363636, 38.0, 44.0], "3": [76.13636363636364, 268.0, 352.0], "4": [83.33333333333334, 125.0, 150.0], "5": [41.0958904109589, 150.0, 365.0], "6": [64.47811447811448, 383.0, 594.0], "7": [29.411764705882355, 5.0, 17.0], "8": [77.77777777777779, 14.0, 18.0]}