{"0": [60.962566844919785, 114.0, 187.0], "1": [42.857142857142854, 6.0, 14.0], "2": [86.66666666666667, 13.0, 15.0], "3": [94.73684210526315, 108.0, 114.0], "4": [72.0, 36.0, 50.0], "5": [37.93103448275862, 44.0, 116.0], "6": [58.69565217391305, 108.0, 184.0], "7": [50.0, 2.0, 4.0], "8": [100.0, 7.0, 7.0]}