{"0": [58.392857142857146, 327.0, 560.0], "1": [53.191489361702125, 25.0, 47.0], "2": [93.02325581395348, 40.0, 43.0], "3": [57.7259475218659, 198.0, 343.0], "4": [96.0, 144.0, 150.0], "5": [40.168539325842694, 143.0, 356.0], "6": [56.05786618444847, 310.0, 553.0], "7": [58.82352941176471, 10.0, 17.0], "8": [61.111111111111114, 11.0, 18.0]}