precision,accuracy,recall,duration
0.35355299823159503,0.38741721854304634,0.31773351369783753,1208.4449903964996
