{"0": [53.25131810193322, 303.0, 569.0], "1": [89.36170212765957, 42.0, 47.0], "2": [100.0, 44.0, 44.0], "3": [73.57954545454545, 259.0, 352.0], "4": [87.33333333333333, 131.0, 150.0], "5": [41.917808219178085, 153.0, 365.0], "6": [64.81481481481481, 385.0, 594.0], "7": [11.76470588235294, 2.0, 17.0], "8": [94.44444444444444, 17.0, 18.0]}