{"0": [60.45694200351493, 344.0, 569.0], "1": [34.04255319148936, 16.0, 47.0], "2": [97.72727272727273, 43.0, 44.0], "3": [68.4659090909091, 241.0, 352.0], "4": [97.33333333333334, 146.0, 150.0], "5": [37.534246575342465, 137.0, 365.0], "6": [59.93265993265994, 356.0, 594.0], "7": [76.47058823529412, 13.0, 17.0], "8": [77.77777777777779, 14.0, 18.0]}