precision,accuracy,recall,duration
0.25418721753721746,0.23814087206516532,0.35080913917325335,889.1613237857819
