{"0": [100.0, 560.0, 560.0], "1": [36.17021276595745, 17.0, 47.0], "2": [83.72093023255815, 36.0, 43.0], "3": [77.25947521865889, 265.0, 343.0], "4": [86.66666666666667, 130.0, 150.0], "5": [38.20224719101123, 136.0, 356.0], "6": [77.9385171790235, 431.0, 553.0], "7": [17.647058823529413, 3.0, 17.0], "8": [66.66666666666666, 12.0, 18.0]}