best_model_train_loss,best_model_val_loss,best_model_train_acc,best_model_val_acc,best_model_learning_rate,best_model_nb_epoch
0.43282797932624817,1.2971006631851196,0.40665480494499207,0.3681732714176178,0.0010000000474974513,87
