precision,accuracy,recall,duration
0.356380970930937,0.3625235404896422,0.36998450325478177,603.8412454128265
