{"0": [55.28169014084507, 157.0, 284.0], "1": [96.0, 24.0, 25.0], "2": [86.36363636363636, 19.0, 22.0], "3": [72.1590909090909, 127.0, 176.0], "4": [91.13924050632912, 72.0, 79.0], "5": [39.34426229508197, 72.0, 183.0], "6": [70.90301003344482, 212.0, 299.0], "7": [12.5, 1.0, 8.0], "8": [87.5, 7.0, 8.0]}