best_model_train_loss,best_model_val_loss,best_model_train_acc,best_model_val_acc,best_model_learning_rate,best_model_nb_epoch
0.45975854992866516,1.0451325178146362,0.45489200949668884,0.39093485474586487,0.0010000000474974513,90
