precision,accuracy,recall,duration
0.34700548141210447,0.3692162417374882,0.34532877737090784,620.0473411083221
