precision,accuracy,recall,duration
0.38357192611638546,0.42547033285094066,0.39196543308901216,393.7602264881134
