{"0": [50.26737967914438, 94.0, 187.0], "1": [28.57142857142857, 4.0, 14.0], "2": [86.66666666666667, 13.0, 15.0], "3": [80.7017543859649, 92.0, 114.0], "4": [72.0, 36.0, 50.0], "5": [31.896551724137932, 37.0, 116.0], "6": [61.41304347826087, 113.0, 184.0], "7": [50.0, 2.0, 4.0], "8": [85.71428571428571, 6.0, 7.0]}