{"0": [77.77777777777779, 42.0, 54.0], "1": [36.36363636363637, 12.0, 33.0], "2": [86.20689655172413, 50.0, 58.0], "3": [66.02150537634408, 307.0, 465.0], "4": [72.66187050359713, 101.0, 139.0], "5": [20.0, 9.0, 45.0], "6": [55.172413793103445, 144.0, 261.0], "7": [NaN, 0.0, 0.0], "8": [75.0, 3.0, 4.0]}