precision,accuracy,recall,duration
0.305744861277334,0.3129445234708393,0.3012716873966281,318.770610332489
