{"0": [94.24083769633508, 180.0, 191.0], "1": [35.714285714285715, 5.0, 14.0], "2": [93.75, 15.0, 16.0], "3": [72.03389830508475, 85.0, 118.0], "4": [78.0, 39.0, 50.0], "5": [36.666666666666664, 44.0, 120.0], "6": [60.60606060606061, 120.0, 198.0], "7": [75.0, 3.0, 4.0], "8": [85.71428571428571, 6.0, 7.0]}