precision,accuracy,recall,duration
0.34660026253642584,0.36028368794326243,0.4713840182942448,422.513676404953
