{"0": [98.3957219251337, 184.0, 187.0], "1": [35.714285714285715, 5.0, 14.0], "2": [100.0, 15.0, 15.0], "3": [88.59649122807018, 101.0, 114.0], "4": [84.0, 42.0, 50.0], "5": [31.896551724137932, 37.0, 116.0], "6": [69.56521739130434, 128.0, 184.0], "7": [50.0, 2.0, 4.0], "8": [71.42857142857143, 5.0, 7.0]}