precision,accuracy,recall,duration
0.3282963391521304,0.37891268533772654,0.28130410347067514,480.5382843017578
