{"0": [23.875432525951556, 69.0, 289.0], "1": [100.0, 96.0, 96.0], "2": [34.375, 11.0, 32.0], "3": [82.08092485549133, 142.0, 173.0], "4": [100.0, 147.0, 147.0], "5": [47.22222222222222, 68.0, 144.0], "6": [59.27272727272728, 163.0, 275.0], "7": [100.0, 58.0, 58.0], "8": [NaN, 0.0, 0.0]}