precision,accuracy,recall,duration
0.3774882121080567,0.43472090823084203,0.3956627087459616,1240.9685723781586
