{"0": [50.96660808435852, 290.0, 569.0], "1": [38.297872340425535, 18.0, 47.0], "2": [63.63636363636363, 28.0, 44.0], "3": [66.47727272727273, 234.0, 352.0], "4": [84.0, 126.0, 150.0], "5": [39.178082191780824, 143.0, 365.0], "6": [62.62626262626263, 372.0, 594.0], "7": [58.82352941176471, 10.0, 17.0], "8": [83.33333333333334, 15.0, 18.0]}