best_model_train_loss,best_model_val_loss,best_model_train_acc,best_model_val_acc,best_model_learning_rate,best_model_nb_epoch
0.47619226574897766,0.852872908115387,0.37853968143463135,0.2923367917537689,0.0010000000474974513,67
