precision,accuracy,recall,duration
0.28241127344204453,0.2918637653736991,0.3344082560017114,1201.021893978119
