precision,accuracy,recall,duration
0.28243026347269573,0.2950354609929078,0.4213132245619218,403.78546023368835
