{"0": [66.66666666666666, 24.0, 36.0], "1": [28.57142857142857, 6.0, 21.0], "2": [80.95238095238095, 34.0, 42.0], "3": [76.52733118971061, 238.0, 311.0], "4": [81.31868131868131, 74.0, 91.0], "5": [20.689655172413794, 6.0, 29.0], "6": [66.0919540229885, 115.0, 174.0], "7": [NaN, 0.0, 0.0], "8": [0.0, 0.0, 1.0]}