{"0": [99.2831541218638, 277.0, 279.0], "1": [32.0, 8.0, 25.0], "2": [95.23809523809523, 20.0, 21.0], "3": [92.39766081871345, 158.0, 171.0], "4": [87.34177215189874, 69.0, 79.0], "5": [38.20224719101123, 68.0, 178.0], "6": [54.67625899280576, 152.0, 278.0], "7": [37.5, 3.0, 8.0], "8": [100.0, 8.0, 8.0]}