precision,accuracy,recall,duration
0.25912703727541,0.256120527306968,0.2658464250196355,604.2864046096802
