{"0": [100.0, 284.0, 284.0], "1": [32.0, 8.0, 25.0], "2": [90.9090909090909, 20.0, 22.0], "3": [89.20454545454545, 157.0, 176.0], "4": [87.34177215189874, 69.0, 79.0], "5": [37.704918032786885, 69.0, 183.0], "6": [63.54515050167224, 190.0, 299.0], "7": [62.5, 5.0, 8.0], "8": [100.0, 8.0, 8.0]}