{"0": [59.464285714285715, 333.0, 560.0], "1": [44.680851063829785, 21.0, 47.0], "2": [97.67441860465115, 42.0, 43.0], "3": [69.97084548104957, 240.0, 343.0], "4": [96.0, 144.0, 150.0], "5": [39.60674157303371, 141.0, 356.0], "6": [57.32368896925859, 317.0, 553.0], "7": [70.58823529411765, 12.0, 17.0], "8": [50.0, 9.0, 18.0]}