precision,accuracy,recall,duration
0.4070460818546449,0.40793201133144474,0.44511743106383417,1210.7690761089325
