precision,accuracy,recall,duration
0.3548923560645276,0.3741109530583215,0.34408280681413594,401.4529962539673
