{"0": [52.35602094240838, 100.0, 191.0], "1": [28.57142857142857, 4.0, 14.0], "2": [93.75, 15.0, 16.0], "3": [94.0677966101695, 111.0, 118.0], "4": [84.0, 42.0, 50.0], "5": [42.5, 51.0, 120.0], "6": [62.62626262626263, 124.0, 198.0], "7": [50.0, 2.0, 4.0], "8": [85.71428571428571, 6.0, 7.0]}