{"0": [24.299065420560748, 26.0, 107.0], "1": [33.33333333333333, 21.0, 63.0], "2": [69.2982456140351, 79.0, 114.0], "3": [65.38049303322614, 610.0, 933.0], "4": [79.44250871080139, 228.0, 287.0], "5": [26.96629213483146, 24.0, 89.0], "6": [50.67437379576107, 263.0, 519.0], "7": [NaN, 0.0, 0.0], "8": [50.0, 3.0, 6.0]}