{"0": [46.748681898066785, 266.0, 569.0], "1": [44.680851063829785, 21.0, 47.0], "2": [93.18181818181817, 41.0, 44.0], "3": [67.89772727272727, 239.0, 352.0], "4": [79.33333333333333, 119.0, 150.0], "5": [35.61643835616438, 130.0, 365.0], "6": [58.24915824915825, 346.0, 594.0], "7": [47.05882352941176, 8.0, 17.0], "8": [83.33333333333334, 15.0, 18.0]}