{"0": [58.288770053475936, 109.0, 187.0], "1": [92.85714285714286, 13.0, 14.0], "2": [100.0, 15.0, 15.0], "3": [81.57894736842105, 93.0, 114.0], "4": [94.0, 47.0, 50.0], "5": [37.93103448275862, 44.0, 116.0], "6": [57.065217391304344, 105.0, 184.0], "7": [0.0, 0.0, 4.0], "8": [100.0, 7.0, 7.0]}