precision,accuracy,recall,duration
0.2500331479756192,0.31536697247706424,0.3669753302052364,293.7385377883911
