{"0": [78.57142857142857, 44.0, 56.0], "1": [63.41463414634146, 26.0, 41.0], "2": [80.89887640449437, 72.0, 89.0], "3": [61.06194690265486, 207.0, 339.0], "4": [74.80916030534351, 98.0, 131.0], "5": [43.39622641509434, 23.0, 53.0], "6": [97.11538461538461, 101.0, 104.0], "7": [25.0, 1.0, 4.0], "8": [45.45454545454545, 25.0, 55.0]}