precision,accuracy,recall,duration
0.30353930041257593,0.2768895348837209,0.27453956435203397,201.77648496627808
