{"0": [57.85714285714286, 324.0, 560.0], "1": [93.61702127659575, 44.0, 47.0], "2": [100.0, 43.0, 43.0], "3": [70.8454810495627, 243.0, 343.0], "4": [90.0, 135.0, 150.0], "5": [46.91011235955056, 167.0, 356.0], "6": [69.07775768535262, 382.0, 553.0], "7": [0.0, 0.0, 17.0], "8": [88.88888888888889, 16.0, 18.0]}