precision,accuracy,recall,duration
0.30853925097229484,0.19026870007262164,0.26481253420265516,810.6646370887756
