{"0": [65.33333333333333, 49.0, 75.0], "1": [59.09090909090909, 52.0, 88.0], "2": [91.81818181818183, 101.0, 110.0], "3": [78.84615384615384, 410.0, 520.0], "4": [92.5, 185.0, 200.0], "5": [75.0, 48.0, 64.0], "6": [91.015625, 233.0, 256.0], "7": [50.0, 1.0, 2.0], "8": [58.06451612903226, 36.0, 62.0]}