precision,accuracy,recall,duration
0.2728325137192606,0.28165007112375534,0.3212460570898301,318.12794756889343
