{"0": [100.0, 191.0, 191.0], "1": [35.714285714285715, 5.0, 14.0], "2": [100.0, 16.0, 16.0], "3": [74.57627118644068, 88.0, 118.0], "4": [78.0, 39.0, 50.0], "5": [40.833333333333336, 49.0, 120.0], "6": [63.13131313131313, 125.0, 198.0], "7": [50.0, 2.0, 4.0], "8": [71.42857142857143, 5.0, 7.0]}