{"0": [43.7609841827768, 249.0, 569.0], "1": [34.04255319148936, 16.0, 47.0], "2": [100.0, 44.0, 44.0], "3": [67.04545454545455, 236.0, 352.0], "4": [94.66666666666667, 142.0, 150.0], "5": [40.821917808219176, 149.0, 365.0], "6": [58.24915824915825, 346.0, 594.0], "7": [94.11764705882352, 16.0, 17.0], "8": [72.22222222222221, 13.0, 18.0]}