best_model_train_loss,best_model_val_loss,best_model_train_acc,best_model_val_acc,best_model_learning_rate,best_model_nb_epoch
0.43291518092155457,1.359921932220459,0.43504995107650757,0.4819102883338928,0.0010000000474974513,82
