best_model_train_loss,best_model_val_loss,best_model_train_acc,best_model_val_acc,best_model_learning_rate,best_model_nb_epoch
0.4732711613178253,0.6022475957870483,0.41893264651298523,0.3602455258369446,0.0010000000474974513,81
