precision,accuracy,recall,duration
0.3328577564127789,0.28328611898017,0.35070066752331486,1223.4227306842804
