precision,accuracy,recall,duration
0.3698856569688333,0.4182344428364689,0.37690824087016084,395.0842673778534
