{"0": [48.663101604278076, 91.0, 187.0], "1": [28.57142857142857, 4.0, 14.0], "2": [80.0, 12.0, 15.0], "3": [91.22807017543859, 104.0, 114.0], "4": [88.0, 44.0, 50.0], "5": [35.3448275862069, 41.0, 116.0], "6": [53.2608695652174, 98.0, 184.0], "7": [50.0, 2.0, 4.0], "8": [85.71428571428571, 6.0, 7.0]}