{"0": [100.0, 107.0, 107.0], "1": [42.857142857142854, 27.0, 63.0], "2": [87.71929824561403, 100.0, 114.0], "3": [83.60128617363344, 780.0, 933.0], "4": [76.65505226480836, 220.0, 287.0], "5": [26.96629213483146, 24.0, 89.0], "6": [49.90366088631985, 259.0, 519.0], "7": [NaN, 0.0, 0.0], "8": [16.666666666666664, 1.0, 6.0]}