{"0": [58.87521968365553, 335.0, 569.0], "1": [95.74468085106383, 45.0, 47.0], "2": [100.0, 44.0, 44.0], "3": [73.01136363636364, 257.0, 352.0], "4": [90.66666666666666, 136.0, 150.0], "5": [42.73972602739726, 156.0, 365.0], "6": [65.31986531986533, 388.0, 594.0], "7": [0.0, 0.0, 17.0], "8": [77.77777777777779, 14.0, 18.0]}