best_model_train_loss,best_model_val_loss,best_model_train_acc,best_model_val_acc,best_model_learning_rate,best_model_nb_epoch
0.35264256596565247,0.9550960659980774,0.5282308459281921,0.20560747385025024,0.0010000000474974513,118
