precision,accuracy,recall,duration
0.2423250942605781,0.2336448598130841,0.29996466137021965,55.17229771614075
