{"0": [81.81818181818183, 9.0, 11.0], "1": [40.0, 2.0, 5.0], "2": [88.88888888888889, 16.0, 18.0], "3": [80.37383177570094, 86.0, 107.0], "4": [80.0, 20.0, 25.0], "5": [10.0, 1.0, 10.0], "6": [78.94736842105263, 30.0, 38.0], "7": [NaN, 0.0, 0.0], "8": [NaN, 0.0, 0.0]}