{"0": [100.0, 284.0, 284.0], "1": [28.000000000000004, 7.0, 25.0], "2": [90.9090909090909, 20.0, 22.0], "3": [87.5, 154.0, 176.0], "4": [88.60759493670885, 70.0, 79.0], "5": [42.07650273224044, 77.0, 183.0], "6": [63.21070234113713, 189.0, 299.0], "7": [25.0, 2.0, 8.0], "8": [100.0, 8.0, 8.0]}