precision,accuracy,recall,duration
0.4672818236124687,0.43781094527363185,0.32322872955056864,294.3597295284271
