{"0": [22.22222222222222, 8.0, 36.0], "1": [31.25, 5.0, 16.0], "2": [87.5, 21.0, 24.0], "3": [89.28571428571429, 25.0, 28.0], "4": [95.0, 19.0, 20.0], "5": [27.586206896551722, 8.0, 29.0], "6": [56.25, 27.0, 48.0], "7": [NaN, 0.0, 0.0], "8": [NaN, 0.0, 0.0]}