precision,accuracy,recall,duration
0.38759798139208357,0.4182344428364689,0.3934896776568046,366.89121079444885
