{"0": [54.54545454545454, 102.0, 187.0], "1": [35.714285714285715, 5.0, 14.0], "2": [93.33333333333333, 14.0, 15.0], "3": [72.80701754385966, 83.0, 114.0], "4": [90.0, 45.0, 50.0], "5": [33.62068965517241, 39.0, 116.0], "6": [58.69565217391305, 108.0, 184.0], "7": [50.0, 2.0, 4.0], "8": [57.14285714285714, 4.0, 7.0]}