precision,accuracy,recall,duration
0.3460668872024047,0.4096728307254623,0.33225700283444304,341.5920903682709
