precision,accuracy,recall,duration
0.26885017119091514,0.25401322001888577,0.26257303763996964,600.992193698883
