{"0": [25.925925925925924, 14.0, 54.0], "1": [39.39393939393939, 13.0, 33.0], "2": [84.48275862068965, 49.0, 58.0], "3": [76.34408602150538, 355.0, 465.0], "4": [92.80575539568345, 129.0, 139.0], "5": [100.0, 45.0, 45.0], "6": [69.73180076628353, 182.0, 261.0], "7": [NaN, 0.0, 0.0], "8": [75.0, 3.0, 4.0]}