{"0": [59.75395430579965, 340.0, 569.0], "1": [48.93617021276596, 23.0, 47.0], "2": [95.45454545454545, 42.0, 44.0], "3": [74.14772727272727, 261.0, 352.0], "4": [93.33333333333333, 140.0, 150.0], "5": [38.35616438356164, 140.0, 365.0], "6": [58.417508417508415, 347.0, 594.0], "7": [94.11764705882352, 16.0, 17.0], "8": [72.22222222222221, 13.0, 18.0]}