{"0": [59.464285714285715, 333.0, 560.0], "1": [36.17021276595745, 17.0, 47.0], "2": [95.34883720930233, 41.0, 43.0], "3": [56.559766763848394, 194.0, 343.0], "4": [93.33333333333333, 140.0, 150.0], "5": [40.44943820224719, 144.0, 356.0], "6": [73.41772151898735, 406.0, 553.0], "7": [64.70588235294117, 11.0, 17.0], "8": [55.55555555555556, 10.0, 18.0]}