{"0": [60.80843585237259, 346.0, 569.0], "1": [87.2340425531915, 41.0, 47.0], "2": [95.45454545454545, 42.0, 44.0], "3": [78.97727272727273, 278.0, 352.0], "4": [95.33333333333334, 143.0, 150.0], "5": [51.78082191780822, 189.0, 365.0], "6": [64.14141414141415, 381.0, 594.0], "7": [0.0, 0.0, 17.0], "8": [88.88888888888889, 16.0, 18.0]}