precision,accuracy,recall,duration
0.29156634642904666,0.32200188857412654,0.3351703130553687,599.1482918262482
