{"0": [85.18518518518519, 46.0, 54.0], "1": [33.33333333333333, 11.0, 33.0], "2": [74.13793103448276, 43.0, 58.0], "3": [72.47311827956989, 337.0, 465.0], "4": [79.13669064748201, 110.0, 139.0], "5": [17.77777777777778, 8.0, 45.0], "6": [61.30268199233716, 160.0, 261.0], "7": [NaN, 0.0, 0.0], "8": [75.0, 3.0, 4.0]}