{"0": [59.10714285714286, 331.0, 560.0], "1": [34.04255319148936, 16.0, 47.0], "2": [93.02325581395348, 40.0, 43.0], "3": [80.466472303207, 276.0, 343.0], "4": [90.0, 135.0, 150.0], "5": [42.41573033707865, 151.0, 356.0], "6": [54.43037974683544, 301.0, 553.0], "7": [64.70588235294117, 11.0, 17.0], "8": [83.33333333333334, 15.0, 18.0]}