precision,accuracy,recall,duration
0.3488292789666284,0.35602836879432626,0.44665123744474744,399.84883880615234
