{"0": [22.22222222222222, 8.0, 36.0], "1": [47.61904761904761, 10.0, 21.0], "2": [88.09523809523809, 37.0, 42.0], "3": [59.80707395498393, 186.0, 311.0], "4": [79.12087912087912, 72.0, 91.0], "5": [24.137931034482758, 7.0, 29.0], "6": [77.01149425287356, 134.0, 174.0], "7": [NaN, 0.0, 0.0], "8": [0.0, 0.0, 1.0]}