{"0": [22.142857142857142, 124.0, 560.0], "1": [40.42553191489361, 19.0, 47.0], "2": [81.3953488372093, 35.0, 43.0], "3": [76.0932944606414, 261.0, 343.0], "4": [96.0, 144.0, 150.0], "5": [39.325842696629216, 140.0, 356.0], "6": [54.79204339963834, 303.0, 553.0], "7": [100.0, 17.0, 17.0], "8": [66.66666666666666, 12.0, 18.0]}