best_model_train_loss,best_model_val_loss,best_model_train_acc,best_model_val_acc,best_model_learning_rate,best_model_nb_epoch
0.4719734191894531,0.5157892107963562,0.4294969439506531,0.37304964661598206,0.0010000000474974513,84
