precision,accuracy,recall,duration
0.35110525415051896,0.3702127659574468,0.46557490616329367,324.48312187194824
