precision,accuracy,recall,duration
0.34212562319843204,0.35745296671490595,0.34710808983751457,399.0442168712616
