{"0": [54.54545454545454, 102.0, 187.0], "1": [28.57142857142857, 4.0, 14.0], "2": [66.66666666666666, 10.0, 15.0], "3": [93.85964912280701, 107.0, 114.0], "4": [88.0, 44.0, 50.0], "5": [39.6551724137931, 46.0, 116.0], "6": [66.30434782608695, 122.0, 184.0], "7": [50.0, 2.0, 4.0], "8": [100.0, 7.0, 7.0]}