{"0": [22.22222222222222, 8.0, 36.0], "1": [38.095238095238095, 8.0, 21.0], "2": [83.33333333333334, 35.0, 42.0], "3": [66.2379421221865, 206.0, 311.0], "4": [91.20879120879121, 83.0, 91.0], "5": [24.137931034482758, 7.0, 29.0], "6": [55.74712643678161, 97.0, 174.0], "7": [NaN, 0.0, 0.0], "8": [0.0, 0.0, 1.0]}