precision,accuracy,recall,duration
0.36842318714703753,0.27452830188679245,0.3684402778572744,940.836790561676
