precision,accuracy,recall,duration
0.34494098764191516,0.3464302827024437,0.2897137449522591,941.7072560787201
