{"0": [24.299065420560748, 26.0, 107.0], "1": [42.857142857142854, 27.0, 63.0], "2": [90.35087719298247, 103.0, 114.0], "3": [88.53161843515541, 826.0, 933.0], "4": [83.39100346020761, 241.0, 289.0], "5": [34.831460674157306, 31.0, 89.0], "6": [54.14258188824663, 281.0, 519.0], "7": [NaN, 0.0, 0.0], "8": [50.0, 3.0, 6.0]}