{"0": [57.32142857142857, 321.0, 560.0], "1": [59.57446808510638, 28.0, 47.0], "2": [95.34883720930233, 41.0, 43.0], "3": [90.37900874635568, 310.0, 343.0], "4": [98.66666666666667, 148.0, 150.0], "5": [44.38202247191011, 158.0, 356.0], "6": [60.57866184448463, 335.0, 553.0], "7": [94.11764705882352, 16.0, 17.0], "8": [38.88888888888889, 7.0, 18.0]}