{"0": [59.57820738137083, 339.0, 569.0], "1": [31.914893617021278, 15.0, 47.0], "2": [93.18181818181817, 41.0, 44.0], "3": [55.96590909090909, 197.0, 352.0], "4": [98.0, 147.0, 150.0], "5": [38.63013698630137, 141.0, 365.0], "6": [59.09090909090909, 351.0, 594.0], "7": [58.82352941176471, 10.0, 17.0], "8": [72.22222222222221, 13.0, 18.0]}