best_model_train_loss,best_model_val_loss,best_model_train_acc,best_model_val_acc,best_model_learning_rate,best_model_nb_epoch
0.48949161171913147,0.7690351605415344,0.3541296124458313,0.3144475817680359,0.0010000000474974513,80
