precision,accuracy,recall,duration
0.3223618703235658,0.26770538243626063,0.2644999303518454,1219.9197103977203
