{"0": [29.906542056074763, 32.0, 107.0], "1": [95.23809523809523, 60.0, 63.0], "2": [80.7017543859649, 92.0, 114.0], "3": [74.16934619506966, 692.0, 933.0], "4": [88.85017421602788, 255.0, 287.0], "5": [35.95505617977528, 32.0, 89.0], "6": [73.79576107899807, 383.0, 519.0], "7": [NaN, 0.0, 0.0], "8": [83.33333333333334, 5.0, 6.0]}