{"0": [62.741652021089635, 357.0, 569.0], "1": [53.191489361702125, 25.0, 47.0], "2": [86.36363636363636, 38.0, 44.0], "3": [98.01136363636364, 345.0, 352.0], "4": [90.0, 135.0, 150.0], "5": [51.50684931506849, 188.0, 365.0], "6": [54.882154882154886, 326.0, 594.0], "7": [11.76470588235294, 2.0, 17.0], "8": [77.77777777777779, 14.0, 18.0]}