precision,accuracy,recall,duration
0.31100623633533186,0.4106699751861042,0.29957673042639626,395.5916874408722
