{"0": [16.580310880829018, 32.0, 193.0], "1": [100.0, 59.0, 59.0], "2": [37.5, 9.0, 24.0], "3": [75.21367521367522, 88.0, 117.0], "4": [100.0, 98.0, 98.0], "5": [39.130434782608695, 36.0, 92.0], "6": [61.95652173913043, 114.0, 184.0], "7": [100.0, 39.0, 39.0], "8": [NaN, 0.0, 0.0]}