{"0": [60.105448154657296, 342.0, 569.0], "1": [34.04255319148936, 16.0, 47.0], "2": [75.0, 33.0, 44.0], "3": [66.19318181818183, 233.0, 352.0], "4": [97.33333333333334, 146.0, 150.0], "5": [34.794520547945204, 127.0, 365.0], "6": [58.417508417508415, 347.0, 594.0], "7": [76.47058823529412, 13.0, 17.0], "8": [77.77777777777779, 14.0, 18.0]}