precision,accuracy,recall,duration
0.2510525117253783,0.18349928876244664,0.18757552650950082,426.47124910354614
