{"0": [89.00523560209425, 170.0, 191.0], "1": [85.71428571428571, 12.0, 14.0], "2": [100.0, 16.0, 16.0], "3": [95.76271186440678, 113.0, 118.0], "4": [96.0, 48.0, 50.0], "5": [45.83333333333333, 55.0, 120.0], "6": [84.34343434343434, 167.0, 198.0], "7": [50.0, 2.0, 4.0], "8": [85.71428571428571, 6.0, 7.0]}