{"0": [10.0, 1.0, 10.0], "1": [20.0, 1.0, 5.0], "2": [81.81818181818183, 9.0, 11.0], "3": [65.625, 63.0, 96.0], "4": [83.87096774193549, 26.0, 31.0], "5": [27.27272727272727, 3.0, 11.0], "6": [68.0, 34.0, 50.0], "7": [NaN, 0.0, 0.0], "8": [NaN, 0.0, 0.0]}