precision,accuracy,recall,duration
0.4033067749807635,0.41674550614947964,0.36167506164127294,1192.5779712200165
