precision,accuracy,recall,duration
0.361392102685628,0.40425531914893614,0.5024614860239652,406.7207119464874
