{"0": [25.0, 9.0, 36.0], "1": [28.57142857142857, 6.0, 21.0], "2": [90.47619047619048, 38.0, 42.0], "3": [63.9871382636656, 199.0, 311.0], "4": [60.43956043956044, 55.0, 91.0], "5": [17.24137931034483, 5.0, 29.0], "6": [62.06896551724138, 108.0, 174.0], "7": [NaN, 0.0, 0.0], "8": [0.0, 0.0, 1.0]}