{"0": [51.66959578207382, 294.0, 569.0], "1": [36.17021276595745, 17.0, 47.0], "2": [90.9090909090909, 40.0, 44.0], "3": [76.98863636363636, 271.0, 352.0], "4": [92.66666666666666, 139.0, 150.0], "5": [38.9041095890411, 142.0, 365.0], "6": [58.417508417508415, 347.0, 594.0], "7": [70.58823529411765, 12.0, 17.0], "8": [61.111111111111114, 11.0, 18.0]}