{"0": [49.464285714285715, 277.0, 560.0], "1": [51.06382978723404, 24.0, 47.0], "2": [90.69767441860465, 39.0, 43.0], "3": [73.46938775510205, 252.0, 343.0], "4": [74.66666666666667, 112.0, 150.0], "5": [39.325842696629216, 140.0, 356.0], "6": [56.6003616636528, 313.0, 553.0], "7": [76.47058823529412, 13.0, 17.0], "8": [77.77777777777779, 14.0, 18.0]}