{"0": [56.785714285714285, 318.0, 560.0], "1": [31.914893617021278, 15.0, 47.0], "2": [95.34883720930233, 41.0, 43.0], "3": [56.85131195335277, 195.0, 343.0], "4": [93.33333333333333, 140.0, 150.0], "5": [42.41573033707865, 151.0, 356.0], "6": [57.50452079566004, 318.0, 553.0], "7": [64.70588235294117, 11.0, 17.0], "8": [72.22222222222221, 13.0, 18.0]}