precision,accuracy,recall,duration
0.42220938998923413,0.22946175637393768,0.2915870418596258,1209.3435471057892
