{"0": [25.233644859813083, 27.0, 107.0], "1": [98.4126984126984, 62.0, 63.0], "2": [92.10526315789474, 105.0, 114.0], "3": [87.56698821007502, 817.0, 933.0], "4": [97.90940766550523, 281.0, 287.0], "5": [25.842696629213485, 23.0, 89.0], "6": [60.5009633911368, 314.0, 519.0], "7": [NaN, 0.0, 0.0], "8": [50.0, 3.0, 6.0]}