{"0": [57.21925133689839, 107.0, 187.0], "1": [100.0, 14.0, 14.0], "2": [93.33333333333333, 14.0, 15.0], "3": [82.45614035087719, 94.0, 114.0], "4": [62.0, 31.0, 50.0], "5": [64.65517241379311, 75.0, 116.0], "6": [82.6086956521739, 152.0, 184.0], "7": [0.0, 0.0, 4.0], "8": [100.0, 7.0, 7.0]}