precision,accuracy,recall,duration
0.29802135378863237,0.32058545797922566,0.3466032366875525,1221.21253490448
