precision,accuracy,recall,duration
0.3965686032444498,0.4399421128798842,0.39049932497597983,397.3804588317871
