{"0": [100.0, 107.0, 107.0], "1": [47.61904761904761, 30.0, 63.0], "2": [90.35087719298247, 103.0, 114.0], "3": [65.59485530546624, 612.0, 933.0], "4": [85.36585365853658, 245.0, 287.0], "5": [20.224719101123593, 18.0, 89.0], "6": [62.23506743737958, 323.0, 519.0], "7": [NaN, 0.0, 0.0], "8": [16.666666666666664, 1.0, 6.0]}