precision,accuracy,recall,duration
0.350296425942378,0.4163871586008625,0.38300744806716147,930.3152577877045
