{"0": [46.964285714285715, 263.0, 560.0], "1": [40.42553191489361, 19.0, 47.0], "2": [93.02325581395348, 40.0, 43.0], "3": [82.5072886297376, 283.0, 343.0], "4": [90.0, 135.0, 150.0], "5": [35.1123595505618, 125.0, 356.0], "6": [60.397830018083184, 334.0, 553.0], "7": [23.52941176470588, 4.0, 17.0], "8": [83.33333333333334, 15.0, 18.0]}