precision,accuracy,recall,duration
0.2859962606613434,0.4143920595533499,0.29420008527540253,392.7289352416992
