best_model_train_loss,best_model_val_loss,best_model_train_acc,best_model_val_acc,best_model_learning_rate,best_model_nb_epoch
0.39741066098213196,14.154336929321289,0.4737120270729065,0.35153019428253174,0.0010000000474974513,65
