precision,accuracy,recall,duration
0.28352733790937373,0.303970223325062,0.19021602826234152,1184.7604467868805
