{"0": [14.583333333333334, 84.0, 576.0], "1": [87.02702702702703, 161.0, 185.0], "2": [74.24242424242425, 49.0, 66.0], "3": [94.21965317919076, 326.0, 346.0], "4": [100.0, 296.0, 296.0], "5": [83.27526132404182, 239.0, 287.0], "6": [75.45787545787546, 412.0, 546.0], "7": [100.0, 116.0, 116.0], "8": [NaN, 0.0, 0.0]}