precision,accuracy,recall,duration
0.35241324157422216,0.29180642069956875,0.3302058320941377,1047.4419105052948
