{"0": [99.64285714285714, 558.0, 560.0], "1": [27.659574468085108, 13.0, 47.0], "2": [83.72093023255815, 36.0, 43.0], "3": [75.51020408163265, 259.0, 343.0], "4": [88.66666666666667, 133.0, 150.0], "5": [39.60674157303371, 141.0, 356.0], "6": [56.9620253164557, 315.0, 553.0], "7": [58.82352941176471, 10.0, 17.0], "8": [72.22222222222221, 13.0, 18.0]}