{"0": [21.26537785588752, 121.0, 569.0], "1": [38.297872340425535, 18.0, 47.0], "2": [68.18181818181817, 30.0, 44.0], "3": [73.86363636363636, 260.0, 352.0], "4": [96.66666666666667, 145.0, 150.0], "5": [37.26027397260274, 136.0, 365.0], "6": [59.25925925925925, 352.0, 594.0], "7": [100.0, 17.0, 17.0], "8": [61.111111111111114, 11.0, 18.0]}