precision,accuracy,recall,duration
0.3672517435163958,0.47182425978987586,0.34201109097628757,595.0746793746948
