{"0": [31.182795698924732, 87.0, 279.0], "1": [32.0, 8.0, 25.0], "2": [85.71428571428571, 18.0, 21.0], "3": [71.34502923976608, 122.0, 171.0], "4": [87.34177215189874, 69.0, 79.0], "5": [35.95505617977528, 64.0, 178.0], "6": [61.15107913669065, 170.0, 278.0], "7": [87.5, 7.0, 8.0], "8": [100.0, 8.0, 8.0]}