{"0": [58.214285714285715, 326.0, 560.0], "1": [42.5531914893617, 20.0, 47.0], "2": [95.34883720930233, 41.0, 43.0], "3": [84.8396501457726, 291.0, 343.0], "4": [77.33333333333333, 116.0, 150.0], "5": [41.01123595505618, 146.0, 356.0], "6": [52.44122965641953, 290.0, 553.0], "7": [76.47058823529412, 13.0, 17.0], "8": [77.77777777777779, 14.0, 18.0]}