precision,accuracy,recall,duration
0.3628525251266518,0.4016083254493851,0.36962528829292624,1187.6121051311493
