{"0": [48.50615114235501, 276.0, 569.0], "1": [48.93617021276596, 23.0, 47.0], "2": [95.45454545454545, 42.0, 44.0], "3": [81.81818181818183, 288.0, 352.0], "4": [90.66666666666666, 136.0, 150.0], "5": [39.45205479452055, 144.0, 365.0], "6": [63.804713804713806, 379.0, 594.0], "7": [23.52941176470588, 4.0, 17.0], "8": [77.77777777777779, 14.0, 18.0]}