precision,accuracy,recall,duration
0.22382791389582557,0.18013856812933027,0.27504226334635695,417.24741435050964
