{"0": [74.07407407407408, 20.0, 27.0], "1": [66.66666666666666, 16.0, 24.0], "2": [68.18181818181817, 30.0, 44.0], "3": [87.71929824561403, 150.0, 171.0], "4": [92.06349206349206, 58.0, 63.0], "5": [55.55555555555556, 15.0, 27.0], "6": [96.29629629629629, 52.0, 54.0], "7": [50.0, 1.0, 2.0], "8": [61.904761904761905, 13.0, 21.0]}