{"0": [59.22671353251317, 337.0, 569.0], "1": [31.914893617021278, 15.0, 47.0], "2": [81.81818181818183, 36.0, 44.0], "3": [61.07954545454546, 215.0, 352.0], "4": [98.0, 147.0, 150.0], "5": [35.342465753424655, 129.0, 365.0], "6": [60.60606060606061, 360.0, 594.0], "7": [47.05882352941176, 8.0, 17.0], "8": [72.22222222222221, 13.0, 18.0]}