precision,accuracy,recall,duration
0.3940984067461481,0.5,0.3975750200995314,614.3925063610077
