{"0": [29.577464788732392, 84.0, 284.0], "1": [44.0, 11.0, 25.0], "2": [54.54545454545454, 12.0, 22.0], "3": [68.75, 121.0, 176.0], "4": [77.21518987341773, 61.0, 79.0], "5": [37.704918032786885, 69.0, 183.0], "6": [59.53177257525084, 178.0, 299.0], "7": [75.0, 6.0, 8.0], "8": [100.0, 8.0, 8.0]}