{"0": [47.45166959578208, 270.0, 569.0], "1": [46.808510638297875, 22.0, 47.0], "2": [79.54545454545455, 35.0, 44.0], "3": [73.86363636363636, 260.0, 352.0], "4": [87.33333333333333, 131.0, 150.0], "5": [33.42465753424658, 122.0, 365.0], "6": [56.060606060606055, 333.0, 594.0], "7": [58.82352941176471, 10.0, 17.0], "8": [83.33333333333334, 15.0, 18.0]}