{"0": [54.46428571428571, 305.0, 560.0], "1": [31.914893617021278, 15.0, 47.0], "2": [86.04651162790698, 37.0, 43.0], "3": [57.7259475218659, 198.0, 343.0], "4": [98.0, 147.0, 150.0], "5": [36.79775280898877, 131.0, 356.0], "6": [57.68535262206148, 319.0, 553.0], "7": [76.47058823529412, 13.0, 17.0], "8": [77.77777777777779, 14.0, 18.0]}