{"0": [57.99648506151143, 330.0, 569.0], "1": [59.57446808510638, 28.0, 47.0], "2": [95.45454545454545, 42.0, 44.0], "3": [92.04545454545455, 324.0, 352.0], "4": [87.33333333333333, 131.0, 150.0], "5": [39.726027397260275, 145.0, 365.0], "6": [55.55555555555556, 330.0, 594.0], "7": [17.647058823529413, 3.0, 17.0], "8": [83.33333333333334, 15.0, 18.0]}