precision,accuracy,recall,duration
0.31906607970271794,0.414332784184514,0.3028170453134034,466.34378457069397
