{"0": [15.22491349480969, 44.0, 289.0], "1": [100.0, 96.0, 96.0], "2": [34.375, 11.0, 32.0], "3": [79.76878612716763, 138.0, 173.0], "4": [100.0, 147.0, 147.0], "5": [40.27777777777778, 58.0, 144.0], "6": [57.81818181818181, 159.0, 275.0], "7": [100.0, 58.0, 58.0], "8": [NaN, 0.0, 0.0]}