precision,accuracy,recall,duration
0.3279383208731035,0.3584637268847795,0.3121535013340351,320.69185042381287
