{"0": [54.973821989528794, 105.0, 191.0], "1": [85.71428571428571, 12.0, 14.0], "2": [100.0, 16.0, 16.0], "3": [73.72881355932203, 87.0, 118.0], "4": [92.0, 46.0, 50.0], "5": [44.166666666666664, 53.0, 120.0], "6": [70.70707070707071, 140.0, 198.0], "7": [0.0, 0.0, 4.0], "8": [100.0, 7.0, 7.0]}