precision,accuracy,recall,duration
0.32435874185814445,0.2785646836638338,0.3280150333091997,1187.9039099216461
