{"0": [82.2429906542056, 88.0, 107.0], "1": [39.682539682539684, 25.0, 63.0], "2": [84.21052631578947, 96.0, 114.0], "3": [79.84994640943194, 745.0, 933.0], "4": [77.35191637630662, 222.0, 287.0], "5": [29.213483146067414, 26.0, 89.0], "6": [62.23506743737958, 323.0, 519.0], "7": [NaN, 0.0, 0.0], "8": [50.0, 3.0, 6.0]}