precision,accuracy,recall,duration
0.33148128634613017,0.2747875354107649,0.24740027605410495,603.8619656562805
