{"0": [29.629629629629626, 16.0, 54.0], "1": [87.87878787878788, 29.0, 33.0], "2": [74.13793103448276, 43.0, 58.0], "3": [70.10752688172043, 326.0, 465.0], "4": [87.76978417266187, 122.0, 139.0], "5": [48.888888888888886, 22.0, 45.0], "6": [78.9272030651341, 206.0, 261.0], "7": [NaN, 0.0, 0.0], "8": [100.0, 4.0, 4.0]}