{"0": [51.964285714285715, 291.0, 560.0], "1": [34.04255319148936, 16.0, 47.0], "2": [100.0, 43.0, 43.0], "3": [57.14285714285714, 196.0, 343.0], "4": [92.66666666666666, 139.0, 150.0], "5": [41.57303370786517, 148.0, 356.0], "6": [56.23869801084991, 311.0, 553.0], "7": [76.47058823529412, 13.0, 17.0], "8": [77.77777777777779, 14.0, 18.0]}