precision,accuracy,recall,duration
0.20301864843060088,0.33430232558139533,0.1968583816870107,765.0026333332062
