{"0": [66.66666666666666, 50.0, 75.0], "1": [98.86363636363636, 87.0, 88.0], "2": [97.27272727272728, 107.0, 110.0], "3": [29.807692307692307, 155.0, 520.0], "4": [100.0, 199.0, 199.0], "5": [100.0, 64.0, 64.0], "6": [88.28125, 226.0, 256.0], "7": [100.0, 2.0, 2.0], "8": [41.935483870967744, 26.0, 62.0]}