{"0": [33.68983957219251, 63.0, 187.0], "1": [42.857142857142854, 6.0, 14.0], "2": [73.33333333333333, 11.0, 15.0], "3": [69.2982456140351, 79.0, 114.0], "4": [90.0, 45.0, 50.0], "5": [41.37931034482759, 48.0, 116.0], "6": [64.13043478260869, 118.0, 184.0], "7": [50.0, 2.0, 4.0], "8": [100.0, 7.0, 7.0]}