precision,accuracy,recall,duration
0.3540514567216161,0.38013371537726837,0.3244780376039011,611.2925982475281
