{"0": [57.70609318996416, 161.0, 279.0], "1": [32.0, 8.0, 25.0], "2": [90.47619047619048, 19.0, 21.0], "3": [85.38011695906432, 146.0, 171.0], "4": [96.20253164556962, 76.0, 79.0], "5": [40.44943820224719, 72.0, 178.0], "6": [55.75539568345324, 155.0, 278.0], "7": [50.0, 4.0, 8.0], "8": [100.0, 8.0, 8.0]}