precision,accuracy,recall,duration
0.284283738950264,0.36704119850187267,0.44049903563997034,211.7637882232666
