{"0": [57.57575757575758, 19.0, 33.0], "1": [57.89473684210527, 11.0, 19.0], "2": [91.30434782608695, 42.0, 46.0], "3": [53.87755102040816, 132.0, 245.0], "4": [68.65671641791045, 46.0, 67.0], "5": [16.0, 4.0, 25.0], "6": [86.81318681318682, 79.0, 91.0], "7": [0.0, 0.0, 1.0], "8": [71.42857142857143, 5.0, 7.0]}