{"0": [58.75, 329.0, 560.0], "1": [34.04255319148936, 16.0, 47.0], "2": [79.06976744186046, 34.0, 43.0], "3": [57.14285714285714, 196.0, 343.0], "4": [95.33333333333334, 143.0, 150.0], "5": [39.60674157303371, 141.0, 356.0], "6": [58.58951175406871, 324.0, 553.0], "7": [76.47058823529412, 13.0, 17.0], "8": [77.77777777777779, 14.0, 18.0]}