precision,accuracy,recall,duration
0.37612538721593447,0.33900709219858155,0.4934040497480642,405.6419517993927
