precision,accuracy,recall,duration
0.38699233523977217,0.45272206303724927,0.3698365679335665,598.3201041221619
