{"0": [48.028673835125446, 134.0, 279.0], "1": [32.0, 8.0, 25.0], "2": [95.23809523809523, 20.0, 21.0], "3": [70.76023391812866, 121.0, 171.0], "4": [83.54430379746836, 66.0, 79.0], "5": [31.46067415730337, 56.0, 178.0], "6": [56.11510791366906, 156.0, 278.0], "7": [50.0, 4.0, 8.0], "8": [100.0, 8.0, 8.0]}