{"0": [22.22222222222222, 8.0, 36.0], "1": [28.57142857142857, 6.0, 21.0], "2": [69.04761904761905, 29.0, 42.0], "3": [80.38585209003215, 250.0, 311.0], "4": [75.82417582417582, 69.0, 91.0], "5": [24.137931034482758, 7.0, 29.0], "6": [55.74712643678161, 97.0, 174.0], "7": [NaN, 0.0, 0.0], "8": [0.0, 0.0, 1.0]}