precision,accuracy,recall,duration
0.24821566464423603,0.27102803738317754,0.3438585742214775,35.16194796562195
