{"0": [20.0, 2.0, 10.0], "1": [40.0, 2.0, 5.0], "2": [100.0, 11.0, 11.0], "3": [69.79166666666666, 67.0, 96.0], "4": [83.87096774193549, 26.0, 31.0], "5": [63.63636363636363, 7.0, 11.0], "6": [82.0, 41.0, 50.0], "7": [NaN, 0.0, 0.0], "8": [NaN, 0.0, 0.0]}