precision,accuracy,recall,duration
0.35258331044762503,0.3859981078524125,0.34251589930471765,1216.3882639408112
