{"0": [52.3725834797891, 298.0, 569.0], "1": [89.36170212765957, 42.0, 47.0], "2": [90.9090909090909, 40.0, 44.0], "3": [76.98863636363636, 271.0, 352.0], "4": [90.0, 135.0, 150.0], "5": [38.9041095890411, 142.0, 365.0], "6": [66.32996632996633, 394.0, 594.0], "7": [5.88235294117647, 1.0, 17.0], "8": [83.33333333333334, 15.0, 18.0]}