precision,accuracy,recall,duration
0.3293506518551097,0.3375886524822695,0.48149372970121757,417.84376764297485
