{"0": [65.35714285714286, 366.0, 560.0], "1": [34.04255319148936, 16.0, 47.0], "2": [95.34883720930233, 41.0, 43.0], "3": [78.4256559766764, 269.0, 343.0], "4": [94.0, 141.0, 150.0], "5": [42.97752808988764, 153.0, 356.0], "6": [58.77034358047016, 325.0, 553.0], "7": [88.23529411764706, 15.0, 17.0], "8": [55.55555555555556, 10.0, 18.0]}