precision,accuracy,recall,duration
0.38524366862025833,0.3588652482269504,0.4757496004493085,425.3513844013214
