{"0": [22.22222222222222, 8.0, 36.0], "1": [38.095238095238095, 8.0, 21.0], "2": [80.95238095238095, 34.0, 42.0], "3": [69.77491961414792, 217.0, 311.0], "4": [78.02197802197803, 71.0, 91.0], "5": [20.689655172413794, 6.0, 29.0], "6": [62.06896551724138, 108.0, 174.0], "7": [NaN, 0.0, 0.0], "8": [0.0, 0.0, 1.0]}