precision,accuracy,recall,duration
0.39076698857451686,0.45367717287488063,0.3925259203057935,600.1418588161469
