precision,accuracy,recall,duration
0.3471095330522241,0.3219858156028369,0.37405371502832424,404.7390491962433
