{"0": [25.0, 9.0, 36.0], "1": [28.57142857142857, 6.0, 21.0], "2": [80.95238095238095, 34.0, 42.0], "3": [82.95819935691318, 258.0, 311.0], "4": [64.83516483516483, 59.0, 91.0], "5": [20.689655172413794, 6.0, 29.0], "6": [60.3448275862069, 105.0, 174.0], "7": [NaN, 0.0, 0.0], "8": [100.0, 1.0, 1.0]}