{"0": [48.38709677419355, 135.0, 279.0], "1": [28.000000000000004, 7.0, 25.0], "2": [85.71428571428571, 18.0, 21.0], "3": [75.43859649122807, 129.0, 171.0], "4": [84.81012658227847, 67.0, 79.0], "5": [36.51685393258427, 65.0, 178.0], "6": [50.35971223021583, 140.0, 278.0], "7": [37.5, 3.0, 8.0], "8": [100.0, 8.0, 8.0]}