{"0": [48.028673835125446, 134.0, 279.0], "1": [44.0, 11.0, 25.0], "2": [85.71428571428571, 18.0, 21.0], "3": [88.30409356725146, 151.0, 171.0], "4": [84.81012658227847, 67.0, 79.0], "5": [42.69662921348314, 76.0, 178.0], "6": [68.34532374100719, 190.0, 278.0], "7": [37.5, 3.0, 8.0], "8": [87.5, 7.0, 8.0]}