{"0": [20.070422535211268, 57.0, 284.0], "1": [32.0, 8.0, 25.0], "2": [90.9090909090909, 20.0, 22.0], "3": [68.18181818181817, 120.0, 176.0], "4": [91.13924050632912, 72.0, 79.0], "5": [38.79781420765027, 71.0, 183.0], "6": [58.19397993311036, 174.0, 299.0], "7": [100.0, 8.0, 8.0], "8": [100.0, 8.0, 8.0]}