precision,accuracy,recall,duration
0.31231212336051045,0.32242990654205606,0.33548326001955037,67.0615496635437
