{"0": [40.0, 4.0, 10.0], "1": [80.0, 4.0, 5.0], "2": [90.9090909090909, 10.0, 11.0], "3": [70.83333333333334, 68.0, 96.0], "4": [83.87096774193549, 26.0, 31.0], "5": [0.0, 0.0, 11.0], "6": [66.0, 33.0, 50.0], "7": [NaN, 0.0, 0.0], "8": [NaN, 0.0, 0.0]}