best_model_train_loss,best_model_val_loss,best_model_train_acc,best_model_val_acc,best_model_learning_rate,best_model_nb_epoch
0.4605083167552948,0.8733357787132263,0.4104515612125397,0.31479737162590027,0.0010000000474974513,96
