precision,accuracy,recall,duration
0.3845521836368233,0.44030563514804205,0.35395533182984024,594.9731731414795
