precision,accuracy,recall,duration
0.3655753207209697,0.3704052780395853,0.36416251076025397,612.0686075687408
