{"0": [31.48148148148148, 17.0, 54.0], "1": [51.515151515151516, 17.0, 33.0], "2": [81.03448275862068, 47.0, 58.0], "3": [66.45161290322581, 309.0, 465.0], "4": [81.56028368794325, 115.0, 141.0], "5": [28.888888888888886, 13.0, 45.0], "6": [56.32183908045977, 147.0, 261.0], "7": [NaN, 0.0, 0.0], "8": [75.0, 3.0, 4.0]}