{"0": [49.46236559139785, 138.0, 279.0], "1": [32.0, 8.0, 25.0], "2": [85.71428571428571, 18.0, 21.0], "3": [66.66666666666666, 114.0, 171.0], "4": [91.13924050632912, 72.0, 79.0], "5": [38.20224719101123, 68.0, 178.0], "6": [55.75539568345324, 155.0, 278.0], "7": [62.5, 5.0, 8.0], "8": [100.0, 8.0, 8.0]}