{"0": [58.82352941176471, 110.0, 187.0], "1": [92.85714285714286, 13.0, 14.0], "2": [100.0, 15.0, 15.0], "3": [71.9298245614035, 82.0, 114.0], "4": [88.0, 44.0, 50.0], "5": [40.51724137931034, 47.0, 116.0], "6": [71.19565217391305, 131.0, 184.0], "7": [25.0, 1.0, 4.0], "8": [100.0, 7.0, 7.0]}