{"0": [58.57142857142858, 328.0, 560.0], "1": [38.297872340425535, 18.0, 47.0], "2": [88.37209302325581, 38.0, 43.0], "3": [85.71428571428571, 294.0, 343.0], "4": [92.66666666666666, 139.0, 150.0], "5": [39.04494382022472, 139.0, 356.0], "6": [53.8878842676311, 298.0, 553.0], "7": [41.17647058823529, 7.0, 17.0], "8": [94.44444444444444, 17.0, 18.0]}