precision,accuracy,recall,duration
0.32698770981924635,0.32056737588652484,0.3397312287063553,408.527400970459
