precision,accuracy,recall,duration
0.36574315813141456,0.3829787234042553,0.48850941745571597,417.4698145389557
