precision,accuracy,recall,duration
0.35288828766346503,0.3986583612841399,0.34298754282949173,932.9519007205963
