{"0": [53.035714285714285, 297.0, 560.0], "1": [89.36170212765957, 42.0, 47.0], "2": [97.67441860465115, 42.0, 43.0], "3": [76.96793002915452, 264.0, 343.0], "4": [86.66666666666667, 130.0, 150.0], "5": [41.57303370786517, 148.0, 356.0], "6": [57.14285714285714, 316.0, 553.0], "7": [0.0, 0.0, 17.0], "8": [88.88888888888889, 16.0, 18.0]}