precision,accuracy,recall,duration
0.3024909902540255,0.26251180358829085,0.25887276949190774,1203.2216215133667
