{"0": [31.775700934579437, 34.0, 107.0], "1": [31.746031746031743, 20.0, 63.0], "2": [88.59649122807018, 101.0, 114.0], "3": [78.02786709539122, 728.0, 933.0], "4": [97.5609756097561, 280.0, 287.0], "5": [96.62921348314607, 86.0, 89.0], "6": [59.34489402697495, 308.0, 519.0], "7": [NaN, 0.0, 0.0], "8": [83.33333333333334, 5.0, 6.0]}