best_model_train_loss,best_model_val_loss,best_model_train_acc,best_model_val_acc,best_model_learning_rate,best_model_nb_epoch
0.45390960574150085,0.5677430629730225,0.44282084703445435,0.40887629985809326,0.0010000000474974513,94
