precision,accuracy,recall,duration
0.38447352715781585,0.37252124645892354,0.4366752865099157,1259.030975818634
