precision,accuracy,recall,duration
0.3489598377029772,0.38639652677279307,0.29457996265337955,398.06526732444763
