{"0": [48.663101604278076, 91.0, 187.0], "1": [50.0, 7.0, 14.0], "2": [80.0, 12.0, 15.0], "3": [88.59649122807018, 101.0, 114.0], "4": [92.0, 46.0, 50.0], "5": [41.37931034482759, 48.0, 116.0], "6": [59.2391304347826, 109.0, 184.0], "7": [75.0, 3.0, 4.0], "8": [100.0, 7.0, 7.0]}