{"0": [23.364485981308412, 25.0, 107.0], "1": [36.507936507936506, 23.0, 63.0], "2": [88.59649122807018, 101.0, 114.0], "3": [64.41586280814576, 601.0, 933.0], "4": [77.00348432055749, 221.0, 287.0], "5": [38.20224719101123, 34.0, 89.0], "6": [62.23506743737958, 323.0, 519.0], "7": [NaN, 0.0, 0.0], "8": [16.666666666666664, 1.0, 6.0]}