precision,accuracy,recall,duration
0.2680935184749391,0.2729422894985809,0.30129614167324276,1212.671154499054
