{"0": [100.0, 569.0, 569.0], "1": [29.78723404255319, 14.0, 47.0], "2": [93.18181818181817, 41.0, 44.0], "3": [77.27272727272727, 272.0, 352.0], "4": [84.66666666666667, 127.0, 150.0], "5": [39.178082191780824, 143.0, 365.0], "6": [65.15151515151516, 387.0, 594.0], "7": [58.82352941176471, 10.0, 17.0], "8": [83.33333333333334, 15.0, 18.0]}