{"0": [7.6923076923076925, 2.0, 26.0], "1": [55.172413793103445, 16.0, 29.0], "2": [91.17647058823529, 31.0, 34.0], "3": [61.261261261261254, 136.0, 222.0], "4": [70.66666666666667, 53.0, 75.0], "5": [88.46153846153845, 23.0, 26.0], "6": [68.46846846846847, 76.0, 111.0], "7": [NaN, 0.0, 0.0], "8": [90.0, 9.0, 10.0]}