precision,accuracy,recall,duration
0.3357813432803039,0.3059490084985836,0.27421013323575055,1226.9022278785706
