{"0": [28.971962616822427, 31.0, 107.0], "1": [93.65079365079364, 59.0, 63.0], "2": [85.08771929824562, 97.0, 114.0], "3": [70.63236870310826, 659.0, 933.0], "4": [70.03484320557492, 201.0, 287.0], "5": [49.43820224719101, 44.0, 89.0], "6": [72.0616570327553, 374.0, 519.0], "7": [NaN, 0.0, 0.0], "8": [83.33333333333334, 5.0, 6.0]}