precision,accuracy,recall,duration
0.3593655918046126,0.36380772855796417,0.37182951583875123,613.616584777832
