precision,accuracy,recall,duration
0.35621554587266185,0.38013371537726837,0.3170340367913202,584.9159605503082
