{"0": [29.629629629629626, 16.0, 54.0], "1": [54.54545454545454, 18.0, 33.0], "2": [87.93103448275862, 51.0, 58.0], "3": [62.795698924731184, 292.0, 465.0], "4": [85.81560283687944, 121.0, 141.0], "5": [33.33333333333333, 15.0, 45.0], "6": [61.30268199233716, 160.0, 261.0], "7": [NaN, 0.0, 0.0], "8": [50.0, 2.0, 4.0]}