{"0": [48.74551971326165, 136.0, 279.0], "1": [40.0, 10.0, 25.0], "2": [85.71428571428571, 18.0, 21.0], "3": [83.04093567251462, 142.0, 171.0], "4": [86.07594936708861, 68.0, 79.0], "5": [39.8876404494382, 71.0, 178.0], "6": [68.70503597122301, 191.0, 278.0], "7": [62.5, 5.0, 8.0], "8": [100.0, 8.0, 8.0]}