{"0": [57.34767025089605, 160.0, 279.0], "1": [96.0, 24.0, 25.0], "2": [100.0, 21.0, 21.0], "3": [86.54970760233918, 148.0, 171.0], "4": [91.13924050632912, 72.0, 79.0], "5": [46.06741573033708, 82.0, 178.0], "6": [61.15107913669065, 170.0, 278.0], "7": [0.0, 0.0, 8.0], "8": [75.0, 6.0, 8.0]}