{"0": [60.357142857142854, 338.0, 560.0], "1": [42.5531914893617, 20.0, 47.0], "2": [95.34883720930233, 41.0, 43.0], "3": [91.54518950437318, 314.0, 343.0], "4": [92.66666666666666, 139.0, 150.0], "5": [42.97752808988764, 153.0, 356.0], "6": [54.06871609403255, 299.0, 553.0], "7": [82.35294117647058, 14.0, 17.0], "8": [61.111111111111114, 11.0, 18.0]}