best_model_train_loss,best_model_val_loss,best_model_train_acc,best_model_val_acc,best_model_learning_rate,best_model_nb_epoch
0.5069496035575867,1.513187289237976,0.29777777194976807,0.38505202531814575,0.0010000000474974513,91
