precision,accuracy,recall,duration
0.35961167242057135,0.38647114474929045,0.34217662072842103,1202.125361442566
