{"0": [55.536028119507904, 316.0, 569.0], "1": [89.36170212765957, 42.0, 47.0], "2": [97.72727272727273, 43.0, 44.0], "3": [69.31818181818183, 244.0, 352.0], "4": [84.0, 126.0, 150.0], "5": [42.73972602739726, 156.0, 365.0], "6": [66.66666666666666, 396.0, 594.0], "7": [5.88235294117647, 1.0, 17.0], "8": [83.33333333333334, 15.0, 18.0]}