best_model_train_loss,best_model_val_loss,best_model_train_acc,best_model_val_acc,best_model_learning_rate,best_model_nb_epoch
0.44311997294425964,0.9417078495025635,0.46099111437797546,0.36449480056762695,0.0010000000474974513,97
