precision,accuracy,recall,duration
0.3346852360389816,0.336166194523135,0.35685685868147243,599.4376149177551
