{"0": [70.37037037037037, 38.0, 54.0], "1": [33.33333333333333, 11.0, 33.0], "2": [75.86206896551724, 44.0, 58.0], "3": [75.48387096774194, 351.0, 465.0], "4": [76.97841726618705, 107.0, 139.0], "5": [17.77777777777778, 8.0, 45.0], "6": [54.02298850574713, 141.0, 261.0], "7": [NaN, 0.0, 0.0], "8": [75.0, 3.0, 4.0]}