best_model_train_loss,best_model_val_loss,best_model_train_acc,best_model_val_acc,best_model_learning_rate,best_model_nb_epoch
0.48127615451812744,2.4632222652435303,0.31963470578193665,0.3911806643009186,0.0010000000474974513,97
