precision,accuracy,recall,duration
0.3460320028140882,0.3669985775248933,0.3056185435193642,325.1115002632141
