{"0": [52.35602094240838, 100.0, 191.0], "1": [85.71428571428571, 12.0, 14.0], "2": [93.75, 15.0, 16.0], "3": [75.42372881355932, 89.0, 118.0], "4": [80.0, 40.0, 50.0], "5": [40.833333333333336, 49.0, 120.0], "6": [73.23232323232324, 145.0, 198.0], "7": [25.0, 1.0, 4.0], "8": [100.0, 7.0, 7.0]}