{"0": [61.25654450261781, 117.0, 191.0], "1": [100.0, 14.0, 14.0], "2": [100.0, 16.0, 16.0], "3": [83.05084745762711, 98.0, 118.0], "4": [70.0, 35.0, 50.0], "5": [53.333333333333336, 64.0, 120.0], "6": [67.17171717171718, 133.0, 198.0], "7": [0.0, 0.0, 4.0], "8": [100.0, 7.0, 7.0]}