{"0": [54.973821989528794, 105.0, 191.0], "1": [50.0, 7.0, 14.0], "2": [87.5, 14.0, 16.0], "3": [72.88135593220339, 86.0, 118.0], "4": [82.0, 41.0, 50.0], "5": [38.333333333333336, 46.0, 120.0], "6": [63.63636363636363, 126.0, 198.0], "7": [25.0, 1.0, 4.0], "8": [100.0, 7.0, 7.0]}