precision,accuracy,recall,duration
0.37348118869858,0.397196261682243,0.516866096138108,63.150203227996826
