{"0": [18.181818181818183, 2.0, 11.0], "1": [20.0, 1.0, 5.0], "2": [77.77777777777779, 14.0, 18.0], "3": [59.813084112149525, 64.0, 107.0], "4": [84.0, 21.0, 25.0], "5": [10.0, 1.0, 10.0], "6": [68.42105263157895, 26.0, 38.0], "7": [NaN, 0.0, 0.0], "8": [NaN, 0.0, 0.0]}