precision,accuracy,recall,duration
0.2981126071544352,0.2425531914893617,0.26836586516151884,401.71962666511536
