{"0": [16.666666666666664, 6.0, 36.0], "1": [28.57142857142857, 6.0, 21.0], "2": [80.95238095238095, 34.0, 42.0], "3": [84.2443729903537, 262.0, 311.0], "4": [80.21978021978022, 73.0, 91.0], "5": [96.55172413793103, 28.0, 29.0], "6": [71.26436781609196, 124.0, 174.0], "7": [NaN, 0.0, 0.0], "8": [100.0, 1.0, 1.0]}