precision,accuracy,recall,duration
0.364141632910171,0.3574468085106383,0.4542414896759429,400.68288564682007
