precision,accuracy,recall,duration
0.39377212078812185,0.45092460881934565,0.40848143246782065,317.5751402378082
