{"0": [49.21465968586388, 94.0, 191.0], "1": [28.57142857142857, 4.0, 14.0], "2": [68.75, 11.0, 16.0], "3": [66.94915254237289, 79.0, 118.0], "4": [82.0, 41.0, 50.0], "5": [31.666666666666664, 38.0, 120.0], "6": [63.63636363636363, 126.0, 198.0], "7": [75.0, 3.0, 4.0], "8": [71.42857142857143, 5.0, 7.0]}