precision,accuracy,recall,duration
0.30116790813359573,0.2999273783587509,0.2945519204138156,201.74518871307373
