{"0": [28.000000000000004, 21.0, 75.0], "1": [60.22727272727273, 53.0, 88.0], "2": [94.54545454545455, 104.0, 110.0], "3": [60.0, 312.0, 520.0], "4": [93.0, 186.0, 200.0], "5": [56.25, 36.0, 64.0], "6": [83.203125, 213.0, 256.0], "7": [100.0, 2.0, 2.0], "8": [59.67741935483871, 37.0, 62.0]}