best_model_train_loss,best_model_val_loss,best_model_train_acc,best_model_val_acc,best_model_learning_rate,best_model_nb_epoch
0.46001046895980835,1.2536869049072266,0.3834037780761719,0.4399421215057373,0.0010000000474974513,90
