precision,accuracy,recall,duration
0.386008003628396,0.41678726483357453,0.3595857146837926,398.3711190223694
