precision,accuracy,recall,duration
0.39527970614072033,0.37865911237016053,0.425632591339153,1209.0089473724365
