{"0": [24.299065420560748, 26.0, 107.0], "1": [33.33333333333333, 21.0, 63.0], "2": [87.71929824561403, 100.0, 114.0], "3": [70.7395498392283, 660.0, 933.0], "4": [73.5191637630662, 211.0, 287.0], "5": [24.719101123595504, 22.0, 89.0], "6": [52.601156069364166, 273.0, 519.0], "7": [NaN, 0.0, 0.0], "8": [50.0, 3.0, 6.0]}