{"0": [47.593582887700535, 89.0, 187.0], "1": [42.857142857142854, 6.0, 14.0], "2": [66.66666666666666, 10.0, 15.0], "3": [78.94736842105263, 90.0, 114.0], "4": [94.0, 47.0, 50.0], "5": [37.06896551724138, 43.0, 116.0], "6": [59.2391304347826, 109.0, 184.0], "7": [50.0, 2.0, 4.0], "8": [100.0, 7.0, 7.0]}