precision,accuracy,recall,duration
0.3401297299645222,0.3772683858643744,0.32464955979774957,594.5590176582336
