{"0": [52.32974910394266, 146.0, 279.0], "1": [96.0, 24.0, 25.0], "2": [100.0, 21.0, 21.0], "3": [76.60818713450293, 131.0, 171.0], "4": [88.60759493670885, 70.0, 79.0], "5": [43.82022471910113, 78.0, 178.0], "6": [62.94964028776978, 175.0, 278.0], "7": [0.0, 0.0, 8.0], "8": [87.5, 7.0, 8.0]}