precision,accuracy,recall,duration
0.37487366241923004,0.3992467043314501,0.3575426390042373,559.8132498264313
