{"0": [57.3943661971831, 163.0, 284.0], "1": [28.000000000000004, 7.0, 25.0], "2": [95.45454545454545, 21.0, 22.0], "3": [64.20454545454545, 113.0, 176.0], "4": [87.34177215189874, 69.0, 79.0], "5": [49.18032786885246, 90.0, 183.0], "6": [62.207357859531776, 186.0, 299.0], "7": [37.5, 3.0, 8.0], "8": [100.0, 8.0, 8.0]}