best_model_train_loss,best_model_val_loss,best_model_train_acc,best_model_val_acc,best_model_learning_rate,best_model_nb_epoch
0.4386938512325287,0.5191134214401245,0.45329776406288147,0.39432623982429504,0.0010000000474974513,98
