precision,accuracy,recall,duration
0.355262392524356,0.29219858156028367,0.4150588104832848,402.01152873039246
