{"0": [27.77777777777778, 10.0, 36.0], "1": [61.904761904761905, 13.0, 21.0], "2": [90.47619047619048, 38.0, 42.0], "3": [80.38585209003215, 250.0, 311.0], "4": [79.12087912087912, 72.0, 91.0], "5": [24.137931034482758, 7.0, 29.0], "6": [62.643678160919535, 109.0, 174.0], "7": [NaN, 0.0, 0.0], "8": [0.0, 0.0, 1.0]}