precision,accuracy,recall,duration
0.25559454543694027,0.27413793103448275,0.32016719563652235,699.0936844348907
