{"0": [94.64285714285714, 106.0, 112.0], "1": [69.76744186046511, 60.0, 86.0], "2": [87.09677419354838, 162.0, 186.0], "3": [67.95827123695976, 456.0, 671.0], "4": [73.20754716981132, 194.0, 265.0], "5": [48.54368932038835, 50.0, 103.0], "6": [95.260663507109, 201.0, 211.0], "7": [44.44444444444444, 4.0, 9.0], "8": [30.927835051546392, 30.0, 97.0]}