{"0": [57.82073813708261, 329.0, 569.0], "1": [36.17021276595745, 17.0, 47.0], "2": [86.36363636363636, 38.0, 44.0], "3": [81.5340909090909, 287.0, 352.0], "4": [85.33333333333334, 128.0, 150.0], "5": [39.726027397260275, 145.0, 365.0], "6": [50.505050505050505, 300.0, 594.0], "7": [47.05882352941176, 8.0, 17.0], "8": [83.33333333333334, 15.0, 18.0]}