{"0": [57.21925133689839, 107.0, 187.0], "1": [50.0, 7.0, 14.0], "2": [80.0, 12.0, 15.0], "3": [86.8421052631579, 99.0, 114.0], "4": [60.0, 30.0, 50.0], "5": [89.65517241379311, 104.0, 116.0], "6": [65.76086956521739, 121.0, 184.0], "7": [25.0, 1.0, 4.0], "8": [100.0, 7.0, 7.0]}