precision,accuracy,recall,duration
0.3294254768003084,0.31631205673758866,0.4607305453482044,407.28386902809143
