{"0": [62.5, 350.0, 560.0], "1": [34.04255319148936, 16.0, 47.0], "2": [100.0, 43.0, 43.0], "3": [90.37900874635568, 310.0, 343.0], "4": [92.66666666666666, 139.0, 150.0], "5": [42.41573033707865, 151.0, 356.0], "6": [51.89873417721519, 287.0, 553.0], "7": [70.58823529411765, 12.0, 17.0], "8": [72.22222222222221, 13.0, 18.0]}