{"0": [63.21428571428571, 354.0, 560.0], "1": [44.680851063829785, 21.0, 47.0], "2": [88.37209302325581, 38.0, 43.0], "3": [81.63265306122449, 280.0, 343.0], "4": [98.0, 147.0, 150.0], "5": [39.325842696629216, 140.0, 356.0], "6": [53.8878842676311, 298.0, 553.0], "7": [29.411764705882355, 5.0, 17.0], "8": [66.66666666666666, 12.0, 18.0]}