{"0": [59.40246045694201, 338.0, 569.0], "1": [34.04255319148936, 16.0, 47.0], "2": [72.72727272727273, 32.0, 44.0], "3": [86.36363636363636, 304.0, 352.0], "4": [98.66666666666667, 148.0, 150.0], "5": [36.71232876712329, 134.0, 365.0], "6": [59.25925925925925, 352.0, 594.0], "7": [76.47058823529412, 13.0, 17.0], "8": [61.111111111111114, 11.0, 18.0]}