precision,accuracy,recall,duration
0.37772661031643423,0.5491881566380133,0.3836809747908421,621.7671873569489
