precision,accuracy,recall,duration
0.33034748080209897,0.2607116920842411,0.3175547647170631,400.93994307518005
