{"0": [46.666666666666664, 35.0, 75.0], "1": [60.22727272727273, 53.0, 88.0], "2": [90.9090909090909, 100.0, 110.0], "3": [65.0, 338.0, 520.0], "4": [97.0, 194.0, 200.0], "5": [64.0625, 41.0, 64.0], "6": [87.109375, 223.0, 256.0], "7": [50.0, 1.0, 2.0], "8": [53.2258064516129, 33.0, 62.0]}