{"0": [61.335676625659055, 349.0, 569.0], "1": [36.17021276595745, 17.0, 47.0], "2": [95.45454545454545, 42.0, 44.0], "3": [80.11363636363636, 282.0, 352.0], "4": [94.66666666666667, 142.0, 150.0], "5": [35.89041095890411, 131.0, 365.0], "6": [54.37710437710438, 323.0, 594.0], "7": [76.47058823529412, 13.0, 17.0], "8": [61.111111111111114, 11.0, 18.0]}