precision,accuracy,recall,duration
0.30601873987840494,0.2453900709219858,0.43445670379550705,418.1082110404968
