{"0": [62.142857142857146, 348.0, 560.0], "1": [34.04255319148936, 16.0, 47.0], "2": [97.67441860465115, 42.0, 43.0], "3": [93.29446064139941, 320.0, 343.0], "4": [92.66666666666666, 139.0, 150.0], "5": [41.853932584269664, 149.0, 356.0], "6": [57.86618444846293, 320.0, 553.0], "7": [82.35294117647058, 14.0, 17.0], "8": [61.111111111111114, 11.0, 18.0]}