{"0": [52.32142857142858, 293.0, 560.0], "1": [82.97872340425532, 39.0, 47.0], "2": [100.0, 43.0, 43.0], "3": [58.01749271137027, 199.0, 343.0], "4": [82.66666666666667, 124.0, 150.0], "5": [44.10112359550562, 157.0, 356.0], "6": [55.69620253164557, 308.0, 553.0], "7": [94.11764705882352, 16.0, 17.0], "8": [55.55555555555556, 10.0, 18.0]}