{"0": [94.36619718309859, 268.0, 284.0], "1": [84.0, 21.0, 25.0], "2": [90.9090909090909, 20.0, 22.0], "3": [88.06818181818183, 155.0, 176.0], "4": [81.0126582278481, 64.0, 79.0], "5": [42.07650273224044, 77.0, 183.0], "6": [97.32441471571906, 291.0, 299.0], "7": [37.5, 3.0, 8.0], "8": [100.0, 8.0, 8.0]}