precision,accuracy,recall,duration
0.3250061786219335,0.28368794326241137,0.43670565669493855,425.4738230705261
