{"0": [19.444444444444446, 7.0, 36.0], "1": [57.14285714285714, 12.0, 21.0], "2": [69.04761904761905, 29.0, 42.0], "3": [77.81350482315112, 242.0, 311.0], "4": [83.51648351648352, 76.0, 91.0], "5": [24.137931034482758, 7.0, 29.0], "6": [75.86206896551724, 132.0, 174.0], "7": [NaN, 0.0, 0.0], "8": [0.0, 0.0, 1.0]}