precision,accuracy,recall,duration
0.3364606615257503,0.3720491029272899,0.3879802604983583,1197.3488216400146
