{"0": [69.1588785046729, 74.0, 107.0], "1": [36.507936507936506, 23.0, 63.0], "2": [80.7017543859649, 92.0, 114.0], "3": [68.06002143622723, 635.0, 933.0], "4": [77.35191637630662, 222.0, 287.0], "5": [17.97752808988764, 16.0, 89.0], "6": [51.05973025048169, 265.0, 519.0], "7": [NaN, 0.0, 0.0], "8": [50.0, 3.0, 6.0]}