{"0": [52.0, 39.0, 75.0], "1": [60.22727272727273, 53.0, 88.0], "2": [96.36363636363636, 106.0, 110.0], "3": [98.07692307692307, 510.0, 520.0], "4": [96.4824120603015, 192.0, 199.0], "5": [95.3125, 61.0, 64.0], "6": [97.65625, 250.0, 256.0], "7": [50.0, 1.0, 2.0], "8": [37.096774193548384, 23.0, 62.0]}