precision,accuracy,recall,duration
0.2673254101941803,0.2551594746716698,0.35714777915192764,187.2338831424713
