{"0": [65.625, 21.0, 32.0], "1": [100.0, 19.0, 19.0], "2": [97.82608695652173, 45.0, 46.0], "3": [69.79591836734694, 171.0, 245.0], "4": [65.67164179104478, 44.0, 67.0], "5": [28.000000000000004, 7.0, 25.0], "6": [94.5054945054945, 86.0, 91.0], "7": [0.0, 0.0, 1.0], "8": [57.14285714285714, 4.0, 7.0]}