{"0": [56.42857142857143, 316.0, 560.0], "1": [97.87234042553192, 46.0, 47.0], "2": [55.81395348837209, 24.0, 43.0], "3": [53.352769679300295, 183.0, 343.0], "4": [98.66666666666667, 148.0, 150.0], "5": [35.95505617977528, 128.0, 356.0], "6": [59.13200723327306, 327.0, 553.0], "7": [76.47058823529412, 13.0, 17.0], "8": [61.111111111111114, 11.0, 18.0]}