precision,accuracy,recall,duration
0.37808515777488577,0.3617021276595745,0.4503483044710823,421.2187747955322
