{"0": [27.77777777777778, 10.0, 36.0], "1": [42.857142857142854, 9.0, 21.0], "2": [88.09523809523809, 37.0, 42.0], "3": [61.7363344051447, 192.0, 311.0], "4": [85.71428571428571, 78.0, 91.0], "5": [20.689655172413794, 6.0, 29.0], "6": [67.81609195402298, 118.0, 174.0], "7": [NaN, 0.0, 0.0], "8": [0.0, 0.0, 1.0]}