precision,accuracy,recall,duration
0.3546495331206076,0.4143126177024482,0.3716013089184607,603.308601140976
