{"0": [44.71830985915493, 127.0, 284.0], "1": [40.0, 10.0, 25.0], "2": [95.45454545454545, 21.0, 22.0], "3": [74.43181818181817, 131.0, 176.0], "4": [78.48101265822784, 62.0, 79.0], "5": [39.34426229508197, 72.0, 183.0], "6": [70.23411371237458, 210.0, 299.0], "7": [37.5, 3.0, 8.0], "8": [87.5, 7.0, 8.0]}