precision,accuracy,recall,duration
0.3268830998112766,0.24964539007092199,0.38046472731581943,405.98688888549805
