{"0": [25.0, 9.0, 36.0], "1": [80.95238095238095, 17.0, 21.0], "2": [90.47619047619048, 38.0, 42.0], "3": [85.20900321543408, 265.0, 311.0], "4": [85.71428571428571, 78.0, 91.0], "5": [24.137931034482758, 7.0, 29.0], "6": [66.0919540229885, 115.0, 174.0], "7": [NaN, 0.0, 0.0], "8": [0.0, 0.0, 1.0]}