precision,accuracy,recall,duration
0.38920709403912873,0.3973256924546323,0.3505844722142174,588.6979973316193
