precision,accuracy,recall,duration
0.3268198347794903,0.2554194156456173,0.31613620981884116,607.8448693752289
