{"0": [49.10394265232975, 137.0, 279.0], "1": [56.00000000000001, 14.0, 25.0], "2": [52.38095238095239, 11.0, 21.0], "3": [76.60818713450293, 131.0, 171.0], "4": [94.9367088607595, 75.0, 79.0], "5": [42.13483146067416, 75.0, 178.0], "6": [63.30935251798561, 176.0, 278.0], "7": [50.0, 4.0, 8.0], "8": [100.0, 8.0, 8.0]}