{"0": [29.629629629629626, 16.0, 54.0], "1": [54.54545454545454, 18.0, 33.0], "2": [89.65517241379311, 52.0, 58.0], "3": [88.81720430107526, 413.0, 465.0], "4": [90.78014184397163, 128.0, 141.0], "5": [31.11111111111111, 14.0, 45.0], "6": [55.938697318007655, 146.0, 261.0], "7": [NaN, 0.0, 0.0], "8": [75.0, 3.0, 4.0]}