precision,accuracy,recall,duration
0.275136688433363,0.2889314805941543,0.335952545166239,937.4806735515594
