{"0": [100.0, 560.0, 560.0], "1": [29.78723404255319, 14.0, 47.0], "2": [97.67441860465115, 42.0, 43.0], "3": [84.8396501457726, 291.0, 343.0], "4": [86.66666666666667, 130.0, 150.0], "5": [36.79775280898877, 131.0, 356.0], "6": [53.70705244122965, 297.0, 553.0], "7": [47.05882352941176, 8.0, 17.0], "8": [61.111111111111114, 11.0, 18.0]}