precision,accuracy,recall,duration
0.38107083222851823,0.4087870105062082,0.3304319804723898,631.96879529953
