{"0": [53.40501792114696, 149.0, 279.0], "1": [20.0, 5.0, 25.0], "2": [80.95238095238095, 17.0, 21.0], "3": [83.04093567251462, 142.0, 171.0], "4": [84.81012658227847, 67.0, 79.0], "5": [34.26966292134831, 61.0, 178.0], "6": [58.63309352517986, 163.0, 278.0], "7": [87.5, 7.0, 8.0], "8": [100.0, 8.0, 8.0]}