{"0": [48.167539267015705, 92.0, 191.0], "1": [50.0, 7.0, 14.0], "2": [75.0, 12.0, 16.0], "3": [65.2542372881356, 77.0, 118.0], "4": [90.0, 45.0, 50.0], "5": [34.166666666666664, 41.0, 120.0], "6": [64.14141414141415, 127.0, 198.0], "7": [50.0, 2.0, 4.0], "8": [100.0, 7.0, 7.0]}