{"0": [56.06326889279437, 319.0, 569.0], "1": [44.680851063829785, 21.0, 47.0], "2": [93.18181818181817, 41.0, 44.0], "3": [73.01136363636364, 257.0, 352.0], "4": [88.0, 132.0, 150.0], "5": [39.178082191780824, 143.0, 365.0], "6": [55.72390572390572, 331.0, 594.0], "7": [29.411764705882355, 5.0, 17.0], "8": [77.77777777777779, 14.0, 18.0]}