precision,accuracy,recall,duration
0.21728195734896874,0.2851782363977486,0.25325525556762885,155.72462725639343
