{"0": [19.230769230769234, 5.0, 26.0], "1": [62.06896551724138, 18.0, 29.0], "2": [97.05882352941177, 33.0, 34.0], "3": [65.31531531531532, 145.0, 222.0], "4": [52.0, 39.0, 75.0], "5": [100.0, 26.0, 26.0], "6": [96.3963963963964, 107.0, 111.0], "7": [NaN, 0.0, 0.0], "8": [80.0, 8.0, 10.0]}