{"0": [16.695957820738137, 95.0, 569.0], "1": [46.808510638297875, 22.0, 47.0], "2": [81.81818181818183, 36.0, 44.0], "3": [75.0, 264.0, 352.0], "4": [90.0, 135.0, 150.0], "5": [38.082191780821915, 139.0, 365.0], "6": [60.1010101010101, 357.0, 594.0], "7": [100.0, 17.0, 17.0], "8": [77.77777777777779, 14.0, 18.0]}