{"0": [42.66666666666667, 32.0, 75.0], "1": [54.54545454545454, 48.0, 88.0], "2": [96.36363636363636, 106.0, 110.0], "3": [64.03846153846153, 333.0, 520.0], "4": [100.0, 199.0, 199.0], "5": [95.3125, 61.0, 64.0], "6": [83.59375, 214.0, 256.0], "7": [50.0, 1.0, 2.0], "8": [46.774193548387096, 29.0, 62.0]}