best_model_train_loss,best_model_val_loss,best_model_train_acc,best_model_val_acc,best_model_learning_rate,best_model_nb_epoch
0.46033403277397156,1.6953109502792358,0.4087759852409363,0.34765997529029846,0.0010000000474974513,96
