precision,accuracy,recall,duration
0.2465515536197631,0.24832855778414517,0.24962497330699585,601.6121649742126
