{"0": [56.06326889279437, 319.0, 569.0], "1": [48.93617021276596, 23.0, 47.0], "2": [68.18181818181817, 30.0, 44.0], "3": [68.4659090909091, 241.0, 352.0], "4": [96.66666666666667, 145.0, 150.0], "5": [40.273972602739725, 147.0, 365.0], "6": [60.26936026936027, 358.0, 594.0], "7": [76.47058823529412, 13.0, 17.0], "8": [55.55555555555556, 10.0, 18.0]}