precision,accuracy,recall,duration
0.2456458764065439,0.2577903682719547,0.22893697955348305,601.004457950592
