{"0": [31.48148148148148, 17.0, 54.0], "1": [30.303030303030305, 10.0, 33.0], "2": [100.0, 58.0, 58.0], "3": [75.05376344086021, 349.0, 465.0], "4": [87.76978417266187, 122.0, 139.0], "5": [100.0, 45.0, 45.0], "6": [69.34865900383141, 181.0, 261.0], "7": [NaN, 0.0, 0.0], "8": [100.0, 4.0, 4.0]}