precision,accuracy,recall,duration
0.3436591925545231,0.3883357041251778,0.3613577064734144,316.3905849456787
