{"0": [45.0261780104712, 86.0, 191.0], "1": [42.857142857142854, 6.0, 14.0], "2": [81.25, 13.0, 16.0], "3": [75.42372881355932, 89.0, 118.0], "4": [46.0, 23.0, 50.0], "5": [69.16666666666667, 83.0, 120.0], "6": [68.68686868686868, 136.0, 198.0], "7": [50.0, 2.0, 4.0], "8": [100.0, 7.0, 7.0]}