best_model_train_loss,best_model_val_loss,best_model_train_acc,best_model_val_acc,best_model_learning_rate,best_model_nb_epoch
0.4548710286617279,0.5619697570800781,0.3922989070415497,0.30354610085487366,0.0010000000474974513,96
