precision,accuracy,recall,duration
0.2842937942326545,0.32056737588652484,0.3990153800184476,405.2818946838379
