precision,accuracy,recall,duration
0.28950281131950084,0.30354609929078014,0.3677781965563316,402.2468795776367
