{"0": [25.0, 9.0, 36.0], "1": [38.095238095238095, 8.0, 21.0], "2": [90.47619047619048, 38.0, 42.0], "3": [70.7395498392283, 220.0, 311.0], "4": [78.02197802197803, 71.0, 91.0], "5": [100.0, 29.0, 29.0], "6": [66.66666666666666, 116.0, 174.0], "7": [NaN, 0.0, 0.0], "8": [0.0, 0.0, 1.0]}