{"0": [64.87455197132617, 181.0, 279.0], "1": [96.0, 24.0, 25.0], "2": [95.23809523809523, 20.0, 21.0], "3": [92.39766081871345, 158.0, 171.0], "4": [82.27848101265823, 65.0, 79.0], "5": [71.91011235955057, 128.0, 178.0], "6": [54.67625899280576, 152.0, 278.0], "7": [0.0, 0.0, 8.0], "8": [87.5, 7.0, 8.0]}