precision,accuracy,recall,duration
0.27127884217368453,0.3870967741935484,0.286604108194932,394.93392515182495
