precision,accuracy,recall,duration
0.31766991537551137,0.33617021276595743,0.46601384896465653,421.59796380996704
