{"0": [20.17857142857143, 113.0, 560.0], "1": [34.04255319148936, 16.0, 47.0], "2": [100.0, 43.0, 43.0], "3": [69.97084548104957, 240.0, 343.0], "4": [94.0, 141.0, 150.0], "5": [37.92134831460674, 135.0, 356.0], "6": [55.87703435804702, 309.0, 553.0], "7": [100.0, 17.0, 17.0], "8": [83.33333333333334, 15.0, 18.0]}