{"0": [58.75, 329.0, 560.0], "1": [93.61702127659575, 44.0, 47.0], "2": [97.67441860465115, 42.0, 43.0], "3": [78.4256559766764, 269.0, 343.0], "4": [86.66666666666667, 130.0, 150.0], "5": [46.348314606741575, 165.0, 356.0], "6": [62.74864376130199, 347.0, 553.0], "7": [0.0, 0.0, 17.0], "8": [77.77777777777779, 14.0, 18.0]}