best_model_train_loss,best_model_val_loss,best_model_train_acc,best_model_val_acc,best_model_learning_rate,best_model_nb_epoch
0.4705164134502411,0.5855055451393127,0.36294320225715637,0.2780141830444336,0.0010000000474974513,98
