precision,accuracy,recall,duration
0.30590317882193874,0.2851063829787234,0.24529916936687832,404.5034477710724
