{"0": [22.22222222222222, 8.0, 36.0], "1": [90.47619047619048, 19.0, 21.0], "2": [88.09523809523809, 37.0, 42.0], "3": [78.77813504823152, 245.0, 311.0], "4": [82.41758241758241, 75.0, 91.0], "5": [58.620689655172406, 17.0, 29.0], "6": [58.620689655172406, 102.0, 174.0], "7": [NaN, 0.0, 0.0], "8": [100.0, 1.0, 1.0]}