best_model_train_loss,best_model_val_loss,best_model_train_acc,best_model_val_acc,best_model_learning_rate,best_model_nb_epoch
0.37741991877555847,1.1508458852767944,0.5726708173751831,0.28637412190437317,0.0010000000474974513,119
