precision,accuracy,recall,duration
0.2239628488349171,0.2863741339491917,0.3114101893341659,110.8872058391571
