{"0": [44.44444444444444, 12.0, 27.0], "1": [62.5, 15.0, 24.0], "2": [93.18181818181817, 41.0, 44.0], "3": [61.40350877192983, 105.0, 171.0], "4": [85.71428571428571, 54.0, 63.0], "5": [51.85185185185185, 14.0, 27.0], "6": [94.44444444444444, 51.0, 54.0], "7": [50.0, 1.0, 2.0], "8": [76.19047619047619, 16.0, 21.0]}