precision,accuracy,recall,duration
0.3161150475266854,0.3148936170212766,0.4527076605743864,407.9488785266876
