{"0": [25.0, 9.0, 36.0], "1": [42.857142857142854, 9.0, 21.0], "2": [78.57142857142857, 33.0, 42.0], "3": [66.88102893890675, 208.0, 311.0], "4": [63.73626373626373, 58.0, 91.0], "5": [24.137931034482758, 7.0, 29.0], "6": [91.37931034482759, 159.0, 174.0], "7": [NaN, 0.0, 0.0], "8": [0.0, 0.0, 1.0]}