{"0": [60.42780748663101, 113.0, 187.0], "1": [92.85714285714286, 13.0, 14.0], "2": [100.0, 15.0, 15.0], "3": [80.7017543859649, 92.0, 114.0], "4": [76.0, 38.0, 50.0], "5": [40.51724137931034, 47.0, 116.0], "6": [65.21739130434783, 120.0, 184.0], "7": [0.0, 0.0, 4.0], "8": [100.0, 7.0, 7.0]}