precision,accuracy,recall,duration
0.37033360167312934,0.31631205673758866,0.4689468181170883,414.3287947177887
