{"0": [30.76923076923077, 8.0, 26.0], "1": [86.20689655172413, 25.0, 29.0], "2": [88.23529411764706, 30.0, 34.0], "3": [63.51351351351351, 141.0, 222.0], "4": [66.66666666666666, 50.0, 75.0], "5": [23.076923076923077, 6.0, 26.0], "6": [72.07207207207207, 80.0, 111.0], "7": [NaN, 0.0, 0.0], "8": [70.0, 7.0, 10.0]}