precision,accuracy,recall,duration
0.2742332019753213,0.26440037771482533,0.25221349944085664,603.8513491153717
