{"0": [24.074074074074073, 13.0, 54.0], "1": [30.303030303030305, 10.0, 33.0], "2": [87.93103448275862, 51.0, 58.0], "3": [77.20430107526882, 359.0, 465.0], "4": [92.80575539568345, 129.0, 139.0], "5": [95.55555555555556, 43.0, 45.0], "6": [65.13409961685824, 170.0, 261.0], "7": [NaN, 0.0, 0.0], "8": [100.0, 4.0, 4.0]}