precision,accuracy,recall,duration
0.3412087574785088,0.38156028368794326,0.4688660671123619,423.35633420944214
