{"0": [19.444444444444446, 7.0, 36.0], "1": [42.857142857142854, 9.0, 21.0], "2": [97.61904761904762, 41.0, 42.0], "3": [59.4855305466238, 185.0, 311.0], "4": [62.637362637362635, 57.0, 91.0], "5": [20.689655172413794, 6.0, 29.0], "6": [75.28735632183908, 131.0, 174.0], "7": [NaN, 0.0, 0.0], "8": [0.0, 0.0, 1.0]}