precision,accuracy,recall,duration
0.3691142460701988,0.4422616195495927,0.3708702670482765,1032.7021369934082
