{"0": [53.39285714285714, 299.0, 560.0], "1": [48.93617021276596, 23.0, 47.0], "2": [83.72093023255815, 36.0, 43.0], "3": [68.80466472303208, 236.0, 343.0], "4": [78.0, 117.0, 150.0], "5": [38.764044943820224, 138.0, 356.0], "6": [52.44122965641953, 290.0, 553.0], "7": [58.82352941176471, 10.0, 17.0], "8": [83.33333333333334, 15.0, 18.0]}