precision,accuracy,recall,duration
0.308645204607489,0.24397163120567375,0.4378569743078004,417.1082715988159
