{"0": [61.42857142857143, 344.0, 560.0], "1": [36.17021276595745, 17.0, 47.0], "2": [100.0, 43.0, 43.0], "3": [94.75218658892129, 325.0, 343.0], "4": [95.33333333333334, 143.0, 150.0], "5": [40.73033707865169, 145.0, 356.0], "6": [57.14285714285714, 316.0, 553.0], "7": [41.17647058823529, 7.0, 17.0], "8": [72.22222222222221, 13.0, 18.0]}