{"0": [25.0, 9.0, 36.0], "1": [38.095238095238095, 8.0, 21.0], "2": [90.47619047619048, 38.0, 42.0], "3": [84.2443729903537, 262.0, 311.0], "4": [56.043956043956044, 51.0, 91.0], "5": [20.689655172413794, 6.0, 29.0], "6": [91.37931034482759, 159.0, 174.0], "7": [NaN, 0.0, 0.0], "8": [0.0, 0.0, 1.0]}