precision,accuracy,recall,duration
0.3723415409134227,0.32907801418439714,0.46630467743303605,409.3376362323761
