{"0": [22.22222222222222, 8.0, 36.0], "1": [42.857142857142854, 9.0, 21.0], "2": [80.95238095238095, 34.0, 42.0], "3": [73.63344051446946, 229.0, 311.0], "4": [68.13186813186813, 62.0, 91.0], "5": [20.689655172413794, 6.0, 29.0], "6": [71.83908045977012, 125.0, 174.0], "7": [NaN, 0.0, 0.0], "8": [0.0, 0.0, 1.0]}