{"0": [100.0, 284.0, 284.0], "1": [36.0, 9.0, 25.0], "2": [90.9090909090909, 20.0, 22.0], "3": [73.29545454545455, 129.0, 176.0], "4": [87.34177215189874, 69.0, 79.0], "5": [41.53005464480874, 76.0, 183.0], "6": [93.64548494983278, 280.0, 299.0], "7": [12.5, 1.0, 8.0], "8": [100.0, 8.0, 8.0]}