{"0": [45.714285714285715, 256.0, 560.0], "1": [46.808510638297875, 22.0, 47.0], "2": [81.3953488372093, 35.0, 43.0], "3": [67.63848396501457, 232.0, 343.0], "4": [84.66666666666667, 127.0, 150.0], "5": [40.73033707865169, 145.0, 356.0], "6": [54.61121157323689, 302.0, 553.0], "7": [82.35294117647058, 14.0, 17.0], "8": [72.22222222222221, 13.0, 18.0]}