precision,accuracy,recall,duration
0.3605030981697234,0.3598466698610446,0.3218114078964109,937.9784679412842
