{"0": [56.96428571428571, 319.0, 560.0], "1": [91.48936170212765, 43.0, 47.0], "2": [97.67441860465115, 42.0, 43.0], "3": [71.13702623906705, 244.0, 343.0], "4": [91.33333333333333, 137.0, 150.0], "5": [44.38202247191011, 158.0, 356.0], "6": [68.1735985533454, 377.0, 553.0], "7": [5.88235294117647, 1.0, 17.0], "8": [83.33333333333334, 15.0, 18.0]}