precision,accuracy,recall,duration
0.3496653157645032,0.37163120567375885,0.48249105518943275,409.75286841392517
