precision,accuracy,recall,duration
0.3666387949657922,0.40584571154767607,0.3580071570963313,942.3109986782074
