precision,accuracy,recall,duration
0.3828716220670319,0.3754716981132076,0.38004733262060103,948.8572788238525
