{"0": [52.142857142857146, 292.0, 560.0], "1": [36.17021276595745, 17.0, 47.0], "2": [90.69767441860465, 39.0, 43.0], "3": [76.38483965014578, 262.0, 343.0], "4": [92.66666666666666, 139.0, 150.0], "5": [41.29213483146067, 147.0, 356.0], "6": [58.04701627486437, 321.0, 553.0], "7": [47.05882352941176, 8.0, 17.0], "8": [83.33333333333334, 15.0, 18.0]}