{"0": [26.168224299065418, 28.0, 107.0], "1": [58.730158730158735, 37.0, 63.0], "2": [81.57894736842105, 93.0, 114.0], "3": [65.38049303322614, 610.0, 933.0], "4": [81.31487889273356, 235.0, 289.0], "5": [40.44943820224719, 36.0, 89.0], "6": [54.33526011560693, 282.0, 519.0], "7": [NaN, 0.0, 0.0], "8": [50.0, 3.0, 6.0]}