precision,accuracy,recall,duration
0.3916324215697715,0.3754716981132076,0.3769969477247941,943.8156077861786
