precision,accuracy,recall,duration
0.3514761513955736,0.37230474365117394,0.3470384991063794,948.6534168720245
