{"0": [26.168224299065418, 28.0, 107.0], "1": [47.61904761904761, 30.0, 63.0], "2": [84.21052631578947, 96.0, 114.0], "3": [66.66666666666666, 622.0, 933.0], "4": [86.85121107266436, 251.0, 289.0], "5": [31.46067415730337, 28.0, 89.0], "6": [51.05973025048169, 265.0, 519.0], "7": [NaN, 0.0, 0.0], "8": [66.66666666666666, 4.0, 6.0]}