{"0": [55.892857142857146, 313.0, 560.0], "1": [44.680851063829785, 21.0, 47.0], "2": [95.34883720930233, 41.0, 43.0], "3": [86.0058309037901, 295.0, 343.0], "4": [96.0, 144.0, 150.0], "5": [42.97752808988764, 153.0, 356.0], "6": [58.58951175406871, 324.0, 553.0], "7": [47.05882352941176, 8.0, 17.0], "8": [61.111111111111114, 11.0, 18.0]}