{"0": [63.101604278074866, 118.0, 187.0], "1": [35.714285714285715, 5.0, 14.0], "2": [60.0, 9.0, 15.0], "3": [90.35087719298247, 103.0, 114.0], "4": [94.0, 47.0, 50.0], "5": [42.241379310344826, 49.0, 116.0], "6": [64.67391304347827, 119.0, 184.0], "7": [50.0, 2.0, 4.0], "8": [100.0, 7.0, 7.0]}