precision,accuracy,recall,duration
0.27250154865290455,0.2633863965267728,0.30189915740667456,397.4555630683899
