{"0": [99.46524064171123, 186.0, 187.0], "1": [35.714285714285715, 5.0, 14.0], "2": [93.33333333333333, 14.0, 15.0], "3": [69.2982456140351, 79.0, 114.0], "4": [88.0, 44.0, 50.0], "5": [34.48275862068966, 40.0, 116.0], "6": [72.28260869565217, 133.0, 184.0], "7": [50.0, 2.0, 4.0], "8": [85.71428571428571, 6.0, 7.0]}