{"0": [59.929701230228474, 341.0, 569.0], "1": [53.191489361702125, 25.0, 47.0], "2": [97.72727272727273, 43.0, 44.0], "3": [80.39772727272727, 283.0, 352.0], "4": [89.33333333333333, 134.0, 150.0], "5": [36.16438356164384, 132.0, 365.0], "6": [58.080808080808076, 345.0, 594.0], "7": [17.647058823529413, 3.0, 17.0], "8": [83.33333333333334, 15.0, 18.0]}