{"0": [99.46428571428572, 557.0, 560.0], "1": [38.297872340425535, 18.0, 47.0], "2": [97.67441860465115, 42.0, 43.0], "3": [94.46064139941691, 324.0, 343.0], "4": [92.66666666666666, 139.0, 150.0], "5": [42.13483146067416, 150.0, 356.0], "6": [56.6003616636528, 313.0, 553.0], "7": [64.70588235294117, 11.0, 17.0], "8": [38.88888888888889, 7.0, 18.0]}