{"0": [44.991212653778554, 256.0, 569.0], "1": [42.5531914893617, 20.0, 47.0], "2": [95.45454545454545, 42.0, 44.0], "3": [59.375, 209.0, 352.0], "4": [87.33333333333333, 131.0, 150.0], "5": [31.780821917808222, 116.0, 365.0], "6": [50.841750841750844, 302.0, 594.0], "7": [58.82352941176471, 10.0, 17.0], "8": [94.44444444444444, 17.0, 18.0]}