{"0": [63.09314586994728, 359.0, 569.0], "1": [40.42553191489361, 19.0, 47.0], "2": [95.45454545454545, 42.0, 44.0], "3": [67.89772727272727, 239.0, 352.0], "4": [95.33333333333334, 143.0, 150.0], "5": [40.0, 146.0, 365.0], "6": [59.09090909090909, 351.0, 594.0], "7": [70.58823529411765, 12.0, 17.0], "8": [72.22222222222221, 13.0, 18.0]}