{"0": [56.59050966608085, 322.0, 569.0], "1": [36.17021276595745, 17.0, 47.0], "2": [86.36363636363636, 38.0, 44.0], "3": [72.72727272727273, 256.0, 352.0], "4": [96.66666666666667, 145.0, 150.0], "5": [42.19178082191781, 154.0, 365.0], "6": [58.080808080808076, 345.0, 594.0], "7": [52.94117647058824, 9.0, 17.0], "8": [61.111111111111114, 11.0, 18.0]}