{"0": [20.0, 2.0, 10.0], "1": [60.0, 3.0, 5.0], "2": [90.9090909090909, 10.0, 11.0], "3": [59.375, 57.0, 96.0], "4": [64.51612903225806, 20.0, 31.0], "5": [18.181818181818183, 2.0, 11.0], "6": [70.0, 35.0, 50.0], "7": [NaN, 0.0, 0.0], "8": [NaN, 0.0, 0.0]}