precision,accuracy,recall,duration
0.40287498630673774,0.4124293785310734,0.321674596459969,633.5050220489502
