{"0": [60.91549295774647, 173.0, 284.0], "1": [28.000000000000004, 7.0, 25.0], "2": [86.36363636363636, 19.0, 22.0], "3": [69.31818181818183, 122.0, 176.0], "4": [84.81012658227847, 67.0, 79.0], "5": [42.07650273224044, 77.0, 183.0], "6": [55.18394648829431, 165.0, 299.0], "7": [87.5, 7.0, 8.0], "8": [100.0, 8.0, 8.0]}