best_model_train_loss,best_model_val_loss,best_model_train_acc,best_model_val_acc,best_model_learning_rate,best_model_nb_epoch
0.40987321734428406,0.9082792401313782,0.5390821695327759,0.3820224702358246,0.0010000000474974513,97
