precision,accuracy,recall,duration
0.36204026516952703,0.3970037453183521,0.4167471938313724,192.40330576896667
