{"0": [14.814814814814813, 4.0, 27.0], "1": [65.51724137931035, 19.0, 29.0], "2": [97.05882352941177, 33.0, 34.0], "3": [58.108108108108105, 129.0, 222.0], "4": [44.0, 33.0, 75.0], "5": [26.923076923076923, 7.0, 26.0], "6": [80.18018018018019, 89.0, 111.0], "7": [NaN, 0.0, 0.0], "8": [80.0, 8.0, 10.0]}