{"0": [67.9144385026738, 127.0, 187.0], "1": [50.0, 7.0, 14.0], "2": [93.33333333333333, 14.0, 15.0], "3": [65.78947368421053, 75.0, 114.0], "4": [74.0, 37.0, 50.0], "5": [43.103448275862064, 50.0, 116.0], "6": [69.56521739130434, 128.0, 184.0], "7": [75.0, 3.0, 4.0], "8": [100.0, 7.0, 7.0]}