{"0": [45.878136200716845, 128.0, 279.0], "1": [44.0, 11.0, 25.0], "2": [100.0, 21.0, 21.0], "3": [74.26900584795322, 127.0, 171.0], "4": [84.81012658227847, 67.0, 79.0], "5": [28.08988764044944, 50.0, 178.0], "6": [55.39568345323741, 154.0, 278.0], "7": [62.5, 5.0, 8.0], "8": [87.5, 7.0, 8.0]}