precision,accuracy,recall,duration
0.19953905342624856,0.29906542056074764,0.2697301842825699,44.995891094207764
