{"0": [36.36363636363637, 4.0, 11.0], "1": [100.0, 5.0, 5.0], "2": [94.44444444444444, 17.0, 18.0], "3": [66.35514018691589, 71.0, 107.0], "4": [96.0, 24.0, 25.0], "5": [20.0, 2.0, 10.0], "6": [71.05263157894737, 27.0, 38.0], "7": [NaN, 0.0, 0.0], "8": [NaN, 0.0, 0.0]}