precision,accuracy,recall,duration
0.3538967805334469,0.40967896502156204,0.3330836957782576,961.9881386756897
