{"0": [51.964285714285715, 291.0, 560.0], "1": [63.829787234042556, 30.0, 47.0], "2": [76.74418604651163, 33.0, 43.0], "3": [79.88338192419825, 274.0, 343.0], "4": [76.0, 114.0, 150.0], "5": [41.57303370786517, 148.0, 356.0], "6": [56.9620253164557, 315.0, 553.0], "7": [58.82352941176471, 10.0, 17.0], "8": [94.44444444444444, 17.0, 18.0]}