{"0": [17.647058823529413, 33.0, 187.0], "1": [35.714285714285715, 5.0, 14.0], "2": [86.66666666666667, 13.0, 15.0], "3": [56.14035087719298, 64.0, 114.0], "4": [88.0, 44.0, 50.0], "5": [34.48275862068966, 40.0, 116.0], "6": [57.608695652173914, 106.0, 184.0], "7": [100.0, 4.0, 4.0], "8": [85.71428571428571, 6.0, 7.0]}