{"0": [59.10714285714286, 331.0, 560.0], "1": [44.680851063829785, 21.0, 47.0], "2": [97.67441860465115, 42.0, 43.0], "3": [82.79883381924198, 284.0, 343.0], "4": [82.66666666666667, 124.0, 150.0], "5": [41.01123595505618, 146.0, 356.0], "6": [55.33453887884268, 306.0, 553.0], "7": [52.94117647058824, 9.0, 17.0], "8": [77.77777777777779, 14.0, 18.0]}