{"0": [59.82142857142857, 335.0, 560.0], "1": [36.17021276595745, 17.0, 47.0], "2": [88.37209302325581, 38.0, 43.0], "3": [95.33527696793003, 327.0, 343.0], "4": [92.66666666666666, 139.0, 150.0], "5": [44.10112359550562, 157.0, 356.0], "6": [55.15370705244123, 305.0, 553.0], "7": [64.70588235294117, 11.0, 17.0], "8": [55.55555555555556, 10.0, 18.0]}