precision,accuracy,recall,duration
0.061868533171028604,0.30027051397655546,0.13229665071770336,8.596421957015991
