loss,accuracy,val_loss,val_accuracy,lr
6.453023910522461,0.3637992739677429,4.00758695602417,0.30027052760124207,0.001
