{"0": [57.59162303664922, 110.0, 191.0], "1": [92.85714285714286, 13.0, 14.0], "2": [100.0, 16.0, 16.0], "3": [75.42372881355932, 89.0, 118.0], "4": [86.0, 43.0, 50.0], "5": [36.666666666666664, 44.0, 120.0], "6": [64.64646464646465, 128.0, 198.0], "7": [25.0, 1.0, 4.0], "8": [100.0, 7.0, 7.0]}