best_model_train_loss,best_model_val_loss,best_model_train_acc,best_model_val_acc,best_model_learning_rate,best_model_nb_epoch
0.4753594696521759,0.6599142551422119,0.44142311811447144,0.37110480666160583,0.0010000000474974513,85
