precision,accuracy,recall,duration
0.3956956599370598,0.4370477568740955,0.40188411550594233,393.83791995048523
