precision,accuracy,recall,duration
0.36928368502822767,0.3602455146364495,0.33627800968318383,1206.8047370910645
