{"0": [48.663101604278076, 91.0, 187.0], "1": [28.57142857142857, 4.0, 14.0], "2": [80.0, 12.0, 15.0], "3": [71.05263157894737, 81.0, 114.0], "4": [80.0, 40.0, 50.0], "5": [30.17241379310345, 35.0, 116.0], "6": [64.13043478260869, 118.0, 184.0], "7": [50.0, 2.0, 4.0], "8": [85.71428571428571, 6.0, 7.0]}