{"0": [85.04672897196261, 91.0, 107.0], "1": [38.095238095238095, 24.0, 63.0], "2": [87.71929824561403, 100.0, 114.0], "3": [66.88102893890675, 624.0, 933.0], "4": [81.8815331010453, 235.0, 287.0], "5": [21.34831460674157, 19.0, 89.0], "6": [49.71098265895954, 258.0, 519.0], "7": [NaN, 0.0, 0.0], "8": [66.66666666666666, 4.0, 6.0]}