precision,accuracy,recall,duration
0.2865597827455697,0.3191489361702128,0.4311903175690735,401.0356068611145
