{"0": [58.333333333333336, 21.0, 36.0], "1": [38.095238095238095, 8.0, 21.0], "2": [80.95238095238095, 34.0, 42.0], "3": [72.9903536977492, 227.0, 311.0], "4": [73.62637362637363, 67.0, 91.0], "5": [20.689655172413794, 6.0, 29.0], "6": [67.24137931034483, 117.0, 174.0], "7": [NaN, 0.0, 0.0], "8": [0.0, 0.0, 1.0]}