{"0": [64.92146596858639, 124.0, 191.0], "1": [100.0, 14.0, 14.0], "2": [100.0, 16.0, 16.0], "3": [72.88135593220339, 86.0, 118.0], "4": [76.0, 38.0, 50.0], "5": [46.666666666666664, 56.0, 120.0], "6": [71.71717171717171, 142.0, 198.0], "7": [0.0, 0.0, 4.0], "8": [100.0, 7.0, 7.0]}