{"0": [58.69947275922671, 334.0, 569.0], "1": [44.680851063829785, 21.0, 47.0], "2": [88.63636363636364, 39.0, 44.0], "3": [98.57954545454545, 347.0, 352.0], "4": [97.33333333333334, 146.0, 150.0], "5": [52.054794520547944, 190.0, 365.0], "6": [57.07070707070707, 339.0, 594.0], "7": [47.05882352941176, 8.0, 17.0], "8": [55.55555555555556, 10.0, 18.0]}