precision,accuracy,recall,duration
0.29120903073481297,0.413151364764268,0.29333997715577653,434.55700612068176
