{"0": [9.32642487046632, 18.0, 193.0], "1": [100.0, 59.0, 59.0], "2": [41.66666666666667, 10.0, 24.0], "3": [81.19658119658119, 95.0, 117.0], "4": [100.0, 98.0, 98.0], "5": [40.21739130434783, 37.0, 92.0], "6": [63.58695652173913, 117.0, 184.0], "7": [100.0, 39.0, 39.0], "8": [NaN, 0.0, 0.0]}