precision,accuracy,recall,duration
0.3780569701116143,0.28611898016997167,0.37838930355324357,605.609468460083
