{"0": [29.629629629629626, 16.0, 54.0], "1": [33.33333333333333, 11.0, 33.0], "2": [86.20689655172413, 50.0, 58.0], "3": [81.0752688172043, 377.0, 465.0], "4": [86.33093525179856, 120.0, 139.0], "5": [28.888888888888886, 13.0, 45.0], "6": [63.984674329501914, 167.0, 261.0], "7": [NaN, 0.0, 0.0], "8": [50.0, 2.0, 4.0]}