precision,accuracy,recall,duration
0.37281862575580743,0.30921985815602837,0.4392986503161319,407.1180486679077
