precision,accuracy,recall,duration
0.35856892832956233,0.3566698202459792,0.35548895458079127,1227.3584694862366
