{"0": [64.67486818980667, 368.0, 569.0], "1": [38.297872340425535, 18.0, 47.0], "2": [93.18181818181817, 41.0, 44.0], "3": [84.6590909090909, 298.0, 352.0], "4": [98.66666666666667, 148.0, 150.0], "5": [38.63013698630137, 141.0, 365.0], "6": [62.121212121212125, 369.0, 594.0], "7": [47.05882352941176, 8.0, 17.0], "8": [55.55555555555556, 10.0, 18.0]}