{"0": [60.105448154657296, 342.0, 569.0], "1": [97.87234042553192, 46.0, 47.0], "2": [100.0, 44.0, 44.0], "3": [79.82954545454545, 281.0, 352.0], "4": [86.66666666666667, 130.0, 150.0], "5": [45.47945205479452, 166.0, 365.0], "6": [66.4983164983165, 395.0, 594.0], "7": [0.0, 0.0, 17.0], "8": [83.33333333333334, 15.0, 18.0]}