best_model_train_loss,best_model_val_loss,best_model_train_acc,best_model_val_acc,best_model_learning_rate,best_model_nb_epoch
0.4700213372707367,0.5796034932136536,0.45482271909713745,0.3290780186653137,0.0010000000474974513,99
