precision,accuracy,recall,duration
0.33127292673250763,0.32907801418439714,0.36368989348809727,422.61200284957886
