{"0": [58.92857142857143, 330.0, 560.0], "1": [48.93617021276596, 23.0, 47.0], "2": [65.11627906976744, 28.0, 43.0], "3": [70.55393586005832, 242.0, 343.0], "4": [98.66666666666667, 148.0, 150.0], "5": [38.48314606741573, 137.0, 356.0], "6": [58.40867992766727, 323.0, 553.0], "7": [82.35294117647058, 14.0, 17.0], "8": [55.55555555555556, 10.0, 18.0]}