{"0": [25.0, 9.0, 36.0], "1": [33.33333333333333, 7.0, 21.0], "2": [78.57142857142857, 33.0, 42.0], "3": [68.48874598070739, 213.0, 311.0], "4": [61.53846153846154, 56.0, 91.0], "5": [20.689655172413794, 6.0, 29.0], "6": [85.0574712643678, 148.0, 174.0], "7": [NaN, 0.0, 0.0], "8": [100.0, 1.0, 1.0]}