precision,accuracy,recall,duration
0.3612190922660215,0.29219858156028367,0.444448118534307,420.57599544525146
