precision,accuracy,recall,duration
0.3396449425043446,0.3371104815864023,0.29771031418413174,1219.641042470932
