precision,accuracy,recall,duration
0.3447878181714825,0.254957507082153,0.25223628889541516,1196.091825723648
