{"0": [35.51401869158878, 38.0, 107.0], "1": [88.88888888888889, 56.0, 63.0], "2": [82.45614035087719, 94.0, 114.0], "3": [78.2422293676313, 730.0, 933.0], "4": [87.8048780487805, 252.0, 287.0], "5": [47.19101123595505, 42.0, 89.0], "6": [69.55684007707129, 361.0, 519.0], "7": [NaN, 0.0, 0.0], "8": [83.33333333333334, 5.0, 6.0]}