{"0": [29.906542056074763, 32.0, 107.0], "1": [92.06349206349206, 58.0, 63.0], "2": [91.22807017543859, 104.0, 114.0], "3": [66.34512325830654, 619.0, 933.0], "4": [63.41463414634146, 182.0, 287.0], "5": [33.70786516853933, 30.0, 89.0], "6": [72.0616570327553, 374.0, 519.0], "7": [NaN, 0.0, 0.0], "8": [83.33333333333334, 5.0, 6.0]}