precision,accuracy,recall,duration
0.36948151436178134,0.3654390934844193,0.3904053208634016,596.2494428157806
