precision,accuracy,recall,duration
0.39997073083059653,0.4247871333964049,0.389563502374745,1213.1736469268799
