{"0": [25.925925925925924, 14.0, 54.0], "1": [33.33333333333333, 11.0, 33.0], "2": [82.75862068965517, 48.0, 58.0], "3": [69.46236559139784, 323.0, 465.0], "4": [79.85611510791367, 111.0, 139.0], "5": [24.444444444444443, 11.0, 45.0], "6": [57.8544061302682, 151.0, 261.0], "7": [NaN, 0.0, 0.0], "8": [75.0, 3.0, 4.0]}