{"0": [52.54833040421792, 299.0, 569.0], "1": [31.914893617021278, 15.0, 47.0], "2": [88.63636363636364, 39.0, 44.0], "3": [78.125, 275.0, 352.0], "4": [85.33333333333334, 128.0, 150.0], "5": [40.0, 146.0, 365.0], "6": [55.892255892255896, 332.0, 594.0], "7": [58.82352941176471, 10.0, 17.0], "8": [61.111111111111114, 11.0, 18.0]}