best_model_train_loss,best_model_val_loss,best_model_train_acc,best_model_val_acc,best_model_learning_rate,best_model_nb_epoch
0.43225526809692383,0.49856966733932495,0.46626001596450806,0.40425533056259155,0.0010000000474974513,91
