precision,accuracy,recall,duration
0.38955366116252876,0.45367717287488063,0.35359208782215584,599.0774602890015
