precision,accuracy,recall,duration
0.36255552194625323,0.3773049645390071,0.48869800694651944,403.90279364585876
