{"0": [47.67025089605735, 133.0, 279.0], "1": [32.0, 8.0, 25.0], "2": [100.0, 21.0, 21.0], "3": [61.98830409356725, 106.0, 171.0], "4": [86.07594936708861, 68.0, 79.0], "5": [31.46067415730337, 56.0, 178.0], "6": [60.07194244604317, 167.0, 278.0], "7": [62.5, 5.0, 8.0], "8": [100.0, 8.0, 8.0]}