{"0": [19.444444444444446, 7.0, 36.0], "1": [28.57142857142857, 6.0, 21.0], "2": [88.09523809523809, 37.0, 42.0], "3": [67.52411575562701, 210.0, 311.0], "4": [70.32967032967034, 64.0, 91.0], "5": [24.137931034482758, 7.0, 29.0], "6": [62.06896551724138, 108.0, 174.0], "7": [NaN, 0.0, 0.0], "8": [0.0, 0.0, 1.0]}