precision,accuracy,recall,duration
0.3887691746858713,0.5170100622903689,0.3899448078316514,891.1477282047272
