{"0": [26.42857142857143, 148.0, 560.0], "1": [29.78723404255319, 14.0, 47.0], "2": [100.0, 43.0, 43.0], "3": [69.67930029154519, 239.0, 343.0], "4": [86.66666666666667, 130.0, 150.0], "5": [35.674157303370784, 127.0, 356.0], "6": [50.81374321880651, 281.0, 553.0], "7": [100.0, 17.0, 17.0], "8": [50.0, 9.0, 18.0]}