{"0": [62.82722513089005, 120.0, 191.0], "1": [35.714285714285715, 5.0, 14.0], "2": [93.75, 15.0, 16.0], "3": [86.4406779661017, 102.0, 118.0], "4": [96.0, 48.0, 50.0], "5": [40.833333333333336, 49.0, 120.0], "6": [70.70707070707071, 140.0, 198.0], "7": [50.0, 2.0, 4.0], "8": [85.71428571428571, 6.0, 7.0]}