precision,accuracy,recall,duration
0.34452071671110185,0.34609929078014184,0.44276636312893103,400.780326128006
