precision,accuracy,recall,duration
0.3238110123077849,0.29906542056074764,0.3135288367546432,35.58444571495056
