{"0": [30.0, 3.0, 10.0], "1": [80.0, 4.0, 5.0], "2": [81.81818181818183, 9.0, 11.0], "3": [66.66666666666666, 64.0, 96.0], "4": [77.41935483870968, 24.0, 31.0], "5": [27.27272727272727, 3.0, 11.0], "6": [86.0, 43.0, 50.0], "7": [NaN, 0.0, 0.0], "8": [NaN, 0.0, 0.0]}