{"0": [60.45694200351493, 344.0, 569.0], "1": [38.297872340425535, 18.0, 47.0], "2": [93.18181818181817, 41.0, 44.0], "3": [65.3409090909091, 230.0, 352.0], "4": [100.0, 150.0, 150.0], "5": [37.26027397260274, 136.0, 365.0], "6": [58.417508417508415, 347.0, 594.0], "7": [82.35294117647058, 14.0, 17.0], "8": [50.0, 9.0, 18.0]}