precision,accuracy,recall,duration
0.3467067071195928,0.3120567375886525,0.4240170312905649,411.01259899139404
