{"0": [33.33333333333333, 12.0, 36.0], "1": [52.38095238095239, 11.0, 21.0], "2": [78.57142857142857, 33.0, 42.0], "3": [66.55948553054662, 207.0, 311.0], "4": [83.51648351648352, 76.0, 91.0], "5": [24.137931034482758, 7.0, 29.0], "6": [79.88505747126436, 139.0, 174.0], "7": [NaN, 0.0, 0.0], "8": [0.0, 0.0, 1.0]}