precision,accuracy,recall,duration
0.3592881675951977,0.4699140401146132,0.3778280390177543,591.8119475841522
