{"0": [44.086021505376344, 123.0, 279.0], "1": [40.0, 10.0, 25.0], "2": [85.71428571428571, 18.0, 21.0], "3": [50.29239766081871, 86.0, 171.0], "4": [91.13924050632912, 72.0, 79.0], "5": [40.44943820224719, 72.0, 178.0], "6": [58.27338129496403, 162.0, 278.0], "7": [50.0, 4.0, 8.0], "8": [100.0, 8.0, 8.0]}