precision,accuracy,recall,duration
0.4019321853890469,0.46830652790917693,0.4154825540497179,1128.943312883377
