{"0": [54.305799648506145, 309.0, 569.0], "1": [27.659574468085108, 13.0, 47.0], "2": [95.45454545454545, 42.0, 44.0], "3": [50.85227272727273, 179.0, 352.0], "4": [88.0, 132.0, 150.0], "5": [36.43835616438356, 133.0, 365.0], "6": [56.22895622895623, 334.0, 594.0], "7": [58.82352941176471, 10.0, 17.0], "8": [61.111111111111114, 11.0, 18.0]}