{"0": [18.181818181818183, 34.0, 187.0], "1": [64.28571428571429, 9.0, 14.0], "2": [86.66666666666667, 13.0, 15.0], "3": [71.9298245614035, 82.0, 114.0], "4": [76.0, 38.0, 50.0], "5": [37.93103448275862, 44.0, 116.0], "6": [56.52173913043478, 104.0, 184.0], "7": [100.0, 4.0, 4.0], "8": [100.0, 7.0, 7.0]}