best_model_train_loss,best_model_val_loss,best_model_train_acc,best_model_val_acc,best_model_learning_rate,best_model_nb_epoch
0.45935842394828796,0.8620694875717163,0.4477763772010803,0.33522191643714905,0.0010000000474974513,97
