precision,accuracy,recall,duration
0.3399249922899002,0.36779981114258736,0.3644813053737382,1189.6017479896545
