{"0": [59.813084112149525, 64.0, 107.0], "1": [38.095238095238095, 24.0, 63.0], "2": [80.7017543859649, 92.0, 114.0], "3": [65.38049303322614, 610.0, 933.0], "4": [78.04878048780488, 224.0, 287.0], "5": [25.842696629213485, 23.0, 89.0], "6": [57.41811175337187, 298.0, 519.0], "7": [NaN, 0.0, 0.0], "8": [66.66666666666666, 4.0, 6.0]}