{"0": [60.535714285714285, 339.0, 560.0], "1": [44.680851063829785, 21.0, 47.0], "2": [97.67441860465115, 42.0, 43.0], "3": [63.55685131195335, 218.0, 343.0], "4": [94.66666666666667, 142.0, 150.0], "5": [40.73033707865169, 145.0, 356.0], "6": [54.79204339963834, 303.0, 553.0], "7": [70.58823529411765, 12.0, 17.0], "8": [77.77777777777779, 14.0, 18.0]}