{"2403.14575195313": 0, "2403.35791015625": 2, "2403.60546875": 5, "2403.80859375": 7, "2404.00854492188": 9, "2404.22265625": 12, "2404.43408203125": 14, "2405.49096679688": 26, "2406.55639648438": 38, "2406.78833007813": 40, "2407.32153320313": 46, "2408.38793945313": 58, "2409.42236328125": 70, "2410.48876953125": 81, "2410.689453125": 84, "2411.29052734375": 90, "2411.62158203125": 94, "2412.12329101563": 100, "2412.421875": 103, "2412.6220703125": 105, "2413.65551757813": 117, "2413.92236328125": 120, "2414.990234375": 132, "2415.49169921875": 137, "2415.72241210938": 140, "2415.95751953125": 143, "2416.19018554688": 145, "2416.421875": 148, "2416.62182617188": 150, "2416.85571289063": 153, "2417.48217773438": 160, "2417.68896484375": 162, "2417.88940429688": 164, "2418.15551757813": 167, "2418.35913085938": 169, "2418.56201171875": 172, "2418.78833007813": 174, "2418.98999023438": 176, "2419.22192382813": 179, "2419.45727539063": 182, "2419.689453125": 184, "2419.8896484375": 186, "2420.12158203125": 189, "2420.32250976563": 191, "2420.52270507813": 193, "2420.75463867188": 196, "2421.28784179688": 202, "2421.68896484375": 207, "2421.921875": 209, "2422.154296875": 212, "2423.18774414063": 223, "2424.22192382813": 235, "2424.48828125": 238, "2424.68920898438": 240, "2424.92211914063": 243, "2425.1220703125": 245, "2425.32250976563": 247, "2425.52368164063": 249, "2426.59008789063": 261, "2426.85693359375": 264, "2427.09204101563": 267, "2428.15454101563": 279, "2429.189453125": 290, "2429.62182617188": 295, "2430.68798828125": 307, "2431.75439453125": 319, "2432.78857421875": 330, "2433.82250976563": 342, "2434.88916015625": 354, "2435.95556640625": 366, "2436.98950195313": 377, "2438.05639648438": 389, "2439.09033203125": 401, "2440.15454101563": 420, "2441.18969726563": 453, "2442.2568359375": 487, "2443.32250976563": 520, "2444.35668945313": 553, "2445.42138671875": 587, "2446.48828125": 620, "2447.52099609375": 653, "2448.58911132813": 687, "2449.65478515625": 720, "2450.72241210938": 754, "2451.75366210938": 787, "2452.78881835938": 819, "2453.822265625": 852, "2454.88940429688": 886, "2455.92333984375": 919, "2456.990234375": 952, "2458.05541992188": 971, "2459.08813476563": 986, "2460.15478515625": 1002, "2461.220703125": 1018, "2462.22192382813": 1033, "2462.45483398438": 1037, "2462.6552734375": 1040, "2462.88818359375": 1043, "2463.28759765625": 1049, "2463.55444335938": 1053, "2463.85571289063": 1058, "2464.08666992188": 1061, "2464.3212890625": 1065, "2464.55395507813": 1068, "2464.75390625": 1071, "2464.95385742188": 1074, "2465.15625": 1077, "2465.38940429688": 1081, "2465.6884765625": 1085, "2465.921875": 1089, "2466.32641601563": 1095, "2466.55419921875": 1098, "2466.9541015625": 1104, "2467.18774414063": 1108, "2467.39038085938": 1111, "2467.65478515625": 1115, "2467.9541015625": 1119, "2468.18872070313": 1123, "2468.4208984375": 1126, "2468.62133789063": 1129, "2468.82177734375": 1132, "2469.05541992188": 1136, "2469.25756835938": 1139, "2469.6552734375": 1145, "2469.88793945313": 1148, "2470.08837890625": 1151, "2470.28955078125": 1154, "2470.52294921875": 1158, "2470.9541015625": 1164, "2471.28735351563": 1169, "2472.13061523438": 1182, "2472.52319335938": 1188, "2473.22143554688": 1198, "2473.9541015625": 1209, "2474.1884765625": 1213, "2474.38940429688": 1216, "2474.88745117188": 1223, "2475.521484375": 1233, "2475.921875": 1240, "2476.42260742188": 1247, "2476.6552734375": 1251, "2477.68798828125": 1267, "2478.5576171875": 1281, "2478.79296875": 1284, "2478.99780273438": 1288, "2479.22094726563": 1291, "2479.52172851563": 1296, "2479.72192382813": 1299, "2479.92260742188": 1302, "2480.15405273438": 1306, "2480.3544921875": 1309, "2480.55493164063": 1312, "2480.7880859375": 1316, "2481.02124023438": 1319, "2481.98901367188": 1334, "2482.18920898438": 1338, "2482.42236328125": 1341, "2482.623046875": 1344, "2482.85473632813": 1348, "2483.05493164063": 1351, "2483.25732421875": 1354, "2483.45727539063": 1357, "2483.68798828125": 1361, "2483.88818359375": 1364, "2484.08862304688": 1367, "2484.28857421875": 1370, "2484.52221679688": 1374, "2484.728515625": 1377, "2484.9296875": 1380, "2485.15478515625": 1384, "2485.35473632813": 1387, "2485.55737304688": 1390, "2485.78955078125": 1394, "2486.02099609375": 1398, "2486.22241210938": 1401, "2486.4580078125": 1404, "2486.66772460938": 1408, "2486.88696289063": 1411, "2487.08837890625": 1414, "2487.32177734375": 1418, "2487.55395507813": 1422, "2487.78735351563": 1425, "2487.98803710938": 1428, "2488.19750976563": 1432, "2488.42114257813": 1435, "2488.62158203125": 1438, "2488.85595703125": 1442, "2489.08813476563": 1446, "2489.32202148438": 1449, "2489.52954101563": 1452, "2489.75390625": 1456, "2489.98852539063": 1460, "2490.18920898438": 1463, "2490.4208984375": 1466, "2490.75390625": 1472, "2490.95458984375": 1475, "2491.18823242188": 1478, "2491.4091796875": 1482, "2491.62084960938": 1487, "2491.8212890625": 1491, "2492.05419921875": 1495, "2492.26586914063": 1499, "2492.48803710938": 1504, "2492.7216796875": 1508, "2492.95458984375": 1513, "2493.15551757813": 1517, "2494.05493164063": 1535, "2494.25512695313": 1538, "2494.88793945313": 1551, "2495.13012695313": 1556, "2495.35424804688": 1560, "2495.587890625": 1565, "2495.79052734375": 1569, "2496.02172851563": 1573, "2496.2216796875": 1577, "2496.45703125": 1582, "2496.68872070313": 1586, "2496.92236328125": 1591, "2497.12280273438": 1595, "2497.35424804688": 1600, "2497.55834960938": 1604, "2497.7890625": 1608, "2498.02172851563": 1613, "2498.255859375": 1617, "2498.72827148438": 1627, "2498.95849609375": 1631, "2499.32275390625": 1638, "2499.95458984375": 1651, "2500.45458984375": 1661, "2501.15454101563": 1674, "2501.38891601563": 1679, "2502.42114257813": 1699, "2503.130859375": 1713, "2503.35400390625": 1718, "2503.55688476563": 1722, "2503.79077148438": 1726, "2504.0390625": 1730, "2504.2568359375": 1732, "2504.48779296875": 1734, "2504.68798828125": 1735, "2504.9892578125": 1738, "2505.22119140625": 1740, "2505.42211914063": 1741, "2505.654296875": 1743, "2505.85717773438": 1745, "2506.08764648438": 1747, "2506.28833007813": 1748, "2506.521484375": 1750, "2506.72265625": 1752, "2506.92822265625": 1753, "2507.15478515625": 1755, "2507.38916015625": 1757, "2507.5927734375": 1759, "2507.82104492188": 1760, "2508.02172851563": 1762, "2508.22241210938": 1764, "2508.45556640625": 1766, "2508.65771484375": 1767, "2508.88818359375": 1769, "2509.08862304688": 1771, "2509.32373046875": 1773, "2509.5908203125": 1775, "2509.82080078125": 1776, "2510.02172851563": 1778, "2510.2568359375": 1780, "2510.45727539063": 1782, "2510.755859375": 1784, "2510.99194335938": 1786, "2511.25708007813": 1788, "2511.45776367188": 1790, "2511.89013671875": 1793, "2512.12109375": 1795, "2512.4208984375": 1797, "2512.72924804688": 1800, "2513.12817382813": 1803, "2513.35400390625": 1805, "2513.55541992188": 1806, "2513.78857421875": 1808, "2514.05688476563": 1810, "2514.28735351563": 1812, "2514.59033203125": 1815, "2515.12573242188": 1819, "2515.52416992188": 1822, "2515.82153320313": 1825, "2516.15502929688": 1827, "2516.3876953125": 1829, "2516.62182617188": 1831, "2516.95458984375": 1834, "2517.3544921875": 1837, "2517.68774414063": 1840, "2518.1875": 1844, "2518.48779296875": 1846, "2518.88842773438": 1849, "2519.19213867188": 1852, "2519.52856445313": 1854, "2519.73168945313": 1856, "2520.02197265625": 1858, "2520.2548828125": 1860, "2520.45556640625": 1862, "2520.66284179688": 1863, "2520.8876953125": 1865, "2521.08837890625": 1867, "2521.32055664063": 1869, "2521.55834960938": 1871, "2521.78759765625": 1872, "2521.98754882813": 1874, "2522.1875": 1876, "2522.38745117188": 1877, "2522.58764648438": 1879, "2522.8212890625": 1881, "2523.02172851563": 1882, "2523.25390625": 1884, "2523.55517578125": 1887, "2523.857421875": 1889, "2524.12158203125": 1891, "2524.455078125": 1894, "2524.66064453125": 1895, "2525.0888671875": 1899,