precision,accuracy,recall,duration
0.3502936049011058,0.3545797922568461,0.3289295566810095,1212.8741581439972
