{"0": [76.63551401869158, 82.0, 107.0], "1": [50.79365079365079, 32.0, 63.0], "2": [78.94736842105263, 90.0, 114.0], "3": [63.77277599142551, 595.0, 933.0], "4": [80.8362369337979, 232.0, 287.0], "5": [26.96629213483146, 24.0, 89.0], "6": [59.34489402697495, 308.0, 519.0], "7": [NaN, 0.0, 0.0], "8": [66.66666666666666, 4.0, 6.0]}