precision,accuracy,recall,duration
0.31278540268131905,0.40825035561877665,0.3098930942854828,302.2865912914276
