{"0": [50.78534031413613, 97.0, 191.0], "1": [57.14285714285714, 8.0, 14.0], "2": [87.5, 14.0, 16.0], "3": [63.559322033898304, 75.0, 118.0], "4": [82.0, 41.0, 50.0], "5": [35.833333333333336, 43.0, 120.0], "6": [69.1919191919192, 137.0, 198.0], "7": [75.0, 3.0, 4.0], "8": [100.0, 7.0, 7.0]}