{"0": [66.08084358523726, 376.0, 569.0], "1": [34.04255319148936, 16.0, 47.0], "2": [88.63636363636364, 39.0, 44.0], "3": [88.63636363636364, 312.0, 352.0], "4": [95.33333333333334, 143.0, 150.0], "5": [40.54794520547945, 148.0, 365.0], "6": [72.89562289562289, 433.0, 594.0], "7": [58.82352941176471, 10.0, 17.0], "8": [83.33333333333334, 15.0, 18.0]}