{"0": [42.53075571177504, 242.0, 569.0], "1": [36.17021276595745, 17.0, 47.0], "2": [90.9090909090909, 40.0, 44.0], "3": [63.92045454545454, 225.0, 352.0], "4": [88.66666666666667, 133.0, 150.0], "5": [37.26027397260274, 136.0, 365.0], "6": [57.57575757575758, 342.0, 594.0], "7": [94.11764705882352, 16.0, 17.0], "8": [77.77777777777779, 14.0, 18.0]}