precision,accuracy,recall,duration
0.3739257118622863,0.43411595591758506,0.38434239365299694,984.2770023345947
