{"0": [48.035714285714285, 269.0, 560.0], "1": [40.42553191489361, 19.0, 47.0], "2": [65.11627906976744, 28.0, 43.0], "3": [77.84256559766763, 267.0, 343.0], "4": [79.33333333333333, 119.0, 150.0], "5": [38.48314606741573, 137.0, 356.0], "6": [57.14285714285714, 316.0, 553.0], "7": [58.82352941176471, 10.0, 17.0], "8": [88.88888888888889, 16.0, 18.0]}