{"0": [60.71428571428571, 340.0, 560.0], "1": [44.680851063829785, 21.0, 47.0], "2": [86.04651162790698, 37.0, 43.0], "3": [75.51020408163265, 259.0, 343.0], "4": [83.33333333333334, 125.0, 150.0], "5": [42.13483146067416, 150.0, 356.0], "6": [57.86618444846293, 320.0, 553.0], "7": [76.47058823529412, 13.0, 17.0], "8": [66.66666666666666, 12.0, 18.0]}