precision,accuracy,recall,duration
0.2305818533541828,0.18850574712643678,0.2919796693802321,529.2036061286926
