{"0": [100.0, 56.0, 56.0], "1": [90.2439024390244, 37.0, 41.0], "2": [71.5909090909091, 63.0, 88.0], "3": [91.1504424778761, 309.0, 339.0], "4": [74.80916030534351, 98.0, 131.0], "5": [37.735849056603776, 20.0, 53.0], "6": [85.57692307692307, 89.0, 104.0], "7": [25.0, 1.0, 4.0], "8": [61.111111111111114, 33.0, 54.0]}