precision,accuracy,recall,duration
0.2813160481306188,0.27102803738317754,0.32498465841207774,103.07003045082092
