precision,accuracy,recall,duration
0.3264316953134293,0.37865911237016053,0.37284734236258665,599.8939850330353
