{"0": [62.96296296296296, 34.0, 54.0], "1": [33.33333333333333, 11.0, 33.0], "2": [82.75862068965517, 48.0, 58.0], "3": [67.31182795698925, 313.0, 465.0], "4": [70.50359712230215, 98.0, 139.0], "5": [17.77777777777778, 8.0, 45.0], "6": [54.78927203065134, 143.0, 261.0], "7": [NaN, 0.0, 0.0], "8": [75.0, 3.0, 4.0]}