{"0": [18.996415770609318, 53.0, 279.0], "1": [32.0, 8.0, 25.0], "2": [95.23809523809523, 20.0, 21.0], "3": [81.28654970760235, 139.0, 171.0], "4": [87.34177215189874, 69.0, 79.0], "5": [35.95505617977528, 64.0, 178.0], "6": [52.15827338129496, 145.0, 278.0], "7": [100.0, 8.0, 8.0], "8": [100.0, 8.0, 8.0]}