{"0": [58.57142857142858, 328.0, 560.0], "1": [34.04255319148936, 16.0, 47.0], "2": [81.3953488372093, 35.0, 43.0], "3": [87.75510204081633, 301.0, 343.0], "4": [95.33333333333334, 143.0, 150.0], "5": [40.168539325842694, 143.0, 356.0], "6": [55.69620253164557, 308.0, 553.0], "7": [64.70588235294117, 11.0, 17.0], "8": [83.33333333333334, 15.0, 18.0]}