{"0": [51.31810193321616, 292.0, 569.0], "1": [44.680851063829785, 21.0, 47.0], "2": [95.45454545454545, 42.0, 44.0], "3": [55.11363636363637, 194.0, 352.0], "4": [95.33333333333334, 143.0, 150.0], "5": [38.63013698630137, 141.0, 365.0], "6": [55.72390572390572, 331.0, 594.0], "7": [76.47058823529412, 13.0, 17.0], "8": [61.111111111111114, 11.0, 18.0]}