precision,accuracy,recall,duration
0.34836009777530247,0.34011627906976744,0.21666055796539363,798.4046454429626
