{"0": [21.968365553602812, 125.0, 569.0], "1": [46.808510638297875, 22.0, 47.0], "2": [77.27272727272727, 34.0, 44.0], "3": [72.1590909090909, 254.0, 352.0], "4": [82.66666666666667, 124.0, 150.0], "5": [35.342465753424655, 129.0, 365.0], "6": [54.54545454545454, 324.0, 594.0], "7": [88.23529411764706, 15.0, 17.0], "8": [77.77777777777779, 14.0, 18.0]}