precision,accuracy,recall,duration
0.18600820385134106,0.16397228637413394,0.26187100748504255,284.89878392219543
