{"0": [88.88888888888889, 24.0, 27.0], "1": [66.66666666666666, 16.0, 24.0], "2": [81.81818181818183, 36.0, 44.0], "3": [91.22807017543859, 156.0, 171.0], "4": [88.88888888888889, 56.0, 63.0], "5": [59.25925925925925, 16.0, 27.0], "6": [85.18518518518519, 46.0, 54.0], "7": [50.0, 1.0, 2.0], "8": [52.38095238095239, 11.0, 21.0]}