{"0": [54.13005272407732, 308.0, 569.0], "1": [42.5531914893617, 20.0, 47.0], "2": [95.45454545454545, 42.0, 44.0], "3": [95.73863636363636, 337.0, 352.0], "4": [87.33333333333333, 131.0, 150.0], "5": [34.24657534246575, 125.0, 365.0], "6": [52.861952861952865, 314.0, 594.0], "7": [35.294117647058826, 6.0, 17.0], "8": [83.33333333333334, 15.0, 18.0]}