precision,accuracy,recall,duration
0.3503982499921903,0.3720491029272899,0.3654877622075169,1210.6952250003815
