precision,accuracy,recall,duration
0.380938434164625,0.4576271186440678,0.35503682920848173,596.6499066352844
