{"0": [57.943925233644855, 62.0, 107.0], "1": [38.095238095238095, 24.0, 63.0], "2": [84.21052631578947, 96.0, 114.0], "3": [64.95176848874597, 606.0, 933.0], "4": [82.57839721254355, 237.0, 287.0], "5": [22.47191011235955, 20.0, 89.0], "6": [54.14258188824663, 281.0, 519.0], "7": [NaN, 0.0, 0.0], "8": [66.66666666666666, 4.0, 6.0]}