{"0": [48.59154929577465, 138.0, 284.0], "1": [24.0, 6.0, 25.0], "2": [95.45454545454545, 21.0, 22.0], "3": [62.5, 110.0, 176.0], "4": [84.81012658227847, 67.0, 79.0], "5": [31.693989071038253, 58.0, 183.0], "6": [60.535117056856194, 181.0, 299.0], "7": [75.0, 6.0, 8.0], "8": [100.0, 8.0, 8.0]}