{"0": [55.53571428571429, 311.0, 560.0], "1": [78.72340425531915, 37.0, 47.0], "2": [95.34883720930233, 41.0, 43.0], "3": [69.38775510204081, 238.0, 343.0], "4": [92.0, 138.0, 150.0], "5": [36.79775280898877, 131.0, 356.0], "6": [58.95117540687161, 326.0, 553.0], "7": [23.52941176470588, 4.0, 17.0], "8": [94.44444444444444, 17.0, 18.0]}