precision,accuracy,recall,duration
0.322325594145795,0.3012275731822474,0.28684627778202754,605.6555478572845
