{"0": [25.925925925925924, 14.0, 54.0], "1": [75.75757575757575, 25.0, 33.0], "2": [84.48275862068965, 49.0, 58.0], "3": [74.19354838709677, 345.0, 465.0], "4": [69.06474820143885, 96.0, 139.0], "5": [40.0, 18.0, 45.0], "6": [72.41379310344827, 189.0, 261.0], "7": [NaN, 0.0, 0.0], "8": [100.0, 4.0, 4.0]}