precision,accuracy,recall,duration
0.3370140981720165,0.38060781476121563,0.35239591798148434,397.6300415992737
