precision,accuracy,recall,duration
0.3990040911624704,0.35646836638338053,0.36761461816972507,1196.8156969547272
