{"0": [28.971962616822427, 31.0, 107.0], "1": [30.158730158730158, 19.0, 63.0], "2": [85.08771929824562, 97.0, 114.0], "3": [70.52518756698821, 658.0, 933.0], "4": [75.60975609756098, 217.0, 287.0], "5": [37.07865168539326, 33.0, 89.0], "6": [58.38150289017341, 303.0, 519.0], "7": [NaN, 0.0, 0.0], "8": [83.33333333333334, 5.0, 6.0]}