{"0": [49.73262032085562, 93.0, 187.0], "1": [28.57142857142857, 4.0, 14.0], "2": [80.0, 12.0, 15.0], "3": [69.2982456140351, 79.0, 114.0], "4": [88.0, 44.0, 50.0], "5": [42.241379310344826, 49.0, 116.0], "6": [75.0, 138.0, 184.0], "7": [50.0, 2.0, 4.0], "8": [100.0, 7.0, 7.0]}