{"0": [73.39285714285714, 411.0, 560.0], "1": [100.0, 47.0, 47.0], "2": [95.34883720930233, 41.0, 43.0], "3": [92.71137026239067, 318.0, 343.0], "4": [94.0, 141.0, 150.0], "5": [90.73033707865169, 323.0, 356.0], "6": [59.49367088607595, 329.0, 553.0], "7": [0.0, 0.0, 17.0], "8": [77.77777777777779, 14.0, 18.0]}