precision,accuracy,recall,duration
0.2724227909833681,0.3120567375886525,0.328209640152945,405.7599883079529
