{"0": [63.888888888888886, 23.0, 36.0], "1": [33.33333333333333, 7.0, 21.0], "2": [83.33333333333334, 35.0, 42.0], "3": [77.81350482315112, 242.0, 311.0], "4": [69.23076923076923, 63.0, 91.0], "5": [13.793103448275861, 4.0, 29.0], "6": [63.2183908045977, 110.0, 174.0], "7": [NaN, 0.0, 0.0], "8": [100.0, 1.0, 1.0]}