{"0": [63.035714285714285, 353.0, 560.0], "1": [48.93617021276596, 23.0, 47.0], "2": [95.34883720930233, 41.0, 43.0], "3": [89.50437317784257, 307.0, 343.0], "4": [97.33333333333334, 146.0, 150.0], "5": [39.8876404494382, 142.0, 356.0], "6": [57.68535262206148, 319.0, 553.0], "7": [76.47058823529412, 13.0, 17.0], "8": [66.66666666666666, 12.0, 18.0]}