{"0": [99.82142857142857, 559.0, 560.0], "1": [40.42553191489361, 19.0, 47.0], "2": [95.34883720930233, 41.0, 43.0], "3": [89.79591836734694, 308.0, 343.0], "4": [94.0, 141.0, 150.0], "5": [43.82022471910113, 156.0, 356.0], "6": [71.97106690777576, 398.0, 553.0], "7": [76.47058823529412, 13.0, 17.0], "8": [50.0, 9.0, 18.0]}