precision,accuracy,recall,duration
0.2798725989241672,0.2824858757062147,0.2833765663583166,606.6834034919739
