{"0": [98.23943661971832, 279.0, 284.0], "1": [32.0, 8.0, 25.0], "2": [90.9090909090909, 20.0, 22.0], "3": [71.5909090909091, 126.0, 176.0], "4": [88.60759493670885, 70.0, 79.0], "5": [37.15846994535519, 68.0, 183.0], "6": [66.5551839464883, 199.0, 299.0], "7": [62.5, 5.0, 8.0], "8": [100.0, 8.0, 8.0]}