precision,accuracy,recall,duration
0.3184884510682383,0.37965260545905705,0.2804999692999994,396.36144852638245
