precision,accuracy,recall,duration
0.36599360891761007,0.38907522759942503,0.361064533706307,968.8381786346436
