{"0": [46.964285714285715, 263.0, 560.0], "1": [51.06382978723404, 24.0, 47.0], "2": [97.67441860465115, 42.0, 43.0], "3": [82.21574344023324, 282.0, 343.0], "4": [88.66666666666667, 133.0, 150.0], "5": [41.29213483146067, 147.0, 356.0], "6": [66.18444846292948, 366.0, 553.0], "7": [17.647058823529413, 3.0, 17.0], "8": [83.33333333333334, 15.0, 18.0]}