precision,accuracy,recall,duration
0.3535166879834063,0.3751796837565884,0.375526014738273,973.8856604099274
