{"0": [56.07142857142857, 314.0, 560.0], "1": [34.04255319148936, 16.0, 47.0], "2": [100.0, 43.0, 43.0], "3": [86.0058309037901, 295.0, 343.0], "4": [92.66666666666666, 139.0, 150.0], "5": [43.258426966292134, 154.0, 356.0], "6": [59.13200723327306, 327.0, 553.0], "7": [35.294117647058826, 6.0, 17.0], "8": [55.55555555555556, 10.0, 18.0]}