{"0": [61.60714285714286, 345.0, 560.0], "1": [36.17021276595745, 17.0, 47.0], "2": [83.72093023255815, 36.0, 43.0], "3": [58.01749271137027, 199.0, 343.0], "4": [94.0, 141.0, 150.0], "5": [40.73033707865169, 145.0, 356.0], "6": [55.51537070524412, 307.0, 553.0], "7": [47.05882352941176, 8.0, 17.0], "8": [66.66666666666666, 12.0, 18.0]}