precision,accuracy,recall,duration
0.3224480714342581,0.254957507082153,0.26867524145979893,1230.22704911232
