precision,accuracy,recall,duration
0.3259532750902821,0.3286118980169972,0.28926565199947346,1198.1460156440735
