{"0": [27.102803738317753, 29.0, 107.0], "1": [79.36507936507937, 50.0, 63.0], "2": [84.21052631578947, 96.0, 114.0], "3": [77.70632368703109, 725.0, 933.0], "4": [90.59233449477352, 260.0, 287.0], "5": [43.82022471910113, 39.0, 89.0], "6": [72.0616570327553, 374.0, 519.0], "7": [NaN, 0.0, 0.0], "8": [83.33333333333334, 5.0, 6.0]}