{"0": [31.775700934579437, 34.0, 107.0], "1": [87.3015873015873, 55.0, 63.0], "2": [88.59649122807018, 101.0, 114.0], "3": [70.95391211146838, 662.0, 933.0], "4": [60.278745644599304, 173.0, 287.0], "5": [50.56179775280899, 45.0, 89.0], "6": [66.85934489402698, 347.0, 519.0], "7": [NaN, 0.0, 0.0], "8": [83.33333333333334, 5.0, 6.0]}