precision,accuracy,recall,duration
0.32637832854333637,0.2922636103151863,0.29310805597732803,604.5024869441986
