{"0": [62.72401433691756, 175.0, 279.0], "1": [32.0, 8.0, 25.0], "2": [100.0, 21.0, 21.0], "3": [83.04093567251462, 142.0, 171.0], "4": [96.20253164556962, 76.0, 79.0], "5": [38.764044943820224, 69.0, 178.0], "6": [85.97122302158273, 239.0, 278.0], "7": [50.0, 4.0, 8.0], "8": [87.5, 7.0, 8.0]}