precision,accuracy,recall,duration
0.3725835470497109,0.3148936170212766,0.45853102907654414,406.324777841568
