precision,accuracy,recall,duration
0.32964106669768345,0.3404255319148936,0.376058767778101,419.36050033569336
