{"0": [43.75, 245.0, 560.0], "1": [48.93617021276596, 23.0, 47.0], "2": [100.0, 43.0, 43.0], "3": [57.7259475218659, 198.0, 343.0], "4": [80.0, 120.0, 150.0], "5": [41.57303370786517, 148.0, 356.0], "6": [56.41952983725136, 312.0, 553.0], "7": [94.11764705882352, 16.0, 17.0], "8": [50.0, 9.0, 18.0]}