{"0": [13.88888888888889, 5.0, 36.0], "1": [33.33333333333333, 7.0, 21.0], "2": [78.57142857142857, 33.0, 42.0], "3": [65.91639871382637, 205.0, 311.0], "4": [56.043956043956044, 51.0, 91.0], "5": [24.137931034482758, 7.0, 29.0], "6": [89.65517241379311, 156.0, 174.0], "7": [NaN, 0.0, 0.0], "8": [100.0, 1.0, 1.0]}