precision,accuracy,recall,duration
0.28265648164953283,0.31916902738432484,0.36109393373530896,598.0984382629395
