{"0": [53.70370370370371, 29.0, 54.0], "1": [33.33333333333333, 11.0, 33.0], "2": [77.58620689655173, 45.0, 58.0], "3": [79.35483870967742, 369.0, 465.0], "4": [82.01438848920863, 114.0, 139.0], "5": [20.0, 9.0, 45.0], "6": [54.02298850574713, 141.0, 261.0], "7": [NaN, 0.0, 0.0], "8": [75.0, 3.0, 4.0]}