precision,accuracy,recall,duration
0.350719650101958,0.4152542372881356,0.38858667037548744,599.7530467510223
