{"0": [30.0, 3.0, 10.0], "1": [40.0, 2.0, 5.0], "2": [100.0, 11.0, 11.0], "3": [79.16666666666666, 76.0, 96.0], "4": [70.96774193548387, 22.0, 31.0], "5": [81.81818181818183, 9.0, 11.0], "6": [96.0, 48.0, 50.0], "7": [NaN, 0.0, 0.0], "8": [NaN, 0.0, 0.0]}