precision,accuracy,recall,duration
0.39861889694523034,0.4519774011299435,0.36600239050963257,601.7656998634338
