precision,accuracy,recall,duration
0.36251778903919607,0.3810198300283286,0.389516773830817,1225.2850804328918
