{"0": [47.53521126760563, 135.0, 284.0], "1": [32.0, 8.0, 25.0], "2": [81.81818181818183, 18.0, 22.0], "3": [69.88636363636364, 123.0, 176.0], "4": [87.34177215189874, 69.0, 79.0], "5": [36.0655737704918, 66.0, 183.0], "6": [56.85618729096989, 170.0, 299.0], "7": [62.5, 5.0, 8.0], "8": [100.0, 8.0, 8.0]}