{"0": [66.35514018691589, 71.0, 107.0], "1": [31.746031746031743, 20.0, 63.0], "2": [88.59649122807018, 101.0, 114.0], "3": [67.41693461950696, 629.0, 933.0], "4": [75.60975609756098, 217.0, 287.0], "5": [21.34831460674157, 19.0, 89.0], "6": [48.36223506743738, 251.0, 519.0], "7": [NaN, 0.0, 0.0], "8": [50.0, 3.0, 6.0]}