{"0": [26.666666666666668, 20.0, 75.0], "1": [60.22727272727273, 53.0, 88.0], "2": [85.45454545454545, 94.0, 110.0], "3": [64.03846153846153, 333.0, 520.0], "4": [84.92462311557789, 169.0, 199.0], "5": [78.125, 50.0, 64.0], "6": [92.1875, 236.0, 256.0], "7": [100.0, 2.0, 2.0], "8": [61.29032258064516, 38.0, 62.0]}