precision,accuracy,recall,duration
0.1476802862691574,0.14064293915040182,0.29112839546907204,960.4992733001709
