{"0": [73.21428571428571, 82.0, 112.0], "1": [70.93023255813954, 61.0, 86.0], "2": [94.08602150537635, 175.0, 186.0], "3": [100.0, 673.0, 673.0], "4": [75.84905660377359, 201.0, 265.0], "5": [52.42718446601942, 54.0, 103.0], "6": [100.0, 211.0, 211.0], "7": [33.33333333333333, 3.0, 9.0], "8": [38.144329896907216, 37.0, 97.0]}