{"0": [46.59498207885305, 130.0, 279.0], "1": [40.0, 10.0, 25.0], "2": [95.23809523809523, 20.0, 21.0], "3": [74.85380116959064, 128.0, 171.0], "4": [94.9367088607595, 75.0, 79.0], "5": [31.46067415730337, 56.0, 178.0], "6": [66.54676258992805, 185.0, 278.0], "7": [62.5, 5.0, 8.0], "8": [100.0, 8.0, 8.0]}