precision,accuracy,recall,duration
0.35850260416823504,0.350354609929078,0.4536142243851894,419.79829454421997
