{"0": [19.444444444444446, 7.0, 36.0], "1": [52.38095238095239, 11.0, 21.0], "2": [76.19047619047619, 32.0, 42.0], "3": [61.41479099678456, 191.0, 311.0], "4": [84.61538461538461, 77.0, 91.0], "5": [20.689655172413794, 6.0, 29.0], "6": [77.01149425287356, 134.0, 174.0], "7": [NaN, 0.0, 0.0], "8": [0.0, 0.0, 1.0]}