{"0": [62.56590509666081, 356.0, 569.0], "1": [46.808510638297875, 22.0, 47.0], "2": [93.18181818181817, 41.0, 44.0], "3": [90.9090909090909, 320.0, 352.0], "4": [96.66666666666667, 145.0, 150.0], "5": [43.28767123287671, 158.0, 365.0], "6": [57.744107744107744, 343.0, 594.0], "7": [64.70588235294117, 11.0, 17.0], "8": [50.0, 9.0, 18.0]}