precision,accuracy,recall,duration
0.3561142893270939,0.4138785625774473,0.29212624648031926,394.9684896469116
