{"0": [15.025906735751295, 29.0, 193.0], "1": [100.0, 59.0, 59.0], "2": [50.0, 12.0, 24.0], "3": [82.35294117647058, 98.0, 119.0], "4": [79.38144329896907, 77.0, 97.0], "5": [47.82608695652174, 44.0, 92.0], "6": [62.5, 115.0, 184.0], "7": [100.0, 39.0, 39.0], "8": [NaN, 0.0, 0.0]}