precision,accuracy,recall,duration
0.37809707025157346,0.1987724268177526,0.2636570965388618,1192.3476634025574
