{"0": [26.168224299065418, 28.0, 107.0], "1": [41.269841269841265, 26.0, 63.0], "2": [83.33333333333334, 95.0, 114.0], "3": [88.53161843515541, 826.0, 933.0], "4": [98.25783972125436, 282.0, 287.0], "5": [89.8876404494382, 80.0, 89.0], "6": [68.59344894026975, 356.0, 519.0], "7": [NaN, 0.0, 0.0], "8": [66.66666666666666, 4.0, 6.0]}