precision,accuracy,recall,duration
0.35090795603941727,0.2865248226950355,0.4633692526197238,417.50226283073425
