{"0": [25.0, 9.0, 36.0], "1": [33.33333333333333, 7.0, 21.0], "2": [83.33333333333334, 35.0, 42.0], "3": [82.95819935691318, 258.0, 311.0], "4": [56.043956043956044, 51.0, 91.0], "5": [24.137931034482758, 7.0, 29.0], "6": [78.16091954022988, 136.0, 174.0], "7": [NaN, 0.0, 0.0], "8": [0.0, 0.0, 1.0]}