{"0": [60.89285714285714, 341.0, 560.0], "1": [40.42553191489361, 19.0, 47.0], "2": [100.0, 43.0, 43.0], "3": [89.50437317784257, 307.0, 343.0], "4": [90.0, 135.0, 150.0], "5": [42.69662921348314, 152.0, 356.0], "6": [54.249547920434, 300.0, 553.0], "7": [70.58823529411765, 12.0, 17.0], "8": [77.77777777777779, 14.0, 18.0]}