{"0": [59.10714285714286, 331.0, 560.0], "1": [38.297872340425535, 18.0, 47.0], "2": [95.34883720930233, 41.0, 43.0], "3": [88.0466472303207, 302.0, 343.0], "4": [95.33333333333334, 143.0, 150.0], "5": [41.29213483146067, 147.0, 356.0], "6": [52.44122965641953, 290.0, 553.0], "7": [70.58823529411765, 12.0, 17.0], "8": [72.22222222222221, 13.0, 18.0]}