{"0": [57.64499121265377, 328.0, 569.0], "1": [38.297872340425535, 18.0, 47.0], "2": [100.0, 44.0, 44.0], "3": [53.125, 187.0, 352.0], "4": [96.0, 144.0, 150.0], "5": [38.9041095890411, 142.0, 365.0], "6": [57.07070707070707, 339.0, 594.0], "7": [58.82352941176471, 10.0, 17.0], "8": [83.33333333333334, 15.0, 18.0]}