precision,accuracy,recall,duration
0.3396945277088591,0.4200743494423792,0.2843582205305661,396.8489143848419
