{"0": [12.953367875647666, 25.0, 193.0], "1": [100.0, 59.0, 59.0], "2": [66.66666666666666, 16.0, 24.0], "3": [80.67226890756302, 96.0, 119.0], "4": [78.35051546391753, 76.0, 97.0], "5": [40.21739130434783, 37.0, 92.0], "6": [65.21739130434783, 120.0, 184.0], "7": [100.0, 39.0, 39.0], "8": [NaN, 0.0, 0.0]}