precision,accuracy,recall,duration
0.3512525606054752,0.3747645951035782,0.3207755126463161,613.6439061164856
