{"0": [51.056338028169016, 145.0, 284.0], "1": [96.0, 24.0, 25.0], "2": [90.9090909090909, 20.0, 22.0], "3": [72.72727272727273, 128.0, 176.0], "4": [88.60759493670885, 70.0, 79.0], "5": [44.80874316939891, 82.0, 183.0], "6": [69.89966555183946, 209.0, 299.0], "7": [0.0, 0.0, 8.0], "8": [100.0, 8.0, 8.0]}