{"0": [46.596858638743456, 89.0, 191.0], "1": [64.28571428571429, 9.0, 14.0], "2": [93.75, 15.0, 16.0], "3": [72.88135593220339, 86.0, 118.0], "4": [86.0, 43.0, 50.0], "5": [29.166666666666668, 35.0, 120.0], "6": [57.57575757575758, 114.0, 198.0], "7": [50.0, 2.0, 4.0], "8": [100.0, 7.0, 7.0]}