precision,accuracy,recall,duration
0.3027841093906994,0.3029871977240398,0.3171028447663464,316.61986899375916
