{"0": [98.95287958115183, 189.0, 191.0], "1": [35.714285714285715, 5.0, 14.0], "2": [100.0, 16.0, 16.0], "3": [63.559322033898304, 75.0, 118.0], "4": [84.0, 42.0, 50.0], "5": [34.166666666666664, 41.0, 120.0], "6": [65.15151515151516, 129.0, 198.0], "7": [50.0, 2.0, 4.0], "8": [85.71428571428571, 6.0, 7.0]}