precision,accuracy,recall,duration
0.2749521642363686,0.2965941343424787,0.30804890411820485,1206.2021708488464
