{"0": [100.0, 569.0, 569.0], "1": [31.914893617021278, 15.0, 47.0], "2": [100.0, 44.0, 44.0], "3": [68.75, 242.0, 352.0], "4": [88.66666666666667, 133.0, 150.0], "5": [38.63013698630137, 141.0, 365.0], "6": [60.437710437710436, 359.0, 594.0], "7": [64.70588235294117, 11.0, 17.0], "8": [72.22222222222221, 13.0, 18.0]}