best_model_train_loss,best_model_val_loss,best_model_train_acc,best_model_val_acc,best_model_learning_rate,best_model_nb_epoch
0.46432656049728394,1.4027737379074097,0.39055684208869934,0.31423112750053406,0.0010000000474974513,92
