precision,accuracy,recall,duration
0.25864956387093135,0.2922636103151863,0.31110231686724493,594.1141192913055
