{"0": [100.0, 279.0, 279.0], "1": [32.0, 8.0, 25.0], "2": [95.23809523809523, 20.0, 21.0], "3": [73.68421052631578, 126.0, 171.0], "4": [86.07594936708861, 68.0, 79.0], "5": [36.51685393258427, 65.0, 178.0], "6": [58.992805755395686, 164.0, 278.0], "7": [37.5, 3.0, 8.0], "8": [100.0, 8.0, 8.0]}