{"0": [61.60714285714286, 345.0, 560.0], "1": [34.04255319148936, 16.0, 47.0], "2": [100.0, 43.0, 43.0], "3": [79.88338192419825, 274.0, 343.0], "4": [96.66666666666667, 145.0, 150.0], "5": [40.168539325842694, 143.0, 356.0], "6": [55.69620253164557, 308.0, 553.0], "7": [76.47058823529412, 13.0, 17.0], "8": [55.55555555555556, 10.0, 18.0]}