{"0": [59.22671353251317, 337.0, 569.0], "1": [38.297872340425535, 18.0, 47.0], "2": [90.9090909090909, 40.0, 44.0], "3": [88.92045454545455, 313.0, 352.0], "4": [93.33333333333333, 140.0, 150.0], "5": [38.63013698630137, 141.0, 365.0], "6": [57.57575757575758, 342.0, 594.0], "7": [52.94117647058824, 9.0, 17.0], "8": [72.22222222222221, 13.0, 18.0]}