precision,accuracy,recall,duration
0.3664807274811001,0.4188351920693928,0.30605288275980924,399.28891468048096
