{"0": [16.06217616580311, 31.0, 193.0], "1": [100.0, 59.0, 59.0], "2": [37.5, 9.0, 24.0], "3": [83.19327731092437, 99.0, 119.0], "4": [84.5360824742268, 82.0, 97.0], "5": [43.47826086956522, 40.0, 92.0], "6": [59.78260869565217, 110.0, 184.0], "7": [100.0, 39.0, 39.0], "8": [NaN, 0.0, 0.0]}