precision,accuracy,recall,duration
0.3333552840371151,0.34796978281397545,0.3511088981652925,1201.1727311611176
