{"0": [93.45794392523365, 100.0, 107.0], "1": [34.92063492063492, 22.0, 63.0], "2": [82.45614035087719, 94.0, 114.0], "3": [68.38156484458734, 638.0, 933.0], "4": [80.8362369337979, 232.0, 287.0], "5": [21.34831460674157, 19.0, 89.0], "6": [52.601156069364166, 273.0, 519.0], "7": [NaN, 0.0, 0.0], "8": [50.0, 3.0, 6.0]}