precision,accuracy,recall,duration
0.27600570543846936,0.2672658467360454,0.315478613320481,1196.5482482910156
