{"0": [99.64850615114236, 567.0, 569.0], "1": [29.78723404255319, 14.0, 47.0], "2": [93.18181818181817, 41.0, 44.0], "3": [79.26136363636364, 279.0, 352.0], "4": [86.0, 129.0, 150.0], "5": [40.54794520547945, 148.0, 365.0], "6": [65.31986531986533, 388.0, 594.0], "7": [41.17647058823529, 7.0, 17.0], "8": [83.33333333333334, 15.0, 18.0]}