{"0": [47.67025089605735, 133.0, 279.0], "1": [48.0, 12.0, 25.0], "2": [95.23809523809523, 20.0, 21.0], "3": [80.11695906432749, 137.0, 171.0], "4": [69.62025316455697, 55.0, 79.0], "5": [73.03370786516854, 130.0, 178.0], "6": [60.07194244604317, 167.0, 278.0], "7": [12.5, 1.0, 8.0], "8": [75.0, 6.0, 8.0]}