precision,accuracy,recall,duration
0.32121090662025886,0.2652482269503546,0.4630459477541564,419.2126307487488
