{"0": [19.444444444444446, 7.0, 36.0], "1": [33.33333333333333, 7.0, 21.0], "2": [85.71428571428571, 36.0, 42.0], "3": [83.92282958199357, 261.0, 311.0], "4": [51.64835164835166, 47.0, 91.0], "5": [20.689655172413794, 6.0, 29.0], "6": [88.50574712643679, 154.0, 174.0], "7": [NaN, 0.0, 0.0], "8": [0.0, 0.0, 1.0]}