{"0": [56.96428571428571, 319.0, 560.0], "1": [57.446808510638306, 27.0, 47.0], "2": [81.3953488372093, 35.0, 43.0], "3": [77.84256559766763, 267.0, 343.0], "4": [87.33333333333333, 131.0, 150.0], "5": [37.640449438202246, 134.0, 356.0], "6": [59.49367088607595, 329.0, 553.0], "7": [64.70588235294117, 11.0, 17.0], "8": [77.77777777777779, 14.0, 18.0]}