{"0": [55.633802816901415, 158.0, 284.0], "1": [96.0, 24.0, 25.0], "2": [100.0, 22.0, 22.0], "3": [75.0, 132.0, 176.0], "4": [78.48101265822784, 62.0, 79.0], "5": [39.34426229508197, 72.0, 183.0], "6": [57.19063545150501, 171.0, 299.0], "7": [0.0, 0.0, 8.0], "8": [100.0, 8.0, 8.0]}