precision,accuracy,recall,duration
0.2746716488014484,0.3709677419354839,0.28270753467869936,397.64532947540283
