{"0": [21.761658031088082, 42.0, 193.0], "1": [100.0, 59.0, 59.0], "2": [29.166666666666668, 7.0, 24.0], "3": [89.74358974358975, 105.0, 117.0], "4": [100.0, 98.0, 98.0], "5": [39.130434782608695, 36.0, 92.0], "6": [65.76086956521739, 121.0, 184.0], "7": [100.0, 39.0, 39.0], "8": [NaN, 0.0, 0.0]}