precision,accuracy,recall,duration
0.2787556495590929,0.2907801418439716,0.26849485316795074,405.1268193721771
