{"0": [22.22222222222222, 8.0, 36.0], "1": [95.23809523809523, 20.0, 21.0], "2": [78.57142857142857, 33.0, 42.0], "3": [73.31189710610933, 228.0, 311.0], "4": [89.01098901098901, 81.0, 91.0], "5": [31.03448275862069, 9.0, 29.0], "6": [68.96551724137932, 120.0, 174.0], "7": [NaN, 0.0, 0.0], "8": [100.0, 1.0, 1.0]}