precision,accuracy,recall,duration
0.23786886271557103,0.2688953488372093,0.28127906572967054,395.92365741729736
