{"0": [26.666666666666668, 20.0, 75.0], "1": [63.63636363636363, 56.0, 88.0], "2": [91.81818181818183, 101.0, 110.0], "3": [63.07692307692307, 328.0, 520.0], "4": [100.0, 199.0, 199.0], "5": [71.875, 46.0, 64.0], "6": [89.453125, 229.0, 256.0], "7": [100.0, 2.0, 2.0], "8": [40.32258064516129, 25.0, 62.0]}