precision,accuracy,recall,duration
0.3726076683403531,0.43385490753911804,0.3671011883863223,304.2312729358673
