{"0": [56.54450261780105, 108.0, 191.0], "1": [28.57142857142857, 4.0, 14.0], "2": [93.75, 15.0, 16.0], "3": [66.10169491525424, 78.0, 118.0], "4": [86.0, 43.0, 50.0], "5": [34.166666666666664, 41.0, 120.0], "6": [57.57575757575758, 114.0, 198.0], "7": [50.0, 2.0, 4.0], "8": [100.0, 7.0, 7.0]}