precision,accuracy,recall,duration
0.2894455654125286,0.2961188308576905,0.3216032309394801,932.5513517856598
