{"0": [100.0, 560.0, 560.0], "1": [25.53191489361702, 12.0, 47.0], "2": [97.67441860465115, 42.0, 43.0], "3": [78.134110787172, 268.0, 343.0], "4": [86.0, 129.0, 150.0], "5": [37.92134831460674, 135.0, 356.0], "6": [54.249547920434, 300.0, 553.0], "7": [58.82352941176471, 10.0, 17.0], "8": [72.22222222222221, 13.0, 18.0]}