best_model_train_loss,best_model_val_loss,best_model_train_acc,best_model_val_acc,best_model_learning_rate,best_model_nb_epoch
0.44259175658226013,0.5341324806213379,0.4407167434692383,0.4141843914985657,0.0010000000474974513,95
