precision,accuracy,recall,duration
0.3575138740053264,0.3219858156028369,0.44140601725515055,421.9679253101349
