{"0": [19.444444444444446, 7.0, 36.0], "1": [42.857142857142854, 9.0, 21.0], "2": [95.23809523809523, 40.0, 42.0], "3": [69.77491961414792, 217.0, 311.0], "4": [84.61538461538461, 77.0, 91.0], "5": [20.689655172413794, 6.0, 29.0], "6": [70.11494252873564, 122.0, 174.0], "7": [NaN, 0.0, 0.0], "8": [0.0, 0.0, 1.0]}