precision,accuracy,recall,duration
0.2878559464002476,0.36724565756823824,0.2665912644699158,398.1257345676422
