precision,accuracy,recall,duration
0.41865770665268004,0.4545884578997162,0.4218327123215815,1104.5668334960938
