{"0": [55.536028119507904, 316.0, 569.0], "1": [29.78723404255319, 14.0, 47.0], "2": [97.72727272727273, 43.0, 44.0], "3": [55.68181818181818, 196.0, 352.0], "4": [86.66666666666667, 130.0, 150.0], "5": [38.35616438356164, 140.0, 365.0], "6": [56.56565656565656, 336.0, 594.0], "7": [52.94117647058824, 9.0, 17.0], "8": [50.0, 9.0, 18.0]}