precision,accuracy,recall,duration
0.29695584528749125,0.3413597733711048,0.31901535461249086,1192.3444485664368
