{"0": [100.0, 107.0, 107.0], "1": [53.96825396825397, 34.0, 63.0], "2": [85.96491228070175, 98.0, 114.0], "3": [68.81028938906752, 642.0, 933.0], "4": [80.8362369337979, 232.0, 287.0], "5": [23.595505617977526, 21.0, 89.0], "6": [49.71098265895954, 258.0, 519.0], "7": [NaN, 0.0, 0.0], "8": [50.0, 3.0, 6.0]}