precision,accuracy,recall,duration
0.2633393827719719,0.3058161350844278,0.3987384326944799,135.80753827095032
