{"0": [59.375, 19.0, 32.0], "1": [78.94736842105263, 15.0, 19.0], "2": [89.13043478260869, 41.0, 46.0], "3": [64.89795918367346, 159.0, 245.0], "4": [71.64179104477611, 48.0, 67.0], "5": [20.0, 5.0, 25.0], "6": [85.71428571428571, 78.0, 91.0], "7": [0.0, 0.0, 1.0], "8": [71.42857142857143, 5.0, 7.0]}