precision,accuracy,recall,duration
0.34435690354280346,0.36028368794326243,0.3648340208657317,412.47293186187744
