{"0": [39.64285714285714, 222.0, 560.0], "1": [44.680851063829785, 21.0, 47.0], "2": [76.74418604651163, 33.0, 43.0], "3": [57.434402332361515, 197.0, 343.0], "4": [90.66666666666666, 136.0, 150.0], "5": [37.92134831460674, 135.0, 356.0], "6": [56.9620253164557, 315.0, 553.0], "7": [94.11764705882352, 16.0, 17.0], "8": [72.22222222222221, 13.0, 18.0]}