{"0": [58.06451612903226, 162.0, 279.0], "1": [92.0, 23.0, 25.0], "2": [100.0, 21.0, 21.0], "3": [71.9298245614035, 123.0, 171.0], "4": [78.48101265822784, 62.0, 79.0], "5": [43.82022471910113, 78.0, 178.0], "6": [67.62589928057554, 188.0, 278.0], "7": [0.0, 0.0, 8.0], "8": [87.5, 7.0, 8.0]}