{"0": [60.17857142857142, 337.0, 560.0], "1": [36.17021276595745, 17.0, 47.0], "2": [97.67441860465115, 42.0, 43.0], "3": [57.14285714285714, 196.0, 343.0], "4": [96.66666666666667, 145.0, 150.0], "5": [39.325842696629216, 140.0, 356.0], "6": [56.05786618444847, 310.0, 553.0], "7": [70.58823529411765, 12.0, 17.0], "8": [55.55555555555556, 10.0, 18.0]}