precision,accuracy,recall,duration
0.3457248839941004,0.3446808510638298,0.36709545138047933,413.60799622535706
