{"0": [22.22222222222222, 8.0, 36.0], "1": [33.33333333333333, 7.0, 21.0], "2": [76.19047619047619, 32.0, 42.0], "3": [66.55948553054662, 207.0, 311.0], "4": [61.53846153846154, 56.0, 91.0], "5": [27.586206896551722, 8.0, 29.0], "6": [82.18390804597702, 143.0, 174.0], "7": [NaN, 0.0, 0.0], "8": [100.0, 1.0, 1.0]}