{"0": [57.67857142857142, 323.0, 560.0], "1": [36.17021276595745, 17.0, 47.0], "2": [93.02325581395348, 40.0, 43.0], "3": [58.89212827988338, 202.0, 343.0], "4": [94.0, 141.0, 150.0], "5": [39.8876404494382, 142.0, 356.0], "6": [55.33453887884268, 306.0, 553.0], "7": [76.47058823529412, 13.0, 17.0], "8": [72.22222222222221, 13.0, 18.0]}