precision,accuracy,recall,duration
0.3188684989665382,0.3878504672897196,0.3506924522041754,787.1423335075378
