{"0": [54.54545454545454, 6.0, 11.0], "1": [40.0, 2.0, 5.0], "2": [88.88888888888889, 16.0, 18.0], "3": [54.20560747663551, 58.0, 107.0], "4": [52.0, 13.0, 25.0], "5": [0.0, 0.0, 10.0], "6": [94.73684210526315, 36.0, 38.0], "7": [NaN, 0.0, 0.0], "8": [NaN, 0.0, 0.0]}