precision,accuracy,recall,duration
0.28931132116351,0.33191489361702126,0.46447987696093546,400.5031051635742
