{"0": [38.88888888888889, 14.0, 36.0], "1": [38.095238095238095, 8.0, 21.0], "2": [85.71428571428571, 36.0, 42.0], "3": [77.17041800643086, 240.0, 311.0], "4": [59.34065934065934, 54.0, 91.0], "5": [17.24137931034483, 5.0, 29.0], "6": [65.51724137931035, 114.0, 174.0], "7": [NaN, 0.0, 0.0], "8": [0.0, 0.0, 1.0]}