precision,accuracy,recall,duration
0.292283589372165,0.32907801418439714,0.44254858775130795,401.0845191478729
