{"0": [52.77777777777778, 19.0, 36.0], "1": [38.095238095238095, 8.0, 21.0], "2": [85.71428571428571, 36.0, 42.0], "3": [76.52733118971061, 238.0, 311.0], "4": [68.13186813186813, 62.0, 91.0], "5": [20.689655172413794, 6.0, 29.0], "6": [59.77011494252874, 104.0, 174.0], "7": [NaN, 0.0, 0.0], "8": [0.0, 0.0, 1.0]}