precision,accuracy,recall,duration
0.2713913469211169,0.2702448210922787,0.26978108156662844,605.7339327335358
