{"0": [57.46924428822495, 327.0, 569.0], "1": [36.17021276595745, 17.0, 47.0], "2": [93.18181818181817, 41.0, 44.0], "3": [85.22727272727273, 300.0, 352.0], "4": [90.0, 135.0, 150.0], "5": [37.26027397260274, 136.0, 365.0], "6": [46.464646464646464, 276.0, 594.0], "7": [58.82352941176471, 10.0, 17.0], "8": [88.88888888888889, 16.0, 18.0]}