best_model_train_loss,best_model_val_loss,best_model_train_acc,best_model_val_acc,best_model_learning_rate,best_model_nb_epoch
0.4720158278942108,0.6522731184959412,0.43138501048088074,0.24457034468650818,0.0010000000474974513,85
