precision,accuracy,recall,duration
0.3772200097929994,0.4331450094161959,0.34240891050122385,604.8435852527618
