precision,accuracy,recall,duration
0.3480468006602899,0.3574126534466478,0.353965833982132,1207.274213552475
