{"0": [47.88732394366197, 136.0, 284.0], "1": [32.0, 8.0, 25.0], "2": [95.45454545454545, 21.0, 22.0], "3": [68.18181818181817, 120.0, 176.0], "4": [88.60759493670885, 70.0, 79.0], "5": [37.704918032786885, 69.0, 183.0], "6": [62.207357859531776, 186.0, 299.0], "7": [62.5, 5.0, 8.0], "8": [100.0, 8.0, 8.0]}