{"0": [65.42056074766354, 70.0, 107.0], "1": [41.269841269841265, 26.0, 63.0], "2": [86.8421052631579, 99.0, 114.0], "3": [68.27438370846731, 637.0, 933.0], "4": [78.397212543554, 225.0, 287.0], "5": [20.224719101123593, 18.0, 89.0], "6": [54.33526011560693, 282.0, 519.0], "7": [NaN, 0.0, 0.0], "8": [66.66666666666666, 4.0, 6.0]}