{"0": [19.718309859154928, 56.0, 284.0], "1": [32.0, 8.0, 25.0], "2": [95.45454545454545, 21.0, 22.0], "3": [52.27272727272727, 92.0, 176.0], "4": [87.34177215189874, 69.0, 79.0], "5": [34.97267759562842, 64.0, 183.0], "6": [61.87290969899666, 185.0, 299.0], "7": [100.0, 8.0, 8.0], "8": [100.0, 8.0, 8.0]}