{"0": [57.49999999999999, 322.0, 560.0], "1": [36.17021276595745, 17.0, 47.0], "2": [83.72093023255815, 36.0, 43.0], "3": [86.29737609329446, 296.0, 343.0], "4": [96.0, 144.0, 150.0], "5": [38.48314606741573, 137.0, 356.0], "6": [50.63291139240506, 280.0, 553.0], "7": [82.35294117647058, 14.0, 17.0], "8": [66.66666666666666, 12.0, 18.0]}