precision,accuracy,recall,duration
0.35850286703430906,0.35912129894937916,0.3477085702545264,597.7381167411804
