{"0": [55.19713261648745, 154.0, 279.0], "1": [88.0, 22.0, 25.0], "2": [66.66666666666666, 14.0, 21.0], "3": [81.28654970760235, 139.0, 171.0], "4": [83.54430379746836, 66.0, 79.0], "5": [44.38202247191011, 79.0, 178.0], "6": [67.98561151079137, 189.0, 278.0], "7": [0.0, 0.0, 8.0], "8": [100.0, 8.0, 8.0]}