best_model_train_loss,best_model_val_loss,best_model_train_acc,best_model_val_acc,best_model_learning_rate,best_model_nb_epoch
0.47651785612106323,1.179006576538086,0.38801950216293335,0.30857691168785095,0.0010000000474974513,96
