precision,accuracy,recall,duration
0.27115192850686715,0.26305701964542405,0.2867125228952212,924.2726745605469
