{"0": [100.0, 560.0, 560.0], "1": [46.808510638297875, 22.0, 47.0], "2": [97.67441860465115, 42.0, 43.0], "3": [88.62973760932945, 304.0, 343.0], "4": [87.33333333333333, 131.0, 150.0], "5": [38.48314606741573, 137.0, 356.0], "6": [57.86618444846293, 320.0, 553.0], "7": [52.94117647058824, 9.0, 17.0], "8": [72.22222222222221, 13.0, 18.0]}