precision,accuracy,recall,duration
0.3917474827278749,0.42981186685962375,0.3817605229680694,420.5408146381378
