{"0": [55.080213903743314, 103.0, 187.0], "1": [35.714285714285715, 5.0, 14.0], "2": [86.66666666666667, 13.0, 15.0], "3": [76.31578947368422, 87.0, 114.0], "4": [78.0, 39.0, 50.0], "5": [36.206896551724135, 42.0, 116.0], "6": [52.71739130434783, 97.0, 184.0], "7": [50.0, 2.0, 4.0], "8": [85.71428571428571, 6.0, 7.0]}