precision,accuracy,recall,duration
0.2844807696362814,0.3151969981238274,0.25555221628243946,82.05973482131958
