{"0": [34.61538461538461, 9.0, 26.0], "1": [82.75862068965517, 24.0, 29.0], "2": [91.17647058823529, 31.0, 34.0], "3": [67.11711711711712, 149.0, 222.0], "4": [52.0, 39.0, 75.0], "5": [88.46153846153845, 23.0, 26.0], "6": [73.87387387387388, 82.0, 111.0], "7": [NaN, 0.0, 0.0], "8": [80.0, 8.0, 10.0]}