precision,accuracy,recall,duration
0.38742090099361753,0.3783783783783784,0.3560175787157657,344.34963822364807
