{"0": [60.73298429319372, 116.0, 191.0], "1": [35.714285714285715, 5.0, 14.0], "2": [87.5, 14.0, 16.0], "3": [77.96610169491525, 92.0, 118.0], "4": [80.0, 40.0, 50.0], "5": [40.833333333333336, 49.0, 120.0], "6": [64.64646464646465, 128.0, 198.0], "7": [50.0, 2.0, 4.0], "8": [85.71428571428571, 6.0, 7.0]}