{"0": [72.58347978910369, 413.0, 569.0], "1": [100.0, 47.0, 47.0], "2": [100.0, 44.0, 44.0], "3": [79.26136363636364, 279.0, 352.0], "4": [84.66666666666667, 127.0, 150.0], "5": [46.57534246575342, 170.0, 365.0], "6": [67.84511784511784, 403.0, 594.0], "7": [0.0, 0.0, 17.0], "8": [83.33333333333334, 15.0, 18.0]}