{"0": [57.67857142857142, 323.0, 560.0], "1": [38.297872340425535, 18.0, 47.0], "2": [100.0, 43.0, 43.0], "3": [80.17492711370262, 275.0, 343.0], "4": [92.66666666666666, 139.0, 150.0], "5": [42.41573033707865, 151.0, 356.0], "6": [56.41952983725136, 312.0, 553.0], "7": [76.47058823529412, 13.0, 17.0], "8": [61.111111111111114, 11.0, 18.0]}