{"0": [56.239015817223205, 320.0, 569.0], "1": [46.808510638297875, 22.0, 47.0], "2": [88.63636363636364, 39.0, 44.0], "3": [96.5909090909091, 340.0, 352.0], "4": [84.0, 126.0, 150.0], "5": [33.97260273972603, 124.0, 365.0], "6": [58.58585858585859, 348.0, 594.0], "7": [11.76470588235294, 2.0, 17.0], "8": [83.33333333333334, 15.0, 18.0]}