precision,accuracy,recall,duration
0.3202460965622078,0.19924457034938622,0.32730322912001825,603.5469279289246
