{"0": [24.074074074074073, 13.0, 54.0], "1": [36.36363636363637, 12.0, 33.0], "2": [84.48275862068965, 49.0, 58.0], "3": [97.20430107526882, 452.0, 465.0], "4": [78.41726618705036, 109.0, 139.0], "5": [35.55555555555556, 16.0, 45.0], "6": [74.32950191570882, 194.0, 261.0], "7": [NaN, 0.0, 0.0], "8": [75.0, 3.0, 4.0]}