precision,accuracy,recall,duration
0.36861789208149287,0.33900709219858155,0.3876269687612408,398.2551302909851
