{"0": [25.0, 9.0, 36.0], "1": [95.23809523809523, 20.0, 21.0], "2": [88.09523809523809, 37.0, 42.0], "3": [61.7363344051447, 192.0, 311.0], "4": [86.81318681318682, 79.0, 91.0], "5": [24.137931034482758, 7.0, 29.0], "6": [70.11494252873564, 122.0, 174.0], "7": [NaN, 0.0, 0.0], "8": [0.0, 0.0, 1.0]}