precision,accuracy,recall,duration
0.29780921295298257,0.2813975448536355,0.2500171814174672,605.4905707836151
