{"0": [29.629629629629626, 16.0, 54.0], "1": [87.87878787878788, 29.0, 33.0], "2": [82.75862068965517, 48.0, 58.0], "3": [72.90322580645162, 339.0, 465.0], "4": [82.73381294964028, 115.0, 139.0], "5": [46.666666666666664, 21.0, 45.0], "6": [72.41379310344827, 189.0, 261.0], "7": [NaN, 0.0, 0.0], "8": [100.0, 4.0, 4.0]}