precision,accuracy,recall,duration
0.2821330176969956,0.31631205673758866,0.4259830567070837,400.7498803138733
