{"0": [66.66666666666666, 24.0, 36.0], "1": [38.095238095238095, 8.0, 21.0], "2": [78.57142857142857, 33.0, 42.0], "3": [74.59807073954984, 232.0, 311.0], "4": [73.62637362637363, 67.0, 91.0], "5": [20.689655172413794, 6.0, 29.0], "6": [64.36781609195403, 112.0, 174.0], "7": [NaN, 0.0, 0.0], "8": [0.0, 0.0, 1.0]}