precision,accuracy,recall,duration
0.30956295416184054,0.17265846736045412,0.23632548385788002,1224.2454504966736
