{"0": [92.61862917398945, 527.0, 569.0], "1": [29.78723404255319, 14.0, 47.0], "2": [97.72727272727273, 43.0, 44.0], "3": [88.63636363636364, 312.0, 352.0], "4": [95.33333333333334, 143.0, 150.0], "5": [44.38356164383562, 162.0, 365.0], "6": [95.1178451178451, 565.0, 594.0], "7": [94.11764705882352, 16.0, 17.0], "8": [50.0, 9.0, 18.0]}