{"0": [56.07142857142857, 314.0, 560.0], "1": [51.06382978723404, 24.0, 47.0], "2": [95.34883720930233, 41.0, 43.0], "3": [59.183673469387756, 203.0, 343.0], "4": [74.0, 111.0, 150.0], "5": [39.60674157303371, 141.0, 356.0], "6": [56.23869801084991, 311.0, 553.0], "7": [76.47058823529412, 13.0, 17.0], "8": [61.111111111111114, 11.0, 18.0]}