precision,accuracy,recall,duration
0.33778623929730056,0.41963015647226176,0.37745372102996133,320.97108030319214
