{"0": [46.596858638743456, 89.0, 191.0], "1": [50.0, 7.0, 14.0], "2": [81.25, 13.0, 16.0], "3": [68.64406779661016, 81.0, 118.0], "4": [84.0, 42.0, 50.0], "5": [40.833333333333336, 49.0, 120.0], "6": [67.17171717171718, 133.0, 198.0], "7": [25.0, 1.0, 4.0], "8": [100.0, 7.0, 7.0]}