precision,accuracy,recall,duration
0.3549803244743107,0.3021276595744681,0.4193079950647308,404.7519860267639
