precision,accuracy,recall,duration
0.2970975803807725,0.32056737588652484,0.43693342394233103,401.3235068321228
