{"0": [61.111111111111114, 22.0, 36.0], "1": [38.095238095238095, 8.0, 21.0], "2": [83.33333333333334, 35.0, 42.0], "3": [73.95498392282958, 230.0, 311.0], "4": [69.23076923076923, 63.0, 91.0], "5": [13.793103448275861, 4.0, 29.0], "6": [67.24137931034483, 117.0, 174.0], "7": [NaN, 0.0, 0.0], "8": [0.0, 0.0, 1.0]}