precision,accuracy,recall,duration
0.28059760243158816,0.1954674220963173,0.279340768935102,1198.610672712326
