{"0": [24.299065420560748, 26.0, 107.0], "1": [31.746031746031743, 20.0, 63.0], "2": [92.10526315789474, 105.0, 114.0], "3": [88.7459807073955, 828.0, 933.0], "4": [97.21254355400697, 279.0, 287.0], "5": [95.50561797752809, 85.0, 89.0], "6": [68.97880539499036, 358.0, 519.0], "7": [NaN, 0.0, 0.0], "8": [50.0, 3.0, 6.0]}