precision,accuracy,recall,duration
0.2804153046820163,0.28936170212765955,0.24949645789908936,409.10909819602966
