{"0": [19.444444444444446, 7.0, 36.0], "1": [85.71428571428571, 18.0, 21.0], "2": [90.47619047619048, 38.0, 42.0], "3": [76.20578778135048, 237.0, 311.0], "4": [71.42857142857143, 65.0, 91.0], "5": [65.51724137931035, 19.0, 29.0], "6": [66.66666666666666, 116.0, 174.0], "7": [NaN, 0.0, 0.0], "8": [100.0, 1.0, 1.0]}