precision,accuracy,recall,duration
0.3900130460232774,0.38108882521489973,0.35272372677971703,605.571487903595
