{"0": [56.63082437275986, 158.0, 279.0], "1": [88.0, 22.0, 25.0], "2": [19.047619047619047, 4.0, 21.0], "3": [54.97076023391813, 94.0, 171.0], "4": [100.0, 79.0, 79.0], "5": [37.640449438202246, 67.0, 178.0], "6": [76.2589928057554, 212.0, 278.0], "7": [50.0, 4.0, 8.0], "8": [100.0, 8.0, 8.0]}