{"0": [58.214285714285715, 326.0, 560.0], "1": [36.17021276595745, 17.0, 47.0], "2": [97.67441860465115, 42.0, 43.0], "3": [55.97667638483965, 192.0, 343.0], "4": [92.66666666666666, 139.0, 150.0], "5": [37.92134831460674, 135.0, 356.0], "6": [56.78119349005425, 314.0, 553.0], "7": [70.58823529411765, 12.0, 17.0], "8": [61.111111111111114, 11.0, 18.0]}