precision,accuracy,recall,duration
0.3419817799542517,0.34609929078014184,0.35828514935585193,424.1407971382141
