{"0": [60.89285714285714, 341.0, 560.0], "1": [48.93617021276596, 23.0, 47.0], "2": [97.67441860465115, 42.0, 43.0], "3": [88.33819241982506, 303.0, 343.0], "4": [97.33333333333334, 146.0, 150.0], "5": [39.60674157303371, 141.0, 356.0], "6": [58.22784810126582, 322.0, 553.0], "7": [82.35294117647058, 14.0, 17.0], "8": [50.0, 9.0, 18.0]}