{"0": [22.22222222222222, 8.0, 36.0], "1": [38.095238095238095, 8.0, 21.0], "2": [83.33333333333334, 35.0, 42.0], "3": [64.63022508038586, 201.0, 311.0], "4": [56.043956043956044, 51.0, 91.0], "5": [27.586206896551722, 8.0, 29.0], "6": [85.63218390804597, 149.0, 174.0], "7": [NaN, 0.0, 0.0], "8": [100.0, 1.0, 1.0]}