best_model_train_loss,best_model_val_loss,best_model_train_acc,best_model_val_acc,best_model_learning_rate,best_model_nb_epoch
0.5521870255470276,0.6931871175765991,0.3564434051513672,0.22965116798877716,0.0010000000474974513,88
