precision,accuracy,recall,duration
0.30314242056284546,0.20421511627906977,0.326306066416143,396.92800545692444
