{"0": [66.66666666666666, 50.0, 75.0], "1": [98.86363636363636, 87.0, 88.0], "2": [97.27272727272728, 107.0, 110.0], "3": [73.07692307692307, 380.0, 520.0], "4": [97.98994974874373, 195.0, 199.0], "5": [42.1875, 27.0, 64.0], "6": [86.71875, 222.0, 256.0], "7": [0.0, 0.0, 2.0], "8": [43.54838709677419, 27.0, 62.0]}