precision,accuracy,recall,duration
0.2979417284125517,0.36820428336079075,0.2727484101066266,472.1062252521515
