{"0": [20.415224913494807, 59.0, 289.0], "1": [100.0, 96.0, 96.0], "2": [40.625, 13.0, 32.0], "3": [79.1907514450867, 137.0, 173.0], "4": [100.0, 147.0, 147.0], "5": [43.75, 63.0, 144.0], "6": [70.54545454545455, 194.0, 275.0], "7": [100.0, 58.0, 58.0], "8": [NaN, 0.0, 0.0]}