precision,accuracy,recall,duration
0.41050272261752696,0.40632486823191183,0.4156980913842506,858.8572809696198
