{"0": [56.96428571428571, 319.0, 560.0], "1": [29.78723404255319, 14.0, 47.0], "2": [97.67441860465115, 42.0, 43.0], "3": [77.55102040816327, 266.0, 343.0], "4": [94.66666666666667, 142.0, 150.0], "5": [41.01123595505618, 146.0, 356.0], "6": [53.70705244122965, 297.0, 553.0], "7": [41.17647058823529, 7.0, 17.0], "8": [33.33333333333333, 6.0, 18.0]}