precision,accuracy,recall,duration
0.3530161395997982,0.42816500711237554,0.39010792579474646,322.1117618083954
