{"0": [45.0261780104712, 86.0, 191.0], "1": [50.0, 7.0, 14.0], "2": [87.5, 14.0, 16.0], "3": [66.94915254237289, 79.0, 118.0], "4": [62.0, 31.0, 50.0], "5": [47.5, 57.0, 120.0], "6": [68.18181818181817, 135.0, 198.0], "7": [25.0, 1.0, 4.0], "8": [100.0, 7.0, 7.0]}