precision,accuracy,recall,duration
0.3638111400195199,0.32056737588652484,0.4321460021186525,420.9496376514435
