{"0": [19.444444444444446, 7.0, 36.0], "1": [61.904761904761905, 13.0, 21.0], "2": [73.80952380952381, 31.0, 42.0], "3": [67.52411575562701, 210.0, 311.0], "4": [90.10989010989012, 82.0, 91.0], "5": [24.137931034482758, 7.0, 29.0], "6": [74.13793103448276, 129.0, 174.0], "7": [NaN, 0.0, 0.0], "8": [0.0, 0.0, 1.0]}