precision,accuracy,recall,duration
0.41471254800618146,0.45789971617786185,0.4519615928182119,1107.1714441776276
