{"0": [58.69947275922671, 334.0, 569.0], "1": [31.914893617021278, 15.0, 47.0], "2": [95.45454545454545, 42.0, 44.0], "3": [49.14772727272727, 173.0, 352.0], "4": [88.0, 132.0, 150.0], "5": [35.342465753424655, 129.0, 365.0], "6": [58.24915824915825, 346.0, 594.0], "7": [23.52941176470588, 4.0, 17.0], "8": [55.55555555555556, 10.0, 18.0]}