{"0": [55.17857142857143, 309.0, 560.0], "1": [34.04255319148936, 16.0, 47.0], "2": [90.69767441860465, 39.0, 43.0], "3": [56.85131195335277, 195.0, 343.0], "4": [98.66666666666667, 148.0, 150.0], "5": [41.01123595505618, 146.0, 356.0], "6": [56.05786618444847, 310.0, 553.0], "7": [64.70588235294117, 11.0, 17.0], "8": [83.33333333333334, 15.0, 18.0]}