best_model_train_loss,best_model_val_loss,best_model_train_acc,best_model_val_acc,best_model_learning_rate,best_model_nb_epoch
0.4423650801181793,0.5092560648918152,0.4388105273246765,0.36595743894577026,0.0010000000474974513,97
