precision,accuracy,recall,duration
0.35707299776888474,0.39858156028368796,0.49185603572638353,401.8686873912811
