precision,accuracy,recall,duration
0.419834789620548,0.45789971617786185,0.43296705814095554,1200.9291360378265
