{"0": [22.22222222222222, 8.0, 36.0], "1": [33.33333333333333, 7.0, 21.0], "2": [85.71428571428571, 36.0, 42.0], "3": [63.344051446945336, 197.0, 311.0], "4": [65.93406593406593, 60.0, 91.0], "5": [24.137931034482758, 7.0, 29.0], "6": [62.643678160919535, 109.0, 174.0], "7": [NaN, 0.0, 0.0], "8": [0.0, 0.0, 1.0]}