{"0": [48.68189806678383, 277.0, 569.0], "1": [27.659574468085108, 13.0, 47.0], "2": [100.0, 44.0, 44.0], "3": [56.25, 198.0, 352.0], "4": [88.0, 132.0, 150.0], "5": [38.63013698630137, 141.0, 365.0], "6": [61.61616161616161, 366.0, 594.0], "7": [58.82352941176471, 10.0, 17.0], "8": [33.33333333333333, 6.0, 18.0]}