{"0": [59.64285714285714, 334.0, 560.0], "1": [40.42553191489361, 19.0, 47.0], "2": [93.02325581395348, 40.0, 43.0], "3": [86.0058309037901, 295.0, 343.0], "4": [96.0, 144.0, 150.0], "5": [41.853932584269664, 149.0, 356.0], "6": [61.30198915009042, 339.0, 553.0], "7": [64.70588235294117, 11.0, 17.0], "8": [55.55555555555556, 10.0, 18.0]}