{"0": [55.714285714285715, 312.0, 560.0], "1": [89.36170212765957, 42.0, 47.0], "2": [100.0, 43.0, 43.0], "3": [71.13702623906705, 244.0, 343.0], "4": [91.33333333333333, 137.0, 150.0], "5": [39.04494382022472, 139.0, 356.0], "6": [63.11030741410488, 349.0, 553.0], "7": [0.0, 0.0, 17.0], "8": [88.88888888888889, 16.0, 18.0]}