best_model_train_loss,best_model_val_loss,best_model_train_acc,best_model_val_acc,best_model_learning_rate,best_model_nb_epoch
0.4576391279697418,1.6796194314956665,0.4043688178062439,0.30790960788726807,0.0010000000474974513,94
