precision,accuracy,recall,duration
0.26025297455556173,0.288135593220339,0.27752349523960995,601.9504704475403
