precision,accuracy,recall,duration
0.40416998451503294,0.3635505193578848,0.3901461960149101,1206.4981968402863
