{"0": [24.299065420560748, 26.0, 107.0], "1": [52.38095238095239, 33.0, 63.0], "2": [87.71929824561403, 100.0, 114.0], "3": [65.27331189710611, 609.0, 933.0], "4": [86.06271777003485, 247.0, 287.0], "5": [23.595505617977526, 21.0, 89.0], "6": [59.53757225433526, 309.0, 519.0], "7": [NaN, 0.0, 0.0], "8": [50.0, 3.0, 6.0]}