precision,accuracy,recall,duration
0.3210197169928152,0.3276595744680851,0.4626832883845857,421.9780569076538
