{"0": [60.357142857142854, 338.0, 560.0], "1": [31.914893617021278, 15.0, 47.0], "2": [95.34883720930233, 41.0, 43.0], "3": [60.34985422740525, 207.0, 343.0], "4": [97.33333333333334, 146.0, 150.0], "5": [39.8876404494382, 142.0, 356.0], "6": [54.79204339963834, 303.0, 553.0], "7": [41.17647058823529, 7.0, 17.0], "8": [72.22222222222221, 13.0, 18.0]}