{"0": [16.666666666666664, 6.0, 36.0], "1": [38.095238095238095, 8.0, 21.0], "2": [85.71428571428571, 36.0, 42.0], "3": [67.20257234726688, 209.0, 311.0], "4": [61.53846153846154, 56.0, 91.0], "5": [27.586206896551722, 8.0, 29.0], "6": [86.7816091954023, 151.0, 174.0], "7": [NaN, 0.0, 0.0], "8": [0.0, 0.0, 1.0]}