precision,accuracy,recall,duration
0.36877614465485226,0.34277620396600567,0.3822761759656293,606.4602344036102
