{"0": [24.074074074074073, 13.0, 54.0], "1": [39.39393939393939, 13.0, 33.0], "2": [68.96551724137932, 40.0, 58.0], "3": [69.03225806451613, 321.0, 465.0], "4": [82.01438848920863, 114.0, 139.0], "5": [28.888888888888886, 13.0, 45.0], "6": [68.5823754789272, 179.0, 261.0], "7": [NaN, 0.0, 0.0], "8": [75.0, 3.0, 4.0]}