precision,accuracy,recall,duration
0.2776471473193575,0.2958748221906117,0.3158322513480951,317.3882100582123
