precision,accuracy,recall,duration
0.30505615738536285,0.28794326241134754,0.38509038388921596,410.60641646385193
