{"0": [22.22222222222222, 8.0, 36.0], "1": [85.71428571428571, 18.0, 21.0], "2": [76.19047619047619, 32.0, 42.0], "3": [79.09967845659163, 246.0, 311.0], "4": [75.82417582417582, 69.0, 91.0], "5": [48.275862068965516, 14.0, 29.0], "6": [66.0919540229885, 115.0, 174.0], "7": [NaN, 0.0, 0.0], "8": [0.0, 0.0, 1.0]}