{"0": [61.78571428571429, 346.0, 560.0], "1": [36.17021276595745, 17.0, 47.0], "2": [100.0, 43.0, 43.0], "3": [80.466472303207, 276.0, 343.0], "4": [98.0, 147.0, 150.0], "5": [44.9438202247191, 160.0, 356.0], "6": [56.6003616636528, 313.0, 553.0], "7": [70.58823529411765, 12.0, 17.0], "8": [50.0, 9.0, 18.0]}