best_model_train_loss,best_model_val_loss,best_model_train_acc,best_model_val_acc,best_model_learning_rate,best_model_nb_epoch
0.45316484570503235,0.5705062747001648,0.3915364146232605,0.2709219753742218,0.0010000000474974513,98
