precision,accuracy,recall,duration
0.27931201297335195,0.2950354609929078,0.276265677326401,405.81446862220764
