precision,accuracy,recall,duration
0.27490511287653274,0.3078014184397163,0.25518381362525205,404.55118799209595
