{"0": [19.444444444444446, 7.0, 36.0], "1": [42.857142857142854, 9.0, 21.0], "2": [88.09523809523809, 37.0, 42.0], "3": [66.88102893890675, 208.0, 311.0], "4": [83.51648351648352, 76.0, 91.0], "5": [100.0, 29.0, 29.0], "6": [69.54022988505747, 121.0, 174.0], "7": [NaN, 0.0, 0.0], "8": [100.0, 1.0, 1.0]}