{"0": [61.07142857142858, 342.0, 560.0], "1": [44.680851063829785, 21.0, 47.0], "2": [90.69767441860465, 39.0, 43.0], "3": [92.12827988338192, 316.0, 343.0], "4": [92.66666666666666, 139.0, 150.0], "5": [40.73033707865169, 145.0, 356.0], "6": [57.50452079566004, 318.0, 553.0], "7": [70.58823529411765, 12.0, 17.0], "8": [50.0, 9.0, 18.0]}