{"0": [46.666666666666664, 35.0, 75.0], "1": [63.63636363636363, 56.0, 88.0], "2": [87.27272727272727, 96.0, 110.0], "3": [61.53846153846154, 320.0, 520.0], "4": [70.35175879396985, 140.0, 199.0], "5": [32.8125, 21.0, 64.0], "6": [85.546875, 219.0, 256.0], "7": [100.0, 2.0, 2.0], "8": [46.774193548387096, 29.0, 62.0]}