{"0": [34.27065026362039, 195.0, 569.0], "1": [40.42553191489361, 19.0, 47.0], "2": [84.0909090909091, 37.0, 44.0], "3": [78.125, 275.0, 352.0], "4": [84.0, 126.0, 150.0], "5": [45.20547945205479, 165.0, 365.0], "6": [57.57575757575758, 342.0, 594.0], "7": [58.82352941176471, 10.0, 17.0], "8": [83.33333333333334, 15.0, 18.0]}