precision,accuracy,recall,duration
0.3457855521878542,0.40210124164278893,0.3727335625383359,618.5404272079468
