{"0": [45.51971326164875, 127.0, 279.0], "1": [40.0, 10.0, 25.0], "2": [90.47619047619048, 19.0, 21.0], "3": [82.45614035087719, 141.0, 171.0], "4": [89.87341772151899, 71.0, 79.0], "5": [39.325842696629216, 70.0, 178.0], "6": [64.38848920863309, 179.0, 278.0], "7": [25.0, 2.0, 8.0], "8": [87.5, 7.0, 8.0]}