precision,accuracy,recall,duration
0.332866445349194,0.29650613786591123,0.28775168995083833,1229.403487443924
