{"0": [27.102803738317753, 29.0, 107.0], "1": [87.3015873015873, 55.0, 63.0], "2": [80.7017543859649, 92.0, 114.0], "3": [72.56162915326902, 677.0, 933.0], "4": [79.79094076655052, 229.0, 287.0], "5": [39.325842696629216, 35.0, 89.0], "6": [70.90558766859345, 368.0, 519.0], "7": [NaN, 0.0, 0.0], "8": [83.33333333333334, 5.0, 6.0]}