{"0": [58.80281690140845, 167.0, 284.0], "1": [100.0, 25.0, 25.0], "2": [95.45454545454545, 21.0, 22.0], "3": [86.93181818181817, 153.0, 176.0], "4": [75.9493670886076, 60.0, 79.0], "5": [44.26229508196721, 81.0, 183.0], "6": [60.535117056856194, 181.0, 299.0], "7": [0.0, 0.0, 8.0], "8": [75.0, 6.0, 8.0]}