{"0": [60.535714285714285, 339.0, 560.0], "1": [46.808510638297875, 22.0, 47.0], "2": [100.0, 43.0, 43.0], "3": [57.14285714285714, 196.0, 343.0], "4": [88.66666666666667, 133.0, 150.0], "5": [38.764044943820224, 138.0, 356.0], "6": [53.52622061482821, 296.0, 553.0], "7": [76.47058823529412, 13.0, 17.0], "8": [83.33333333333334, 15.0, 18.0]}