precision,accuracy,recall,duration
0.4074623214335813,0.4293243890752276,0.3839141630583337,886.304669380188
