{"0": [58.214285714285715, 326.0, 560.0], "1": [51.06382978723404, 24.0, 47.0], "2": [86.04651162790698, 37.0, 43.0], "3": [53.93586005830904, 185.0, 343.0], "4": [88.66666666666667, 133.0, 150.0], "5": [37.92134831460674, 135.0, 356.0], "6": [59.6745027124774, 330.0, 553.0], "7": [41.17647058823529, 7.0, 17.0], "8": [77.77777777777779, 14.0, 18.0]}