{"0": [55.008787346221446, 313.0, 569.0], "1": [38.297872340425535, 18.0, 47.0], "2": [95.45454545454545, 42.0, 44.0], "3": [82.38636363636364, 290.0, 352.0], "4": [88.66666666666667, 133.0, 150.0], "5": [33.6986301369863, 123.0, 365.0], "6": [56.9023569023569, 338.0, 594.0], "7": [35.294117647058826, 6.0, 17.0], "8": [88.88888888888889, 16.0, 18.0]}