{"0": [54.107142857142854, 303.0, 560.0], "1": [65.95744680851064, 31.0, 47.0], "2": [79.06976744186046, 34.0, 43.0], "3": [58.01749271137027, 199.0, 343.0], "4": [90.66666666666666, 136.0, 150.0], "5": [40.44943820224719, 144.0, 356.0], "6": [56.78119349005425, 314.0, 553.0], "7": [76.47058823529412, 13.0, 17.0], "8": [61.111111111111114, 11.0, 18.0]}