precision,accuracy,recall,duration
0.3550007558396375,0.3950795947901592,0.36427549709167417,394.06360149383545
