{"0": [48.663101604278076, 91.0, 187.0], "1": [35.714285714285715, 5.0, 14.0], "2": [73.33333333333333, 11.0, 15.0], "3": [73.68421052631578, 84.0, 114.0], "4": [80.0, 40.0, 50.0], "5": [37.93103448275862, 44.0, 116.0], "6": [72.82608695652173, 134.0, 184.0], "7": [50.0, 2.0, 4.0], "8": [100.0, 7.0, 7.0]}