precision,accuracy,recall,duration
0.275064321016655,0.26689027311931,0.3167787859752458,935.572351694107
