{"0": [100.0, 560.0, 560.0], "1": [38.297872340425535, 18.0, 47.0], "2": [95.34883720930233, 41.0, 43.0], "3": [87.46355685131195, 300.0, 343.0], "4": [88.0, 132.0, 150.0], "5": [39.60674157303371, 141.0, 356.0], "6": [57.68535262206148, 319.0, 553.0], "7": [52.94117647058824, 9.0, 17.0], "8": [55.55555555555556, 10.0, 18.0]}