precision,accuracy,recall,duration
0.32261080319386526,0.4613935969868173,0.28683750698584104,571.7427711486816
