{"0": [47.183098591549296, 134.0, 284.0], "1": [64.0, 16.0, 25.0], "2": [90.9090909090909, 20.0, 22.0], "3": [65.3409090909091, 115.0, 176.0], "4": [91.13924050632912, 72.0, 79.0], "5": [34.42622950819672, 63.0, 183.0], "6": [49.163879598662206, 147.0, 299.0], "7": [100.0, 8.0, 8.0], "8": [100.0, 8.0, 8.0]}