precision,accuracy,recall,duration
0.2800121487051517,0.16570771001150747,0.3114086200527393,981.2221975326538
