{"0": [100.0, 112.0, 112.0], "1": [72.09302325581395, 62.0, 86.0], "2": [71.50537634408603, 133.0, 186.0], "3": [97.45889387144993, 652.0, 669.0], "4": [82.64150943396227, 219.0, 265.0], "5": [60.19417475728155, 62.0, 103.0], "6": [85.78199052132702, 181.0, 211.0], "7": [22.22222222222222, 2.0, 9.0], "8": [27.835051546391753, 27.0, 97.0]}