precision,accuracy,recall,duration
0.3283613143153016,0.33191489361702126,0.47299040785014845,412.3841390609741
