{"0": [16.666666666666664, 6.0, 36.0], "1": [38.095238095238095, 8.0, 21.0], "2": [80.95238095238095, 34.0, 42.0], "3": [66.55948553054662, 207.0, 311.0], "4": [58.24175824175825, 53.0, 91.0], "5": [24.137931034482758, 7.0, 29.0], "6": [89.65517241379311, 156.0, 174.0], "7": [NaN, 0.0, 0.0], "8": [0.0, 0.0, 1.0]}