{"0": [60.89285714285714, 341.0, 560.0], "1": [40.42553191489361, 19.0, 47.0], "2": [100.0, 43.0, 43.0], "3": [57.14285714285714, 196.0, 343.0], "4": [88.66666666666667, 133.0, 150.0], "5": [40.44943820224719, 144.0, 356.0], "6": [60.397830018083184, 334.0, 553.0], "7": [82.35294117647058, 14.0, 17.0], "8": [61.111111111111114, 11.0, 18.0]}