precision,accuracy,recall,duration
0.2914057689579151,0.21152030217186024,0.2717031095669675,598.8989615440369
