{"0": [25.925925925925924, 14.0, 54.0], "1": [21.21212121212121, 7.0, 33.0], "2": [86.20689655172413, 50.0, 58.0], "3": [85.3763440860215, 397.0, 465.0], "4": [88.48920863309353, 123.0, 139.0], "5": [97.77777777777777, 44.0, 45.0], "6": [75.47892720306514, 197.0, 261.0], "7": [NaN, 0.0, 0.0], "8": [75.0, 3.0, 4.0]}