{"0": [55.36028119507909, 315.0, 569.0], "1": [42.5531914893617, 20.0, 47.0], "2": [100.0, 44.0, 44.0], "3": [73.01136363636364, 257.0, 352.0], "4": [91.33333333333333, 137.0, 150.0], "5": [33.97260273972603, 124.0, 365.0], "6": [57.744107744107744, 343.0, 594.0], "7": [58.82352941176471, 10.0, 17.0], "8": [55.55555555555556, 10.0, 18.0]}