precision,accuracy,recall,duration
0.268947917647921,0.2899716177861873,0.3078864231284266,1209.53160738945
