{"0": [100.0, 569.0, 569.0], "1": [29.78723404255319, 14.0, 47.0], "2": [97.72727272727273, 43.0, 44.0], "3": [77.27272727272727, 272.0, 352.0], "4": [87.33333333333333, 131.0, 150.0], "5": [38.35616438356164, 140.0, 365.0], "6": [58.417508417508415, 347.0, 594.0], "7": [58.82352941176471, 10.0, 17.0], "8": [77.77777777777779, 14.0, 18.0]}