{"0": [51.31810193321616, 292.0, 569.0], "1": [42.5531914893617, 20.0, 47.0], "2": [95.45454545454545, 42.0, 44.0], "3": [64.77272727272727, 228.0, 352.0], "4": [86.66666666666667, 130.0, 150.0], "5": [35.61643835616438, 130.0, 365.0], "6": [60.26936026936027, 358.0, 594.0], "7": [47.05882352941176, 8.0, 17.0], "8": [77.77777777777779, 14.0, 18.0]}