precision,accuracy,recall,duration
0.30283559639283,0.20160528800755428,0.24221780291636755,1199.0129296779633
