{"0": [25.233644859813083, 27.0, 107.0], "1": [44.44444444444444, 28.0, 63.0], "2": [85.96491228070175, 98.0, 114.0], "3": [91.21114683815648, 851.0, 933.0], "4": [96.51567944250871, 277.0, 287.0], "5": [93.25842696629213, 83.0, 89.0], "6": [62.042389210019266, 322.0, 519.0], "7": [NaN, 0.0, 0.0], "8": [83.33333333333334, 5.0, 6.0]}