{"0": [38.664323374340945, 220.0, 569.0], "1": [40.42553191489361, 19.0, 47.0], "2": [93.18181818181817, 41.0, 44.0], "3": [69.0340909090909, 243.0, 352.0], "4": [94.66666666666667, 142.0, 150.0], "5": [42.19178082191781, 154.0, 365.0], "6": [57.744107744107744, 343.0, 594.0], "7": [100.0, 17.0, 17.0], "8": [50.0, 9.0, 18.0]}