precision,accuracy,recall,duration
0.27883382858149486,0.2813975448536355,0.324053675940309,600.6011862754822
