{"0": [81.48148148148148, 44.0, 54.0], "1": [33.33333333333333, 11.0, 33.0], "2": [75.86206896551724, 44.0, 58.0], "3": [82.15053763440861, 382.0, 465.0], "4": [84.89208633093526, 118.0, 139.0], "5": [17.77777777777778, 8.0, 45.0], "6": [57.8544061302682, 151.0, 261.0], "7": [NaN, 0.0, 0.0], "8": [75.0, 3.0, 4.0]}