precision,accuracy,recall,duration
0.2744326482938391,0.29906542056074764,0.2810375427663734,65.4996428489685
