precision,accuracy,recall,duration
0.32256707084166797,0.25634882606612364,0.25665869789585394,885.1364614963531
