{"0": [78.75, 441.0, 560.0], "1": [40.42553191489361, 19.0, 47.0], "2": [95.34883720930233, 41.0, 43.0], "3": [88.33819241982506, 303.0, 343.0], "4": [86.0, 129.0, 150.0], "5": [83.98876404494382, 299.0, 356.0], "6": [53.34538878842676, 295.0, 553.0], "7": [70.58823529411765, 12.0, 17.0], "8": [72.22222222222221, 13.0, 18.0]}