precision,accuracy,recall,duration
0.36232984715419625,0.3432624113475177,0.46657201353767863,403.97499227523804
