{"0": [19.444444444444446, 7.0, 36.0], "1": [38.095238095238095, 8.0, 21.0], "2": [78.57142857142857, 33.0, 42.0], "3": [67.20257234726688, 209.0, 311.0], "4": [80.21978021978022, 73.0, 91.0], "5": [24.137931034482758, 7.0, 29.0], "6": [72.41379310344827, 126.0, 174.0], "7": [NaN, 0.0, 0.0], "8": [0.0, 0.0, 1.0]}