precision,accuracy,recall,duration
0.36411684073477996,0.29084041548630785,0.37468683809595504,607.541889667511
