{"0": [27.77777777777778, 15.0, 54.0], "1": [33.33333333333333, 11.0, 33.0], "2": [89.65517241379311, 52.0, 58.0], "3": [78.06451612903226, 363.0, 465.0], "4": [89.92805755395683, 125.0, 139.0], "5": [28.888888888888886, 13.0, 45.0], "6": [65.13409961685824, 170.0, 261.0], "7": [NaN, 0.0, 0.0], "8": [50.0, 2.0, 4.0]}