precision,accuracy,recall,duration
0.3337462653672382,0.39260312944523473,0.3256686226812236,320.4461784362793
