{"0": [51.832460732984295, 99.0, 191.0], "1": [78.57142857142857, 11.0, 14.0], "2": [93.75, 15.0, 16.0], "3": [79.66101694915254, 94.0, 118.0], "4": [76.0, 38.0, 50.0], "5": [40.0, 48.0, 120.0], "6": [65.15151515151516, 129.0, 198.0], "7": [25.0, 1.0, 4.0], "8": [100.0, 7.0, 7.0]}