precision,accuracy,recall,duration
0.3361383527718728,0.4670487106017192,0.2962901901240097,627.327226638794
