{"0": [51.61290322580645, 144.0, 279.0], "1": [64.0, 16.0, 25.0], "2": [95.23809523809523, 20.0, 21.0], "3": [67.2514619883041, 115.0, 171.0], "4": [77.21518987341773, 61.0, 79.0], "5": [30.89887640449438, 55.0, 178.0], "6": [47.122302158273385, 131.0, 278.0], "7": [100.0, 8.0, 8.0], "8": [100.0, 8.0, 8.0]}