{"0": [38.92857142857143, 218.0, 560.0], "1": [36.17021276595745, 17.0, 47.0], "2": [100.0, 43.0, 43.0], "3": [82.79883381924198, 284.0, 343.0], "4": [93.33333333333333, 140.0, 150.0], "5": [43.258426966292134, 154.0, 356.0], "6": [56.41952983725136, 312.0, 553.0], "7": [76.47058823529412, 13.0, 17.0], "8": [50.0, 9.0, 18.0]}