precision,accuracy,recall,duration
0.3978916451302116,0.3935666982024598,0.3217826537677928,1275.517023563385
