{"0": [64.14762741652021, 365.0, 569.0], "1": [57.446808510638306, 27.0, 47.0], "2": [95.45454545454545, 42.0, 44.0], "3": [53.125, 187.0, 352.0], "4": [86.0, 129.0, 150.0], "5": [55.89041095890411, 204.0, 365.0], "6": [57.744107744107744, 343.0, 594.0], "7": [82.35294117647058, 14.0, 17.0], "8": [61.111111111111114, 11.0, 18.0]}