{"0": [37.434094903339194, 213.0, 569.0], "1": [44.680851063829785, 21.0, 47.0], "2": [97.72727272727273, 43.0, 44.0], "3": [63.63636363636363, 224.0, 352.0], "4": [92.0, 138.0, 150.0], "5": [41.64383561643836, 152.0, 365.0], "6": [59.764309764309765, 355.0, 594.0], "7": [94.11764705882352, 16.0, 17.0], "8": [77.77777777777779, 14.0, 18.0]}