precision,accuracy,recall,duration
0.2917905839891655,0.300709219858156,0.37931433480644405,405.0102252960205
