precision,accuracy,recall,duration
0.33716982698815096,0.3333333333333333,0.46536097786236374,412.7098491191864
