{"0": [58.92857142857143, 330.0, 560.0], "1": [36.17021276595745, 17.0, 47.0], "2": [95.34883720930233, 41.0, 43.0], "3": [91.54518950437318, 314.0, 343.0], "4": [95.33333333333334, 143.0, 150.0], "5": [41.57303370786517, 148.0, 356.0], "6": [55.69620253164557, 308.0, 553.0], "7": [64.70588235294117, 11.0, 17.0], "8": [72.22222222222221, 13.0, 18.0]}