{"0": [65.90509666080844, 375.0, 569.0], "1": [34.04255319148936, 16.0, 47.0], "2": [88.63636363636364, 39.0, 44.0], "3": [98.29545454545455, 346.0, 352.0], "4": [96.0, 144.0, 150.0], "5": [43.56164383561644, 159.0, 365.0], "6": [61.61616161616161, 366.0, 594.0], "7": [76.47058823529412, 13.0, 17.0], "8": [77.77777777777779, 14.0, 18.0]}