precision,accuracy,recall,duration
0.31225314954534905,0.32340425531914896,0.4708642793611564,418.94059324264526
