{"0": [11.11111111111111, 4.0, 36.0], "1": [38.095238095238095, 8.0, 21.0], "2": [85.71428571428571, 36.0, 42.0], "3": [67.84565916398714, 211.0, 311.0], "4": [64.83516483516483, 59.0, 91.0], "5": [20.689655172413794, 6.0, 29.0], "6": [87.93103448275862, 153.0, 174.0], "7": [NaN, 0.0, 0.0], "8": [0.0, 0.0, 1.0]}