{"0": [57.67857142857142, 323.0, 560.0], "1": [46.808510638297875, 22.0, 47.0], "2": [100.0, 43.0, 43.0], "3": [66.76384839650146, 229.0, 343.0], "4": [88.66666666666667, 133.0, 150.0], "5": [36.51685393258427, 130.0, 356.0], "6": [58.77034358047016, 325.0, 553.0], "7": [70.58823529411765, 12.0, 17.0], "8": [55.55555555555556, 10.0, 18.0]}