{"0": [29.349736379613354, 167.0, 569.0], "1": [36.17021276595745, 17.0, 47.0], "2": [95.45454545454545, 42.0, 44.0], "3": [76.98863636363636, 271.0, 352.0], "4": [96.0, 144.0, 150.0], "5": [41.369863013698634, 151.0, 365.0], "6": [57.91245791245792, 344.0, 594.0], "7": [100.0, 17.0, 17.0], "8": [61.111111111111114, 11.0, 18.0]}