precision,accuracy,recall,duration
0.317605953236505,0.35988620199146515,0.2914060687281759,321.0434060096741
