{"0": [51.832460732984295, 99.0, 191.0], "1": [85.71428571428571, 12.0, 14.0], "2": [100.0, 16.0, 16.0], "3": [84.7457627118644, 100.0, 118.0], "4": [82.0, 41.0, 50.0], "5": [38.333333333333336, 46.0, 120.0], "6": [71.71717171717171, 142.0, 198.0], "7": [25.0, 1.0, 4.0], "8": [100.0, 7.0, 7.0]}