{"0": [31.550802139037433, 59.0, 187.0], "1": [42.857142857142854, 6.0, 14.0], "2": [80.0, 12.0, 15.0], "3": [57.01754385964912, 65.0, 114.0], "4": [70.0, 35.0, 50.0], "5": [41.37931034482759, 48.0, 116.0], "6": [54.891304347826086, 101.0, 184.0], "7": [50.0, 2.0, 4.0], "8": [100.0, 7.0, 7.0]}