precision,accuracy,recall,duration
0.2992223137305338,0.24079320113314448,0.2505423940068768,1202.3568375110626
