{"0": [25.233644859813083, 27.0, 107.0], "1": [53.96825396825397, 34.0, 63.0], "2": [87.71929824561403, 100.0, 114.0], "3": [78.13504823151125, 729.0, 933.0], "4": [94.77351916376307, 272.0, 287.0], "5": [100.0, 89.0, 89.0], "6": [68.01541425818883, 353.0, 519.0], "7": [NaN, 0.0, 0.0], "8": [66.66666666666666, 4.0, 6.0]}