precision,accuracy,recall,duration
0.33492322575077843,0.40892193308550184,0.2785676971566151,394.3373544216156
