{"0": [13.471502590673575, 26.0, 193.0], "1": [100.0, 59.0, 59.0], "2": [58.333333333333336, 14.0, 24.0], "3": [80.67226890756302, 96.0, 119.0], "4": [88.65979381443299, 86.0, 97.0], "5": [45.65217391304348, 42.0, 92.0], "6": [62.5, 115.0, 184.0], "7": [100.0, 39.0, 39.0], "8": [NaN, 0.0, 0.0]}