precision,accuracy,recall,duration
0.347574293517349,0.3645390070921986,0.466091136472184,403.12019515037537
