precision,accuracy,recall,duration
0.33545190882189085,0.2695035460992908,0.4538237001555182,418.95245122909546
