{"0": [61.964285714285715, 347.0, 560.0], "1": [36.17021276595745, 17.0, 47.0], "2": [97.67441860465115, 42.0, 43.0], "3": [97.667638483965, 335.0, 343.0], "4": [93.33333333333333, 140.0, 150.0], "5": [42.97752808988764, 153.0, 356.0], "6": [57.68535262206148, 319.0, 553.0], "7": [47.05882352941176, 8.0, 17.0], "8": [77.77777777777779, 14.0, 18.0]}