precision,accuracy,recall,duration
0.30134011499336577,0.29906542056074764,0.2986191213207342,101.21168875694275
