{"0": [40.0, 4.0, 10.0], "1": [60.0, 3.0, 5.0], "2": [81.81818181818183, 9.0, 11.0], "3": [73.95833333333334, 71.0, 96.0], "4": [74.19354838709677, 23.0, 31.0], "5": [27.27272727272727, 3.0, 11.0], "6": [74.0, 37.0, 50.0], "7": [NaN, 0.0, 0.0], "8": [NaN, 0.0, 0.0]}