{"0": [59.05096660808435, 336.0, 569.0], "1": [36.17021276595745, 17.0, 47.0], "2": [97.72727272727273, 43.0, 44.0], "3": [86.07954545454545, 303.0, 352.0], "4": [95.33333333333334, 143.0, 150.0], "5": [38.63013698630137, 141.0, 365.0], "6": [57.23905723905723, 340.0, 594.0], "7": [64.70588235294117, 11.0, 17.0], "8": [66.66666666666666, 12.0, 18.0]}