precision,accuracy,recall,duration
0.34654005220100903,0.397196261682243,0.4528828026811898,35.23844814300537
