precision,accuracy,recall,duration
0.26530815783946987,0.3218390804597701,0.32336031660144055,487.8553533554077
