{"0": [38.392857142857146, 43.0, 112.0], "1": [74.4186046511628, 64.0, 86.0], "2": [87.63440860215054, 163.0, 186.0], "3": [63.189269746646794, 424.0, 671.0], "4": [77.35849056603774, 205.0, 265.0], "5": [43.689320388349515, 45.0, 103.0], "6": [93.36492890995261, 197.0, 211.0], "7": [100.0, 9.0, 9.0], "8": [30.927835051546392, 30.0, 97.0]}