best_model_train_loss,best_model_val_loss,best_model_train_acc,best_model_val_acc,best_model_learning_rate,best_model_nb_epoch
0.4531606435775757,0.6335083246231079,0.40251174569129944,0.3713339567184448,0.0010000000474974513,86
