precision,accuracy,recall,duration
0.38991836813106856,0.4077578051087985,0.40340826508562055,1229.911033630371
