{"0": [60.28119507908612, 343.0, 569.0], "1": [31.914893617021278, 15.0, 47.0], "2": [65.9090909090909, 29.0, 44.0], "3": [70.45454545454545, 248.0, 352.0], "4": [96.0, 144.0, 150.0], "5": [36.16438356164384, 132.0, 365.0], "6": [60.94276094276094, 362.0, 594.0], "7": [41.17647058823529, 7.0, 17.0], "8": [77.77777777777779, 14.0, 18.0]}