precision,accuracy,recall,duration
0.3342741360335088,0.31540697674418605,0.3730683208382187,396.9345076084137
