{"0": [68.0, 51.0, 75.0], "1": [67.04545454545455, 59.0, 88.0], "2": [84.54545454545455, 93.0, 110.0], "3": [64.61538461538461, 336.0, 520.0], "4": [69.34673366834171, 138.0, 199.0], "5": [34.375, 22.0, 64.0], "6": [84.375, 216.0, 256.0], "7": [50.0, 1.0, 2.0], "8": [41.935483870967744, 26.0, 62.0]}