precision,accuracy,recall,duration
0.2742553080198198,0.28192999053926204,0.35226126422972354,1199.1864099502563
