{"0": [100.0, 569.0, 569.0], "1": [31.914893617021278, 15.0, 47.0], "2": [90.9090909090909, 40.0, 44.0], "3": [74.7159090909091, 263.0, 352.0], "4": [90.0, 135.0, 150.0], "5": [39.45205479452055, 144.0, 365.0], "6": [63.13131313131313, 375.0, 594.0], "7": [17.647058823529413, 3.0, 17.0], "8": [77.77777777777779, 14.0, 18.0]}