precision,accuracy,recall,duration
0.393899002088242,0.3951841359773371,0.42136011378687627,1203.0994880199432
