precision,accuracy,recall,duration
0.34969553236046547,0.3878437047756874,0.34347435490212397,403.0832483768463
