{"0": [24.299065420560748, 26.0, 107.0], "1": [38.095238095238095, 24.0, 63.0], "2": [88.59649122807018, 101.0, 114.0], "3": [67.84565916398714, 633.0, 933.0], "4": [72.82229965156795, 209.0, 287.0], "5": [29.213483146067414, 26.0, 89.0], "6": [49.90366088631985, 259.0, 519.0], "7": [NaN, 0.0, 0.0], "8": [50.0, 3.0, 6.0]}