{"0": [50.26737967914438, 94.0, 187.0], "1": [28.57142857142857, 4.0, 14.0], "2": [80.0, 12.0, 15.0], "3": [88.59649122807018, 101.0, 114.0], "4": [94.0, 47.0, 50.0], "5": [39.6551724137931, 46.0, 116.0], "6": [59.78260869565217, 110.0, 184.0], "7": [50.0, 2.0, 4.0], "8": [100.0, 7.0, 7.0]}