precision,accuracy,recall,duration
0.36921728223673767,0.39924314096499525,0.3476369022196053,1184.269681930542
