precision,accuracy,recall,duration
0.33625225632736644,0.26861451460885954,0.31613209134305603,611.1332175731659
