{"0": [29.629629629629626, 16.0, 54.0], "1": [57.57575757575758, 19.0, 33.0], "2": [74.13793103448276, 43.0, 58.0], "3": [87.95698924731182, 409.0, 465.0], "4": [87.94326241134752, 124.0, 141.0], "5": [20.0, 9.0, 45.0], "6": [58.23754789272031, 152.0, 261.0], "7": [NaN, 0.0, 0.0], "8": [100.0, 4.0, 4.0]}