{"0": [50.96660808435852, 290.0, 569.0], "1": [36.17021276595745, 17.0, 47.0], "2": [95.45454545454545, 42.0, 44.0], "3": [83.52272727272727, 294.0, 352.0], "4": [91.33333333333333, 137.0, 150.0], "5": [42.465753424657535, 155.0, 365.0], "6": [59.09090909090909, 351.0, 594.0], "7": [52.94117647058824, 9.0, 17.0], "8": [77.77777777777779, 14.0, 18.0]}