{"0": [65.17857142857143, 365.0, 560.0], "1": [42.5531914893617, 20.0, 47.0], "2": [97.67441860465115, 42.0, 43.0], "3": [93.00291545189503, 319.0, 343.0], "4": [94.66666666666667, 142.0, 150.0], "5": [43.82022471910113, 156.0, 356.0], "6": [53.70705244122965, 297.0, 553.0], "7": [47.05882352941176, 8.0, 17.0], "8": [55.55555555555556, 10.0, 18.0]}