precision,accuracy,recall,duration
0.26970547093380154,0.27092198581560284,0.3742041947681893,400.9964339733124
