precision,accuracy,recall,duration
0.3924968202557065,0.4293243890752276,0.34674283543927675,964.672217130661
