precision,accuracy,recall,duration
0.3619886446894361,0.380547686496695,0.38413443595224755,631.9837820529938
