{"0": [31.48148148148148, 17.0, 54.0], "1": [33.33333333333333, 11.0, 33.0], "2": [86.20689655172413, 50.0, 58.0], "3": [65.16129032258064, 303.0, 465.0], "4": [74.82014388489209, 104.0, 139.0], "5": [28.888888888888886, 13.0, 45.0], "6": [59.38697318007663, 155.0, 261.0], "7": [NaN, 0.0, 0.0], "8": [75.0, 3.0, 4.0]}