{"0": [48.57142857142857, 272.0, 560.0], "1": [38.297872340425535, 18.0, 47.0], "2": [95.34883720930233, 41.0, 43.0], "3": [77.25947521865889, 265.0, 343.0], "4": [86.66666666666667, 130.0, 150.0], "5": [38.48314606741573, 137.0, 356.0], "6": [54.61121157323689, 302.0, 553.0], "7": [76.47058823529412, 13.0, 17.0], "8": [72.22222222222221, 13.0, 18.0]}