precision,accuracy,recall,duration
0.30524225081751294,0.31735657225853303,0.3324143784829269,412.8188307285309
