{"0": [60.45694200351493, 344.0, 569.0], "1": [31.914893617021278, 15.0, 47.0], "2": [90.9090909090909, 40.0, 44.0], "3": [62.21590909090909, 219.0, 352.0], "4": [96.0, 144.0, 150.0], "5": [40.273972602739725, 147.0, 365.0], "6": [60.60606060606061, 360.0, 594.0], "7": [76.47058823529412, 13.0, 17.0], "8": [66.66666666666666, 12.0, 18.0]}