precision,accuracy,recall,duration
0.24414231134039927,0.31144465290806755,0.2838872137857939,155.28544998168945
