{"0": [15.384615384615385, 4.0, 26.0], "1": [55.172413793103445, 16.0, 29.0], "2": [97.05882352941177, 33.0, 34.0], "3": [62.16216216216216, 138.0, 222.0], "4": [85.33333333333334, 64.0, 75.0], "5": [84.61538461538461, 22.0, 26.0], "6": [74.77477477477478, 83.0, 111.0], "7": [NaN, 0.0, 0.0], "8": [70.0, 7.0, 10.0]}