precision,accuracy,recall,duration
0.3494479059112239,0.3791606367583213,0.38691927728387826,399.83103036880493
