precision,accuracy,recall,duration
0.3631981794451777,0.2950354609929078,0.4470025699374851,323.4467568397522
