{"0": [25.0, 9.0, 36.0], "1": [47.61904761904761, 10.0, 21.0], "2": [88.09523809523809, 37.0, 42.0], "3": [89.06752411575563, 277.0, 311.0], "4": [70.32967032967034, 64.0, 91.0], "5": [24.137931034482758, 7.0, 29.0], "6": [53.44827586206896, 93.0, 174.0], "7": [NaN, 0.0, 0.0], "8": [0.0, 0.0, 1.0]}