{"0": [51.33689839572193, 96.0, 187.0], "1": [35.714285714285715, 5.0, 14.0], "2": [66.66666666666666, 10.0, 15.0], "3": [91.22807017543859, 104.0, 114.0], "4": [96.0, 48.0, 50.0], "5": [37.06896551724138, 43.0, 116.0], "6": [63.04347826086957, 116.0, 184.0], "7": [25.0, 1.0, 4.0], "8": [85.71428571428571, 6.0, 7.0]}