{"0": [54.13005272407732, 308.0, 569.0], "1": [34.04255319148936, 16.0, 47.0], "2": [90.9090909090909, 40.0, 44.0], "3": [53.69318181818182, 189.0, 352.0], "4": [90.0, 135.0, 150.0], "5": [35.342465753424655, 129.0, 365.0], "6": [58.080808080808076, 345.0, 594.0], "7": [76.47058823529412, 13.0, 17.0], "8": [83.33333333333334, 15.0, 18.0]}