{"0": [55.711775043936726, 317.0, 569.0], "1": [46.808510638297875, 22.0, 47.0], "2": [90.9090909090909, 40.0, 44.0], "3": [71.875, 253.0, 352.0], "4": [87.33333333333333, 131.0, 150.0], "5": [40.0, 146.0, 365.0], "6": [61.44781144781145, 365.0, 594.0], "7": [29.411764705882355, 5.0, 17.0], "8": [83.33333333333334, 15.0, 18.0]}