precision,accuracy,recall,duration
0.3850564468990041,0.34609929078014184,0.46135325281202505,425.4751455783844
