precision,accuracy,recall,duration
0.2818024135806671,0.31144465290806755,0.28289071096373325,156.79103708267212
