{"0": [23.076923076923077, 6.0, 26.0], "1": [48.275862068965516, 14.0, 29.0], "2": [94.11764705882352, 32.0, 34.0], "3": [65.31531531531532, 145.0, 222.0], "4": [65.33333333333333, 49.0, 75.0], "5": [100.0, 26.0, 26.0], "6": [79.27927927927928, 88.0, 111.0], "7": [NaN, 0.0, 0.0], "8": [70.0, 7.0, 10.0]}