best_model_train_loss,best_model_val_loss,best_model_train_acc,best_model_val_acc,best_model_learning_rate,best_model_nb_epoch
0.44109830260276794,0.5497179627418518,0.4391917586326599,0.3304964601993561,0.0010000000474974513,92
