precision,accuracy,recall,duration
0.33057866588723367,0.375886524822695,0.39102558461689185,415.21188855171204
