{"0": [16.666666666666664, 6.0, 36.0], "1": [33.33333333333333, 7.0, 21.0], "2": [83.33333333333334, 35.0, 42.0], "3": [68.48874598070739, 213.0, 311.0], "4": [43.956043956043956, 40.0, 91.0], "5": [27.586206896551722, 8.0, 29.0], "6": [74.71264367816092, 130.0, 174.0], "7": [NaN, 0.0, 0.0], "8": [100.0, 1.0, 1.0]}