{"0": [60.357142857142854, 338.0, 560.0], "1": [76.59574468085107, 36.0, 47.0], "2": [100.0, 43.0, 43.0], "3": [94.16909620991254, 323.0, 343.0], "4": [87.33333333333333, 131.0, 150.0], "5": [44.10112359550562, 157.0, 356.0], "6": [61.48282097649186, 340.0, 553.0], "7": [94.11764705882352, 16.0, 17.0], "8": [22.22222222222222, 4.0, 18.0]}