precision,accuracy,recall,duration
0.3542664587457409,0.3911806543385491,0.3527519159778879,319.07799673080444
