{"0": [46.07329842931937, 88.0, 191.0], "1": [35.714285714285715, 5.0, 14.0], "2": [87.5, 14.0, 16.0], "3": [74.57627118644068, 88.0, 118.0], "4": [70.0, 35.0, 50.0], "5": [46.666666666666664, 56.0, 120.0], "6": [74.74747474747475, 148.0, 198.0], "7": [50.0, 2.0, 4.0], "8": [100.0, 7.0, 7.0]}