precision,accuracy,recall,duration
0.35945262841893955,0.3730496453900709,0.4858825785850216,421.6884648799896
