best_model_train_loss,best_model_val_loss,best_model_train_acc,best_model_val_acc,best_model_learning_rate,best_model_nb_epoch
0.5380054712295532,0.7304796576499939,0.4122752547264099,0.32681241631507874,0.0010000000474974513,115
