precision,accuracy,recall,duration
0.2793557053385336,0.3291139240506329,0.3238923533899508,515.1656243801117
