{"0": [43.75, 49.0, 112.0], "1": [70.93023255813954, 61.0, 86.0], "2": [88.70967741935483, 165.0, 186.0], "3": [62.33183856502242, 417.0, 669.0], "4": [76.9811320754717, 204.0, 265.0], "5": [39.80582524271845, 41.0, 103.0], "6": [85.78199052132702, 181.0, 211.0], "7": [100.0, 9.0, 9.0], "8": [40.20618556701031, 39.0, 97.0]}