precision,accuracy,recall,duration
0.2126351982379851,0.24299065420560748,0.2547456928152492,65.5419647693634
