{"0": [30.0, 3.0, 10.0], "1": [40.0, 2.0, 5.0], "2": [90.9090909090909, 10.0, 11.0], "3": [71.875, 69.0, 96.0], "4": [77.41935483870968, 24.0, 31.0], "5": [100.0, 11.0, 11.0], "6": [86.0, 43.0, 50.0], "7": [NaN, 0.0, 0.0], "8": [NaN, 0.0, 0.0]}