best_model_train_loss,best_model_val_loss,best_model_train_acc,best_model_val_acc,best_model_learning_rate,best_model_nb_epoch
0.3944796919822693,1.4142043590545654,0.48090827465057373,0.5331125855445862,0.0010000000474974513,99
