precision,accuracy,recall,duration
0.39394525815884285,0.5331125827814569,0.4154510781014344,1227.6843297481537
