{"0": [28.471001757469246, 162.0, 569.0], "1": [40.42553191489361, 19.0, 47.0], "2": [70.45454545454545, 31.0, 44.0], "3": [53.125, 187.0, 352.0], "4": [76.0, 114.0, 150.0], "5": [36.16438356164384, 132.0, 365.0], "6": [59.427609427609426, 353.0, 594.0], "7": [76.47058823529412, 13.0, 17.0], "8": [88.88888888888889, 16.0, 18.0]}