precision,accuracy,recall,duration
0.297242107961458,0.33205558217537134,0.37758582451426753,925.4278819561005
