{"0": [100.0, 560.0, 560.0], "1": [31.914893617021278, 15.0, 47.0], "2": [97.67441860465115, 42.0, 43.0], "3": [58.309037900874635, 200.0, 343.0], "4": [84.66666666666667, 127.0, 150.0], "5": [39.8876404494382, 142.0, 356.0], "6": [52.62206148282098, 291.0, 553.0], "7": [11.76470588235294, 2.0, 17.0], "8": [83.33333333333334, 15.0, 18.0]}