{"0": [34.61538461538461, 9.0, 26.0], "1": [93.10344827586206, 27.0, 29.0], "2": [94.11764705882352, 32.0, 34.0], "3": [72.97297297297297, 162.0, 222.0], "4": [70.66666666666667, 53.0, 75.0], "5": [30.76923076923077, 8.0, 26.0], "6": [76.57657657657657, 85.0, 111.0], "7": [NaN, 0.0, 0.0], "8": [80.0, 8.0, 10.0]}