best_model_train_loss,best_model_val_loss,best_model_train_acc,best_model_val_acc,best_model_learning_rate,best_model_nb_epoch
0.30903059244155884,0.7661583423614502,0.659547746181488,0.3644859790802002,0.0010000000474974513,116
