precision,accuracy,recall,duration
0.308892515139206,0.35514018691588783,0.44831449907691917,90.67853951454163
