{"0": [18.181818181818183, 2.0, 11.0], "1": [40.0, 2.0, 5.0], "2": [100.0, 18.0, 18.0], "3": [61.6822429906542, 66.0, 107.0], "4": [80.0, 20.0, 25.0], "5": [10.0, 1.0, 10.0], "6": [76.31578947368422, 29.0, 38.0], "7": [NaN, 0.0, 0.0], "8": [NaN, 0.0, 0.0]}