precision,accuracy,recall,duration
0.3756877303931859,0.3475177304964539,0.47449599873187115,422.7592251300812
