precision,accuracy,recall,duration
0.35948790887352433,0.387774594078319,0.34850828207737217,612.1548864841461
