{"0": [55.91397849462365, 156.0, 279.0], "1": [40.0, 10.0, 25.0], "2": [76.19047619047619, 16.0, 21.0], "3": [71.9298245614035, 123.0, 171.0], "4": [86.07594936708861, 68.0, 79.0], "5": [39.325842696629216, 70.0, 178.0], "6": [66.90647482014388, 186.0, 278.0], "7": [50.0, 4.0, 8.0], "8": [100.0, 8.0, 8.0]}