precision,accuracy,recall,duration
0.3535504796971852,0.37872340425531914,0.4734526662678343,415.8909327983856
