{"0": [16.666666666666664, 6.0, 36.0], "1": [38.095238095238095, 8.0, 21.0], "2": [80.95238095238095, 34.0, 42.0], "3": [54.983922829581985, 171.0, 311.0], "4": [78.02197802197803, 71.0, 91.0], "5": [24.137931034482758, 7.0, 29.0], "6": [81.03448275862068, 141.0, 174.0], "7": [NaN, 0.0, 0.0], "8": [0.0, 0.0, 1.0]}