precision,accuracy,recall,duration
0.35810621652803903,0.36224245328222326,0.32428310022361617,942.6092662811279
