{"0": [55.892857142857146, 313.0, 560.0], "1": [91.48936170212765, 43.0, 47.0], "2": [97.67441860465115, 42.0, 43.0], "3": [81.92419825072886, 281.0, 343.0], "4": [92.66666666666666, 139.0, 150.0], "5": [42.41573033707865, 151.0, 356.0], "6": [62.74864376130199, 347.0, 553.0], "7": [0.0, 0.0, 17.0], "8": [83.33333333333334, 15.0, 18.0]}