precision,accuracy,recall,duration
0.3482962823564387,0.38955438428366074,0.3653956067090067,951.7633459568024
