{"0": [48.75, 273.0, 560.0], "1": [48.93617021276596, 23.0, 47.0], "2": [90.69767441860465, 39.0, 43.0], "3": [90.37900874635568, 310.0, 343.0], "4": [89.33333333333333, 134.0, 150.0], "5": [44.38202247191011, 158.0, 356.0], "6": [57.68535262206148, 319.0, 553.0], "7": [17.647058823529413, 3.0, 17.0], "8": [83.33333333333334, 15.0, 18.0]}