precision,accuracy,recall,duration
0.2676379759786515,0.29178470254957506,0.3382590133553768,604.1022078990936
