{"0": [66.66666666666666, 36.0, 54.0], "1": [33.33333333333333, 11.0, 33.0], "2": [77.58620689655173, 45.0, 58.0], "3": [79.56989247311827, 370.0, 465.0], "4": [80.57553956834532, 112.0, 139.0], "5": [20.0, 9.0, 45.0], "6": [62.83524904214559, 164.0, 261.0], "7": [NaN, 0.0, 0.0], "8": [75.0, 3.0, 4.0]}