best_model_train_loss,best_model_val_loss,best_model_train_acc,best_model_val_acc,best_model_learning_rate,best_model_nb_epoch
0.4816127121448517,2.9696760177612305,0.3082244396209717,0.37916064262390137,0.0010000000474974513,96
