precision,accuracy,recall,duration
0.321397693695439,0.37626628075253254,0.30735955119621644,401.5641496181488
