{"0": [52.406417112299465, 98.0, 187.0], "1": [85.71428571428571, 12.0, 14.0], "2": [93.33333333333333, 14.0, 15.0], "3": [77.19298245614034, 88.0, 114.0], "4": [86.0, 43.0, 50.0], "5": [33.62068965517241, 39.0, 116.0], "6": [70.1086956521739, 129.0, 184.0], "7": [25.0, 1.0, 4.0], "8": [100.0, 7.0, 7.0]}