precision,accuracy,recall,duration
0.28014647467791864,0.27092198581560284,0.24458041284555676,406.2399888038635
