{"0": [19.444444444444446, 7.0, 36.0], "1": [95.23809523809523, 20.0, 21.0], "2": [88.09523809523809, 37.0, 42.0], "3": [77.81350482315112, 242.0, 311.0], "4": [78.02197802197803, 71.0, 91.0], "5": [51.724137931034484, 15.0, 29.0], "6": [69.54022988505747, 121.0, 174.0], "7": [NaN, 0.0, 0.0], "8": [100.0, 1.0, 1.0]}