{"0": [57.99648506151143, 330.0, 569.0], "1": [42.5531914893617, 20.0, 47.0], "2": [95.45454545454545, 42.0, 44.0], "3": [88.92045454545455, 313.0, 352.0], "4": [90.0, 135.0, 150.0], "5": [35.06849315068493, 128.0, 365.0], "6": [51.515151515151516, 306.0, 594.0], "7": [23.52941176470588, 4.0, 17.0], "8": [72.22222222222221, 13.0, 18.0]}