{"0": [18.45342706502636, 105.0, 569.0], "1": [40.42553191489361, 19.0, 47.0], "2": [97.72727272727273, 43.0, 44.0], "3": [70.73863636363636, 249.0, 352.0], "4": [86.66666666666667, 130.0, 150.0], "5": [32.054794520547944, 117.0, 365.0], "6": [51.68350168350169, 307.0, 594.0], "7": [100.0, 17.0, 17.0], "8": [94.44444444444444, 17.0, 18.0]}