precision,accuracy,recall,duration
0.3523244839009062,0.350354609929078,0.4475073680732105,425.4251012802124
