{"0": [19.444444444444446, 7.0, 36.0], "1": [57.14285714285714, 12.0, 21.0], "2": [90.47619047619048, 38.0, 42.0], "3": [67.84565916398714, 211.0, 311.0], "4": [69.23076923076923, 63.0, 91.0], "5": [24.137931034482758, 7.0, 29.0], "6": [68.96551724137932, 120.0, 174.0], "7": [NaN, 0.0, 0.0], "8": [0.0, 0.0, 1.0]}