precision,accuracy,recall,duration
0.3216709960265651,0.3442265795206972,0.4083356048019809,550.925145149231
