{"0": [77.52808988764045, 69.0, 89.0], "1": [68.96551724137932, 40.0, 58.0], "2": [97.87234042553192, 138.0, 141.0], "3": [55.45927209705373, 320.0, 577.0], "4": [67.74193548387096, 126.0, 186.0], "5": [25.333333333333336, 19.0, 75.0], "6": [86.56716417910447, 174.0, 201.0], "7": [16.666666666666664, 1.0, 6.0], "8": [36.36363636363637, 16.0, 44.0]}