precision,accuracy,recall,duration
0.4184854613378328,0.4609487302347868,0.3989110172563086,935.8615658283234
