precision,accuracy,recall,duration
0.3463165509195122,0.29084041548630785,0.3397043048400049,600.4805788993835
