{"0": [54.285714285714285, 304.0, 560.0], "1": [29.78723404255319, 14.0, 47.0], "2": [83.72093023255815, 36.0, 43.0], "3": [62.09912536443149, 213.0, 343.0], "4": [86.66666666666667, 130.0, 150.0], "5": [39.60674157303371, 141.0, 356.0], "6": [47.55877034358047, 263.0, 553.0], "7": [70.58823529411765, 12.0, 17.0], "8": [66.66666666666666, 12.0, 18.0]}