{"0": [31.48148148148148, 17.0, 54.0], "1": [36.36363636363637, 12.0, 33.0], "2": [79.3103448275862, 46.0, 58.0], "3": [87.52688172043011, 407.0, 465.0], "4": [76.97841726618705, 107.0, 139.0], "5": [26.666666666666668, 12.0, 45.0], "6": [55.938697318007655, 146.0, 261.0], "7": [NaN, 0.0, 0.0], "8": [100.0, 4.0, 4.0]}