{"0": [59.82142857142857, 335.0, 560.0], "1": [42.5531914893617, 20.0, 47.0], "2": [97.67441860465115, 42.0, 43.0], "3": [89.21282798833819, 306.0, 343.0], "4": [96.0, 144.0, 150.0], "5": [41.57303370786517, 148.0, 356.0], "6": [54.79204339963834, 303.0, 553.0], "7": [76.47058823529412, 13.0, 17.0], "8": [72.22222222222221, 13.0, 18.0]}