precision,accuracy,recall,duration
0.38758568546103184,0.27101038715769593,0.33136210857519593,1212.5989186763763
