{"0": [28.971962616822427, 31.0, 107.0], "1": [68.25396825396825, 43.0, 63.0], "2": [90.35087719298247, 103.0, 114.0], "3": [78.9924973204716, 737.0, 933.0], "4": [94.07665505226481, 270.0, 287.0], "5": [26.96629213483146, 24.0, 89.0], "6": [64.16184971098265, 333.0, 519.0], "7": [NaN, 0.0, 0.0], "8": [50.0, 3.0, 6.0]}