{"0": [55.008787346221446, 313.0, 569.0], "1": [40.42553191489361, 19.0, 47.0], "2": [79.54545454545455, 35.0, 44.0], "3": [78.125, 275.0, 352.0], "4": [89.33333333333333, 134.0, 150.0], "5": [36.71232876712329, 134.0, 365.0], "6": [52.18855218855219, 310.0, 594.0], "7": [58.82352941176471, 10.0, 17.0], "8": [88.88888888888889, 16.0, 18.0]}