precision,accuracy,recall,duration
0.28225939535277395,0.31631205673758866,0.4271827617449822,400.2883596420288
