{"0": [63.888888888888886, 23.0, 36.0], "1": [33.33333333333333, 7.0, 21.0], "2": [88.09523809523809, 37.0, 42.0], "3": [71.38263665594855, 222.0, 311.0], "4": [70.32967032967034, 64.0, 91.0], "5": [17.24137931034483, 5.0, 29.0], "6": [71.26436781609196, 124.0, 174.0], "7": [NaN, 0.0, 0.0], "8": [0.0, 0.0, 1.0]}