{"0": [82.74647887323944, 235.0, 284.0], "1": [100.0, 25.0, 25.0], "2": [100.0, 22.0, 22.0], "3": [97.1590909090909, 171.0, 176.0], "4": [70.88607594936708, 56.0, 79.0], "5": [83.06010928961749, 152.0, 183.0], "6": [62.54180602006689, 187.0, 299.0], "7": [0.0, 0.0, 8.0], "8": [75.0, 6.0, 8.0]}