precision,accuracy,recall,duration
0.3341946597734473,0.32664756446991405,0.2714381631634181,600.4214556217194
