{"0": [94.98207885304659, 265.0, 279.0], "1": [32.0, 8.0, 25.0], "2": [100.0, 21.0, 21.0], "3": [56.14035087719298, 96.0, 171.0], "4": [88.60759493670885, 70.0, 79.0], "5": [38.20224719101123, 68.0, 178.0], "6": [58.27338129496403, 162.0, 278.0], "7": [87.5, 7.0, 8.0], "8": [100.0, 8.0, 8.0]}