precision,accuracy,recall,duration
0.2806130266647111,0.2652482269503546,0.2558653178086227,401.44378328323364
