{"0": [22.22222222222222, 8.0, 36.0], "1": [38.095238095238095, 8.0, 21.0], "2": [83.33333333333334, 35.0, 42.0], "3": [77.81350482315112, 242.0, 311.0], "4": [87.91208791208791, 80.0, 91.0], "5": [93.10344827586206, 27.0, 29.0], "6": [67.24137931034483, 117.0, 174.0], "7": [NaN, 0.0, 0.0], "8": [100.0, 1.0, 1.0]}