precision,accuracy,recall,duration
0.30010165429237745,0.3404255319148936,0.47847616622794953,413.0711579322815
