{"0": [21.607142857142858, 121.0, 560.0], "1": [44.680851063829785, 21.0, 47.0], "2": [79.06976744186046, 34.0, 43.0], "3": [74.63556851311954, 256.0, 343.0], "4": [82.66666666666667, 124.0, 150.0], "5": [41.853932584269664, 149.0, 356.0], "6": [56.05786618444847, 310.0, 553.0], "7": [100.0, 17.0, 17.0], "8": [66.66666666666666, 12.0, 18.0]}