{"0": [11.11111111111111, 4.0, 36.0], "1": [47.61904761904761, 10.0, 21.0], "2": [78.57142857142857, 33.0, 42.0], "3": [66.88102893890675, 208.0, 311.0], "4": [57.14285714285714, 52.0, 91.0], "5": [20.689655172413794, 6.0, 29.0], "6": [87.35632183908046, 152.0, 174.0], "7": [NaN, 0.0, 0.0], "8": [0.0, 0.0, 1.0]}