{"0": [59.10714285714286, 331.0, 560.0], "1": [36.17021276595745, 17.0, 47.0], "2": [88.37209302325581, 38.0, 43.0], "3": [68.22157434402332, 234.0, 343.0], "4": [92.0, 138.0, 150.0], "5": [37.359550561797754, 133.0, 356.0], "6": [56.05786618444847, 310.0, 553.0], "7": [58.82352941176471, 10.0, 17.0], "8": [88.88888888888889, 16.0, 18.0]}