precision,accuracy,recall,duration
0.34561079087847785,0.416195856873823,0.35899264861702285,605.0718355178833
