{"0": [41.19718309859155, 117.0, 284.0], "1": [40.0, 10.0, 25.0], "2": [81.81818181818183, 18.0, 22.0], "3": [89.20454545454545, 157.0, 176.0], "4": [70.88607594936708, 56.0, 79.0], "5": [42.07650273224044, 77.0, 183.0], "6": [64.88294314381271, 194.0, 299.0], "7": [50.0, 4.0, 8.0], "8": [100.0, 8.0, 8.0]}