{"0": [55.88752196836555, 318.0, 569.0], "1": [36.17021276595745, 17.0, 47.0], "2": [90.9090909090909, 40.0, 44.0], "3": [76.70454545454545, 270.0, 352.0], "4": [88.0, 132.0, 150.0], "5": [33.6986301369863, 123.0, 365.0], "6": [58.75420875420876, 349.0, 594.0], "7": [29.411764705882355, 5.0, 17.0], "8": [94.44444444444444, 17.0, 18.0]}