precision,accuracy,recall,duration
0.34910815419839464,0.35319148936170214,0.4969283142121964,414.70173716545105
