{"0": [57.67857142857142, 323.0, 560.0], "1": [36.17021276595745, 17.0, 47.0], "2": [100.0, 43.0, 43.0], "3": [76.67638483965014, 263.0, 343.0], "4": [93.33333333333333, 140.0, 150.0], "5": [40.168539325842694, 143.0, 356.0], "6": [56.9620253164557, 315.0, 553.0], "7": [76.47058823529412, 13.0, 17.0], "8": [72.22222222222221, 13.0, 18.0]}