{"0": [24.083769633507853, 46.0, 191.0], "1": [50.0, 7.0, 14.0], "2": [93.75, 15.0, 16.0], "3": [70.33898305084746, 83.0, 118.0], "4": [86.0, 43.0, 50.0], "5": [37.5, 45.0, 120.0], "6": [57.07070707070707, 113.0, 198.0], "7": [100.0, 4.0, 4.0], "8": [100.0, 7.0, 7.0]}