{"0": [62.56684491978609, 117.0, 187.0], "1": [35.714285714285715, 5.0, 14.0], "2": [73.33333333333333, 11.0, 15.0], "3": [94.73684210526315, 108.0, 114.0], "4": [96.0, 48.0, 50.0], "5": [43.96551724137931, 51.0, 116.0], "6": [70.1086956521739, 129.0, 184.0], "7": [50.0, 2.0, 4.0], "8": [57.14285714285714, 4.0, 7.0]}