precision,accuracy,recall,duration
0.36824929276154506,0.3645390070921986,0.4686628113467748,423.02203392982483
