{"0": [22.22222222222222, 8.0, 36.0], "1": [38.095238095238095, 8.0, 21.0], "2": [83.33333333333334, 35.0, 42.0], "3": [62.70096463022507, 195.0, 311.0], "4": [74.72527472527473, 68.0, 91.0], "5": [24.137931034482758, 7.0, 29.0], "6": [72.98850574712644, 127.0, 174.0], "7": [NaN, 0.0, 0.0], "8": [0.0, 0.0, 1.0]}