{"0": [40.0, 4.0, 10.0], "1": [40.0, 2.0, 5.0], "2": [90.9090909090909, 10.0, 11.0], "3": [67.70833333333334, 65.0, 96.0], "4": [67.74193548387096, 21.0, 31.0], "5": [18.181818181818183, 2.0, 11.0], "6": [70.0, 35.0, 50.0], "7": [NaN, 0.0, 0.0], "8": [NaN, 0.0, 0.0]}