precision,accuracy,recall,duration
0.2941819601355787,0.2813975448536355,0.29204789544917886,601.0735764503479
