{"0": [24.074074074074073, 13.0, 54.0], "1": [27.27272727272727, 9.0, 33.0], "2": [82.75862068965517, 48.0, 58.0], "3": [75.48387096774194, 351.0, 465.0], "4": [87.05035971223022, 121.0, 139.0], "5": [100.0, 45.0, 45.0], "6": [65.51724137931035, 171.0, 261.0], "7": [NaN, 0.0, 0.0], "8": [75.0, 3.0, 4.0]}