precision,accuracy,recall,duration
0.34105394775646747,0.3258426966292135,0.365414151306429,205.6195867061615
