{"0": [66.66666666666666, 22.0, 33.0], "1": [100.0, 19.0, 19.0], "2": [89.13043478260869, 41.0, 46.0], "3": [62.857142857142854, 154.0, 245.0], "4": [74.6268656716418, 50.0, 67.0], "5": [24.0, 6.0, 25.0], "6": [68.13186813186813, 62.0, 91.0], "7": [0.0, 0.0, 1.0], "8": [85.71428571428571, 6.0, 7.0]}