precision,accuracy,recall,duration
0.30478191745727884,0.32907801418439714,0.471027405942585,419.92390394210815
