{"0": [16.666666666666664, 6.0, 36.0], "1": [38.095238095238095, 8.0, 21.0], "2": [73.80952380952381, 31.0, 42.0], "3": [67.52411575562701, 210.0, 311.0], "4": [60.43956043956044, 55.0, 91.0], "5": [31.03448275862069, 9.0, 29.0], "6": [88.50574712643679, 154.0, 174.0], "7": [NaN, 0.0, 0.0], "8": [0.0, 0.0, 1.0]}