{"0": [59.64285714285714, 334.0, 560.0], "1": [36.17021276595745, 17.0, 47.0], "2": [90.69767441860465, 39.0, 43.0], "3": [58.01749271137027, 199.0, 343.0], "4": [99.33333333333333, 149.0, 150.0], "5": [45.50561797752809, 162.0, 356.0], "6": [57.32368896925859, 317.0, 553.0], "7": [76.47058823529412, 13.0, 17.0], "8": [50.0, 9.0, 18.0]}