precision,accuracy,recall,duration
0.317179975722198,0.3120567375886525,0.2826050279389526,410.4483790397644
