{"0": [22.22222222222222, 8.0, 36.0], "1": [90.47619047619048, 19.0, 21.0], "2": [80.95238095238095, 34.0, 42.0], "3": [68.81028938906752, 214.0, 311.0], "4": [78.02197802197803, 71.0, 91.0], "5": [31.03448275862069, 9.0, 29.0], "6": [74.13793103448276, 129.0, 174.0], "7": [NaN, 0.0, 0.0], "8": [100.0, 1.0, 1.0]}