{"0": [58.57142857142858, 328.0, 560.0], "1": [36.17021276595745, 17.0, 47.0], "2": [86.04651162790698, 37.0, 43.0], "3": [75.51020408163265, 259.0, 343.0], "4": [96.66666666666667, 145.0, 150.0], "5": [37.359550561797754, 133.0, 356.0], "6": [51.89873417721519, 287.0, 553.0], "7": [76.47058823529412, 13.0, 17.0], "8": [77.77777777777779, 14.0, 18.0]}