precision,accuracy,recall,duration
0.32888485866572037,0.2402315484804631,0.27910497056476696,370.8805069923401
