{"0": [81.81818181818183, 153.0, 187.0], "1": [21.428571428571427, 3.0, 14.0], "2": [86.66666666666667, 13.0, 15.0], "3": [90.35087719298247, 103.0, 114.0], "4": [76.0, 38.0, 50.0], "5": [82.75862068965517, 96.0, 116.0], "6": [59.78260869565217, 110.0, 184.0], "7": [50.0, 2.0, 4.0], "8": [100.0, 7.0, 7.0]}