precision,accuracy,recall,duration
0.29790055590071046,0.2214353163361662,0.2544147103171015,1202.0687866210938
