{"0": [24.299065420560748, 26.0, 107.0], "1": [44.44444444444444, 28.0, 63.0], "2": [92.10526315789474, 105.0, 114.0], "3": [84.88745980707395, 792.0, 933.0], "4": [94.07665505226481, 270.0, 287.0], "5": [100.0, 89.0, 89.0], "6": [64.54720616570327, 335.0, 519.0], "7": [NaN, 0.0, 0.0], "8": [66.66666666666666, 4.0, 6.0]}