precision,accuracy,recall,duration
0.41247644843436804,0.19735599622285174,0.3041224754946945,1189.484301328659
