{"0": [25.233644859813083, 27.0, 107.0], "1": [77.77777777777779, 49.0, 63.0], "2": [92.98245614035088, 106.0, 114.0], "3": [97.42765273311898, 909.0, 933.0], "4": [95.81881533101046, 275.0, 287.0], "5": [28.08988764044944, 25.0, 89.0], "6": [58.95953757225434, 306.0, 519.0], "7": [NaN, 0.0, 0.0], "8": [50.0, 3.0, 6.0]}