precision,accuracy,recall,duration
0.3522411693124639,0.4810733109726881,0.3509038578125203,1019.9706702232361
