{"0": [41.25, 231.0, 560.0], "1": [53.191489361702125, 25.0, 47.0], "2": [93.02325581395348, 40.0, 43.0], "3": [72.59475218658892, 249.0, 343.0], "4": [73.33333333333333, 110.0, 150.0], "5": [38.20224719101123, 136.0, 356.0], "6": [47.55877034358047, 263.0, 553.0], "7": [70.58823529411765, 12.0, 17.0], "8": [94.44444444444444, 17.0, 18.0]}