{"0": [60.17857142857142, 337.0, 560.0], "1": [36.17021276595745, 17.0, 47.0], "2": [97.67441860465115, 42.0, 43.0], "3": [87.75510204081633, 301.0, 343.0], "4": [94.66666666666667, 142.0, 150.0], "5": [40.44943820224719, 144.0, 356.0], "6": [56.9620253164557, 315.0, 553.0], "7": [58.82352941176471, 10.0, 17.0], "8": [66.66666666666666, 12.0, 18.0]}