{"0": [62.5, 350.0, 560.0], "1": [36.17021276595745, 17.0, 47.0], "2": [88.37209302325581, 38.0, 43.0], "3": [61.224489795918366, 210.0, 343.0], "4": [96.0, 144.0, 150.0], "5": [39.8876404494382, 142.0, 356.0], "6": [54.43037974683544, 301.0, 553.0], "7": [47.05882352941176, 8.0, 17.0], "8": [77.77777777777779, 14.0, 18.0]}