precision,accuracy,recall,duration
0.30694958407169226,0.24504249291784702,0.25581848802290375,1191.6022741794586
