{"0": [22.429906542056074, 24.0, 107.0], "1": [52.38095238095239, 33.0, 63.0], "2": [87.71929824561403, 100.0, 114.0], "3": [75.2411575562701, 702.0, 933.0], "4": [97.21254355400697, 279.0, 287.0], "5": [96.62921348314607, 86.0, 89.0], "6": [71.48362235067437, 371.0, 519.0], "7": [NaN, 0.0, 0.0], "8": [66.66666666666666, 4.0, 6.0]}