{"0": [23.198594024604567, 132.0, 569.0], "1": [36.17021276595745, 17.0, 47.0], "2": [93.18181818181817, 41.0, 44.0], "3": [68.18181818181817, 240.0, 352.0], "4": [90.66666666666666, 136.0, 150.0], "5": [41.917808219178085, 153.0, 365.0], "6": [61.27946127946128, 364.0, 594.0], "7": [100.0, 17.0, 17.0], "8": [61.111111111111114, 11.0, 18.0]}