best_model_train_loss,best_model_val_loss,best_model_train_acc,best_model_val_acc,best_model_learning_rate,best_model_nb_epoch
0.4528762102127075,1.4079548120498657,0.39928150177001953,0.29608404636383057,0.0010000000474974513,89
