precision,accuracy,recall,duration
0.26424461524575943,0.271251193887297,0.2736230833916447,598.3840322494507
