{"0": [100.0, 279.0, 279.0], "1": [32.0, 8.0, 25.0], "2": [90.47619047619048, 19.0, 21.0], "3": [85.96491228070175, 147.0, 171.0], "4": [86.07594936708861, 68.0, 79.0], "5": [39.8876404494382, 71.0, 178.0], "6": [56.83453237410072, 158.0, 278.0], "7": [62.5, 5.0, 8.0], "8": [100.0, 8.0, 8.0]}