precision,accuracy,recall,duration
0.3917795924841995,0.41244573082489144,0.40580900880159143,414.91175293922424
