{"0": [54.54545454545454, 102.0, 187.0], "1": [28.57142857142857, 4.0, 14.0], "2": [93.33333333333333, 14.0, 15.0], "3": [87.71929824561403, 100.0, 114.0], "4": [70.0, 35.0, 50.0], "5": [39.6551724137931, 46.0, 116.0], "6": [53.80434782608695, 99.0, 184.0], "7": [50.0, 2.0, 4.0], "8": [57.14285714285714, 4.0, 7.0]}