precision,accuracy,recall,duration
0.33409174997361735,0.2851063829787234,0.3986095491528466,401.3043050765991
