{"0": [25.0, 9.0, 36.0], "1": [66.66666666666666, 14.0, 21.0], "2": [88.09523809523809, 37.0, 42.0], "3": [69.45337620578779, 216.0, 311.0], "4": [85.71428571428571, 78.0, 91.0], "5": [24.137931034482758, 7.0, 29.0], "6": [82.18390804597702, 143.0, 174.0], "7": [NaN, 0.0, 0.0], "8": [0.0, 0.0, 1.0]}