precision,accuracy,recall,duration
0.3075719784826563,0.28794326241134754,0.4320286343145493,412.2109045982361
