{"0": [30.555555555555557, 11.0, 36.0], "1": [47.61904761904761, 10.0, 21.0], "2": [71.42857142857143, 30.0, 42.0], "3": [69.77491961414792, 217.0, 311.0], "4": [65.93406593406593, 60.0, 91.0], "5": [31.03448275862069, 9.0, 29.0], "6": [94.82758620689656, 165.0, 174.0], "7": [NaN, 0.0, 0.0], "8": [0.0, 0.0, 1.0]}