{"0": [60.89285714285714, 341.0, 560.0], "1": [38.297872340425535, 18.0, 47.0], "2": [83.72093023255815, 36.0, 43.0], "3": [88.33819241982506, 303.0, 343.0], "4": [95.33333333333334, 143.0, 150.0], "5": [42.13483146067416, 150.0, 356.0], "6": [54.97287522603978, 304.0, 553.0], "7": [76.47058823529412, 13.0, 17.0], "8": [83.33333333333334, 15.0, 18.0]}