precision,accuracy,recall,duration
0.3256421861009808,0.39578794480755264,0.40393806629916973,336.6619975566864
