{"0": [37.07865168539326, 33.0, 89.0], "1": [70.6896551724138, 41.0, 58.0], "2": [95.0354609929078, 134.0, 141.0], "3": [51.99306759098788, 300.0, 577.0], "4": [68.81720430107528, 128.0, 186.0], "5": [21.333333333333336, 16.0, 75.0], "6": [77.11442786069652, 155.0, 201.0], "7": [66.66666666666666, 4.0, 6.0], "8": [47.72727272727273, 21.0, 44.0]}