precision,accuracy,recall,duration
0.329838343245206,0.2469368520263902,0.3021242109099118,604.7658913135529
