precision,accuracy,recall,duration
0.3911702333883792,0.4304635761589404,0.389092061889192,1191.6689693927765
