{"0": [29.629629629629626, 16.0, 54.0], "1": [42.42424242424242, 14.0, 33.0], "2": [81.03448275862068, 47.0, 58.0], "3": [90.75268817204301, 422.0, 465.0], "4": [90.0709219858156, 127.0, 141.0], "5": [35.55555555555556, 16.0, 45.0], "6": [58.620689655172406, 153.0, 261.0], "7": [NaN, 0.0, 0.0], "8": [100.0, 4.0, 4.0]}