{"0": [51.14235500878734, 291.0, 569.0], "1": [44.680851063829785, 21.0, 47.0], "2": [61.36363636363637, 27.0, 44.0], "3": [71.02272727272727, 250.0, 352.0], "4": [91.33333333333333, 137.0, 150.0], "5": [38.082191780821915, 139.0, 365.0], "6": [59.764309764309765, 355.0, 594.0], "7": [47.05882352941176, 8.0, 17.0], "8": [88.88888888888889, 16.0, 18.0]}