best_model_train_loss,best_model_val_loss,best_model_train_acc,best_model_val_acc,best_model_learning_rate,best_model_nb_epoch
0.47906458377838135,0.5842917561531067,0.4150584042072296,0.3971697986125946,0.0010000000474974513,56
