precision,accuracy,recall,duration
0.37636167746961946,0.3632075471698113,0.3777727176518329,957.1680719852448
