precision,accuracy,recall,duration
0.3498527298408299,0.366554863440345,0.32941885078038435,987.3660826683044
