{"0": [52.142857142857146, 292.0, 560.0], "1": [34.04255319148936, 16.0, 47.0], "2": [100.0, 43.0, 43.0], "3": [92.12827988338192, 316.0, 343.0], "4": [94.66666666666667, 142.0, 150.0], "5": [43.82022471910113, 156.0, 356.0], "6": [60.57866184448463, 335.0, 553.0], "7": [70.58823529411765, 12.0, 17.0], "8": [55.55555555555556, 10.0, 18.0]}