{"0": [27.102803738317753, 29.0, 107.0], "1": [36.507936507936506, 23.0, 63.0], "2": [88.59649122807018, 101.0, 114.0], "3": [67.20257234726688, 627.0, 933.0], "4": [85.46712802768167, 247.0, 289.0], "5": [32.58426966292135, 29.0, 89.0], "6": [55.8766859344894, 290.0, 519.0], "7": [NaN, 0.0, 0.0], "8": [66.66666666666666, 4.0, 6.0]}