{"0": [45.07042253521127, 128.0, 284.0], "1": [44.0, 11.0, 25.0], "2": [95.45454545454545, 21.0, 22.0], "3": [74.43181818181817, 131.0, 176.0], "4": [83.54430379746836, 66.0, 79.0], "5": [35.51912568306011, 65.0, 183.0], "6": [74.91638795986621, 224.0, 299.0], "7": [50.0, 4.0, 8.0], "8": [87.5, 7.0, 8.0]}