precision,accuracy,recall,duration
0.348849062691807,0.2950354609929078,0.4099330489820936,421.1701533794403
