{"0": [58.288770053475936, 109.0, 187.0], "1": [35.714285714285715, 5.0, 14.0], "2": [93.33333333333333, 14.0, 15.0], "3": [72.80701754385966, 83.0, 114.0], "4": [90.0, 45.0, 50.0], "5": [38.793103448275865, 45.0, 116.0], "6": [59.2391304347826, 109.0, 184.0], "7": [50.0, 2.0, 4.0], "8": [100.0, 7.0, 7.0]}