precision,accuracy,recall,duration
0.33182620169326316,0.3763132760267431,0.3452954786355712,595.483380317688
