{"0": [47.67025089605735, 133.0, 279.0], "1": [40.0, 10.0, 25.0], "2": [95.23809523809523, 20.0, 21.0], "3": [88.88888888888889, 152.0, 171.0], "4": [84.81012658227847, 67.0, 79.0], "5": [38.20224719101123, 68.0, 178.0], "6": [69.42446043165468, 193.0, 278.0], "7": [62.5, 5.0, 8.0], "8": [62.5, 5.0, 8.0]}