precision,accuracy,recall,duration
0.2850980446636135,0.2701688555347092,0.34039533682535716,317.22917795181274
