{"0": [23.076923076923077, 6.0, 26.0], "1": [62.06896551724138, 18.0, 29.0], "2": [76.47058823529412, 26.0, 34.0], "3": [79.72972972972973, 177.0, 222.0], "4": [78.66666666666666, 59.0, 75.0], "5": [46.15384615384615, 12.0, 26.0], "6": [77.47747747747748, 86.0, 111.0], "7": [NaN, 0.0, 0.0], "8": [50.0, 5.0, 10.0]}