precision,accuracy,recall,duration
0.20412422544775485,0.2678983833718245,0.3160275126649395,108.78341388702393
