{"0": [48.148148148148145, 13.0, 27.0], "1": [45.83333333333333, 11.0, 24.0], "2": [88.63636363636364, 39.0, 44.0], "3": [65.49707602339181, 112.0, 171.0], "4": [90.47619047619048, 57.0, 63.0], "5": [55.55555555555556, 15.0, 27.0], "6": [100.0, 54.0, 54.0], "7": [50.0, 1.0, 2.0], "8": [71.42857142857143, 15.0, 21.0]}