precision,accuracy,recall,duration
0.3597214900583355,0.35127478753541075,0.38439650215386467,605.5595924854279
