{"0": [29.629629629629626, 16.0, 54.0], "1": [45.45454545454545, 15.0, 33.0], "2": [86.20689655172413, 50.0, 58.0], "3": [64.73118279569893, 301.0, 465.0], "4": [89.20863309352518, 124.0, 139.0], "5": [24.444444444444443, 11.0, 45.0], "6": [64.36781609195403, 168.0, 261.0], "7": [NaN, 0.0, 0.0], "8": [50.0, 2.0, 4.0]}