precision,accuracy,recall,duration
0.26357722396018674,0.2836676217765043,0.3185956913771777,594.8069949150085
