{"0": [100.0, 279.0, 279.0], "1": [32.0, 8.0, 25.0], "2": [95.23809523809523, 20.0, 21.0], "3": [77.19298245614034, 132.0, 171.0], "4": [86.07594936708861, 68.0, 79.0], "5": [38.764044943820224, 69.0, 178.0], "6": [58.992805755395686, 164.0, 278.0], "7": [25.0, 2.0, 8.0], "8": [100.0, 8.0, 8.0]}