precision,accuracy,recall,duration
0.28235409551796714,0.400329489291598,0.2939622906274489,473.63117694854736
