{"0": [15.916955017301039, 46.0, 289.0], "1": [100.0, 96.0, 96.0], "2": [40.625, 13.0, 32.0], "3": [75.14450867052022, 130.0, 173.0], "4": [100.0, 147.0, 147.0], "5": [36.11111111111111, 52.0, 144.0], "6": [67.63636363636364, 186.0, 275.0], "7": [100.0, 58.0, 58.0], "8": [NaN, 0.0, 0.0]}