precision,accuracy,recall,duration
0.38475890525677436,0.37133396404919583,0.3769197830295538,1214.570172071457
