precision,accuracy,recall,duration
0.3353112586782122,0.2665094339622642,0.34902474127049554,958.7128303050995
