{"0": [56.06326889279437, 319.0, 569.0], "1": [38.297872340425535, 18.0, 47.0], "2": [86.36363636363636, 38.0, 44.0], "3": [81.5340909090909, 287.0, 352.0], "4": [95.33333333333334, 143.0, 150.0], "5": [43.83561643835616, 160.0, 365.0], "6": [65.48821548821549, 389.0, 594.0], "7": [41.17647058823529, 7.0, 17.0], "8": [55.55555555555556, 10.0, 18.0]}