{"0": [26.168224299065418, 28.0, 107.0], "1": [57.14285714285714, 36.0, 63.0], "2": [88.59649122807018, 101.0, 114.0], "3": [87.88853161843515, 820.0, 933.0], "4": [96.19377162629758, 278.0, 289.0], "5": [29.213483146067414, 26.0, 89.0], "6": [50.67437379576107, 263.0, 519.0], "7": [NaN, 0.0, 0.0], "8": [50.0, 3.0, 6.0]}