precision,accuracy,recall,duration
0.3502936128516183,0.38741721854304634,0.36230946235083195,1210.5050373077393
