{"0": [49.03339191564148, 279.0, 569.0], "1": [42.5531914893617, 20.0, 47.0], "2": [97.72727272727273, 43.0, 44.0], "3": [92.89772727272727, 327.0, 352.0], "4": [84.0, 126.0, 150.0], "5": [39.45205479452055, 144.0, 365.0], "6": [63.63636363636363, 378.0, 594.0], "7": [29.411764705882355, 5.0, 17.0], "8": [77.77777777777779, 14.0, 18.0]}