precision,accuracy,recall,duration
0.36191242056910705,0.37872340425531914,0.4862215500405248,420.91725516319275
