{"0": [19.444444444444446, 7.0, 36.0], "1": [33.33333333333333, 7.0, 21.0], "2": [78.57142857142857, 33.0, 42.0], "3": [60.45016077170418, 188.0, 311.0], "4": [76.92307692307693, 70.0, 91.0], "5": [20.689655172413794, 6.0, 29.0], "6": [72.98850574712644, 127.0, 174.0], "7": [NaN, 0.0, 0.0], "8": [0.0, 0.0, 1.0]}