precision,accuracy,recall,duration
0.2653781632322681,0.2815442561205273,0.2740138667514339,603.4202129840851
