{"0": [99.64788732394366, 283.0, 284.0], "1": [32.0, 8.0, 25.0], "2": [95.45454545454545, 21.0, 22.0], "3": [88.63636363636364, 156.0, 176.0], "4": [86.07594936708861, 68.0, 79.0], "5": [34.97267759562842, 64.0, 183.0], "6": [56.85618729096989, 170.0, 299.0], "7": [62.5, 5.0, 8.0], "8": [100.0, 8.0, 8.0]}