{"0": [15.992970123022848, 91.0, 569.0], "1": [38.297872340425535, 18.0, 47.0], "2": [97.72727272727273, 43.0, 44.0], "3": [73.29545454545455, 258.0, 352.0], "4": [83.33333333333334, 125.0, 150.0], "5": [41.64383561643836, 152.0, 365.0], "6": [58.75420875420876, 349.0, 594.0], "7": [100.0, 17.0, 17.0], "8": [88.88888888888889, 16.0, 18.0]}