precision,accuracy,recall,duration
0.22635245578793967,0.2616822429906542,0.18418703160638644,99.1272177696228
