{"0": [40.0, 4.0, 10.0], "1": [80.0, 4.0, 5.0], "2": [90.9090909090909, 10.0, 11.0], "3": [75.0, 72.0, 96.0], "4": [90.32258064516128, 28.0, 31.0], "5": [100.0, 11.0, 11.0], "6": [57.99999999999999, 29.0, 50.0], "7": [NaN, 0.0, 0.0], "8": [NaN, 0.0, 0.0]}