precision,accuracy,recall,duration
0.361861777886353,0.3475177304964539,0.47313855226779794,421.17130517959595
