{"0": [22.22222222222222, 8.0, 36.0], "1": [38.095238095238095, 8.0, 21.0], "2": [88.09523809523809, 37.0, 42.0], "3": [76.84887459807074, 239.0, 311.0], "4": [73.62637362637363, 67.0, 91.0], "5": [20.689655172413794, 6.0, 29.0], "6": [54.59770114942529, 95.0, 174.0], "7": [NaN, 0.0, 0.0], "8": [0.0, 0.0, 1.0]}