{"0": [56.06326889279437, 319.0, 569.0], "1": [36.17021276595745, 17.0, 47.0], "2": [88.63636363636364, 39.0, 44.0], "3": [77.27272727272727, 272.0, 352.0], "4": [89.33333333333333, 134.0, 150.0], "5": [35.342465753424655, 129.0, 365.0], "6": [51.178451178451176, 304.0, 594.0], "7": [47.05882352941176, 8.0, 17.0], "8": [83.33333333333334, 15.0, 18.0]}