precision,accuracy,recall,duration
0.2721011239112594,0.2598870056497175,0.31197283093440914,601.2046399116516
