{"0": [100.0, 284.0, 284.0], "1": [32.0, 8.0, 25.0], "2": [86.36363636363636, 19.0, 22.0], "3": [85.79545454545455, 151.0, 176.0], "4": [89.87341772151899, 71.0, 79.0], "5": [38.25136612021858, 70.0, 183.0], "6": [64.21404682274247, 192.0, 299.0], "7": [25.0, 2.0, 8.0], "8": [100.0, 8.0, 8.0]}