precision,accuracy,recall,duration
0.2857600243753622,0.23888363292336803,0.3283371655881015,1228.7294709682465
