{"0": [69.77152899824253, 397.0, 569.0], "1": [34.04255319148936, 16.0, 47.0], "2": [100.0, 44.0, 44.0], "3": [86.07954545454545, 303.0, 352.0], "4": [97.33333333333334, 146.0, 150.0], "5": [41.369863013698634, 151.0, 365.0], "6": [97.64309764309765, 580.0, 594.0], "7": [11.76470588235294, 2.0, 17.0], "8": [66.66666666666666, 12.0, 18.0]}