{"0": [100.0, 187.0, 187.0], "1": [35.714285714285715, 5.0, 14.0], "2": [93.33333333333333, 14.0, 15.0], "3": [90.35087719298247, 103.0, 114.0], "4": [88.0, 44.0, 50.0], "5": [50.86206896551724, 59.0, 116.0], "6": [84.23913043478261, 155.0, 184.0], "7": [50.0, 2.0, 4.0], "8": [100.0, 7.0, 7.0]}