precision,accuracy,recall,duration
0.2340631210998919,0.30959302325581395,0.29977999778169534,507.3544237613678
