{"0": [46.06741573033708, 41.0, 89.0], "1": [79.3103448275862, 46.0, 58.0], "2": [97.87234042553192, 138.0, 141.0], "3": [57.638888888888886, 332.0, 576.0], "4": [90.32258064516128, 168.0, 186.0], "5": [37.333333333333336, 28.0, 75.0], "6": [87.56218905472637, 176.0, 201.0], "7": [100.0, 6.0, 6.0], "8": [34.090909090909086, 15.0, 44.0]}