{"0": [54.82142857142858, 307.0, 560.0], "1": [34.04255319148936, 16.0, 47.0], "2": [97.67441860465115, 42.0, 43.0], "3": [77.55102040816327, 266.0, 343.0], "4": [93.33333333333333, 140.0, 150.0], "5": [38.48314606741573, 137.0, 356.0], "6": [55.87703435804702, 309.0, 553.0], "7": [76.47058823529412, 13.0, 17.0], "8": [77.77777777777779, 14.0, 18.0]}