precision,accuracy,recall,duration
0.36536789775650663,0.29461756373937675,0.3565928587676706,612.5213191509247
