{"0": [27.77777777777778, 15.0, 54.0], "1": [57.57575757575758, 19.0, 33.0], "2": [93.10344827586206, 54.0, 58.0], "3": [80.0, 372.0, 465.0], "4": [84.17266187050359, 117.0, 139.0], "5": [26.666666666666668, 12.0, 45.0], "6": [59.77011494252874, 156.0, 261.0], "7": [NaN, 0.0, 0.0], "8": [50.0, 2.0, 4.0]}