precision,accuracy,recall,duration
0.28670838850200187,0.324822695035461,0.28077423309710703,408.50109004974365
