{"0": [16.666666666666664, 6.0, 36.0], "1": [85.71428571428571, 18.0, 21.0], "2": [83.33333333333334, 35.0, 42.0], "3": [70.41800643086816, 219.0, 311.0], "4": [67.03296703296702, 61.0, 91.0], "5": [55.172413793103445, 16.0, 29.0], "6": [68.96551724137932, 120.0, 174.0], "7": [NaN, 0.0, 0.0], "8": [100.0, 1.0, 1.0]}