precision,accuracy,recall,duration
0.3136811662872065,0.3125590179414542,0.30436021111538536,605.3224947452545
