{"0": [27.77777777777778, 15.0, 54.0], "1": [84.84848484848484, 28.0, 33.0], "2": [79.3103448275862, 46.0, 58.0], "3": [72.90322580645162, 339.0, 465.0], "4": [66.90647482014388, 93.0, 139.0], "5": [20.0, 9.0, 45.0], "6": [74.32950191570882, 194.0, 261.0], "7": [NaN, 0.0, 0.0], "8": [100.0, 4.0, 4.0]}