{"0": [57.85714285714286, 324.0, 560.0], "1": [38.297872340425535, 18.0, 47.0], "2": [76.74418604651163, 33.0, 43.0], "3": [89.79591836734694, 308.0, 343.0], "4": [90.66666666666666, 136.0, 150.0], "5": [39.8876404494382, 142.0, 356.0], "6": [57.32368896925859, 317.0, 553.0], "7": [58.82352941176471, 10.0, 17.0], "8": [72.22222222222221, 13.0, 18.0]}