precision,accuracy,recall,duration
0.27875614407037363,0.30638297872340425,0.27085818044719623,402.0707149505615
