{"0": [19.444444444444446, 7.0, 36.0], "1": [42.857142857142854, 9.0, 21.0], "2": [90.47619047619048, 38.0, 42.0], "3": [76.84887459807074, 239.0, 311.0], "4": [71.42857142857143, 65.0, 91.0], "5": [96.55172413793103, 28.0, 29.0], "6": [58.620689655172406, 102.0, 174.0], "7": [NaN, 0.0, 0.0], "8": [100.0, 1.0, 1.0]}