precision,accuracy,recall,duration
0.26468499477543056,0.3640856672158155,0.2764424176898425,465.92950463294983
