{"0": [15.570934256055363, 45.0, 289.0], "1": [100.0, 96.0, 96.0], "2": [37.5, 12.0, 32.0], "3": [77.45664739884393, 134.0, 173.0], "4": [100.0, 147.0, 147.0], "5": [39.58333333333333, 57.0, 144.0], "6": [81.0909090909091, 223.0, 275.0], "7": [100.0, 58.0, 58.0], "8": [NaN, 0.0, 0.0]}