precision,accuracy,recall,duration
0.3360257332111171,0.28281397544853637,0.25311100455251534,1223.6766102313995
