{"0": [22.429906542056074, 24.0, 107.0], "1": [95.23809523809523, 60.0, 63.0], "2": [87.71929824561403, 100.0, 114.0], "3": [72.45444801714899, 676.0, 933.0], "4": [83.97212543554006, 241.0, 287.0], "5": [57.30337078651685, 51.0, 89.0], "6": [69.7495183044316, 362.0, 519.0], "7": [NaN, 0.0, 0.0], "8": [83.33333333333334, 5.0, 6.0]}