precision,accuracy,recall,duration
0.28084435328606216,0.2749529190207156,0.26822677182444277,599.9819965362549
