{"0": [100.0, 284.0, 284.0], "1": [32.0, 8.0, 25.0], "2": [100.0, 22.0, 22.0], "3": [78.97727272727273, 139.0, 176.0], "4": [87.34177215189874, 69.0, 79.0], "5": [37.704918032786885, 69.0, 183.0], "6": [62.207357859531776, 186.0, 299.0], "7": [62.5, 5.0, 8.0], "8": [100.0, 8.0, 8.0]}