{"0": [47.12041884816754, 90.0, 191.0], "1": [92.85714285714286, 13.0, 14.0], "2": [93.75, 15.0, 16.0], "3": [70.33898305084746, 83.0, 118.0], "4": [80.0, 40.0, 50.0], "5": [25.833333333333336, 31.0, 120.0], "6": [73.73737373737373, 146.0, 198.0], "7": [25.0, 1.0, 4.0], "8": [100.0, 7.0, 7.0]}