best_model_train_loss,best_model_val_loss,best_model_train_acc,best_model_val_acc,best_model_learning_rate,best_model_nb_epoch
0.4835164546966553,0.6882628798484802,0.3872891068458557,0.38552507758140564,0.0010000000474974513,78
