precision,accuracy,recall,duration
0.3879021614424171,0.42573320719016083,0.38218708683816177,1202.0668106079102
