precision,accuracy,recall,duration
0.380460140422517,0.25613207547169814,0.360851449989771,958.4877045154572
