{"0": [51.493848857644984, 293.0, 569.0], "1": [40.42553191489361, 19.0, 47.0], "2": [77.27272727272727, 34.0, 44.0], "3": [67.04545454545455, 236.0, 352.0], "4": [97.33333333333334, 146.0, 150.0], "5": [39.45205479452055, 144.0, 365.0], "6": [60.60606060606061, 360.0, 594.0], "7": [58.82352941176471, 10.0, 17.0], "8": [66.66666666666666, 12.0, 18.0]}