{"0": [26.168224299065418, 28.0, 107.0], "1": [50.79365079365079, 32.0, 63.0], "2": [87.71929824561403, 100.0, 114.0], "3": [91.7470525187567, 856.0, 933.0], "4": [87.88927335640139, 254.0, 289.0], "5": [26.96629213483146, 24.0, 89.0], "6": [53.94990366088632, 280.0, 519.0], "7": [NaN, 0.0, 0.0], "8": [50.0, 3.0, 6.0]}