precision,accuracy,recall,duration
0.2831379076633312,0.22759601706970128,0.2493698565128652,302.5022711753845
