{"0": [80.10471204188482, 153.0, 191.0], "1": [28.57142857142857, 4.0, 14.0], "2": [100.0, 16.0, 16.0], "3": [86.4406779661017, 102.0, 118.0], "4": [80.0, 40.0, 50.0], "5": [97.5, 117.0, 120.0], "6": [59.59595959595959, 118.0, 198.0], "7": [75.0, 3.0, 4.0], "8": [71.42857142857143, 5.0, 7.0]}