{"0": [48.50615114235501, 276.0, 569.0], "1": [44.680851063829785, 21.0, 47.0], "2": [90.9090909090909, 40.0, 44.0], "3": [77.8409090909091, 274.0, 352.0], "4": [77.33333333333333, 116.0, 150.0], "5": [40.54794520547945, 148.0, 365.0], "6": [55.72390572390572, 331.0, 594.0], "7": [41.17647058823529, 7.0, 17.0], "8": [72.22222222222221, 13.0, 18.0]}