precision,accuracy,recall,duration
0.3125876207241996,0.36191860465116277,0.371723597306983,196.59240436553955
