precision,accuracy,recall,duration
0.36616165581233695,0.3770104068117313,0.35604995392552663,1193.6324203014374
