{"0": [50.43936731107206, 287.0, 569.0], "1": [40.42553191489361, 19.0, 47.0], "2": [93.18181818181817, 41.0, 44.0], "3": [90.3409090909091, 318.0, 352.0], "4": [90.0, 135.0, 150.0], "5": [37.80821917808219, 138.0, 365.0], "6": [67.003367003367, 398.0, 594.0], "7": [23.52941176470588, 4.0, 17.0], "8": [88.88888888888889, 16.0, 18.0]}