{"0": [20.32085561497326, 38.0, 187.0], "1": [35.714285714285715, 5.0, 14.0], "2": [86.66666666666667, 13.0, 15.0], "3": [67.54385964912281, 77.0, 114.0], "4": [80.0, 40.0, 50.0], "5": [36.206896551724135, 42.0, 116.0], "6": [55.97826086956522, 103.0, 184.0], "7": [100.0, 4.0, 4.0], "8": [71.42857142857143, 5.0, 7.0]}