{"0": [99.64285714285714, 558.0, 560.0], "1": [29.78723404255319, 14.0, 47.0], "2": [97.67441860465115, 42.0, 43.0], "3": [54.81049562682215, 188.0, 343.0], "4": [86.0, 129.0, 150.0], "5": [37.92134831460674, 135.0, 356.0], "6": [50.63291139240506, 280.0, 553.0], "7": [35.294117647058826, 6.0, 17.0], "8": [72.22222222222221, 13.0, 18.0]}