precision,accuracy,recall,duration
0.24119529178713284,0.15572232645403378,0.20455998204476908,307.3593909740448
