{"0": [34.61538461538461, 9.0, 26.0], "1": [48.275862068965516, 14.0, 29.0], "2": [97.05882352941177, 33.0, 34.0], "3": [87.38738738738738, 194.0, 222.0], "4": [86.66666666666667, 65.0, 75.0], "5": [100.0, 26.0, 26.0], "6": [91.8918918918919, 102.0, 111.0], "7": [NaN, 0.0, 0.0], "8": [70.0, 7.0, 10.0]}