{"0": [53.75, 301.0, 560.0], "1": [36.17021276595745, 17.0, 47.0], "2": [79.06976744186046, 34.0, 43.0], "3": [55.97667638483965, 192.0, 343.0], "4": [99.33333333333333, 149.0, 150.0], "5": [39.60674157303371, 141.0, 356.0], "6": [63.29113924050633, 350.0, 553.0], "7": [70.58823529411765, 12.0, 17.0], "8": [83.33333333333334, 15.0, 18.0]}