precision,accuracy,recall,duration
0.2713064337089465,0.38213399503722084,0.2764017866330699,394.9857602119446
