{"0": [12.953367875647666, 25.0, 193.0], "1": [100.0, 59.0, 59.0], "2": [45.83333333333333, 11.0, 24.0], "3": [77.77777777777779, 91.0, 117.0], "4": [100.0, 98.0, 98.0], "5": [39.130434782608695, 36.0, 92.0], "6": [75.54347826086956, 139.0, 184.0], "7": [100.0, 39.0, 39.0], "8": [NaN, 0.0, 0.0]}