best_model_train_loss,best_model_val_loss,best_model_train_acc,best_model_val_acc,best_model_learning_rate,best_model_nb_epoch
0.44273120164871216,1.525752067565918,0.40596824884414673,0.4139072895050049,0.0010000000474974513,90
