precision,accuracy,recall,duration
0.3586511869015794,0.3812677388836329,0.3649253131527608,1217.2171866893768
