{"0": [47.803163444639715, 272.0, 569.0], "1": [48.93617021276596, 23.0, 47.0], "2": [88.63636363636364, 39.0, 44.0], "3": [89.48863636363636, 315.0, 352.0], "4": [88.66666666666667, 133.0, 150.0], "5": [43.013698630136986, 157.0, 365.0], "6": [65.993265993266, 392.0, 594.0], "7": [29.411764705882355, 5.0, 17.0], "8": [72.22222222222221, 13.0, 18.0]}