precision,accuracy,recall,duration
0.27426994521816955,0.31067044381491976,0.31969558250771324,601.3193595409393
