{"0": [100.0, 54.0, 54.0], "1": [39.39393939393939, 13.0, 33.0], "2": [81.03448275862068, 47.0, 58.0], "3": [70.53763440860214, 328.0, 465.0], "4": [76.97841726618705, 107.0, 139.0], "5": [31.11111111111111, 14.0, 45.0], "6": [63.2183908045977, 165.0, 261.0], "7": [NaN, 0.0, 0.0], "8": [50.0, 2.0, 4.0]}