{"0": [59.75395430579965, 340.0, 569.0], "1": [51.06382978723404, 24.0, 47.0], "2": [93.18181818181817, 41.0, 44.0], "3": [86.93181818181817, 306.0, 352.0], "4": [72.66666666666667, 109.0, 150.0], "5": [76.43835616438356, 279.0, 365.0], "6": [69.02356902356902, 410.0, 594.0], "7": [11.76470588235294, 2.0, 17.0], "8": [83.33333333333334, 15.0, 18.0]}