precision,accuracy,recall,duration
0.3602895231876826,0.39255014326647564,0.33849884024300547,614.7962505817413
