{"0": [57.34767025089605, 160.0, 279.0], "1": [32.0, 8.0, 25.0], "2": [61.904761904761905, 13.0, 21.0], "3": [76.0233918128655, 130.0, 171.0], "4": [91.13924050632912, 72.0, 79.0], "5": [44.38202247191011, 79.0, 178.0], "6": [57.55395683453237, 160.0, 278.0], "7": [75.0, 6.0, 8.0], "8": [100.0, 8.0, 8.0]}