{"0": [55.35714285714286, 310.0, 560.0], "1": [36.17021276595745, 17.0, 47.0], "2": [100.0, 43.0, 43.0], "3": [53.93586005830904, 185.0, 343.0], "4": [88.0, 132.0, 150.0], "5": [37.92134831460674, 135.0, 356.0], "6": [58.58951175406871, 324.0, 553.0], "7": [76.47058823529412, 13.0, 17.0], "8": [66.66666666666666, 12.0, 18.0]}