{"0": [100.0, 560.0, 560.0], "1": [36.17021276595745, 17.0, 47.0], "2": [93.02325581395348, 40.0, 43.0], "3": [95.33527696793003, 327.0, 343.0], "4": [88.66666666666667, 133.0, 150.0], "5": [42.69662921348314, 152.0, 356.0], "6": [67.26943942133815, 372.0, 553.0], "7": [23.52941176470588, 4.0, 17.0], "8": [61.111111111111114, 11.0, 18.0]}