precision,accuracy,recall,duration
0.27372931323631355,0.28368794326241137,0.2660375752366735,401.71643114089966
