precision,accuracy,recall,duration
0.30473480811088727,0.32907801418439714,0.38922078668724636,408.33960914611816
