{"0": [22.22222222222222, 8.0, 36.0], "1": [42.857142857142854, 9.0, 21.0], "2": [73.80952380952381, 31.0, 42.0], "3": [80.06430868167203, 249.0, 311.0], "4": [82.41758241758241, 75.0, 91.0], "5": [100.0, 29.0, 29.0], "6": [59.195402298850574, 103.0, 174.0], "7": [NaN, 0.0, 0.0], "8": [100.0, 1.0, 1.0]}