{"0": [56.690140845070424, 161.0, 284.0], "1": [40.0, 10.0, 25.0], "2": [95.45454545454545, 21.0, 22.0], "3": [77.27272727272727, 136.0, 176.0], "4": [67.08860759493672, 53.0, 79.0], "5": [59.56284153005464, 109.0, 183.0], "6": [61.20401337792642, 183.0, 299.0], "7": [37.5, 3.0, 8.0], "8": [87.5, 7.0, 8.0]}