best_model_train_loss,best_model_val_loss,best_model_train_acc,best_model_val_acc,best_model_learning_rate,best_model_nb_epoch
0.45196980237960815,0.5348986983299255,0.43608641624450684,0.37488195300102234,0.0010000000474974513,96
