precision,accuracy,recall,duration
0.3997934148958896,0.38196411709159583,0.44335545741916105,1209.9886682033539
