precision,accuracy,recall,duration
0.3391084225045957,0.3613086770981508,0.33144491047229224,404.52842903137207
