{"0": [50.26178010471204, 96.0, 191.0], "1": [28.57142857142857, 4.0, 14.0], "2": [81.25, 13.0, 16.0], "3": [90.67796610169492, 107.0, 118.0], "4": [94.0, 47.0, 50.0], "5": [39.166666666666664, 47.0, 120.0], "6": [71.21212121212122, 141.0, 198.0], "7": [50.0, 2.0, 4.0], "8": [100.0, 7.0, 7.0]}