{"0": [25.233644859813083, 27.0, 107.0], "1": [28.57142857142857, 18.0, 63.0], "2": [83.33333333333334, 95.0, 114.0], "3": [65.05894962486603, 607.0, 933.0], "4": [82.92682926829268, 238.0, 287.0], "5": [24.719101123595504, 22.0, 89.0], "6": [57.80346820809249, 300.0, 519.0], "7": [NaN, 0.0, 0.0], "8": [33.33333333333333, 2.0, 6.0]}