{"0": [59.57820738137083, 339.0, 569.0], "1": [53.191489361702125, 25.0, 47.0], "2": [93.18181818181817, 41.0, 44.0], "3": [87.7840909090909, 309.0, 352.0], "4": [89.33333333333333, 134.0, 150.0], "5": [44.657534246575345, 163.0, 365.0], "6": [57.07070707070707, 339.0, 594.0], "7": [5.88235294117647, 1.0, 17.0], "8": [77.77777777777779, 14.0, 18.0]}