precision,accuracy,recall,duration
0.38309351476121883,0.24551463644948066,0.3820523588844194,604.5145218372345
