{"0": [29.629629629629626, 16.0, 54.0], "1": [18.181818181818183, 6.0, 33.0], "2": [77.58620689655173, 45.0, 58.0], "3": [84.3010752688172, 392.0, 465.0], "4": [92.08633093525181, 128.0, 139.0], "5": [28.888888888888886, 13.0, 45.0], "6": [75.47892720306514, 197.0, 261.0], "7": [NaN, 0.0, 0.0], "8": [50.0, 2.0, 4.0]}