precision,accuracy,recall,duration
0.24235514464347416,0.27392120075046905,0.23662618149433565,303.7932457923889
