precision,accuracy,recall,duration
0.32767110474260464,0.324822695035461,0.46247272204510625,411.6163532733917
