{"0": [59.285714285714285, 332.0, 560.0], "1": [42.5531914893617, 20.0, 47.0], "2": [97.67441860465115, 42.0, 43.0], "3": [55.10204081632652, 189.0, 343.0], "4": [96.66666666666667, 145.0, 150.0], "5": [40.168539325842694, 143.0, 356.0], "6": [57.14285714285714, 316.0, 553.0], "7": [76.47058823529412, 13.0, 17.0], "8": [61.111111111111114, 11.0, 18.0]}