{"0": [63.57142857142857, 356.0, 560.0], "1": [36.17021276595745, 17.0, 47.0], "2": [97.67441860465115, 42.0, 43.0], "3": [76.38483965014578, 262.0, 343.0], "4": [94.66666666666667, 142.0, 150.0], "5": [42.13483146067416, 150.0, 356.0], "6": [59.3128390596745, 328.0, 553.0], "7": [70.58823529411765, 12.0, 17.0], "8": [72.22222222222221, 13.0, 18.0]}