{"0": [23.374340949033392, 133.0, 569.0], "1": [59.57446808510638, 28.0, 47.0], "2": [88.63636363636364, 39.0, 44.0], "3": [79.82954545454545, 281.0, 352.0], "4": [84.66666666666667, 127.0, 150.0], "5": [37.80821917808219, 138.0, 365.0], "6": [48.148148148148145, 286.0, 594.0], "7": [88.23529411764706, 15.0, 17.0], "8": [94.44444444444444, 17.0, 18.0]}