precision,accuracy,recall,duration
0.3581210630433216,0.3593675131768088,0.3038049284513644,931.4834508895874
