{"0": [52.32142857142858, 293.0, 560.0], "1": [89.36170212765957, 42.0, 47.0], "2": [97.67441860465115, 42.0, 43.0], "3": [79.88338192419825, 274.0, 343.0], "4": [95.33333333333334, 143.0, 150.0], "5": [46.06741573033708, 164.0, 356.0], "6": [65.28028933092224, 361.0, 553.0], "7": [11.76470588235294, 2.0, 17.0], "8": [88.88888888888889, 16.0, 18.0]}