precision,accuracy,recall,duration
0.34016218610111626,0.4109985528219971,0.3517503910047577,395.3710939884186
