{"0": [42.24598930481284, 79.0, 187.0], "1": [35.714285714285715, 5.0, 14.0], "2": [86.66666666666667, 13.0, 15.0], "3": [80.7017543859649, 92.0, 114.0], "4": [80.0, 40.0, 50.0], "5": [43.96551724137931, 51.0, 116.0], "6": [64.13043478260869, 118.0, 184.0], "7": [50.0, 2.0, 4.0], "8": [100.0, 7.0, 7.0]}