precision,accuracy,recall,duration
0.3488604535751676,0.4211287988422576,0.37080268718209036,407.2725739479065
