{"0": [48.1283422459893, 90.0, 187.0], "1": [35.714285714285715, 5.0, 14.0], "2": [73.33333333333333, 11.0, 15.0], "3": [72.80701754385966, 83.0, 114.0], "4": [88.0, 44.0, 50.0], "5": [33.62068965517241, 39.0, 116.0], "6": [64.67391304347827, 119.0, 184.0], "7": [50.0, 2.0, 4.0], "8": [100.0, 7.0, 7.0]}