best_model_train_loss,best_model_val_loss,best_model_train_acc,best_model_val_acc,best_model_learning_rate,best_model_nb_epoch
0.4750674366950989,0.7349846363067627,0.42770013213157654,0.26392823457717896,0.0010000000474974513,95
