precision,accuracy,recall,duration
0.3613744636200338,0.37488196411709157,0.3740238079072997,1223.5085654258728
