precision,accuracy,recall,duration
0.3941716631482043,0.44862518089725034,0.4010017774899111,395.6871635913849
