{"0": [72.89719626168224, 78.0, 107.0], "1": [39.682539682539684, 25.0, 63.0], "2": [91.22807017543859, 104.0, 114.0], "3": [67.20257234726688, 627.0, 933.0], "4": [73.17073170731707, 210.0, 287.0], "5": [19.101123595505616, 17.0, 89.0], "6": [50.09633911368015, 260.0, 519.0], "7": [NaN, 0.0, 0.0], "8": [50.0, 3.0, 6.0]}