{"0": [50.26737967914438, 94.0, 187.0], "1": [28.57142857142857, 4.0, 14.0], "2": [86.66666666666667, 13.0, 15.0], "3": [60.526315789473685, 69.0, 114.0], "4": [82.0, 41.0, 50.0], "5": [34.48275862068966, 40.0, 116.0], "6": [60.86956521739131, 112.0, 184.0], "7": [50.0, 2.0, 4.0], "8": [85.71428571428571, 6.0, 7.0]}