precision,accuracy,recall,duration
0.29383134896346536,0.23748819641170915,0.25682190039665387,1193.1550114154816
