{"0": [24.299065420560748, 26.0, 107.0], "1": [33.33333333333333, 21.0, 63.0], "2": [92.98245614035088, 106.0, 114.0], "3": [84.78027867095392, 791.0, 933.0], "4": [97.5609756097561, 280.0, 287.0], "5": [94.3820224719101, 84.0, 89.0], "6": [58.1888246628131, 302.0, 519.0], "7": [NaN, 0.0, 0.0], "8": [83.33333333333334, 5.0, 6.0]}