precision,accuracy,recall,duration
0.3134613198517654,0.21671388101983002,0.2574513038304052,1205.523728609085
