{"0": [24.299065420560748, 26.0, 107.0], "1": [41.269841269841265, 26.0, 63.0], "2": [87.71929824561403, 100.0, 114.0], "3": [81.77920685959272, 763.0, 933.0], "4": [96.16724738675958, 276.0, 287.0], "5": [97.75280898876404, 87.0, 89.0], "6": [72.63969171483622, 377.0, 519.0], "7": [NaN, 0.0, 0.0], "8": [66.66666666666666, 4.0, 6.0]}