precision,accuracy,recall,duration
0.3267148238663172,0.2624113475177305,0.45367816558266344,416.58622002601624
