{"0": [54.82142857142858, 307.0, 560.0], "1": [97.87234042553192, 46.0, 47.0], "2": [93.02325581395348, 40.0, 43.0], "3": [82.21574344023324, 282.0, 343.0], "4": [78.66666666666666, 118.0, 150.0], "5": [43.53932584269663, 155.0, 356.0], "6": [56.05786618444847, 310.0, 553.0], "7": [94.11764705882352, 16.0, 17.0], "8": [55.55555555555556, 10.0, 18.0]}