precision,accuracy,recall,duration
0.3224770417549355,0.4052718286655684,0.29779405493285827,468.97057700157166
