{"0": [17.99307958477509, 52.0, 289.0], "1": [100.0, 96.0, 96.0], "2": [34.375, 11.0, 32.0], "3": [79.76878612716763, 138.0, 173.0], "4": [100.0, 147.0, 147.0], "5": [41.66666666666667, 60.0, 144.0], "6": [58.18181818181818, 160.0, 275.0], "7": [100.0, 58.0, 58.0], "8": [NaN, 0.0, 0.0]}