{"0": [19.895287958115183, 38.0, 191.0], "1": [35.714285714285715, 5.0, 14.0], "2": [93.75, 15.0, 16.0], "3": [56.779661016949156, 67.0, 118.0], "4": [84.0, 42.0, 50.0], "5": [35.833333333333336, 43.0, 120.0], "6": [56.56565656565656, 112.0, 198.0], "7": [100.0, 4.0, 4.0], "8": [85.71428571428571, 6.0, 7.0]}