precision,accuracy,recall,duration
0.34869789527890455,0.2851063829787234,0.4433787665945703,413.91698932647705
