precision,accuracy,recall,duration
0.3369459933676868,0.3973634651600753,0.31979099412713263,608.3716430664062
