{"0": [51.056338028169016, 145.0, 284.0], "1": [96.0, 24.0, 25.0], "2": [95.45454545454545, 21.0, 22.0], "3": [71.02272727272727, 125.0, 176.0], "4": [82.27848101265823, 65.0, 79.0], "5": [39.34426229508197, 72.0, 183.0], "6": [66.88963210702342, 200.0, 299.0], "7": [12.5, 1.0, 8.0], "8": [100.0, 8.0, 8.0]}