{"0": [30.76923076923077, 8.0, 26.0], "1": [62.06896551724138, 18.0, 29.0], "2": [88.23529411764706, 30.0, 34.0], "3": [60.36036036036037, 134.0, 222.0], "4": [68.0, 51.0, 75.0], "5": [34.61538461538461, 9.0, 26.0], "6": [79.27927927927928, 88.0, 111.0], "7": [NaN, 0.0, 0.0], "8": [60.0, 6.0, 10.0]}