precision,accuracy,recall,duration
0.3202918236379447,0.17752596789423986,0.21424683030124966,1212.6236445903778
