{"0": [28.037383177570092, 30.0, 107.0], "1": [95.23809523809523, 60.0, 63.0], "2": [98.24561403508771, 112.0, 114.0], "3": [87.2454448017149, 814.0, 933.0], "4": [92.6829268292683, 266.0, 287.0], "5": [61.79775280898876, 55.0, 89.0], "6": [77.26396917148362, 401.0, 519.0], "7": [NaN, 0.0, 0.0], "8": [66.66666666666666, 4.0, 6.0]}