precision,accuracy,recall,duration
0.3434660197147656,0.26912181303116145,0.3684095203509706,597.8695476055145
