{"0": [31.48148148148148, 17.0, 54.0], "1": [39.39393939393939, 13.0, 33.0], "2": [82.75862068965517, 48.0, 58.0], "3": [84.94623655913979, 395.0, 465.0], "4": [96.40287769784173, 134.0, 139.0], "5": [24.444444444444443, 11.0, 45.0], "6": [59.00383141762452, 154.0, 261.0], "7": [NaN, 0.0, 0.0], "8": [50.0, 2.0, 4.0]}