{"0": [69.33333333333334, 52.0, 75.0], "1": [62.5, 55.0, 88.0], "2": [91.81818181818183, 101.0, 110.0], "3": [97.6923076923077, 508.0, 520.0], "4": [86.4321608040201, 172.0, 199.0], "5": [43.75, 28.0, 64.0], "6": [91.796875, 235.0, 256.0], "7": [50.0, 1.0, 2.0], "8": [25.806451612903224, 16.0, 62.0]}