precision,accuracy,recall,duration
0.3093577920957403,0.3800872093023256,0.3804312219876892,641.6931471824646
