{"0": [28.08988764044944, 25.0, 89.0], "1": [56.896551724137936, 33.0, 58.0], "2": [95.74468085106383, 135.0, 141.0], "3": [53.81944444444444, 310.0, 576.0], "4": [78.49462365591397, 146.0, 186.0], "5": [25.333333333333336, 19.0, 75.0], "6": [80.59701492537313, 162.0, 201.0], "7": [100.0, 6.0, 6.0], "8": [38.63636363636363, 17.0, 44.0]}