precision,accuracy,recall,duration
0.2701211494124375,0.3390804597701149,0.31744878101040364,242.78138208389282
