{"0": [42.857142857142854, 24.0, 56.0], "1": [68.29268292682927, 28.0, 41.0], "2": [87.5, 77.0, 88.0], "3": [61.6519174041298, 209.0, 339.0], "4": [69.46564885496184, 91.0, 131.0], "5": [43.39622641509434, 23.0, 53.0], "6": [85.57692307692307, 89.0, 104.0], "7": [100.0, 4.0, 4.0], "8": [55.55555555555556, 30.0, 54.0]}