precision,accuracy,recall,duration
0.24811360263356003,0.21575984990619138,0.35141849451805873,75.94375395774841
