{"0": [62.5, 20.0, 32.0], "1": [100.0, 19.0, 19.0], "2": [97.82608695652173, 45.0, 46.0], "3": [80.81632653061224, 198.0, 245.0], "4": [76.11940298507463, 51.0, 67.0], "5": [28.000000000000004, 7.0, 25.0], "6": [81.31868131868131, 74.0, 91.0], "7": [0.0, 0.0, 1.0], "8": [57.14285714285714, 4.0, 7.0]}