{"0": [60.71428571428571, 340.0, 560.0], "1": [36.17021276595745, 17.0, 47.0], "2": [93.02325581395348, 40.0, 43.0], "3": [90.96209912536443, 312.0, 343.0], "4": [94.0, 141.0, 150.0], "5": [44.10112359550562, 157.0, 356.0], "6": [56.78119349005425, 314.0, 553.0], "7": [76.47058823529412, 13.0, 17.0], "8": [72.22222222222221, 13.0, 18.0]}