best_model_train_loss,best_model_val_loss,best_model_train_acc,best_model_val_acc,best_model_learning_rate,best_model_nb_epoch
0.48392876982688904,1.6142758131027222,0.30279701948165894,0.40783190727233887,0.0010000000474974513,96
