precision,accuracy,recall,duration
0.3377575788649658,0.3744030563514804,0.2925387238940453,596.8354713916779
