{"0": [51.25448028673835, 143.0, 279.0], "1": [96.0, 24.0, 25.0], "2": [95.23809523809523, 20.0, 21.0], "3": [74.85380116959064, 128.0, 171.0], "4": [84.81012658227847, 67.0, 79.0], "5": [41.57303370786517, 74.0, 178.0], "6": [67.98561151079137, 189.0, 278.0], "7": [25.0, 2.0, 8.0], "8": [100.0, 8.0, 8.0]}