{"0": [60.535714285714285, 339.0, 560.0], "1": [34.04255319148936, 16.0, 47.0], "2": [97.67441860465115, 42.0, 43.0], "3": [82.5072886297376, 283.0, 343.0], "4": [96.66666666666667, 145.0, 150.0], "5": [41.01123595505618, 146.0, 356.0], "6": [58.58951175406871, 324.0, 553.0], "7": [76.47058823529412, 13.0, 17.0], "8": [66.66666666666666, 12.0, 18.0]}