{"0": [15.289982425307558, 87.0, 569.0], "1": [53.191489361702125, 25.0, 47.0], "2": [79.54545454545455, 35.0, 44.0], "3": [84.6590909090909, 298.0, 352.0], "4": [83.33333333333334, 125.0, 150.0], "5": [35.89041095890411, 131.0, 365.0], "6": [53.70370370370371, 319.0, 594.0], "7": [88.23529411764706, 15.0, 17.0], "8": [72.22222222222221, 13.0, 18.0]}