{"0": [49.46236559139785, 138.0, 279.0], "1": [48.0, 12.0, 25.0], "2": [100.0, 21.0, 21.0], "3": [75.43859649122807, 129.0, 171.0], "4": [77.21518987341773, 61.0, 79.0], "5": [40.44943820224719, 72.0, 178.0], "6": [64.38848920863309, 179.0, 278.0], "7": [25.0, 2.0, 8.0], "8": [62.5, 5.0, 8.0]}