{"0": [50.43936731107206, 287.0, 569.0], "1": [65.95744680851064, 31.0, 47.0], "2": [95.45454545454545, 42.0, 44.0], "3": [78.4090909090909, 276.0, 352.0], "4": [92.0, 138.0, 150.0], "5": [44.109589041095894, 161.0, 365.0], "6": [73.56902356902357, 437.0, 594.0], "7": [41.17647058823529, 7.0, 17.0], "8": [94.44444444444444, 17.0, 18.0]}