precision,accuracy,recall,duration
0.30162227519414553,0.26534466477809254,0.2525085305103782,611.2658650875092
