{"0": [31.48148148148148, 17.0, 54.0], "1": [84.84848484848484, 28.0, 33.0], "2": [79.3103448275862, 46.0, 58.0], "3": [80.43010752688173, 374.0, 465.0], "4": [76.97841726618705, 107.0, 139.0], "5": [51.11111111111111, 23.0, 45.0], "6": [68.5823754789272, 179.0, 261.0], "7": [NaN, 0.0, 0.0], "8": [100.0, 4.0, 4.0]}