precision,accuracy,recall,duration
0.39072099327501353,0.4623044096728307,0.4070193138320205,319.83003664016724
