precision,accuracy,recall,duration
0.34092764866698194,0.32907801418439714,0.45664255816896543,406.1469554901123
