{"0": [22.22222222222222, 8.0, 36.0], "1": [42.857142857142854, 9.0, 21.0], "2": [80.95238095238095, 34.0, 42.0], "3": [66.55948553054662, 207.0, 311.0], "4": [62.637362637362635, 57.0, 91.0], "5": [27.586206896551722, 8.0, 29.0], "6": [86.20689655172413, 150.0, 174.0], "7": [NaN, 0.0, 0.0], "8": [0.0, 0.0, 1.0]}