{"0": [45.86994727592268, 261.0, 569.0], "1": [40.42553191489361, 19.0, 47.0], "2": [90.9090909090909, 40.0, 44.0], "3": [78.125, 275.0, 352.0], "4": [76.66666666666667, 115.0, 150.0], "5": [42.73972602739726, 156.0, 365.0], "6": [52.861952861952865, 314.0, 594.0], "7": [41.17647058823529, 7.0, 17.0], "8": [77.77777777777779, 14.0, 18.0]}