{"0": [60.105448154657296, 342.0, 569.0], "1": [36.17021276595745, 17.0, 47.0], "2": [81.81818181818183, 36.0, 44.0], "3": [67.32954545454545, 237.0, 352.0], "4": [98.66666666666667, 148.0, 150.0], "5": [35.61643835616438, 130.0, 365.0], "6": [61.111111111111114, 363.0, 594.0], "7": [82.35294117647058, 14.0, 17.0], "8": [72.22222222222221, 13.0, 18.0]}