precision,accuracy,recall,duration
0.334025539303933,0.3276595744680851,0.47145926004446903,414.6218914985657
