{"0": [60.17857142857142, 337.0, 560.0], "1": [36.17021276595745, 17.0, 47.0], "2": [81.3953488372093, 35.0, 43.0], "3": [93.58600583090379, 321.0, 343.0], "4": [91.33333333333333, 137.0, 150.0], "5": [42.13483146067416, 150.0, 356.0], "6": [57.68535262206148, 319.0, 553.0], "7": [70.58823529411765, 12.0, 17.0], "8": [66.66666666666666, 12.0, 18.0]}