precision,accuracy,recall,duration
0.3208166225545334,0.40955137481910275,0.33698330431503315,396.7787675857544
