{"0": [45.45454545454545, 85.0, 187.0], "1": [42.857142857142854, 6.0, 14.0], "2": [93.33333333333333, 14.0, 15.0], "3": [71.9298245614035, 82.0, 114.0], "4": [86.0, 43.0, 50.0], "5": [41.37931034482759, 48.0, 116.0], "6": [65.76086956521739, 121.0, 184.0], "7": [50.0, 2.0, 4.0], "8": [100.0, 7.0, 7.0]}