precision,accuracy,recall,duration
0.2691457658565044,0.38461538461538464,0.2758523421961134,395.66886830329895
