precision,accuracy,recall,duration
0.34282914840888323,0.27238454288407166,0.3116835867712202,607.7886092662811
