precision,accuracy,recall,duration
0.3600473808959037,0.37917860553963706,0.31167567974508414,587.6508741378784
