{"0": [49.82078853046595, 139.0, 279.0], "1": [80.0, 20.0, 25.0], "2": [38.095238095238095, 8.0, 21.0], "3": [92.98245614035088, 159.0, 171.0], "4": [96.20253164556962, 76.0, 79.0], "5": [42.69662921348314, 76.0, 178.0], "6": [57.194244604316545, 159.0, 278.0], "7": [62.5, 5.0, 8.0], "8": [100.0, 8.0, 8.0]}