{"0": [31.48148148148148, 17.0, 54.0], "1": [51.515151515151516, 17.0, 33.0], "2": [79.3103448275862, 46.0, 58.0], "3": [86.66666666666667, 403.0, 465.0], "4": [89.36170212765957, 126.0, 141.0], "5": [24.444444444444443, 11.0, 45.0], "6": [56.70498084291188, 148.0, 261.0], "7": [NaN, 0.0, 0.0], "8": [100.0, 4.0, 4.0]}