precision,accuracy,recall,duration
0.3253482972136223,0.2570093457943925,0.27851980205398796,117.58013129234314
