{"0": [63.63636363636363, 7.0, 11.0], "1": [80.0, 4.0, 5.0], "2": [83.33333333333334, 15.0, 18.0], "3": [76.63551401869158, 82.0, 107.0], "4": [72.0, 18.0, 25.0], "5": [20.0, 2.0, 10.0], "6": [81.57894736842105, 31.0, 38.0], "7": [NaN, 0.0, 0.0], "8": [NaN, 0.0, 0.0]}