{"0": [61.25000000000001, 343.0, 560.0], "1": [42.5531914893617, 20.0, 47.0], "2": [69.76744186046511, 30.0, 43.0], "3": [57.434402332361515, 197.0, 343.0], "4": [96.66666666666667, 145.0, 150.0], "5": [44.9438202247191, 160.0, 356.0], "6": [56.41952983725136, 312.0, 553.0], "7": [70.58823529411765, 12.0, 17.0], "8": [72.22222222222221, 13.0, 18.0]}