precision,accuracy,recall,duration
0.27855198567567974,0.3003784295175024,0.3217811208713596,1211.1333754062653
