{"0": [100.0, 569.0, 569.0], "1": [34.04255319148936, 16.0, 47.0], "2": [97.72727272727273, 43.0, 44.0], "3": [76.70454545454545, 270.0, 352.0], "4": [86.66666666666667, 130.0, 150.0], "5": [36.43835616438356, 133.0, 365.0], "6": [56.3973063973064, 335.0, 594.0], "7": [52.94117647058824, 9.0, 17.0], "8": [72.22222222222221, 13.0, 18.0]}