{"0": [15.508021390374333, 29.0, 187.0], "1": [42.857142857142854, 6.0, 14.0], "2": [80.0, 12.0, 15.0], "3": [75.43859649122807, 86.0, 114.0], "4": [84.0, 42.0, 50.0], "5": [37.93103448275862, 44.0, 116.0], "6": [63.58695652173913, 117.0, 184.0], "7": [100.0, 4.0, 4.0], "8": [100.0, 7.0, 7.0]}