precision,accuracy,recall,duration
0.2489859458820693,0.301498127340824,0.3702180405755372,81.8532567024231
