{"0": [57.57575757575758, 19.0, 33.0], "1": [89.47368421052632, 17.0, 19.0], "2": [93.47826086956522, 43.0, 46.0], "3": [72.24489795918367, 177.0, 245.0], "4": [59.70149253731343, 40.0, 67.0], "5": [24.0, 6.0, 25.0], "6": [70.32967032967034, 64.0, 91.0], "7": [0.0, 0.0, 1.0], "8": [100.0, 7.0, 7.0]}