precision,accuracy,recall,duration
0.35634328528493286,0.40086830680173663,0.33262407151000783,371.2516655921936
