{"0": [55.61497326203209, 104.0, 187.0], "1": [42.857142857142854, 6.0, 14.0], "2": [100.0, 15.0, 15.0], "3": [73.68421052631578, 84.0, 114.0], "4": [80.0, 40.0, 50.0], "5": [37.06896551724138, 43.0, 116.0], "6": [61.41304347826087, 113.0, 184.0], "7": [50.0, 2.0, 4.0], "8": [100.0, 7.0, 7.0]}