{"0": [51.832460732984295, 99.0, 191.0], "1": [42.857142857142854, 6.0, 14.0], "2": [87.5, 14.0, 16.0], "3": [73.72881355932203, 87.0, 118.0], "4": [60.0, 30.0, 50.0], "5": [73.33333333333333, 88.0, 120.0], "6": [64.64646464646465, 128.0, 198.0], "7": [50.0, 2.0, 4.0], "8": [100.0, 7.0, 7.0]}