precision,accuracy,recall,duration
0.22445585071728003,0.279445727482679,0.30893134913602743,203.8863935470581
