{"0": [55.55555555555556, 15.0, 27.0], "1": [62.5, 15.0, 24.0], "2": [95.45454545454545, 42.0, 44.0], "3": [63.74269005847953, 109.0, 171.0], "4": [82.53968253968253, 52.0, 63.0], "5": [48.148148148148145, 13.0, 27.0], "6": [92.5925925925926, 50.0, 54.0], "7": [50.0, 1.0, 2.0], "8": [71.42857142857143, 15.0, 21.0]}