{"0": [61.78571428571429, 346.0, 560.0], "1": [34.04255319148936, 16.0, 47.0], "2": [97.67441860465115, 42.0, 43.0], "3": [88.0466472303207, 302.0, 343.0], "4": [94.0, 141.0, 150.0], "5": [42.97752808988764, 153.0, 356.0], "6": [58.04701627486437, 321.0, 553.0], "7": [52.94117647058824, 9.0, 17.0], "8": [55.55555555555556, 10.0, 18.0]}