best_model_train_loss,best_model_val_loss,best_model_train_acc,best_model_val_acc,best_model_learning_rate,best_model_nb_epoch
0.4467889070510864,0.7744227647781372,0.44125062227249146,0.36329588294029236,0.0010000000474974513,99
