precision,accuracy,recall,duration
0.32175219963862145,0.36329588014981273,0.353504216105636,178.30356287956238
