{"0": [11.11111111111111, 3.0, 27.0], "1": [62.06896551724138, 18.0, 29.0], "2": [97.05882352941177, 33.0, 34.0], "3": [61.261261261261254, 136.0, 222.0], "4": [40.0, 30.0, 75.0], "5": [84.61538461538461, 22.0, 26.0], "6": [81.08108108108108, 90.0, 111.0], "7": [NaN, 0.0, 0.0], "8": [80.0, 8.0, 10.0]}