precision,accuracy,recall,duration
0.2452478028584831,0.34325889164598844,0.21434269531527977,1181.1986508369446
