{"0": [8.159722222222223, 47.0, 576.0], "1": [92.43243243243244, 171.0, 185.0], "2": [63.63636363636363, 42.0, 66.0], "3": [88.15028901734104, 305.0, 346.0], "4": [100.0, 296.0, 296.0], "5": [90.2439024390244, 259.0, 287.0], "6": [64.46886446886447, 352.0, 546.0], "7": [100.0, 116.0, 116.0], "8": [NaN, 0.0, 0.0]}