best_model_train_loss,best_model_val_loss,best_model_train_acc,best_model_val_acc,best_model_learning_rate,best_model_nb_epoch
0.4743538796901703,0.5999172329902649,0.38538628816604614,0.44039735198020935,0.0010000000474974513,79
