precision,accuracy,recall,duration
0.3581073201510796,0.37133396404919583,0.3590664056768366,1231.529616355896
