{"0": [59.05096660808435, 336.0, 569.0], "1": [31.914893617021278, 15.0, 47.0], "2": [81.81818181818183, 36.0, 44.0], "3": [74.43181818181817, 262.0, 352.0], "4": [98.0, 147.0, 150.0], "5": [41.0958904109589, 150.0, 365.0], "6": [67.34006734006735, 400.0, 594.0], "7": [58.82352941176471, 10.0, 17.0], "8": [66.66666666666666, 12.0, 18.0]}