{"0": [46.83098591549296, 133.0, 284.0], "1": [40.0, 10.0, 25.0], "2": [86.36363636363636, 19.0, 22.0], "3": [72.72727272727273, 128.0, 176.0], "4": [87.34177215189874, 69.0, 79.0], "5": [32.240437158469945, 59.0, 183.0], "6": [64.54849498327759, 193.0, 299.0], "7": [62.5, 5.0, 8.0], "8": [87.5, 7.0, 8.0]}