best_model_train_loss,best_model_val_loss,best_model_train_acc,best_model_val_acc,best_model_learning_rate,best_model_nb_epoch
0.47057923674583435,0.5338284373283386,0.42073169350624084,0.2851063907146454,0.0010000000474974513,88
