precision,accuracy,recall,duration
0.37644649849450373,0.4384949348769899,0.37632933045403283,399.7303183078766
