precision,accuracy,recall,duration
0.3530103465237493,0.3574468085106383,0.4504170404122358,327.478764295578
