{"0": [22.22222222222222, 8.0, 36.0], "1": [38.095238095238095, 8.0, 21.0], "2": [97.61904761904762, 41.0, 42.0], "3": [65.91639871382637, 205.0, 311.0], "4": [85.71428571428571, 78.0, 91.0], "5": [24.137931034482758, 7.0, 29.0], "6": [60.91954022988506, 106.0, 174.0], "7": [NaN, 0.0, 0.0], "8": [0.0, 0.0, 1.0]}