{"0": [50.80213903743316, 95.0, 187.0], "1": [28.57142857142857, 4.0, 14.0], "2": [93.33333333333333, 14.0, 15.0], "3": [50.0, 57.0, 114.0], "4": [82.0, 41.0, 50.0], "5": [41.37931034482759, 48.0, 116.0], "6": [65.21739130434783, 120.0, 184.0], "7": [50.0, 2.0, 4.0], "8": [100.0, 7.0, 7.0]}