precision,accuracy,recall,duration
0.3632468309987619,0.31063829787234043,0.4565500703838288,416.45635890960693
