{"0": [22.22222222222222, 8.0, 36.0], "1": [52.38095238095239, 11.0, 21.0], "2": [73.80952380952381, 31.0, 42.0], "3": [80.70739549839229, 251.0, 311.0], "4": [70.32967032967034, 64.0, 91.0], "5": [24.137931034482758, 7.0, 29.0], "6": [65.51724137931035, 114.0, 174.0], "7": [NaN, 0.0, 0.0], "8": [0.0, 0.0, 1.0]}