{"0": [41.30052724077329, 235.0, 569.0], "1": [38.297872340425535, 18.0, 47.0], "2": [93.18181818181817, 41.0, 44.0], "3": [56.53409090909091, 199.0, 352.0], "4": [91.33333333333333, 137.0, 150.0], "5": [40.273972602739725, 147.0, 365.0], "6": [60.26936026936027, 358.0, 594.0], "7": [94.11764705882352, 16.0, 17.0], "8": [61.111111111111114, 11.0, 18.0]}