{"0": [55.497382198952884, 106.0, 191.0], "1": [42.857142857142854, 6.0, 14.0], "2": [75.0, 12.0, 16.0], "3": [72.88135593220339, 86.0, 118.0], "4": [56.00000000000001, 28.0, 50.0], "5": [76.66666666666667, 92.0, 120.0], "6": [76.26262626262627, 151.0, 198.0], "7": [50.0, 2.0, 4.0], "8": [100.0, 7.0, 7.0]}