{"0": [42.32142857142857, 237.0, 560.0], "1": [36.17021276595745, 17.0, 47.0], "2": [88.37209302325581, 38.0, 43.0], "3": [94.75218658892129, 325.0, 343.0], "4": [95.33333333333334, 143.0, 150.0], "5": [44.38202247191011, 158.0, 356.0], "6": [58.22784810126582, 322.0, 553.0], "7": [94.11764705882352, 16.0, 17.0], "8": [55.55555555555556, 10.0, 18.0]}