{"0": [44.81546572934973, 255.0, 569.0], "1": [36.17021276595745, 17.0, 47.0], "2": [97.72727272727273, 43.0, 44.0], "3": [87.7840909090909, 309.0, 352.0], "4": [80.66666666666666, 121.0, 150.0], "5": [44.109589041095894, 161.0, 365.0], "6": [51.34680134680135, 305.0, 594.0], "7": [52.94117647058824, 9.0, 17.0], "8": [88.88888888888889, 16.0, 18.0]}