precision,accuracy,recall,duration
0.38199160495341405,0.41399137517968376,0.3768098049793322,1006.3155875205994
