{"0": [54.107142857142854, 303.0, 560.0], "1": [29.78723404255319, 14.0, 47.0], "2": [97.67441860465115, 42.0, 43.0], "3": [75.51020408163265, 259.0, 343.0], "4": [88.66666666666667, 133.0, 150.0], "5": [37.359550561797754, 133.0, 356.0], "6": [57.50452079566004, 318.0, 553.0], "7": [64.70588235294117, 11.0, 17.0], "8": [55.55555555555556, 10.0, 18.0]}