{"0": [46.07329842931937, 88.0, 191.0], "1": [78.57142857142857, 11.0, 14.0], "2": [87.5, 14.0, 16.0], "3": [75.42372881355932, 89.0, 118.0], "4": [90.0, 45.0, 50.0], "5": [38.333333333333336, 46.0, 120.0], "6": [77.27272727272727, 153.0, 198.0], "7": [50.0, 2.0, 4.0], "8": [100.0, 7.0, 7.0]}