{"0": [77.54010695187165, 145.0, 187.0], "1": [100.0, 14.0, 14.0], "2": [100.0, 15.0, 15.0], "3": [85.08771929824562, 97.0, 114.0], "4": [70.0, 35.0, 50.0], "5": [86.20689655172413, 100.0, 116.0], "6": [55.97826086956522, 103.0, 184.0], "7": [0.0, 0.0, 4.0], "8": [100.0, 7.0, 7.0]}