{"0": [55.36028119507909, 315.0, 569.0], "1": [44.680851063829785, 21.0, 47.0], "2": [93.18181818181817, 41.0, 44.0], "3": [76.13636363636364, 268.0, 352.0], "4": [82.66666666666667, 124.0, 150.0], "5": [30.958904109589042, 113.0, 365.0], "6": [56.060606060606055, 333.0, 594.0], "7": [41.17647058823529, 7.0, 17.0], "8": [77.77777777777779, 14.0, 18.0]}