{"0": [58.1151832460733, 111.0, 191.0], "1": [35.714285714285715, 5.0, 14.0], "2": [93.75, 15.0, 16.0], "3": [83.89830508474576, 99.0, 118.0], "4": [98.0, 49.0, 50.0], "5": [36.666666666666664, 44.0, 120.0], "6": [67.67676767676768, 134.0, 198.0], "7": [50.0, 2.0, 4.0], "8": [85.71428571428571, 6.0, 7.0]}