precision,accuracy,recall,duration
0.29566127068789705,0.2242681775259679,0.26765859517219837,1201.8745350837708
