{"0": [28.037383177570092, 30.0, 107.0], "1": [31.746031746031743, 20.0, 63.0], "2": [89.47368421052632, 102.0, 114.0], "3": [81.45766345123259, 760.0, 933.0], "4": [95.1219512195122, 273.0, 287.0], "5": [95.50561797752809, 85.0, 89.0], "6": [71.09826589595376, 369.0, 519.0], "7": [NaN, 0.0, 0.0], "8": [66.66666666666666, 4.0, 6.0]}