precision,accuracy,recall,duration
0.38289176480446296,0.38865248226950355,0.48518258361367356,429.00210309028625
