{"0": [54.929577464788736, 156.0, 284.0], "1": [84.0, 21.0, 25.0], "2": [100.0, 22.0, 22.0], "3": [66.47727272727273, 117.0, 176.0], "4": [82.27848101265823, 65.0, 79.0], "5": [36.6120218579235, 67.0, 183.0], "6": [64.54849498327759, 193.0, 299.0], "7": [0.0, 0.0, 8.0], "8": [62.5, 5.0, 8.0]}