precision,accuracy,recall,duration
0.2856818530352253,0.2950354609929078,0.37465795050708384,399.5384349822998
