precision,accuracy,recall,duration
0.25131191203355185,0.2768895348837209,0.300739131127236,201.22678112983704
