{"0": [17.333333333333336, 13.0, 75.0], "1": [62.5, 55.0, 88.0], "2": [94.54545454545455, 104.0, 110.0], "3": [63.46153846153846, 330.0, 520.0], "4": [100.0, 199.0, 199.0], "5": [62.5, 40.0, 64.0], "6": [88.671875, 227.0, 256.0], "7": [100.0, 2.0, 2.0], "8": [40.32258064516129, 25.0, 62.0]}