precision,accuracy,recall,duration
0.3295121470734252,0.26203966005665724,0.24803199007008858,1214.3261914253235
