precision,accuracy,recall,duration
0.3391680553396583,0.28328611898017,0.25733082064094076,1192.0778605937958
