{"0": [33.64485981308411, 36.0, 107.0], "1": [90.47619047619048, 57.0, 63.0], "2": [83.33333333333334, 95.0, 114.0], "3": [71.59699892818864, 668.0, 933.0], "4": [83.97212543554006, 241.0, 287.0], "5": [50.56179775280899, 45.0, 89.0], "6": [71.48362235067437, 371.0, 519.0], "7": [NaN, 0.0, 0.0], "8": [83.33333333333334, 5.0, 6.0]}