{"0": [25.233644859813083, 27.0, 107.0], "1": [93.65079365079364, 59.0, 63.0], "2": [85.96491228070175, 98.0, 114.0], "3": [72.9903536977492, 681.0, 933.0], "4": [87.8048780487805, 252.0, 287.0], "5": [51.68539325842697, 46.0, 89.0], "6": [76.10789980732177, 395.0, 519.0], "7": [NaN, 0.0, 0.0], "8": [83.33333333333334, 5.0, 6.0]}