{"0": [56.607142857142854, 317.0, 560.0], "1": [36.17021276595745, 17.0, 47.0], "2": [88.37209302325581, 38.0, 43.0], "3": [87.75510204081633, 301.0, 343.0], "4": [93.33333333333333, 140.0, 150.0], "5": [38.764044943820224, 138.0, 356.0], "6": [59.3128390596745, 328.0, 553.0], "7": [52.94117647058824, 9.0, 17.0], "8": [72.22222222222221, 13.0, 18.0]}