{"0": [56.42857142857143, 316.0, 560.0], "1": [36.17021276595745, 17.0, 47.0], "2": [83.72093023255815, 36.0, 43.0], "3": [78.134110787172, 268.0, 343.0], "4": [86.66666666666667, 130.0, 150.0], "5": [36.235955056179776, 129.0, 356.0], "6": [59.49367088607595, 329.0, 553.0], "7": [29.411764705882355, 5.0, 17.0], "8": [83.33333333333334, 15.0, 18.0]}