precision,accuracy,recall,duration
0.36404470367660213,0.3486281929990539,0.3625004655114681,1227.0173416137695
