{"0": [59.40246045694201, 338.0, 569.0], "1": [63.829787234042556, 30.0, 47.0], "2": [90.9090909090909, 40.0, 44.0], "3": [51.13636363636363, 180.0, 352.0], "4": [100.0, 150.0, 150.0], "5": [42.465753424657535, 155.0, 365.0], "6": [86.02693602693603, 511.0, 594.0], "7": [58.82352941176471, 10.0, 17.0], "8": [22.22222222222222, 4.0, 18.0]}