{"0": [44.81546572934973, 255.0, 569.0], "1": [38.297872340425535, 18.0, 47.0], "2": [97.72727272727273, 43.0, 44.0], "3": [80.11363636363636, 282.0, 352.0], "4": [88.66666666666667, 133.0, 150.0], "5": [38.63013698630137, 141.0, 365.0], "6": [48.98989898989899, 291.0, 594.0], "7": [52.94117647058824, 9.0, 17.0], "8": [94.44444444444444, 17.0, 18.0]}