{"0": [60.0, 336.0, 560.0], "1": [46.808510638297875, 22.0, 47.0], "2": [95.34883720930233, 41.0, 43.0], "3": [86.58892128279884, 297.0, 343.0], "4": [96.0, 144.0, 150.0], "5": [41.57303370786517, 148.0, 356.0], "6": [54.249547920434, 300.0, 553.0], "7": [58.82352941176471, 10.0, 17.0], "8": [66.66666666666666, 12.0, 18.0]}