precision,accuracy,recall,duration
0.32233833116242416,0.27092198581560284,0.46070630462839507,417.9668743610382
