{"0": [27.77777777777778, 10.0, 36.0], "1": [38.095238095238095, 8.0, 21.0], "2": [71.42857142857143, 30.0, 42.0], "3": [84.2443729903537, 262.0, 311.0], "4": [49.45054945054945, 45.0, 91.0], "5": [27.586206896551722, 8.0, 29.0], "6": [86.7816091954023, 151.0, 174.0], "7": [NaN, 0.0, 0.0], "8": [0.0, 0.0, 1.0]}