{"0": [50.71428571428571, 284.0, 560.0], "1": [38.297872340425535, 18.0, 47.0], "2": [67.44186046511628, 29.0, 43.0], "3": [55.10204081632652, 189.0, 343.0], "4": [92.66666666666666, 139.0, 150.0], "5": [44.10112359550562, 157.0, 356.0], "6": [57.86618444846293, 320.0, 553.0], "7": [64.70588235294117, 11.0, 17.0], "8": [72.22222222222221, 13.0, 18.0]}