{"0": [31.45869947275923, 179.0, 569.0], "1": [36.17021276595745, 17.0, 47.0], "2": [88.63636363636364, 39.0, 44.0], "3": [53.97727272727273, 190.0, 352.0], "4": [97.33333333333334, 146.0, 150.0], "5": [35.89041095890411, 131.0, 365.0], "6": [59.93265993265994, 356.0, 594.0], "7": [70.58823529411765, 12.0, 17.0], "8": [72.22222222222221, 13.0, 18.0]}