{"0": [53.602811950790866, 305.0, 569.0], "1": [57.446808510638306, 27.0, 47.0], "2": [95.45454545454545, 42.0, 44.0], "3": [85.22727272727273, 300.0, 352.0], "4": [90.66666666666666, 136.0, 150.0], "5": [41.64383561643836, 152.0, 365.0], "6": [54.04040404040404, 321.0, 594.0], "7": [64.70588235294117, 11.0, 17.0], "8": [72.22222222222221, 13.0, 18.0]}