best_model_train_loss,best_model_val_loss,best_model_train_acc,best_model_val_acc,best_model_learning_rate,best_model_nb_epoch
0.44650691747665405,1.3677749633789062,0.40254130959510803,0.2965061366558075,0.0010000000474974513,93
