precision,accuracy,recall,duration
0.2713337674943187,0.24173748819641172,0.24673329264663982,599.5398437976837
