{"0": [24.074074074074073, 13.0, 54.0], "1": [21.21212121212121, 7.0, 33.0], "2": [87.93103448275862, 51.0, 58.0], "3": [77.63440860215054, 361.0, 465.0], "4": [93.5251798561151, 130.0, 139.0], "5": [100.0, 45.0, 45.0], "6": [73.5632183908046, 192.0, 261.0], "7": [NaN, 0.0, 0.0], "8": [100.0, 4.0, 4.0]}