precision,accuracy,recall,duration
0.39549376808737247,0.17799811142587346,0.2665821122526792,1212.6656289100647
