{"0": [28.971962616822427, 31.0, 107.0], "1": [90.47619047619048, 57.0, 63.0], "2": [90.35087719298247, 103.0, 114.0], "3": [95.28403001071811, 889.0, 933.0], "4": [97.90940766550523, 281.0, 287.0], "5": [41.57303370786517, 37.0, 89.0], "6": [65.51059730250482, 340.0, 519.0], "7": [NaN, 0.0, 0.0], "8": [50.0, 3.0, 6.0]}