precision,accuracy,recall,duration
0.33759387885915404,0.38264580369843526,0.31554444215196875,322.05269169807434
