{"0": [52.35602094240838, 100.0, 191.0], "1": [85.71428571428571, 12.0, 14.0], "2": [93.75, 15.0, 16.0], "3": [72.03389830508475, 85.0, 118.0], "4": [80.0, 40.0, 50.0], "5": [35.833333333333336, 43.0, 120.0], "6": [73.73737373737373, 146.0, 198.0], "7": [25.0, 1.0, 4.0], "8": [100.0, 7.0, 7.0]}