precision,accuracy,recall,duration
0.3721244031980111,0.3900709219858156,0.4742577507388831,425.69919633865356
