precision,accuracy,recall,duration
0.3364187090796222,0.3467048710601719,0.29699864059985276,597.6977660655975
