{"0": [53.04659498207885, 148.0, 279.0], "1": [96.0, 24.0, 25.0], "2": [95.23809523809523, 20.0, 21.0], "3": [78.94736842105263, 135.0, 171.0], "4": [92.40506329113924, 73.0, 79.0], "5": [49.43820224719101, 88.0, 178.0], "6": [67.62589928057554, 188.0, 278.0], "7": [0.0, 0.0, 8.0], "8": [100.0, 8.0, 8.0]}