precision,accuracy,recall,duration
0.3505890008850231,0.41511771995043373,0.282961572589855,400.4644739627838
