{"0": [11.917098445595855, 23.0, 193.0], "1": [100.0, 59.0, 59.0], "2": [62.5, 15.0, 24.0], "3": [82.35294117647058, 98.0, 119.0], "4": [80.41237113402062, 78.0, 97.0], "5": [42.391304347826086, 39.0, 92.0], "6": [65.76086956521739, 121.0, 184.0], "7": [100.0, 39.0, 39.0], "8": [NaN, 0.0, 0.0]}