precision,accuracy,recall,duration
0.32592906164568475,0.2696220930232558,0.29378397018758606,390.6168978214264
