{"0": [68.0, 51.0, 75.0], "1": [89.77272727272727, 79.0, 88.0], "2": [99.0909090909091, 109.0, 110.0], "3": [58.46153846153847, 304.0, 520.0], "4": [93.46733668341709, 186.0, 199.0], "5": [46.875, 30.0, 64.0], "6": [84.765625, 217.0, 256.0], "7": [50.0, 1.0, 2.0], "8": [45.16129032258064, 28.0, 62.0]}