precision,accuracy,recall,duration
0.29935072977571453,0.29645390070921984,0.4405858302816576,405.395610332489
