{"0": [55.55555555555556, 20.0, 36.0], "1": [33.33333333333333, 7.0, 21.0], "2": [76.19047619047619, 32.0, 42.0], "3": [80.70739549839229, 251.0, 311.0], "4": [70.32967032967034, 64.0, 91.0], "5": [20.689655172413794, 6.0, 29.0], "6": [66.66666666666666, 116.0, 174.0], "7": [NaN, 0.0, 0.0], "8": [0.0, 0.0, 1.0]}