{"0": [69.24428822495607, 394.0, 569.0], "1": [65.95744680851064, 31.0, 47.0], "2": [97.72727272727273, 43.0, 44.0], "3": [60.51136363636363, 213.0, 352.0], "4": [74.66666666666667, 112.0, 150.0], "5": [44.657534246575345, 163.0, 365.0], "6": [51.178451178451176, 304.0, 594.0], "7": [70.58823529411765, 12.0, 17.0], "8": [72.22222222222221, 13.0, 18.0]}