precision,accuracy,recall,duration
0.3201191085533987,0.324822695035461,0.4450684117036633,416.05082178115845
