{"0": [19.444444444444446, 7.0, 36.0], "1": [38.095238095238095, 8.0, 21.0], "2": [100.0, 42.0, 42.0], "3": [69.45337620578779, 216.0, 311.0], "4": [86.81318681318682, 79.0, 91.0], "5": [17.24137931034483, 5.0, 29.0], "6": [68.39080459770115, 119.0, 174.0], "7": [NaN, 0.0, 0.0], "8": [0.0, 0.0, 1.0]}