precision,accuracy,recall,duration
0.35153552373004465,0.33617021276595743,0.46394663753387927,416.84754943847656
