{"0": [48.57142857142857, 272.0, 560.0], "1": [34.04255319148936, 16.0, 47.0], "2": [97.67441860465115, 42.0, 43.0], "3": [55.39358600583091, 190.0, 343.0], "4": [90.0, 135.0, 150.0], "5": [37.92134831460674, 135.0, 356.0], "6": [60.03616636528029, 332.0, 553.0], "7": [58.82352941176471, 10.0, 17.0], "8": [77.77777777777779, 14.0, 18.0]}