precision,accuracy,recall,duration
0.30651305035942145,0.2577903682719547,0.2599116506093261,605.0256953239441
