{"0": [31.48148148148148, 17.0, 54.0], "1": [90.9090909090909, 30.0, 33.0], "2": [74.13793103448276, 43.0, 58.0], "3": [72.90322580645162, 339.0, 465.0], "4": [93.5251798561151, 130.0, 139.0], "5": [51.11111111111111, 23.0, 45.0], "6": [77.01149425287356, 201.0, 261.0], "7": [NaN, 0.0, 0.0], "8": [75.0, 3.0, 4.0]}