precision,accuracy,recall,duration
0.3288684393817271,0.3849493487698987,0.3050196369365654,398.6701123714447
