{"0": [57.99648506151143, 330.0, 569.0], "1": [97.87234042553192, 46.0, 47.0], "2": [97.72727272727273, 43.0, 44.0], "3": [79.54545454545455, 280.0, 352.0], "4": [86.66666666666667, 130.0, 150.0], "5": [41.369863013698634, 151.0, 365.0], "6": [70.03367003367003, 416.0, 594.0], "7": [0.0, 0.0, 17.0], "8": [100.0, 18.0, 18.0]}