precision,accuracy,recall,duration
0.34607401761646067,0.3457497612225406,0.3175804761789005,549.1431064605713
