{"0": [59.49820788530465, 166.0, 279.0], "1": [32.0, 8.0, 25.0], "2": [90.47619047619048, 19.0, 21.0], "3": [80.7017543859649, 138.0, 171.0], "4": [89.87341772151899, 71.0, 79.0], "5": [39.325842696629216, 70.0, 178.0], "6": [72.3021582733813, 201.0, 278.0], "7": [50.0, 4.0, 8.0], "8": [100.0, 8.0, 8.0]}