{"0": [60.98418277680141, 347.0, 569.0], "1": [36.17021276595745, 17.0, 47.0], "2": [93.18181818181817, 41.0, 44.0], "3": [88.35227272727273, 311.0, 352.0], "4": [94.0, 141.0, 150.0], "5": [38.63013698630137, 141.0, 365.0], "6": [59.59595959595959, 354.0, 594.0], "7": [41.17647058823529, 7.0, 17.0], "8": [83.33333333333334, 15.0, 18.0]}