precision,accuracy,recall,duration
0.3673330515959585,0.39498580889309365,0.35336055443560105,1178.9506387710571
