{"0": [48.50615114235501, 276.0, 569.0], "1": [44.680851063829785, 21.0, 47.0], "2": [95.45454545454545, 42.0, 44.0], "3": [88.92045454545455, 313.0, 352.0], "4": [87.33333333333333, 131.0, 150.0], "5": [34.794520547945204, 127.0, 365.0], "6": [65.48821548821549, 389.0, 594.0], "7": [47.05882352941176, 8.0, 17.0], "8": [72.22222222222221, 13.0, 18.0]}