{"0": [63.620386643233736, 362.0, 569.0], "1": [38.297872340425535, 18.0, 47.0], "2": [93.18181818181817, 41.0, 44.0], "3": [73.29545454545455, 258.0, 352.0], "4": [98.0, 147.0, 150.0], "5": [42.465753424657535, 155.0, 365.0], "6": [57.91245791245792, 344.0, 594.0], "7": [76.47058823529412, 13.0, 17.0], "8": [61.111111111111114, 11.0, 18.0]}