precision,accuracy,recall,duration
0.30581544659723103,0.30206378986866794,0.3405548472485592,319.1913056373596
