{"0": [38.46153846153847, 10.0, 26.0], "1": [58.620689655172406, 17.0, 29.0], "2": [94.11764705882352, 32.0, 34.0], "3": [72.97297297297297, 162.0, 222.0], "4": [46.666666666666664, 35.0, 75.0], "5": [30.76923076923077, 8.0, 26.0], "6": [91.8918918918919, 102.0, 111.0], "7": [NaN, 0.0, 0.0], "8": [60.0, 6.0, 10.0]}