precision,accuracy,recall,duration
0.4009495077831205,0.3635505193578848,0.39841288492830956,1189.2275223731995
