precision,accuracy,recall,duration
0.418866313012391,0.4602026049204052,0.43818628673904597,397.66413140296936
