{"0": [50.26737967914438, 94.0, 187.0], "1": [50.0, 7.0, 14.0], "2": [86.66666666666667, 13.0, 15.0], "3": [52.63157894736842, 60.0, 114.0], "4": [62.0, 31.0, 50.0], "5": [44.827586206896555, 52.0, 116.0], "6": [59.2391304347826, 109.0, 184.0], "7": [0.0, 0.0, 4.0], "8": [100.0, 7.0, 7.0]}