{"0": [25.233644859813083, 27.0, 107.0], "1": [36.507936507936506, 23.0, 63.0], "2": [90.35087719298247, 103.0, 114.0], "3": [64.30868167202573, 600.0, 933.0], "4": [82.22996515679442, 236.0, 287.0], "5": [29.213483146067414, 26.0, 89.0], "6": [63.58381502890174, 330.0, 519.0], "7": [NaN, 0.0, 0.0], "8": [50.0, 3.0, 6.0]}