{"0": [42.25352112676056, 120.0, 284.0], "1": [40.0, 10.0, 25.0], "2": [100.0, 22.0, 22.0], "3": [72.1590909090909, 127.0, 176.0], "4": [86.07594936708861, 68.0, 79.0], "5": [34.42622950819672, 63.0, 183.0], "6": [48.49498327759198, 145.0, 299.0], "7": [62.5, 5.0, 8.0], "8": [87.5, 7.0, 8.0]}