precision,accuracy,recall,duration
0.4059974866759709,0.4413434247871334,0.3745094264834642,1184.0658435821533
