precision,accuracy,recall,duration
0.35277926201387505,0.3097261567516525,0.3898436180401042,591.6845645904541
