{"0": [29.629629629629626, 16.0, 54.0], "1": [33.33333333333333, 11.0, 33.0], "2": [82.75862068965517, 48.0, 58.0], "3": [90.96774193548387, 423.0, 465.0], "4": [66.18705035971223, 92.0, 139.0], "5": [22.22222222222222, 10.0, 45.0], "6": [49.042145593869726, 128.0, 261.0], "7": [NaN, 0.0, 0.0], "8": [75.0, 3.0, 4.0]}