{"0": [52.54833040421792, 299.0, 569.0], "1": [27.659574468085108, 13.0, 47.0], "2": [90.9090909090909, 40.0, 44.0], "3": [77.55681818181817, 273.0, 352.0], "4": [88.66666666666667, 133.0, 150.0], "5": [32.87671232876712, 120.0, 365.0], "6": [53.36700336700336, 317.0, 594.0], "7": [64.70588235294117, 11.0, 17.0], "8": [77.77777777777779, 14.0, 18.0]}