{"0": [51.24999999999999, 287.0, 560.0], "1": [38.297872340425535, 18.0, 47.0], "2": [86.04651162790698, 37.0, 43.0], "3": [74.34402332361516, 255.0, 343.0], "4": [88.0, 132.0, 150.0], "5": [36.51685393258427, 130.0, 356.0], "6": [60.94032549728752, 337.0, 553.0], "7": [47.05882352941176, 8.0, 17.0], "8": [88.88888888888889, 16.0, 18.0]}