{"0": [63.39285714285714, 355.0, 560.0], "1": [34.04255319148936, 16.0, 47.0], "2": [81.3953488372093, 35.0, 43.0], "3": [88.92128279883383, 305.0, 343.0], "4": [98.0, 147.0, 150.0], "5": [42.41573033707865, 151.0, 356.0], "6": [60.75949367088608, 336.0, 553.0], "7": [64.70588235294117, 11.0, 17.0], "8": [88.88888888888889, 16.0, 18.0]}