precision,accuracy,recall,duration
0.31211799954147257,0.32082551594746717,0.31764246576112704,158.08145189285278
