precision,accuracy,recall,duration
0.32862809600532317,0.35745296671490595,0.2990240948195794,397.92376732826233
