{"0": [57.21925133689839, 107.0, 187.0], "1": [85.71428571428571, 12.0, 14.0], "2": [93.33333333333333, 14.0, 15.0], "3": [83.33333333333334, 95.0, 114.0], "4": [80.0, 40.0, 50.0], "5": [40.51724137931034, 47.0, 116.0], "6": [65.76086956521739, 121.0, 184.0], "7": [25.0, 1.0, 4.0], "8": [100.0, 7.0, 7.0]}