precision,accuracy,recall,duration
0.32233622555588864,0.30666027791087686,0.2896179002827702,1014.9503471851349
