{"0": [95.53571428571429, 535.0, 560.0], "1": [42.5531914893617, 20.0, 47.0], "2": [97.67441860465115, 42.0, 43.0], "3": [74.05247813411079, 254.0, 343.0], "4": [82.0, 123.0, 150.0], "5": [38.20224719101123, 136.0, 356.0], "6": [56.05786618444847, 310.0, 553.0], "7": [58.82352941176471, 10.0, 17.0], "8": [94.44444444444444, 17.0, 18.0]}