{"0": [51.832460732984295, 99.0, 191.0], "1": [42.857142857142854, 6.0, 14.0], "2": [81.25, 13.0, 16.0], "3": [72.88135593220339, 86.0, 118.0], "4": [86.0, 43.0, 50.0], "5": [35.833333333333336, 43.0, 120.0], "6": [59.09090909090909, 117.0, 198.0], "7": [50.0, 2.0, 4.0], "8": [100.0, 7.0, 7.0]}