{"0": [99.47643979057592, 190.0, 191.0], "1": [35.714285714285715, 5.0, 14.0], "2": [100.0, 16.0, 16.0], "3": [85.59322033898306, 101.0, 118.0], "4": [82.0, 41.0, 50.0], "5": [39.166666666666664, 47.0, 120.0], "6": [62.121212121212125, 123.0, 198.0], "7": [25.0, 1.0, 4.0], "8": [100.0, 7.0, 7.0]}