best_model_train_loss,best_model_val_loss,best_model_train_acc,best_model_val_acc,best_model_learning_rate,best_model_nb_epoch
0.40711483359336853,0.6220155358314514,0.45854270458221436,0.41588786244392395,0.0010000000474974513,108
