precision,accuracy,recall,duration
0.34980461320330597,0.35046728971962615,0.378356588787807,181.35342955589294
