{"0": [68.98395721925134, 129.0, 187.0], "1": [42.857142857142854, 6.0, 14.0], "2": [80.0, 12.0, 15.0], "3": [89.47368421052632, 102.0, 114.0], "4": [96.0, 48.0, 50.0], "5": [42.241379310344826, 49.0, 116.0], "6": [65.76086956521739, 121.0, 184.0], "7": [50.0, 2.0, 4.0], "8": [100.0, 7.0, 7.0]}