best_model_train_loss,best_model_val_loss,best_model_train_acc,best_model_val_acc,best_model_learning_rate,best_model_nb_epoch
0.4336998164653778,2.4133925437927246,0.4242890179157257,0.42836469411849976,0.0010000000474974513,97
