precision,accuracy,recall,duration
0.35465897872740487,0.38060781476121563,0.34066906143022113,402.2355372905731
