{"0": [48.1283422459893, 90.0, 187.0], "1": [42.857142857142854, 6.0, 14.0], "2": [80.0, 12.0, 15.0], "3": [75.43859649122807, 86.0, 114.0], "4": [82.0, 41.0, 50.0], "5": [40.51724137931034, 47.0, 116.0], "6": [74.45652173913044, 137.0, 184.0], "7": [50.0, 2.0, 4.0], "8": [100.0, 7.0, 7.0]}