best_model_train_loss,best_model_val_loss,best_model_train_acc,best_model_val_acc,best_model_learning_rate,best_model_nb_epoch
0.4365544617176056,0.9903570413589478,0.4398983418941498,0.38243627548217773,0.0010000000474974513,86
