precision,accuracy,recall,duration
0.39462702585348314,0.3954588457899716,0.37114975385208926,1213.1169102191925
