precision,accuracy,recall,duration
0.37330920911689064,0.39943342776203966,0.39007015830540326,597.6373391151428
