{"0": [56.59050966608085, 322.0, 569.0], "1": [31.914893617021278, 15.0, 47.0], "2": [88.63636363636364, 39.0, 44.0], "3": [84.0909090909091, 296.0, 352.0], "4": [90.0, 135.0, 150.0], "5": [37.80821917808219, 138.0, 365.0], "6": [59.427609427609426, 353.0, 594.0], "7": [70.58823529411765, 12.0, 17.0], "8": [50.0, 9.0, 18.0]}