{"0": [29.629629629629626, 16.0, 54.0], "1": [39.39393939393939, 13.0, 33.0], "2": [58.620689655172406, 34.0, 58.0], "3": [66.02150537634408, 307.0, 465.0], "4": [82.01438848920863, 114.0, 139.0], "5": [20.0, 9.0, 45.0], "6": [53.25670498084292, 139.0, 261.0], "7": [NaN, 0.0, 0.0], "8": [100.0, 4.0, 4.0]}