precision,accuracy,recall,duration
0.34812017149399266,0.3902439024390244,0.41129695852819587,80.15759420394897
