{"0": [34.61538461538461, 9.0, 26.0], "1": [65.51724137931035, 19.0, 29.0], "2": [85.29411764705883, 29.0, 34.0], "3": [65.31531531531532, 145.0, 222.0], "4": [49.333333333333336, 37.0, 75.0], "5": [26.923076923076923, 7.0, 26.0], "6": [63.96396396396396, 71.0, 111.0], "7": [NaN, 0.0, 0.0], "8": [80.0, 8.0, 10.0]}