best_model_train_loss,best_model_val_loss,best_model_train_acc,best_model_val_acc,best_model_learning_rate,best_model_nb_epoch
0.45230937004089355,0.5504258871078491,0.45406022667884827,0.3503546118736267,0.0010000000474974513,91
