precision,accuracy,recall,duration
0.35632811671013337,0.3049645390070922,0.46316860293834833,427.73279905319214
