{"0": [19.444444444444446, 7.0, 36.0], "1": [47.61904761904761, 10.0, 21.0], "2": [80.95238095238095, 34.0, 42.0], "3": [81.9935691318328, 255.0, 311.0], "4": [69.23076923076923, 63.0, 91.0], "5": [17.24137931034483, 5.0, 29.0], "6": [66.66666666666666, 116.0, 174.0], "7": [NaN, 0.0, 0.0], "8": [0.0, 0.0, 1.0]}