best_model_train_loss,best_model_val_loss,best_model_train_acc,best_model_val_acc,best_model_learning_rate,best_model_nb_epoch
0.4478721022605896,1.3526346683502197,0.40817880630493164,0.2919020652770996,0.0010000000474974513,93
