precision,accuracy,recall,duration
0.27175964147146264,0.288135593220339,0.2910543134237899,598.5835828781128
