precision,accuracy,recall,duration
0.37226697219298877,0.41134751773049644,0.4870059701064616,418.15723395347595
