{"0": [19.444444444444446, 7.0, 36.0], "1": [38.095238095238095, 8.0, 21.0], "2": [95.23809523809523, 40.0, 42.0], "3": [55.948553054662376, 174.0, 311.0], "4": [60.43956043956044, 55.0, 91.0], "5": [20.689655172413794, 6.0, 29.0], "6": [71.83908045977012, 125.0, 174.0], "7": [NaN, 0.0, 0.0], "8": [0.0, 0.0, 1.0]}