{"0": [99.64850615114236, 567.0, 569.0], "1": [40.42553191489361, 19.0, 47.0], "2": [93.18181818181817, 41.0, 44.0], "3": [74.14772727272727, 261.0, 352.0], "4": [90.66666666666666, 136.0, 150.0], "5": [46.849315068493155, 171.0, 365.0], "6": [92.25589225589226, 548.0, 594.0], "7": [70.58823529411765, 12.0, 17.0], "8": [66.66666666666666, 12.0, 18.0]}