{"0": [100.0, 569.0, 569.0], "1": [36.17021276595745, 17.0, 47.0], "2": [84.0909090909091, 37.0, 44.0], "3": [83.80681818181817, 295.0, 352.0], "4": [84.66666666666667, 127.0, 150.0], "5": [42.465753424657535, 155.0, 365.0], "6": [84.51178451178451, 502.0, 594.0], "7": [17.647058823529413, 3.0, 17.0], "8": [77.77777777777779, 14.0, 18.0]}