{"0": [55.17857142857143, 309.0, 560.0], "1": [46.808510638297875, 22.0, 47.0], "2": [60.46511627906976, 26.0, 43.0], "3": [59.183673469387756, 203.0, 343.0], "4": [98.0, 147.0, 150.0], "5": [38.764044943820224, 138.0, 356.0], "6": [55.15370705244123, 305.0, 553.0], "7": [64.70588235294117, 11.0, 17.0], "8": [72.22222222222221, 13.0, 18.0]}