{"0": [61.964285714285715, 347.0, 560.0], "1": [42.5531914893617, 20.0, 47.0], "2": [95.34883720930233, 41.0, 43.0], "3": [78.134110787172, 268.0, 343.0], "4": [94.0, 141.0, 150.0], "5": [38.48314606741573, 137.0, 356.0], "6": [56.6003616636528, 313.0, 553.0], "7": [82.35294117647058, 14.0, 17.0], "8": [72.22222222222221, 13.0, 18.0]}