{"0": [60.45694200351493, 344.0, 569.0], "1": [40.42553191489361, 19.0, 47.0], "2": [84.0909090909091, 37.0, 44.0], "3": [69.0340909090909, 243.0, 352.0], "4": [98.0, 147.0, 150.0], "5": [39.726027397260275, 145.0, 365.0], "6": [61.95286195286195, 368.0, 594.0], "7": [76.47058823529412, 13.0, 17.0], "8": [55.55555555555556, 10.0, 18.0]}