precision,accuracy,recall,duration
0.34883722488336555,0.3248546511627907,0.40948793829981794,865.3936936855316
