{"0": [74.15730337078652, 66.0, 89.0], "1": [58.620689655172406, 34.0, 58.0], "2": [88.65248226950354, 125.0, 141.0], "3": [55.90277777777778, 322.0, 576.0], "4": [84.94623655913979, 158.0, 186.0], "5": [26.666666666666668, 20.0, 75.0], "6": [94.02985074626866, 189.0, 201.0], "7": [16.666666666666664, 1.0, 6.0], "8": [31.818181818181817, 14.0, 44.0]}