{"0": [99.64788732394366, 283.0, 284.0], "1": [44.0, 11.0, 25.0], "2": [90.9090909090909, 20.0, 22.0], "3": [93.75, 165.0, 176.0], "4": [91.13924050632912, 72.0, 79.0], "5": [43.169398907103826, 79.0, 183.0], "6": [61.20401337792642, 183.0, 299.0], "7": [12.5, 1.0, 8.0], "8": [100.0, 8.0, 8.0]}