{"0": [20.0, 2.0, 10.0], "1": [40.0, 2.0, 5.0], "2": [90.9090909090909, 10.0, 11.0], "3": [64.58333333333334, 62.0, 96.0], "4": [87.09677419354838, 27.0, 31.0], "5": [90.9090909090909, 10.0, 11.0], "6": [66.0, 33.0, 50.0], "7": [NaN, 0.0, 0.0], "8": [NaN, 0.0, 0.0]}