precision,accuracy,recall,duration
0.29393060203921534,0.3021276595744681,0.4540686419867408,407.5766477584839
