{"0": [11.11111111111111, 4.0, 36.0], "1": [38.095238095238095, 8.0, 21.0], "2": [71.42857142857143, 30.0, 42.0], "3": [69.77491961414792, 217.0, 311.0], "4": [92.3076923076923, 84.0, 91.0], "5": [27.586206896551722, 8.0, 29.0], "6": [81.03448275862068, 141.0, 174.0], "7": [NaN, 0.0, 0.0], "8": [0.0, 0.0, 1.0]}