{"0": [50.26362038664324, 286.0, 569.0], "1": [36.17021276595745, 17.0, 47.0], "2": [86.36363636363636, 38.0, 44.0], "3": [69.88636363636364, 246.0, 352.0], "4": [96.66666666666667, 145.0, 150.0], "5": [39.45205479452055, 144.0, 365.0], "6": [60.1010101010101, 357.0, 594.0], "7": [76.47058823529412, 13.0, 17.0], "8": [61.111111111111114, 11.0, 18.0]}