{"0": [43.58523725834798, 248.0, 569.0], "1": [40.42553191489361, 19.0, 47.0], "2": [97.72727272727273, 43.0, 44.0], "3": [87.7840909090909, 309.0, 352.0], "4": [86.66666666666667, 130.0, 150.0], "5": [33.42465753424658, 122.0, 365.0], "6": [54.71380471380471, 325.0, 594.0], "7": [47.05882352941176, 8.0, 17.0], "8": [72.22222222222221, 13.0, 18.0]}