precision,accuracy,recall,duration
0.3947842475340531,0.45364238410596025,0.42111539193788683,1111.776354789734
