{"0": [54.13005272407732, 308.0, 569.0], "1": [29.78723404255319, 14.0, 47.0], "2": [95.45454545454545, 42.0, 44.0], "3": [55.39772727272727, 195.0, 352.0], "4": [85.33333333333334, 128.0, 150.0], "5": [35.61643835616438, 130.0, 365.0], "6": [59.59595959595959, 354.0, 594.0], "7": [35.294117647058826, 6.0, 17.0], "8": [72.22222222222221, 13.0, 18.0]}