precision,accuracy,recall,duration
0.26328699471306183,0.2824858757062147,0.28035770438257374,597.5654344558716
