precision,accuracy,recall,duration
0.24973266941757113,0.22865412445730826,0.272644078282072,399.95443654060364
