{"0": [98.3957219251337, 184.0, 187.0], "1": [35.714285714285715, 5.0, 14.0], "2": [100.0, 15.0, 15.0], "3": [74.56140350877193, 85.0, 114.0], "4": [92.0, 46.0, 50.0], "5": [40.51724137931034, 47.0, 116.0], "6": [77.71739130434783, 143.0, 184.0], "7": [50.0, 2.0, 4.0], "8": [85.71428571428571, 6.0, 7.0]}