{"0": [60.0, 336.0, 560.0], "1": [44.680851063829785, 21.0, 47.0], "2": [88.37209302325581, 38.0, 43.0], "3": [69.67930029154519, 239.0, 343.0], "4": [93.33333333333333, 140.0, 150.0], "5": [38.48314606741573, 137.0, 356.0], "6": [67.08860759493672, 371.0, 553.0], "7": [41.17647058823529, 7.0, 17.0], "8": [88.88888888888889, 16.0, 18.0]}