{"0": [59.22671353251317, 337.0, 569.0], "1": [40.42553191489361, 19.0, 47.0], "2": [90.9090909090909, 40.0, 44.0], "3": [82.10227272727273, 289.0, 352.0], "4": [89.33333333333333, 134.0, 150.0], "5": [35.06849315068493, 128.0, 365.0], "6": [55.218855218855225, 328.0, 594.0], "7": [35.294117647058826, 6.0, 17.0], "8": [77.77777777777779, 14.0, 18.0]}