precision,accuracy,recall,duration
0.3683871264307529,0.3914710110206037,0.39838934102174334,936.9587407112122
