{"0": [50.535714285714285, 283.0, 560.0], "1": [40.42553191489361, 19.0, 47.0], "2": [74.4186046511628, 32.0, 43.0], "3": [85.71428571428571, 294.0, 343.0], "4": [90.66666666666666, 136.0, 150.0], "5": [43.53932584269663, 155.0, 356.0], "6": [60.397830018083184, 334.0, 553.0], "7": [23.52941176470588, 4.0, 17.0], "8": [72.22222222222221, 13.0, 18.0]}