precision,accuracy,recall,duration
0.3223451893516272,0.36028368794326243,0.3763757134973456,413.75609588623047
