{"0": [16.666666666666664, 6.0, 36.0], "1": [42.857142857142854, 9.0, 21.0], "2": [73.80952380952381, 31.0, 42.0], "3": [65.91639871382637, 205.0, 311.0], "4": [63.73626373626373, 58.0, 91.0], "5": [20.689655172413794, 6.0, 29.0], "6": [77.58620689655173, 135.0, 174.0], "7": [NaN, 0.0, 0.0], "8": [100.0, 1.0, 1.0]}