{"0": [59.10714285714286, 331.0, 560.0], "1": [36.17021276595745, 17.0, 47.0], "2": [93.02325581395348, 40.0, 43.0], "3": [76.0932944606414, 261.0, 343.0], "4": [94.0, 141.0, 150.0], "5": [40.73033707865169, 145.0, 356.0], "6": [57.68535262206148, 319.0, 553.0], "7": [52.94117647058824, 9.0, 17.0], "8": [66.66666666666666, 12.0, 18.0]}