best_model_train_loss,best_model_val_loss,best_model_train_acc,best_model_val_acc,best_model_learning_rate,best_model_nb_epoch
0.4377982020378113,1.3035029172897339,0.4014459550380707,0.46088194847106934,0.0010000000474974513,96
