precision,accuracy,recall,duration
0.38619287853326945,0.42816500711237554,0.3996696317992139,317.50571966171265
