{"0": [49.73821989528796, 95.0, 191.0], "1": [28.57142857142857, 4.0, 14.0], "2": [75.0, 12.0, 16.0], "3": [71.1864406779661, 84.0, 118.0], "4": [84.0, 42.0, 50.0], "5": [34.166666666666664, 41.0, 120.0], "6": [66.16161616161617, 131.0, 198.0], "7": [50.0, 2.0, 4.0], "8": [85.71428571428571, 6.0, 7.0]}