{"0": [19.35483870967742, 54.0, 279.0], "1": [32.0, 8.0, 25.0], "2": [90.47619047619048, 19.0, 21.0], "3": [70.76023391812866, 121.0, 171.0], "4": [94.9367088607595, 75.0, 79.0], "5": [37.640449438202246, 67.0, 178.0], "6": [50.35971223021583, 140.0, 278.0], "7": [100.0, 8.0, 8.0], "8": [100.0, 8.0, 8.0]}