{"0": [55.35714285714286, 310.0, 560.0], "1": [38.297872340425535, 18.0, 47.0], "2": [97.67441860465115, 42.0, 43.0], "3": [53.64431486880466, 184.0, 343.0], "4": [76.66666666666667, 115.0, 150.0], "5": [39.04494382022472, 139.0, 356.0], "6": [60.03616636528029, 332.0, 553.0], "7": [64.70588235294117, 11.0, 17.0], "8": [83.33333333333334, 15.0, 18.0]}