{"0": [58.03571428571429, 325.0, 560.0], "1": [31.914893617021278, 15.0, 47.0], "2": [79.06976744186046, 34.0, 43.0], "3": [86.88046647230321, 298.0, 343.0], "4": [98.66666666666667, 148.0, 150.0], "5": [42.69662921348314, 152.0, 356.0], "6": [56.78119349005425, 314.0, 553.0], "7": [64.70588235294117, 11.0, 17.0], "8": [66.66666666666666, 12.0, 18.0]}