{"0": [51.33689839572193, 96.0, 187.0], "1": [50.0, 7.0, 14.0], "2": [93.33333333333333, 14.0, 15.0], "3": [67.54385964912281, 77.0, 114.0], "4": [88.0, 44.0, 50.0], "5": [43.103448275862064, 50.0, 116.0], "6": [64.13043478260869, 118.0, 184.0], "7": [50.0, 2.0, 4.0], "8": [100.0, 7.0, 7.0]}