{"0": [56.07142857142857, 314.0, 560.0], "1": [34.04255319148936, 16.0, 47.0], "2": [86.04651162790698, 37.0, 43.0], "3": [77.55102040816327, 266.0, 343.0], "4": [98.66666666666667, 148.0, 150.0], "5": [40.73033707865169, 145.0, 356.0], "6": [56.23869801084991, 311.0, 553.0], "7": [70.58823529411765, 12.0, 17.0], "8": [61.111111111111114, 11.0, 18.0]}