precision,accuracy,recall,duration
0.34804382676994244,0.4480796586059744,0.36754274533210207,294.99373841285706
