{"0": [50.26178010471204, 96.0, 191.0], "1": [42.857142857142854, 6.0, 14.0], "2": [81.25, 13.0, 16.0], "3": [70.33898305084746, 83.0, 118.0], "4": [88.0, 44.0, 50.0], "5": [36.666666666666664, 44.0, 120.0], "6": [51.010101010101, 101.0, 198.0], "7": [50.0, 2.0, 4.0], "8": [100.0, 7.0, 7.0]}