{"0": [31.016042780748666, 58.0, 187.0], "1": [35.714285714285715, 5.0, 14.0], "2": [73.33333333333333, 11.0, 15.0], "3": [66.66666666666666, 76.0, 114.0], "4": [92.0, 46.0, 50.0], "5": [39.6551724137931, 46.0, 116.0], "6": [64.67391304347827, 119.0, 184.0], "7": [50.0, 2.0, 4.0], "8": [100.0, 7.0, 7.0]}