{"0": [54.48154657293497, 310.0, 569.0], "1": [34.04255319148936, 16.0, 47.0], "2": [86.36363636363636, 38.0, 44.0], "3": [51.98863636363637, 183.0, 352.0], "4": [95.33333333333334, 143.0, 150.0], "5": [35.342465753424655, 129.0, 365.0], "6": [60.1010101010101, 357.0, 594.0], "7": [64.70588235294117, 11.0, 17.0], "8": [77.77777777777779, 14.0, 18.0]}