precision,accuracy,recall,duration
0.3493447944377566,0.3851224105461394,0.31647946722394993,623.1776609420776
