{"0": [53.16901408450704, 151.0, 284.0], "1": [40.0, 10.0, 25.0], "2": [59.09090909090909, 13.0, 22.0], "3": [91.47727272727273, 161.0, 176.0], "4": [87.34177215189874, 69.0, 79.0], "5": [40.98360655737705, 75.0, 183.0], "6": [60.200668896321076, 180.0, 299.0], "7": [87.5, 7.0, 8.0], "8": [100.0, 8.0, 8.0]}