precision,accuracy,recall,duration
0.3425505817163348,0.3866279069767442,0.4019900592511183,844.8216896057129
