{"0": [30.337078651685395, 27.0, 89.0], "1": [50.0, 29.0, 58.0], "2": [94.32624113475178, 133.0, 141.0], "3": [55.729166666666664, 321.0, 576.0], "4": [77.41935483870968, 144.0, 186.0], "5": [28.000000000000004, 21.0, 75.0], "6": [75.12437810945273, 151.0, 201.0], "7": [100.0, 6.0, 6.0], "8": [27.27272727272727, 12.0, 44.0]}