precision,accuracy,recall,duration
0.3889456310195327,0.4077212806026365,0.31246849943957095,574.3999855518341
