{"0": [55.633802816901415, 158.0, 284.0], "1": [32.0, 8.0, 25.0], "2": [95.45454545454545, 21.0, 22.0], "3": [82.95454545454545, 146.0, 176.0], "4": [87.34177215189874, 69.0, 79.0], "5": [39.89071038251366, 73.0, 183.0], "6": [53.84615384615385, 161.0, 299.0], "7": [75.0, 6.0, 8.0], "8": [100.0, 8.0, 8.0]}