precision,accuracy,recall,duration
0.2842486609021001,0.3133208255159475,0.3067959799399962,81.78822183609009
