{"0": [51.84534270650264, 295.0, 569.0], "1": [61.702127659574465, 29.0, 47.0], "2": [90.9090909090909, 40.0, 44.0], "3": [79.54545454545455, 280.0, 352.0], "4": [87.33333333333333, 131.0, 150.0], "5": [30.41095890410959, 111.0, 365.0], "6": [59.93265993265994, 356.0, 594.0], "7": [58.82352941176471, 10.0, 17.0], "8": [100.0, 18.0, 18.0]}