precision,accuracy,recall,duration
0.3214837036973919,0.21624173748819642,0.3585085289595764,611.1030445098877
