{"0": [27.77777777777778, 15.0, 54.0], "1": [36.36363636363637, 12.0, 33.0], "2": [89.65517241379311, 52.0, 58.0], "3": [93.97849462365592, 437.0, 465.0], "4": [65.46762589928058, 91.0, 139.0], "5": [35.55555555555556, 16.0, 45.0], "6": [78.544061302682, 205.0, 261.0], "7": [NaN, 0.0, 0.0], "8": [50.0, 2.0, 4.0]}