{"0": [70.66666666666667, 53.0, 75.0], "1": [97.72727272727273, 86.0, 88.0], "2": [99.0909090909091, 109.0, 110.0], "3": [29.615384615384617, 154.0, 520.0], "4": [98.49246231155779, 196.0, 199.0], "5": [79.6875, 51.0, 64.0], "6": [91.015625, 233.0, 256.0], "7": [100.0, 2.0, 2.0], "8": [38.70967741935484, 24.0, 62.0]}