precision,accuracy,recall,duration
0.31765483423017016,0.21418439716312057,0.41739251188746695,421.2720811367035
