{"0": [25.0, 9.0, 36.0], "1": [47.61904761904761, 10.0, 21.0], "2": [83.33333333333334, 35.0, 42.0], "3": [94.21221864951768, 293.0, 311.0], "4": [61.53846153846154, 56.0, 91.0], "5": [31.03448275862069, 9.0, 29.0], "6": [81.60919540229885, 142.0, 174.0], "7": [NaN, 0.0, 0.0], "8": [0.0, 0.0, 1.0]}