{"0": [63.74999999999999, 357.0, 560.0], "1": [42.5531914893617, 20.0, 47.0], "2": [100.0, 43.0, 43.0], "3": [89.50437317784257, 307.0, 343.0], "4": [97.33333333333334, 146.0, 150.0], "5": [43.258426966292134, 154.0, 356.0], "6": [57.14285714285714, 316.0, 553.0], "7": [41.17647058823529, 7.0, 17.0], "8": [55.55555555555556, 10.0, 18.0]}