best_model_train_loss,best_model_val_loss,best_model_train_acc,best_model_val_acc,best_model_learning_rate,best_model_nb_epoch
0.48139598965644836,0.6296854019165039,0.4032503664493561,0.27358490228652954,0.0010000000474974513,94
