precision,accuracy,recall,duration
0.38755988584285306,0.44992812649736463,0.3893856872392618,942.4267745018005
