precision,accuracy,recall,duration
0.39146837234470316,0.37358490566037733,0.375801791978977,950.2781252861023
