{"0": [49.28571428571429, 276.0, 560.0], "1": [38.297872340425535, 18.0, 47.0], "2": [88.37209302325581, 38.0, 43.0], "3": [55.10204081632652, 189.0, 343.0], "4": [96.66666666666667, 145.0, 150.0], "5": [38.764044943820224, 138.0, 356.0], "6": [58.22784810126582, 322.0, 553.0], "7": [47.05882352941176, 8.0, 17.0], "8": [77.77777777777779, 14.0, 18.0]}