{"0": [28.971962616822427, 31.0, 107.0], "1": [44.44444444444444, 28.0, 63.0], "2": [90.35087719298247, 103.0, 114.0], "3": [66.55948553054662, 621.0, 933.0], "4": [82.00692041522491, 237.0, 289.0], "5": [29.213483146067414, 26.0, 89.0], "6": [53.5645472061657, 278.0, 519.0], "7": [NaN, 0.0, 0.0], "8": [66.66666666666666, 4.0, 6.0]}