{"0": [58.392857142857146, 327.0, 560.0], "1": [34.04255319148936, 16.0, 47.0], "2": [100.0, 43.0, 43.0], "3": [55.39358600583091, 190.0, 343.0], "4": [97.33333333333334, 146.0, 150.0], "5": [35.39325842696629, 126.0, 356.0], "6": [57.86618444846293, 320.0, 553.0], "7": [64.70588235294117, 11.0, 17.0], "8": [72.22222222222221, 13.0, 18.0]}