{"0": [36.267605633802816, 103.0, 284.0], "1": [56.00000000000001, 14.0, 25.0], "2": [95.45454545454545, 21.0, 22.0], "3": [55.11363636363637, 97.0, 176.0], "4": [86.07594936708861, 68.0, 79.0], "5": [30.05464480874317, 55.0, 183.0], "6": [53.84615384615385, 161.0, 299.0], "7": [62.5, 5.0, 8.0], "8": [100.0, 8.0, 8.0]}