precision,accuracy,recall,duration
0.32478629071422355,0.3849493487698987,0.30748985201197176,399.1426775455475
