{"0": [51.87165775401069, 97.0, 187.0], "1": [85.71428571428571, 12.0, 14.0], "2": [100.0, 15.0, 15.0], "3": [70.17543859649122, 80.0, 114.0], "4": [86.0, 43.0, 50.0], "5": [32.758620689655174, 38.0, 116.0], "6": [71.73913043478261, 132.0, 184.0], "7": [25.0, 1.0, 4.0], "8": [100.0, 7.0, 7.0]}