precision,accuracy,recall,duration
0.3367572913086851,0.37850467289719625,0.5002777405138448,99.75592541694641
