{"0": [18.181818181818183, 2.0, 11.0], "1": [20.0, 1.0, 5.0], "2": [88.88888888888889, 16.0, 18.0], "3": [61.6822429906542, 66.0, 107.0], "4": [80.0, 20.0, 25.0], "5": [10.0, 1.0, 10.0], "6": [71.05263157894737, 27.0, 38.0], "7": [NaN, 0.0, 0.0], "8": [NaN, 0.0, 0.0]}