precision,accuracy,recall,duration
0.36119512889500827,0.39971617786187325,0.3519626005060987,1202.6035795211792
