precision,accuracy,recall,duration
0.3750546793908429,0.37735849056603776,0.35681927484177955,953.8584508895874
