{"0": [53.075571177504386, 302.0, 569.0], "1": [38.297872340425535, 18.0, 47.0], "2": [70.45454545454545, 31.0, 44.0], "3": [86.64772727272727, 305.0, 352.0], "4": [94.0, 141.0, 150.0], "5": [36.986301369863014, 135.0, 365.0], "6": [58.92255892255892, 350.0, 594.0], "7": [64.70588235294117, 11.0, 17.0], "8": [83.33333333333334, 15.0, 18.0]}