{"0": [27.102803738317753, 29.0, 107.0], "1": [50.79365079365079, 32.0, 63.0], "2": [82.45614035087719, 94.0, 114.0], "3": [65.4876741693462, 611.0, 933.0], "4": [91.6955017301038, 265.0, 289.0], "5": [28.08988764044944, 25.0, 89.0], "6": [49.90366088631985, 259.0, 519.0], "7": [NaN, 0.0, 0.0], "8": [83.33333333333334, 5.0, 6.0]}