best_model_train_loss,best_model_val_loss,best_model_train_acc,best_model_val_acc,best_model_learning_rate,best_model_nb_epoch
0.4778591990470886,0.597971498966217,0.42681068181991577,0.36968839168548584,0.0010000000474974513,80
