precision,accuracy,recall,duration
0.3468522748561842,0.37535410764872523,0.3783123839766234,1211.0888805389404
