precision,accuracy,recall,duration
0.3848212650084199,0.4444444444444444,0.35342452855632184,591.227032661438
