{"0": [47.53521126760563, 135.0, 284.0], "1": [32.0, 8.0, 25.0], "2": [86.36363636363636, 19.0, 22.0], "3": [74.43181818181817, 131.0, 176.0], "4": [89.87341772151899, 71.0, 79.0], "5": [37.704918032786885, 69.0, 183.0], "6": [54.84949832775919, 164.0, 299.0], "7": [62.5, 5.0, 8.0], "8": [100.0, 8.0, 8.0]}