{"0": [64.48598130841121, 69.0, 107.0], "1": [36.507936507936506, 23.0, 63.0], "2": [91.22807017543859, 104.0, 114.0], "3": [65.59485530546624, 612.0, 933.0], "4": [83.27526132404182, 239.0, 287.0], "5": [19.101123595505616, 17.0, 89.0], "6": [49.32562620423892, 256.0, 519.0], "7": [NaN, 0.0, 0.0], "8": [50.0, 3.0, 6.0]}