{"0": [41.65202108963093, 237.0, 569.0], "1": [42.5531914893617, 20.0, 47.0], "2": [95.45454545454545, 42.0, 44.0], "3": [73.01136363636364, 257.0, 352.0], "4": [84.66666666666667, 127.0, 150.0], "5": [32.602739726027394, 119.0, 365.0], "6": [52.18855218855219, 310.0, 594.0], "7": [47.05882352941176, 8.0, 17.0], "8": [88.88888888888889, 16.0, 18.0]}