best_model_train_loss,best_model_val_loss,best_model_train_acc,best_model_val_acc,best_model_learning_rate,best_model_nb_epoch
0.47260841727256775,0.5201185941696167,0.4253048896789551,0.35177305340766907,0.0010000000474974513,83
