precision,accuracy,recall,duration
0.36173183287791844,0.36028368794326243,0.4537275984498515,327.041011095047
