precision,accuracy,recall,duration
0.3633892165731141,0.3983050847457627,0.36813442966009435,599.8771991729736
