{"0": [25.0, 9.0, 36.0], "1": [42.857142857142854, 9.0, 21.0], "2": [88.09523809523809, 37.0, 42.0], "3": [68.16720257234726, 212.0, 311.0], "4": [81.31868131868131, 74.0, 91.0], "5": [27.586206896551722, 8.0, 29.0], "6": [58.620689655172406, 102.0, 174.0], "7": [NaN, 0.0, 0.0], "8": [0.0, 0.0, 1.0]}