{"0": [50.352112676056336, 143.0, 284.0], "1": [28.000000000000004, 7.0, 25.0], "2": [63.63636363636363, 14.0, 22.0], "3": [83.52272727272727, 147.0, 176.0], "4": [93.67088607594937, 74.0, 79.0], "5": [40.43715846994536, 74.0, 183.0], "6": [63.21070234113713, 189.0, 299.0], "7": [50.0, 4.0, 8.0], "8": [100.0, 8.0, 8.0]}