precision,accuracy,recall,duration
0.35091793469763766,0.414332784184514,0.30842106870923125,471.1269986629486
