{"0": [15.570934256055363, 45.0, 289.0], "1": [100.0, 96.0, 96.0], "2": [31.25, 10.0, 32.0], "3": [76.30057803468208, 132.0, 173.0], "4": [99.31972789115646, 146.0, 147.0], "5": [38.88888888888889, 56.0, 144.0], "6": [61.09090909090909, 168.0, 275.0], "7": [100.0, 58.0, 58.0], "8": [NaN, 0.0, 0.0]}