best_model_train_loss,best_model_val_loss,best_model_train_acc,best_model_val_acc,best_model_learning_rate,best_model_nb_epoch
0.45509791374206543,0.5229670405387878,0.44986656308174133,0.4170212745666504,0.0010000000474974513,99
