precision,accuracy,recall,duration
0.36743257301520404,0.41702127659574467,0.497934604930946,417.35713243484497
