{"0": [16.666666666666664, 6.0, 36.0], "1": [38.095238095238095, 8.0, 21.0], "2": [95.23809523809523, 40.0, 42.0], "3": [61.7363344051447, 192.0, 311.0], "4": [64.83516483516483, 59.0, 91.0], "5": [17.24137931034483, 5.0, 29.0], "6": [58.04597701149425, 101.0, 174.0], "7": [NaN, 0.0, 0.0], "8": [0.0, 0.0, 1.0]}