{"0": [51.87165775401069, 97.0, 187.0], "1": [42.857142857142854, 6.0, 14.0], "2": [73.33333333333333, 11.0, 15.0], "3": [80.7017543859649, 92.0, 114.0], "4": [72.0, 36.0, 50.0], "5": [42.241379310344826, 49.0, 116.0], "6": [75.0, 138.0, 184.0], "7": [50.0, 2.0, 4.0], "8": [100.0, 7.0, 7.0]}