{"0": [46.748681898066785, 266.0, 569.0], "1": [44.680851063829785, 21.0, 47.0], "2": [79.54545454545455, 35.0, 44.0], "3": [83.52272727272727, 294.0, 352.0], "4": [88.0, 132.0, 150.0], "5": [34.794520547945204, 127.0, 365.0], "6": [55.05050505050505, 327.0, 594.0], "7": [52.94117647058824, 9.0, 17.0], "8": [83.33333333333334, 15.0, 18.0]}