precision,accuracy,recall,duration
0.2557816836884569,0.2474032105760151,0.22790131965243493,598.559095621109
