{"0": [24.074074074074073, 13.0, 54.0], "1": [39.39393939393939, 13.0, 33.0], "2": [91.37931034482759, 53.0, 58.0], "3": [76.12903225806451, 354.0, 465.0], "4": [96.40287769784173, 134.0, 139.0], "5": [97.77777777777777, 44.0, 45.0], "6": [69.73180076628353, 182.0, 261.0], "7": [NaN, 0.0, 0.0], "8": [100.0, 4.0, 4.0]}