{"0": [62.038664323374334, 353.0, 569.0], "1": [34.04255319148936, 16.0, 47.0], "2": [72.72727272727273, 32.0, 44.0], "3": [82.67045454545455, 291.0, 352.0], "4": [94.66666666666667, 142.0, 150.0], "5": [40.54794520547945, 148.0, 365.0], "6": [59.25925925925925, 352.0, 594.0], "7": [76.47058823529412, 13.0, 17.0], "8": [66.66666666666666, 12.0, 18.0]}