precision,accuracy,recall,duration
0.330916291779995,0.27375886524822696,0.34906656080474313,418.7369909286499
