{"0": [58.92857142857143, 330.0, 560.0], "1": [48.93617021276596, 23.0, 47.0], "2": [81.3953488372093, 35.0, 43.0], "3": [59.475218658892125, 204.0, 343.0], "4": [97.33333333333334, 146.0, 150.0], "5": [36.51685393258427, 130.0, 356.0], "6": [54.79204339963834, 303.0, 553.0], "7": [47.05882352941176, 8.0, 17.0], "8": [72.22222222222221, 13.0, 18.0]}