precision,accuracy,recall,duration
0.30188500701832105,0.4218362282878412,0.28731165228687194,389.91551327705383
