{"0": [9.32642487046632, 18.0, 193.0], "1": [100.0, 59.0, 59.0], "2": [54.166666666666664, 13.0, 24.0], "3": [69.23076923076923, 81.0, 117.0], "4": [100.0, 98.0, 98.0], "5": [45.65217391304348, 42.0, 92.0], "6": [63.04347826086957, 116.0, 184.0], "7": [100.0, 39.0, 39.0], "8": [NaN, 0.0, 0.0]}