precision,accuracy,recall,duration
0.34512139125223606,0.4058380414312618,0.3329374215418362,605.3028855323792
