{"0": [49.647887323943664, 141.0, 284.0], "1": [100.0, 25.0, 25.0], "2": [90.9090909090909, 20.0, 22.0], "3": [72.72727272727273, 128.0, 176.0], "4": [86.07594936708861, 68.0, 79.0], "5": [42.07650273224044, 77.0, 183.0], "6": [61.53846153846154, 184.0, 299.0], "7": [12.5, 1.0, 8.0], "8": [87.5, 7.0, 8.0]}