best_model_train_loss,best_model_val_loss,best_model_train_acc,best_model_val_acc,best_model_learning_rate,best_model_nb_epoch
0.43793755769729614,0.7802221179008484,0.44523507356643677,0.3663833737373352,0.0010000000474974513,93
