precision,accuracy,recall,duration
0.4164754018242242,0.47303689687795647,0.42241628380988416,1211.010089635849
