precision,accuracy,recall,duration
0.34069717069054317,0.37110481586402266,0.35817015282879744,603.87082862854
