{"0": [31.48148148148148, 17.0, 54.0], "1": [39.39393939393939, 13.0, 33.0], "2": [89.65517241379311, 52.0, 58.0], "3": [66.23655913978494, 308.0, 465.0], "4": [85.61151079136691, 119.0, 139.0], "5": [37.77777777777778, 17.0, 45.0], "6": [52.490421455938694, 137.0, 261.0], "7": [NaN, 0.0, 0.0], "8": [75.0, 3.0, 4.0]}