{"0": [51.31810193321616, 292.0, 569.0], "1": [27.659574468085108, 13.0, 47.0], "2": [90.9090909090909, 40.0, 44.0], "3": [57.95454545454546, 204.0, 352.0], "4": [86.0, 129.0, 150.0], "5": [35.342465753424655, 129.0, 365.0], "6": [54.882154882154886, 326.0, 594.0], "7": [41.17647058823529, 7.0, 17.0], "8": [77.77777777777779, 14.0, 18.0]}