precision,accuracy,recall,duration
0.4095011670142968,0.29036827195467424,0.36954817469618567,1222.0411593914032
