{"0": [26.168224299065418, 28.0, 107.0], "1": [42.857142857142854, 27.0, 63.0], "2": [90.35087719298247, 103.0, 114.0], "3": [74.59807073954984, 696.0, 933.0], "4": [92.33449477351915, 265.0, 287.0], "5": [21.34831460674157, 19.0, 89.0], "6": [69.7495183044316, 362.0, 519.0], "7": [NaN, 0.0, 0.0], "8": [50.0, 3.0, 6.0]}