{"0": [42.53075571177504, 242.0, 569.0], "1": [38.297872340425535, 18.0, 47.0], "2": [100.0, 44.0, 44.0], "3": [54.54545454545454, 192.0, 352.0], "4": [90.0, 135.0, 150.0], "5": [40.54794520547945, 148.0, 365.0], "6": [57.23905723905723, 340.0, 594.0], "7": [94.11764705882352, 16.0, 17.0], "8": [50.0, 9.0, 18.0]}