{"0": [57.74647887323944, 164.0, 284.0], "1": [36.0, 9.0, 25.0], "2": [86.36363636363636, 19.0, 22.0], "3": [72.72727272727273, 128.0, 176.0], "4": [70.88607594936708, 56.0, 79.0], "5": [81.9672131147541, 150.0, 183.0], "6": [74.5819397993311, 223.0, 299.0], "7": [62.5, 5.0, 8.0], "8": [100.0, 8.0, 8.0]}