{"0": [58.392857142857146, 327.0, 560.0], "1": [34.04255319148936, 16.0, 47.0], "2": [100.0, 43.0, 43.0], "3": [59.7667638483965, 205.0, 343.0], "4": [92.0, 138.0, 150.0], "5": [41.01123595505618, 146.0, 356.0], "6": [52.62206148282098, 291.0, 553.0], "7": [70.58823529411765, 12.0, 17.0], "8": [72.22222222222221, 13.0, 18.0]}