{"0": [60.535714285714285, 339.0, 560.0], "1": [34.04255319148936, 16.0, 47.0], "2": [93.02325581395348, 40.0, 43.0], "3": [82.5072886297376, 283.0, 343.0], "4": [94.0, 141.0, 150.0], "5": [42.41573033707865, 151.0, 356.0], "6": [58.04701627486437, 321.0, 553.0], "7": [64.70588235294117, 11.0, 17.0], "8": [72.22222222222221, 13.0, 18.0]}