precision,accuracy,recall,duration
0.37559301767785047,0.4312617702448211,0.3558194049499337,635.2898404598236
