{"0": [53.16901408450704, 151.0, 284.0], "1": [28.000000000000004, 7.0, 25.0], "2": [86.36363636363636, 19.0, 22.0], "3": [67.04545454545455, 118.0, 176.0], "4": [88.60759493670885, 70.0, 79.0], "5": [38.25136612021858, 70.0, 183.0], "6": [59.19732441471572, 177.0, 299.0], "7": [62.5, 5.0, 8.0], "8": [100.0, 8.0, 8.0]}