precision,accuracy,recall,duration
0.36061918525699505,0.3347517730496454,0.43814026656729094,421.2133979797363
