{"0": [19.444444444444446, 7.0, 36.0], "1": [52.38095238095239, 11.0, 21.0], "2": [83.33333333333334, 35.0, 42.0], "3": [64.63022508038586, 201.0, 311.0], "4": [94.5054945054945, 86.0, 91.0], "5": [20.689655172413794, 6.0, 29.0], "6": [70.6896551724138, 123.0, 174.0], "7": [NaN, 0.0, 0.0], "8": [0.0, 0.0, 1.0]}