best_model_train_loss,best_model_val_loss,best_model_train_acc,best_model_val_acc,best_model_learning_rate,best_model_nb_epoch
0.43375447392463684,0.8455377221107483,0.4496507942676544,0.3642384111881256,0.0010000000474974513,93
