precision,accuracy,recall,duration
0.3560377602202884,0.3930936613055818,0.3779939181749518,1267.0463314056396
