{"0": [54.13005272407732, 308.0, 569.0], "1": [29.78723404255319, 14.0, 47.0], "2": [86.36363636363636, 38.0, 44.0], "3": [53.97727272727273, 190.0, 352.0], "4": [86.66666666666667, 130.0, 150.0], "5": [35.61643835616438, 130.0, 365.0], "6": [82.15488215488216, 488.0, 594.0], "7": [76.47058823529412, 13.0, 17.0], "8": [55.55555555555556, 10.0, 18.0]}