{"0": [59.64285714285714, 334.0, 560.0], "1": [34.04255319148936, 16.0, 47.0], "2": [69.76744186046511, 30.0, 43.0], "3": [54.518950437317784, 187.0, 343.0], "4": [100.0, 150.0, 150.0], "5": [38.48314606741573, 137.0, 356.0], "6": [56.23869801084991, 311.0, 553.0], "7": [58.82352941176471, 10.0, 17.0], "8": [77.77777777777779, 14.0, 18.0]}