{"0": [30.0, 3.0, 10.0], "1": [80.0, 4.0, 5.0], "2": [90.9090909090909, 10.0, 11.0], "3": [79.16666666666666, 76.0, 96.0], "4": [74.19354838709677, 23.0, 31.0], "5": [100.0, 11.0, 11.0], "6": [72.0, 36.0, 50.0], "7": [NaN, 0.0, 0.0], "8": [NaN, 0.0, 0.0]}