precision,accuracy,recall,duration
0.3624632630700857,0.4699140401146132,0.35425163627895184,553.8595476150513
