{"0": [53.04659498207885, 148.0, 279.0], "1": [32.0, 8.0, 25.0], "2": [90.47619047619048, 19.0, 21.0], "3": [56.72514619883041, 97.0, 171.0], "4": [91.13924050632912, 72.0, 79.0], "5": [33.146067415730336, 59.0, 178.0], "6": [49.64028776978417, 138.0, 278.0], "7": [75.0, 6.0, 8.0], "8": [100.0, 8.0, 8.0]}