precision,accuracy,recall,duration
0.3103066012145655,0.36059479553903345,0.23744048494477493,393.0957176685333
