{"0": [12.435233160621761, 24.0, 193.0], "1": [100.0, 59.0, 59.0], "2": [66.66666666666666, 16.0, 24.0], "3": [82.35294117647058, 98.0, 119.0], "4": [92.78350515463917, 90.0, 97.0], "5": [57.608695652173914, 53.0, 92.0], "6": [74.45652173913044, 137.0, 184.0], "7": [100.0, 39.0, 39.0], "8": [NaN, 0.0, 0.0]}