precision,accuracy,recall,duration
0.25050600157795555,0.24397163120567375,0.37597393277993496,401.28164649009705
