{"0": [94.44444444444444, 34.0, 36.0], "1": [33.33333333333333, 7.0, 21.0], "2": [92.85714285714286, 39.0, 42.0], "3": [88.42443729903538, 275.0, 311.0], "4": [69.23076923076923, 63.0, 91.0], "5": [20.689655172413794, 6.0, 29.0], "6": [62.643678160919535, 109.0, 174.0], "7": [NaN, 0.0, 0.0], "8": [0.0, 0.0, 1.0]}