{"0": [21.98952879581152, 42.0, 191.0], "1": [35.714285714285715, 5.0, 14.0], "2": [75.0, 12.0, 16.0], "3": [75.42372881355932, 89.0, 118.0], "4": [88.0, 44.0, 50.0], "5": [39.166666666666664, 47.0, 120.0], "6": [62.62626262626263, 124.0, 198.0], "7": [100.0, 4.0, 4.0], "8": [100.0, 7.0, 7.0]}