precision,accuracy,recall,duration
0.3263072818234945,0.32056737588652484,0.4675616899995064,419.53152894973755
