{"0": [60.357142857142854, 338.0, 560.0], "1": [38.297872340425535, 18.0, 47.0], "2": [93.02325581395348, 40.0, 43.0], "3": [76.38483965014578, 262.0, 343.0], "4": [99.33333333333333, 149.0, 150.0], "5": [39.8876404494382, 142.0, 356.0], "6": [57.50452079566004, 318.0, 553.0], "7": [76.47058823529412, 13.0, 17.0], "8": [55.55555555555556, 10.0, 18.0]}