{"0": [22.22222222222222, 8.0, 36.0], "1": [42.857142857142854, 9.0, 21.0], "2": [61.904761904761905, 26.0, 42.0], "3": [70.41800643086816, 219.0, 311.0], "4": [83.51648351648352, 76.0, 91.0], "5": [20.689655172413794, 6.0, 29.0], "6": [77.58620689655173, 135.0, 174.0], "7": [NaN, 0.0, 0.0], "8": [0.0, 0.0, 1.0]}