best_model_train_loss,best_model_val_loss,best_model_train_acc,best_model_val_acc,best_model_learning_rate,best_model_nb_epoch
0.44295287132263184,0.5204934477806091,0.45406022667884827,0.38014185428619385,0.0010000000474974513,88
