precision,accuracy,recall,duration
0.34591121110857953,0.3347517730496454,0.45909035943038234,414.5230963230133
