{"0": [100.0, 279.0, 279.0], "1": [32.0, 8.0, 25.0], "2": [90.47619047619048, 19.0, 21.0], "3": [92.39766081871345, 158.0, 171.0], "4": [96.20253164556962, 76.0, 79.0], "5": [42.13483146067416, 75.0, 178.0], "6": [70.14388489208633, 195.0, 278.0], "7": [37.5, 3.0, 8.0], "8": [100.0, 8.0, 8.0]}