precision,accuracy,recall,duration
0.3183044757864159,0.397196261682243,0.350823720618769,135.83836340904236
