{"0": [63.63636363636363, 7.0, 11.0], "1": [40.0, 2.0, 5.0], "2": [88.88888888888889, 16.0, 18.0], "3": [57.943925233644855, 62.0, 107.0], "4": [68.0, 17.0, 25.0], "5": [0.0, 0.0, 10.0], "6": [65.78947368421053, 25.0, 38.0], "7": [NaN, 0.0, 0.0], "8": [NaN, 0.0, 0.0]}