precision,accuracy,recall,duration
0.3119428164783499,0.2802275960170697,0.2199833559733169,417.88146591186523
