{"0": [80.6282722513089, 154.0, 191.0], "1": [28.57142857142857, 4.0, 14.0], "2": [100.0, 16.0, 16.0], "3": [91.52542372881356, 108.0, 118.0], "4": [96.0, 48.0, 50.0], "5": [43.333333333333336, 52.0, 120.0], "6": [64.64646464646465, 128.0, 198.0], "7": [100.0, 4.0, 4.0], "8": [100.0, 7.0, 7.0]}