{"0": [57.11775043936731, 325.0, 569.0], "1": [42.5531914893617, 20.0, 47.0], "2": [95.45454545454545, 42.0, 44.0], "3": [71.5909090909091, 252.0, 352.0], "4": [89.33333333333333, 134.0, 150.0], "5": [37.534246575342465, 137.0, 365.0], "6": [58.080808080808076, 345.0, 594.0], "7": [41.17647058823529, 7.0, 17.0], "8": [66.66666666666666, 12.0, 18.0]}