precision,accuracy,recall,duration
0.30815373761211995,0.2870632672332389,0.26319097394526264,614.2157280445099
