{"0": [22.22222222222222, 12.0, 54.0], "1": [87.87878787878788, 29.0, 33.0], "2": [84.48275862068965, 49.0, 58.0], "3": [71.18279569892472, 331.0, 465.0], "4": [76.97841726618705, 107.0, 139.0], "5": [42.22222222222222, 19.0, 45.0], "6": [78.16091954022988, 204.0, 261.0], "7": [NaN, 0.0, 0.0], "8": [100.0, 4.0, 4.0]}