precision,accuracy,recall,duration
0.377071230086986,0.3888888888888889,0.3596630095329572,556.5306422710419
