{"0": [57.04225352112676, 162.0, 284.0], "1": [32.0, 8.0, 25.0], "2": [86.36363636363636, 19.0, 22.0], "3": [78.4090909090909, 138.0, 176.0], "4": [84.81012658227847, 67.0, 79.0], "5": [37.15846994535519, 68.0, 183.0], "6": [66.22073578595318, 198.0, 299.0], "7": [37.5, 3.0, 8.0], "8": [100.0, 8.0, 8.0]}