precision,accuracy,recall,duration
0.26469124977269953,0.31167337550316276,0.3558506103217205,459.47809624671936
