precision,accuracy,recall,duration
0.34806393186310597,0.3191489361702128,0.33903042897018576,407.3636124134064
