{"0": [57.67857142857142, 323.0, 560.0], "1": [34.04255319148936, 16.0, 47.0], "2": [83.72093023255815, 36.0, 43.0], "3": [56.85131195335277, 195.0, 343.0], "4": [95.33333333333334, 143.0, 150.0], "5": [43.82022471910113, 156.0, 356.0], "6": [56.05786618444847, 310.0, 553.0], "7": [52.94117647058824, 9.0, 17.0], "8": [61.111111111111114, 11.0, 18.0]}