{"0": [55.892857142857146, 313.0, 560.0], "1": [34.04255319148936, 16.0, 47.0], "2": [100.0, 43.0, 43.0], "3": [77.25947521865889, 265.0, 343.0], "4": [90.66666666666666, 136.0, 150.0], "5": [40.73033707865169, 145.0, 356.0], "6": [56.78119349005425, 314.0, 553.0], "7": [64.70588235294117, 11.0, 17.0], "8": [66.66666666666666, 12.0, 18.0]}