precision,accuracy,recall,duration
0.34197628684832737,0.39923591212989495,0.3456815009651364,597.9248952865601
