{"0": [44.80286738351255, 125.0, 279.0], "1": [40.0, 10.0, 25.0], "2": [90.47619047619048, 19.0, 21.0], "3": [87.13450292397661, 149.0, 171.0], "4": [84.81012658227847, 67.0, 79.0], "5": [41.57303370786517, 74.0, 178.0], "6": [62.589928057553955, 174.0, 278.0], "7": [50.0, 4.0, 8.0], "8": [87.5, 7.0, 8.0]}