precision,accuracy,recall,duration
0.2971446487332604,0.3375886524822695,0.45019670407740037,417.9177930355072
