{"0": [57.85714285714286, 324.0, 560.0], "1": [40.42553191489361, 19.0, 47.0], "2": [65.11627906976744, 28.0, 43.0], "3": [73.46938775510205, 252.0, 343.0], "4": [98.66666666666667, 148.0, 150.0], "5": [39.04494382022472, 139.0, 356.0], "6": [58.95117540687161, 326.0, 553.0], "7": [76.47058823529412, 13.0, 17.0], "8": [72.22222222222221, 13.0, 18.0]}