{"0": [8.333333333333332, 3.0, 36.0], "1": [61.904761904761905, 13.0, 21.0], "2": [95.23809523809523, 40.0, 42.0], "3": [67.52411575562701, 210.0, 311.0], "4": [42.857142857142854, 39.0, 91.0], "5": [31.03448275862069, 9.0, 29.0], "6": [87.93103448275862, 153.0, 174.0], "7": [NaN, 0.0, 0.0], "8": [0.0, 0.0, 1.0]}