{"0": [62.857142857142854, 352.0, 560.0], "1": [38.297872340425535, 18.0, 47.0], "2": [97.67441860465115, 42.0, 43.0], "3": [90.67055393586006, 311.0, 343.0], "4": [95.33333333333334, 143.0, 150.0], "5": [41.29213483146067, 147.0, 356.0], "6": [57.50452079566004, 318.0, 553.0], "7": [64.70588235294117, 11.0, 17.0], "8": [72.22222222222221, 13.0, 18.0]}