precision,accuracy,recall,duration
0.30251075628286334,0.26251180358829085,0.299476864524608,1191.2989165782928
