{"0": [99.06542056074767, 106.0, 107.0], "1": [50.79365079365079, 32.0, 63.0], "2": [83.33333333333334, 95.0, 114.0], "3": [82.63665594855306, 771.0, 933.0], "4": [83.27526132404182, 239.0, 287.0], "5": [24.719101123595504, 22.0, 89.0], "6": [56.64739884393064, 294.0, 519.0], "7": [NaN, 0.0, 0.0], "8": [50.0, 3.0, 6.0]}