precision,accuracy,recall,duration
0.3621268655417248,0.3645390070921986,0.4698139822968888,420.9321675300598
