{"0": [38.84007029876977, 221.0, 569.0], "1": [40.42553191489361, 19.0, 47.0], "2": [84.0909090909091, 37.0, 44.0], "3": [80.11363636363636, 282.0, 352.0], "4": [90.66666666666666, 136.0, 150.0], "5": [38.63013698630137, 141.0, 365.0], "6": [60.77441077441077, 361.0, 594.0], "7": [82.35294117647058, 14.0, 17.0], "8": [77.77777777777779, 14.0, 18.0]}