precision,accuracy,recall,duration
0.2947752772439338,0.24173748819641172,0.3091601009966873,1187.5750176906586
