{"0": [98.13084112149532, 105.0, 107.0], "1": [38.095238095238095, 24.0, 63.0], "2": [81.57894736842105, 93.0, 114.0], "3": [87.35262593783494, 815.0, 933.0], "4": [78.74564459930313, 226.0, 287.0], "5": [26.96629213483146, 24.0, 89.0], "6": [60.886319845857415, 316.0, 519.0], "7": [NaN, 0.0, 0.0], "8": [50.0, 3.0, 6.0]}