precision,accuracy,recall,duration
0.36230125736588503,0.39722089123143267,0.3297734992413363,944.528971195221
