{"0": [53.92857142857142, 302.0, 560.0], "1": [87.2340425531915, 41.0, 47.0], "2": [93.02325581395348, 40.0, 43.0], "3": [65.01457725947522, 223.0, 343.0], "4": [84.0, 126.0, 150.0], "5": [46.06741573033708, 164.0, 356.0], "6": [61.84448462929476, 342.0, 553.0], "7": [17.647058823529413, 3.0, 17.0], "8": [94.44444444444444, 17.0, 18.0]}