precision,accuracy,recall,duration
0.4128913116798429,0.21482530689329557,0.30933245994241193,1192.0628199577332
