{"0": [29.906542056074763, 32.0, 107.0], "1": [68.25396825396825, 43.0, 63.0], "2": [92.98245614035088, 106.0, 114.0], "3": [89.4962486602358, 835.0, 933.0], "4": [93.37979094076655, 268.0, 287.0], "5": [30.337078651685395, 27.0, 89.0], "6": [67.2447013487476, 349.0, 519.0], "7": [NaN, 0.0, 0.0], "8": [50.0, 3.0, 6.0]}