precision,accuracy,recall,duration
0.3154442246925535,0.3801418439716312,0.5052430465724622,421.321857213974
