{"0": [8.333333333333332, 3.0, 36.0], "1": [38.095238095238095, 8.0, 21.0], "2": [85.71428571428571, 36.0, 42.0], "3": [69.13183279742765, 215.0, 311.0], "4": [42.857142857142854, 39.0, 91.0], "5": [27.586206896551722, 8.0, 29.0], "6": [73.5632183908046, 128.0, 174.0], "7": [NaN, 0.0, 0.0], "8": [0.0, 0.0, 1.0]}