{"0": [52.5, 294.0, 560.0], "1": [53.191489361702125, 25.0, 47.0], "2": [76.74418604651163, 33.0, 43.0], "3": [58.60058309037901, 201.0, 343.0], "4": [88.0, 132.0, 150.0], "5": [35.39325842696629, 126.0, 356.0], "6": [53.8878842676311, 298.0, 553.0], "7": [76.47058823529412, 13.0, 17.0], "8": [83.33333333333334, 15.0, 18.0]}