precision,accuracy,recall,duration
0.2892134901245149,0.4102141680395387,0.31008291437441354,468.44774317741394
