{"0": [13.148788927335639, 38.0, 289.0], "1": [100.0, 96.0, 96.0], "2": [28.125, 9.0, 32.0], "3": [76.30057803468208, 132.0, 173.0], "4": [100.0, 147.0, 147.0], "5": [36.80555555555556, 53.0, 144.0], "6": [66.54545454545455, 183.0, 275.0], "7": [100.0, 58.0, 58.0], "8": [NaN, 0.0, 0.0]}