precision,accuracy,recall,duration
0.351598985757005,0.3712660028449502,0.34765320254667714,321.9099311828613
