{"0": [42.40837696335078, 81.0, 191.0], "1": [42.857142857142854, 6.0, 14.0], "2": [75.0, 12.0, 16.0], "3": [69.49152542372882, 82.0, 118.0], "4": [60.0, 30.0, 50.0], "5": [80.0, 96.0, 120.0], "6": [70.70707070707071, 140.0, 198.0], "7": [50.0, 2.0, 4.0], "8": [100.0, 7.0, 7.0]}