{"0": [54.48154657293497, 310.0, 569.0], "1": [48.93617021276596, 23.0, 47.0], "2": [97.72727272727273, 43.0, 44.0], "3": [81.25, 286.0, 352.0], "4": [80.0, 120.0, 150.0], "5": [48.21917808219178, 176.0, 365.0], "6": [63.804713804713806, 379.0, 594.0], "7": [23.52941176470588, 4.0, 17.0], "8": [77.77777777777779, 14.0, 18.0]}