{"0": [21.616871704745165, 123.0, 569.0], "1": [48.93617021276596, 23.0, 47.0], "2": [79.54545454545455, 35.0, 44.0], "3": [73.57954545454545, 259.0, 352.0], "4": [83.33333333333334, 125.0, 150.0], "5": [36.71232876712329, 134.0, 365.0], "6": [53.198653198653204, 316.0, 594.0], "7": [100.0, 17.0, 17.0], "8": [83.33333333333334, 15.0, 18.0]}