{"0": [100.0, 569.0, 569.0], "1": [40.42553191489361, 19.0, 47.0], "2": [100.0, 44.0, 44.0], "3": [59.65909090909091, 210.0, 352.0], "4": [90.0, 135.0, 150.0], "5": [39.178082191780824, 143.0, 365.0], "6": [60.437710437710436, 359.0, 594.0], "7": [76.47058823529412, 13.0, 17.0], "8": [55.55555555555556, 10.0, 18.0]}