{"0": [33.80281690140845, 96.0, 284.0], "1": [60.0, 15.0, 25.0], "2": [90.9090909090909, 20.0, 22.0], "3": [56.81818181818182, 100.0, 176.0], "4": [82.27848101265823, 65.0, 79.0], "5": [38.79781420765027, 71.0, 183.0], "6": [65.21739130434783, 195.0, 299.0], "7": [100.0, 8.0, 8.0], "8": [100.0, 8.0, 8.0]}