best_model_train_loss,best_model_val_loss,best_model_train_acc,best_model_val_acc,best_model_learning_rate,best_model_nb_epoch
0.4433450996875763,0.5956832766532898,0.40144872665405273,0.32765957713127136,0.0010000000474974513,99
