precision,accuracy,recall,duration
0.28017339822948795,0.33900709219858155,0.26559097588775676,403.7842597961426
