precision,accuracy,recall,duration
0.28781380853152955,0.3276595744680851,0.28627417263444904,399.7611708641052
