{"0": [19.444444444444446, 7.0, 36.0], "1": [42.857142857142854, 9.0, 21.0], "2": [80.95238095238095, 34.0, 42.0], "3": [72.66881028938906, 226.0, 311.0], "4": [62.637362637362635, 57.0, 91.0], "5": [100.0, 29.0, 29.0], "6": [63.793103448275865, 111.0, 174.0], "7": [NaN, 0.0, 0.0], "8": [100.0, 1.0, 1.0]}