precision,accuracy,recall,duration
0.2717537510370653,0.09520348837209303,0.2773439994252474,771.6487641334534
