precision,accuracy,recall,duration
0.3760717918766143,0.40955137481910275,0.3743866074191314,396.61164450645447
