precision,accuracy,recall,duration
0.36241675369549725,0.38581560283687943,0.4643047842035165,328.22763538360596
