{"0": [22.22222222222222, 8.0, 36.0], "1": [47.61904761904761, 10.0, 21.0], "2": [92.85714285714286, 39.0, 42.0], "3": [66.2379421221865, 206.0, 311.0], "4": [68.13186813186813, 62.0, 91.0], "5": [27.586206896551722, 8.0, 29.0], "6": [57.47126436781609, 100.0, 174.0], "7": [NaN, 0.0, 0.0], "8": [0.0, 0.0, 1.0]}