best_model_train_loss,best_model_val_loss,best_model_train_acc,best_model_val_acc,best_model_learning_rate,best_model_nb_epoch
0.4517925977706909,0.515629768371582,0.43646758794784546,0.36968839168548584,0.0010000000474974513,66
