precision,accuracy,recall,duration
0.3863457677715217,0.3597733711048159,0.3866057849391241,1201.7205600738525
