precision,accuracy,recall,duration
0.39008336564628227,0.4182076813655761,0.40208153219357484,400.7502520084381
