{"0": [53.403141361256544, 102.0, 191.0], "1": [28.57142857142857, 4.0, 14.0], "2": [75.0, 12.0, 16.0], "3": [66.94915254237289, 79.0, 118.0], "4": [90.0, 45.0, 50.0], "5": [40.0, 48.0, 120.0], "6": [63.63636363636363, 126.0, 198.0], "7": [25.0, 1.0, 4.0], "8": [100.0, 7.0, 7.0]}