{"0": [26.168224299065418, 28.0, 107.0], "1": [42.857142857142854, 27.0, 63.0], "2": [87.71929824561403, 100.0, 114.0], "3": [66.2379421221865, 618.0, 933.0], "4": [79.79094076655052, 229.0, 287.0], "5": [38.20224719101123, 34.0, 89.0], "6": [61.078998073217726, 317.0, 519.0], "7": [NaN, 0.0, 0.0], "8": [50.0, 3.0, 6.0]}