precision,accuracy,recall,duration
0.3793703557862232,0.5004730368968779,0.362992122580191,516.2841136455536
