{"0": [28.822495606326886, 164.0, 569.0], "1": [93.61702127659575, 44.0, 47.0], "2": [54.54545454545454, 24.0, 44.0], "3": [54.82954545454546, 193.0, 352.0], "4": [98.0, 147.0, 150.0], "5": [35.89041095890411, 131.0, 365.0], "6": [61.61616161616161, 366.0, 594.0], "7": [88.23529411764706, 15.0, 17.0], "8": [61.111111111111114, 11.0, 18.0]}