{"0": [71.07142857142857, 398.0, 560.0], "1": [97.87234042553192, 46.0, 47.0], "2": [97.67441860465115, 42.0, 43.0], "3": [87.17201166180757, 299.0, 343.0], "4": [89.33333333333333, 134.0, 150.0], "5": [75.84269662921348, 270.0, 356.0], "6": [63.65280289330922, 352.0, 553.0], "7": [0.0, 0.0, 17.0], "8": [88.88888888888889, 16.0, 18.0]}