precision,accuracy,recall,duration
0.2661780804275733,0.3411214953271028,0.25391957206473337,65.30842208862305
