precision,accuracy,recall,duration
0.34447615384174324,0.3858643744030564,0.3383636102346627,596.9912266731262
