{"0": [46.236559139784944, 129.0, 279.0], "1": [44.0, 11.0, 25.0], "2": [95.23809523809523, 20.0, 21.0], "3": [73.68421052631578, 126.0, 171.0], "4": [83.54430379746836, 66.0, 79.0], "5": [40.44943820224719, 72.0, 178.0], "6": [74.82014388489209, 208.0, 278.0], "7": [37.5, 3.0, 8.0], "8": [100.0, 8.0, 8.0]}