precision,accuracy,recall,duration
0.29426681133924304,0.24881964117091596,0.23413249546348266,1194.6357867717743
