{"0": [26.168224299065418, 28.0, 107.0], "1": [38.095238095238095, 24.0, 63.0], "2": [95.6140350877193, 109.0, 114.0], "3": [80.60021436227224, 752.0, 933.0], "4": [96.16724738675958, 276.0, 287.0], "5": [92.13483146067416, 82.0, 89.0], "6": [60.5009633911368, 314.0, 519.0], "7": [NaN, 0.0, 0.0], "8": [100.0, 6.0, 6.0]}