precision,accuracy,recall,duration
0.2545357222236556,0.28105323411562677,0.36290097941060345,641.6664028167725
