{"0": [88.39285714285714, 99.0, 112.0], "1": [61.627906976744185, 53.0, 86.0], "2": [88.70967741935483, 165.0, 186.0], "3": [68.28908554572271, 463.0, 678.0], "4": [73.58490566037736, 195.0, 265.0], "5": [46.601941747572816, 48.0, 103.0], "6": [97.1563981042654, 205.0, 211.0], "7": [22.22222222222222, 2.0, 9.0], "8": [26.804123711340207, 26.0, 97.0]}