best_model_train_loss,best_model_val_loss,best_model_train_acc,best_model_val_acc,best_model_learning_rate,best_model_nb_epoch
0.43680328130722046,0.4903055727481842,0.4456728994846344,0.4127659499645233,0.0010000000474974513,97
