precision,accuracy,recall,duration
0.378805116408471,0.35602836879432626,0.4951566056548131,406.9238586425781
