precision,accuracy,recall,duration
0.4034753163134216,0.4364851957975167,0.3325986692604331,598.1882944107056
