{"0": [48.028673835125446, 134.0, 279.0], "1": [32.0, 8.0, 25.0], "2": [90.47619047619048, 19.0, 21.0], "3": [84.7953216374269, 145.0, 171.0], "4": [84.81012658227847, 67.0, 79.0], "5": [34.831460674157306, 62.0, 178.0], "6": [50.719424460431654, 141.0, 278.0], "7": [75.0, 6.0, 8.0], "8": [100.0, 8.0, 8.0]}