{"0": [19.444444444444446, 7.0, 36.0], "1": [23.809523809523807, 5.0, 21.0], "2": [80.95238095238095, 34.0, 42.0], "3": [72.66881028938906, 226.0, 311.0], "4": [74.72527472527473, 68.0, 91.0], "5": [20.689655172413794, 6.0, 29.0], "6": [62.06896551724138, 108.0, 174.0], "7": [NaN, 0.0, 0.0], "8": [0.0, 0.0, 1.0]}