precision,accuracy,recall,duration
0.3441039102321308,0.37299338999055714,0.3776827257496782,610.6357865333557
