precision,accuracy,recall,duration
0.3841883015942136,0.4312590448625181,0.40306118685080905,398.8111958503723
