{"0": [49.73262032085562, 93.0, 187.0], "1": [28.57142857142857, 4.0, 14.0], "2": [80.0, 12.0, 15.0], "3": [61.40350877192983, 70.0, 114.0], "4": [78.0, 39.0, 50.0], "5": [35.3448275862069, 41.0, 116.0], "6": [68.47826086956522, 126.0, 184.0], "7": [50.0, 2.0, 4.0], "8": [85.71428571428571, 6.0, 7.0]}