{"0": [40.74074074074074, 22.0, 54.0], "1": [42.42424242424242, 14.0, 33.0], "2": [75.86206896551724, 44.0, 58.0], "3": [66.23655913978494, 308.0, 465.0], "4": [82.73381294964028, 115.0, 139.0], "5": [20.0, 9.0, 45.0], "6": [57.08812260536399, 149.0, 261.0], "7": [NaN, 0.0, 0.0], "8": [75.0, 3.0, 4.0]}