precision,accuracy,recall,duration
0.33326091057482254,0.352219074598678,0.34385833400597116,602.8589284420013
