precision,accuracy,recall,duration
0.38855034903422575,0.4283646888567294,0.40394457556580826,398.0324385166168
