{"0": [64.81481481481481, 35.0, 54.0], "1": [33.33333333333333, 11.0, 33.0], "2": [91.37931034482759, 53.0, 58.0], "3": [68.38709677419355, 318.0, 465.0], "4": [71.94244604316546, 100.0, 139.0], "5": [26.666666666666668, 12.0, 45.0], "6": [59.00383141762452, 154.0, 261.0], "7": [NaN, 0.0, 0.0], "8": [75.0, 3.0, 4.0]}