{"0": [49.73262032085562, 93.0, 187.0], "1": [28.57142857142857, 4.0, 14.0], "2": [80.0, 12.0, 15.0], "3": [68.42105263157895, 78.0, 114.0], "4": [70.0, 35.0, 50.0], "5": [38.793103448275865, 45.0, 116.0], "6": [65.21739130434783, 120.0, 184.0], "7": [50.0, 2.0, 4.0], "8": [85.71428571428571, 6.0, 7.0]}