{"0": [56.94200351493849, 324.0, 569.0], "1": [36.17021276595745, 17.0, 47.0], "2": [95.45454545454545, 42.0, 44.0], "3": [51.70454545454546, 182.0, 352.0], "4": [95.33333333333334, 143.0, 150.0], "5": [38.082191780821915, 139.0, 365.0], "6": [59.59595959595959, 354.0, 594.0], "7": [64.70588235294117, 11.0, 17.0], "8": [72.22222222222221, 13.0, 18.0]}