{"0": [32.98429319371728, 63.0, 191.0], "1": [50.0, 7.0, 14.0], "2": [93.75, 15.0, 16.0], "3": [63.559322033898304, 75.0, 118.0], "4": [80.0, 40.0, 50.0], "5": [38.333333333333336, 46.0, 120.0], "6": [62.62626262626263, 124.0, 198.0], "7": [100.0, 4.0, 4.0], "8": [100.0, 7.0, 7.0]}