precision,accuracy,recall,duration
0.34564247713150764,0.33207190160832545,0.30921455917566043,1229.6637670993805
