{"0": [68.36555360281194, 389.0, 569.0], "1": [42.5531914893617, 20.0, 47.0], "2": [88.63636363636364, 39.0, 44.0], "3": [87.2159090909091, 307.0, 352.0], "4": [96.66666666666667, 145.0, 150.0], "5": [39.726027397260275, 145.0, 365.0], "6": [64.81481481481481, 385.0, 594.0], "7": [58.82352941176471, 10.0, 17.0], "8": [77.77777777777779, 14.0, 18.0]}