best_model_train_loss,best_model_val_loss,best_model_train_acc,best_model_val_acc,best_model_learning_rate,best_model_nb_epoch
0.4664868414402008,0.5224550366401672,0.4346168637275696,0.38723403215408325,0.0010000000474974513,85
