precision,accuracy,recall,duration
0.36962988244277706,0.3872340425531915,0.486299958201869,420.50892543792725
