{"0": [19.444444444444446, 7.0, 36.0], "1": [33.33333333333333, 7.0, 21.0], "2": [83.33333333333334, 35.0, 42.0], "3": [61.09324758842444, 190.0, 311.0], "4": [83.51648351648352, 76.0, 91.0], "5": [17.24137931034483, 5.0, 29.0], "6": [64.36781609195403, 112.0, 174.0], "7": [NaN, 0.0, 0.0], "8": [0.0, 0.0, 1.0]}