{"0": [62.5, 350.0, 560.0], "1": [57.446808510638306, 27.0, 47.0], "2": [93.02325581395348, 40.0, 43.0], "3": [86.0058309037901, 295.0, 343.0], "4": [96.0, 144.0, 150.0], "5": [40.168539325842694, 143.0, 356.0], "6": [58.77034358047016, 325.0, 553.0], "7": [94.11764705882352, 16.0, 17.0], "8": [61.111111111111114, 11.0, 18.0]}