{"0": [43.31550802139038, 81.0, 187.0], "1": [42.857142857142854, 6.0, 14.0], "2": [86.66666666666667, 13.0, 15.0], "3": [49.122807017543856, 56.0, 114.0], "4": [92.0, 46.0, 50.0], "5": [38.793103448275865, 45.0, 116.0], "6": [65.76086956521739, 121.0, 184.0], "7": [50.0, 2.0, 4.0], "8": [100.0, 7.0, 7.0]}