precision,accuracy,recall,duration
0.37482239386970256,0.2679245283018868,0.35472093864026005,959.3186297416687
