precision,accuracy,recall,duration
0.36728688705688467,0.4224219489120151,0.36037144432480345,1185.5427207946777
