{"0": [31.775700934579437, 34.0, 107.0], "1": [52.38095238095239, 33.0, 63.0], "2": [88.59649122807018, 101.0, 114.0], "3": [89.17470525187568, 832.0, 933.0], "4": [79.23875432525952, 229.0, 289.0], "5": [33.70786516853933, 30.0, 89.0], "6": [55.8766859344894, 290.0, 519.0], "7": [NaN, 0.0, 0.0], "8": [50.0, 3.0, 6.0]}