{"0": [49.91212653778559, 284.0, 569.0], "1": [36.17021276595745, 17.0, 47.0], "2": [95.45454545454545, 42.0, 44.0], "3": [67.89772727272727, 239.0, 352.0], "4": [96.66666666666667, 145.0, 150.0], "5": [40.0, 146.0, 365.0], "6": [61.44781144781145, 365.0, 594.0], "7": [52.94117647058824, 9.0, 17.0], "8": [77.77777777777779, 14.0, 18.0]}