{"0": [53.427065026362044, 304.0, 569.0], "1": [78.72340425531915, 37.0, 47.0], "2": [95.45454545454545, 42.0, 44.0], "3": [63.35227272727273, 223.0, 352.0], "4": [96.66666666666667, 145.0, 150.0], "5": [39.178082191780824, 143.0, 365.0], "6": [68.18181818181817, 405.0, 594.0], "7": [5.88235294117647, 1.0, 17.0], "8": [100.0, 18.0, 18.0]}