{"0": [63.035714285714285, 353.0, 560.0], "1": [38.297872340425535, 18.0, 47.0], "2": [100.0, 43.0, 43.0], "3": [83.38192419825073, 286.0, 343.0], "4": [90.66666666666666, 136.0, 150.0], "5": [42.13483146067416, 150.0, 356.0], "6": [57.68535262206148, 319.0, 553.0], "7": [70.58823529411765, 12.0, 17.0], "8": [72.22222222222221, 13.0, 18.0]}