precision,accuracy,recall,duration
0.2639129456943529,0.40150093808630394,0.2973975392416571,282.2302944660187
