{"0": [43.75, 14.0, 32.0], "1": [100.0, 19.0, 19.0], "2": [95.65217391304348, 44.0, 46.0], "3": [48.16326530612245, 118.0, 245.0], "4": [77.61194029850746, 52.0, 67.0], "5": [32.0, 8.0, 25.0], "6": [63.73626373626373, 58.0, 91.0], "7": [100.0, 1.0, 1.0], "8": [71.42857142857143, 5.0, 7.0]}