precision,accuracy,recall,duration
0.315161763018217,0.33491012298959316,0.3360041399480399,1208.1907386779785
