{"0": [99.64850615114236, 567.0, 569.0], "1": [31.914893617021278, 15.0, 47.0], "2": [100.0, 44.0, 44.0], "3": [50.56818181818182, 178.0, 352.0], "4": [84.0, 126.0, 150.0], "5": [38.082191780821915, 139.0, 365.0], "6": [59.427609427609426, 353.0, 594.0], "7": [58.82352941176471, 10.0, 17.0], "8": [77.77777777777779, 14.0, 18.0]}