best_model_train_loss,best_model_val_loss,best_model_train_acc,best_model_val_acc,best_model_learning_rate,best_model_nb_epoch
0.39621594548225403,11.322291374206543,0.47067371010780334,0.34077751636505127,0.0010000000474974513,95
