precision,accuracy,recall,duration
0.2523929947778308,0.358560794044665,0.21927375328821594,1174.482605457306
