{"0": [10.069444444444445, 58.0, 576.0], "1": [92.97297297297298, 172.0, 185.0], "2": [72.72727272727273, 48.0, 66.0], "3": [81.5028901734104, 282.0, 346.0], "4": [100.0, 296.0, 296.0], "5": [82.92682926829268, 238.0, 287.0], "6": [62.45421245421245, 341.0, 546.0], "7": [100.0, 116.0, 116.0], "8": [NaN, 0.0, 0.0]}