precision,accuracy,recall,duration
0.44651862766488815,0.3635505193578848,0.4485061628790472,613.05411028862
