{"0": [25.925925925925924, 14.0, 54.0], "1": [36.36363636363637, 12.0, 33.0], "2": [87.93103448275862, 51.0, 58.0], "3": [63.655913978494624, 296.0, 465.0], "4": [87.05035971223022, 121.0, 139.0], "5": [26.666666666666668, 12.0, 45.0], "6": [63.601532567049816, 166.0, 261.0], "7": [NaN, 0.0, 0.0], "8": [50.0, 2.0, 4.0]}