precision,accuracy,recall,duration
0.33424249929019456,0.3691148775894539,0.3350904896090785,602.1864523887634
