{"0": [48.23943661971831, 137.0, 284.0], "1": [40.0, 10.0, 25.0], "2": [68.18181818181817, 15.0, 22.0], "3": [93.75, 165.0, 176.0], "4": [92.40506329113924, 73.0, 79.0], "5": [41.53005464480874, 76.0, 183.0], "6": [67.55852842809364, 202.0, 299.0], "7": [62.5, 5.0, 8.0], "8": [87.5, 7.0, 8.0]}