{"0": [21.98952879581152, 42.0, 191.0], "1": [64.28571428571429, 9.0, 14.0], "2": [93.75, 15.0, 16.0], "3": [77.11864406779661, 91.0, 118.0], "4": [80.0, 40.0, 50.0], "5": [44.166666666666664, 53.0, 120.0], "6": [59.09090909090909, 117.0, 198.0], "7": [100.0, 4.0, 4.0], "8": [100.0, 7.0, 7.0]}