precision,accuracy,recall,duration
0.34829210218222584,0.3753581661891118,0.32704525363121445,600.3156762123108
