{"0": [49.46236559139785, 138.0, 279.0], "1": [96.0, 24.0, 25.0], "2": [100.0, 21.0, 21.0], "3": [72.51461988304094, 124.0, 171.0], "4": [87.34177215189874, 69.0, 79.0], "5": [42.69662921348314, 76.0, 178.0], "6": [70.14388489208633, 195.0, 278.0], "7": [0.0, 0.0, 8.0], "8": [87.5, 7.0, 8.0]}