best_model_train_loss,best_model_val_loss,best_model_train_acc,best_model_val_acc,best_model_learning_rate,best_model_nb_epoch
0.44473785161972046,0.5513439774513245,0.4041174352169037,0.35177305340766907,0.0010000000474974513,99
