precision,accuracy,recall,duration
0.2858145253142279,0.3517730496453901,0.285887028107156,402.00147795677185
