precision,accuracy,recall,duration
0.284327802625445,0.3262411347517731,0.39224475819442,407.2552533149719
