{"0": [19.444444444444446, 7.0, 36.0], "1": [42.857142857142854, 9.0, 21.0], "2": [92.85714285714286, 39.0, 42.0], "3": [64.63022508038586, 201.0, 311.0], "4": [51.64835164835166, 47.0, 91.0], "5": [100.0, 29.0, 29.0], "6": [71.26436781609196, 124.0, 174.0], "7": [NaN, 0.0, 0.0], "8": [100.0, 1.0, 1.0]}