{"0": [16.666666666666664, 6.0, 36.0], "1": [42.857142857142854, 9.0, 21.0], "2": [76.19047619047619, 32.0, 42.0], "3": [67.52411575562701, 210.0, 311.0], "4": [73.62637362637363, 67.0, 91.0], "5": [100.0, 29.0, 29.0], "6": [70.11494252873564, 122.0, 174.0], "7": [NaN, 0.0, 0.0], "8": [0.0, 0.0, 1.0]}