best_model_train_loss,best_model_val_loss,best_model_train_acc,best_model_val_acc,best_model_learning_rate,best_model_nb_epoch
0.43686819076538086,0.8827376961708069,0.4325285851955414,0.34938621520996094,0.0010000000474974513,88
