precision,accuracy,recall,duration
0.4042618929230751,0.41863765373699147,0.38258406106511633,1232.9142217636108
