precision,accuracy,recall,duration
0.37406587174289885,0.3947119924457035,0.37489648315354823,599.8014826774597
