{"0": [29.629629629629626, 16.0, 54.0], "1": [36.36363636363637, 12.0, 33.0], "2": [75.86206896551724, 44.0, 58.0], "3": [67.52688172043011, 314.0, 465.0], "4": [74.82014388489209, 104.0, 139.0], "5": [26.666666666666668, 12.0, 45.0], "6": [51.724137931034484, 135.0, 261.0], "7": [NaN, 0.0, 0.0], "8": [100.0, 4.0, 4.0]}