{"0": [49.56063268892794, 282.0, 569.0], "1": [27.659574468085108, 13.0, 47.0], "2": [88.63636363636364, 39.0, 44.0], "3": [77.55681818181817, 273.0, 352.0], "4": [88.66666666666667, 133.0, 150.0], "5": [39.45205479452055, 144.0, 365.0], "6": [61.111111111111114, 363.0, 594.0], "7": [64.70588235294117, 11.0, 17.0], "8": [61.111111111111114, 11.0, 18.0]}