precision,accuracy,recall,duration
0.3548996565077278,0.37748344370860926,0.32955962755905316,1212.4130187034607
