precision,accuracy,recall,duration
0.25405235458454833,0.33583489681050654,0.40407908961789607,300.8964533805847
