{"0": [87.5, 28.0, 32.0], "1": [63.1578947368421, 12.0, 19.0], "2": [86.95652173913044, 40.0, 46.0], "3": [55.51020408163265, 136.0, 245.0], "4": [70.1492537313433, 47.0, 67.0], "5": [28.000000000000004, 7.0, 25.0], "6": [87.91208791208791, 80.0, 91.0], "7": [0.0, 0.0, 1.0], "8": [57.14285714285714, 4.0, 7.0]}