{"0": [65.02636203866432, 370.0, 569.0], "1": [31.914893617021278, 15.0, 47.0], "2": [90.9090909090909, 40.0, 44.0], "3": [65.9090909090909, 232.0, 352.0], "4": [98.66666666666667, 148.0, 150.0], "5": [40.273972602739725, 147.0, 365.0], "6": [57.744107744107744, 343.0, 594.0], "7": [70.58823529411765, 12.0, 17.0], "8": [66.66666666666666, 12.0, 18.0]}