precision,accuracy,recall,duration
0.36444610847223635,0.3219858156028369,0.48044630948315764,425.6595561504364
