{"0": [19.444444444444446, 7.0, 36.0], "1": [38.095238095238095, 8.0, 21.0], "2": [66.66666666666666, 28.0, 42.0], "3": [75.2411575562701, 234.0, 311.0], "4": [80.21978021978022, 73.0, 91.0], "5": [17.24137931034483, 5.0, 29.0], "6": [70.6896551724138, 123.0, 174.0], "7": [NaN, 0.0, 0.0], "8": [0.0, 0.0, 1.0]}