{"0": [32.62032085561498, 61.0, 187.0], "1": [42.857142857142854, 6.0, 14.0], "2": [93.33333333333333, 14.0, 15.0], "3": [69.2982456140351, 79.0, 114.0], "4": [88.0, 44.0, 50.0], "5": [37.06896551724138, 43.0, 116.0], "6": [71.19565217391305, 131.0, 184.0], "7": [100.0, 4.0, 4.0], "8": [100.0, 7.0, 7.0]}