precision,accuracy,recall,duration
0.2627839654710795,0.27102803738317754,0.2769482458998588,102.79073929786682
