{"0": [40.0, 4.0, 10.0], "1": [20.0, 1.0, 5.0], "2": [72.72727272727273, 8.0, 11.0], "3": [72.91666666666666, 70.0, 96.0], "4": [74.19354838709677, 23.0, 31.0], "5": [90.9090909090909, 10.0, 11.0], "6": [80.0, 40.0, 50.0], "7": [NaN, 0.0, 0.0], "8": [NaN, 0.0, 0.0]}