{"0": [62.214411247803156, 354.0, 569.0], "1": [31.914893617021278, 15.0, 47.0], "2": [93.18181818181817, 41.0, 44.0], "3": [75.56818181818183, 266.0, 352.0], "4": [95.33333333333334, 143.0, 150.0], "5": [40.273972602739725, 147.0, 365.0], "6": [58.58585858585859, 348.0, 594.0], "7": [94.11764705882352, 16.0, 17.0], "8": [61.111111111111114, 11.0, 18.0]}