precision,accuracy,recall,duration
0.29083132761956887,0.3120567375886525,0.28625341421475503,406.95188999176025
