{"0": [19.444444444444446, 7.0, 36.0], "1": [85.71428571428571, 18.0, 21.0], "2": [76.19047619047619, 32.0, 42.0], "3": [76.52733118971061, 238.0, 311.0], "4": [74.72527472527473, 68.0, 91.0], "5": [48.275862068965516, 14.0, 29.0], "6": [61.49425287356321, 107.0, 174.0], "7": [NaN, 0.0, 0.0], "8": [100.0, 1.0, 1.0]}