precision,accuracy,recall,duration
0.3325406553458535,0.1511627906976744,0.31207854415472647,789.915180683136
