{"0": [61.25000000000001, 343.0, 560.0], "1": [38.297872340425535, 18.0, 47.0], "2": [100.0, 43.0, 43.0], "3": [90.0874635568513, 309.0, 343.0], "4": [91.33333333333333, 137.0, 150.0], "5": [41.853932584269664, 149.0, 356.0], "6": [57.68535262206148, 319.0, 553.0], "7": [76.47058823529412, 13.0, 17.0], "8": [66.66666666666666, 12.0, 18.0]}