precision,accuracy,recall,duration
0.3604880264046418,0.3833253473885961,0.3225094119830784,928.6518602371216
