{"0": [52.142857142857146, 292.0, 560.0], "1": [91.48936170212765, 43.0, 47.0], "2": [97.67441860465115, 42.0, 43.0], "3": [75.21865889212827, 258.0, 343.0], "4": [86.66666666666667, 130.0, 150.0], "5": [43.258426966292134, 154.0, 356.0], "6": [63.29113924050633, 350.0, 553.0], "7": [0.0, 0.0, 17.0], "8": [100.0, 18.0, 18.0]}