{"0": [11.11111111111111, 3.0, 27.0], "1": [62.06896551724138, 18.0, 29.0], "2": [88.23529411764706, 30.0, 34.0], "3": [58.55855855855856, 130.0, 222.0], "4": [68.0, 51.0, 75.0], "5": [69.23076923076923, 18.0, 26.0], "6": [78.37837837837837, 87.0, 111.0], "7": [NaN, 0.0, 0.0], "8": [80.0, 8.0, 10.0]}