{"0": [55.98591549295775, 159.0, 284.0], "1": [52.0, 13.0, 25.0], "2": [90.9090909090909, 20.0, 22.0], "3": [80.68181818181817, 142.0, 176.0], "4": [64.55696202531645, 51.0, 79.0], "5": [71.03825136612022, 130.0, 183.0], "6": [65.21739130434783, 195.0, 299.0], "7": [12.5, 1.0, 8.0], "8": [100.0, 8.0, 8.0]}