precision,accuracy,recall,duration
0.33603984364541883,0.40086830680173663,0.329764736554252,401.8424119949341
