{"0": [53.475935828877006, 100.0, 187.0], "1": [85.71428571428571, 12.0, 14.0], "2": [93.33333333333333, 14.0, 15.0], "3": [70.17543859649122, 80.0, 114.0], "4": [76.0, 38.0, 50.0], "5": [31.03448275862069, 36.0, 116.0], "6": [68.47826086956522, 126.0, 184.0], "7": [25.0, 1.0, 4.0], "8": [100.0, 7.0, 7.0]}