{"0": [52.54833040421792, 299.0, 569.0], "1": [48.93617021276596, 23.0, 47.0], "2": [97.72727272727273, 43.0, 44.0], "3": [80.11363636363636, 282.0, 352.0], "4": [69.33333333333334, 104.0, 150.0], "5": [68.4931506849315, 250.0, 365.0], "6": [71.71717171717171, 426.0, 594.0], "7": [11.76470588235294, 2.0, 17.0], "8": [72.22222222222221, 13.0, 18.0]}