precision,accuracy,recall,duration
0.3247058162907944,0.2803738317757009,0.4706163594470047,104.37305235862732
