{"0": [20.0, 2.0, 10.0], "1": [20.0, 1.0, 5.0], "2": [90.9090909090909, 10.0, 11.0], "3": [84.375, 81.0, 96.0], "4": [74.19354838709677, 23.0, 31.0], "5": [9.090909090909092, 1.0, 11.0], "6": [72.0, 36.0, 50.0], "7": [NaN, 0.0, 0.0], "8": [NaN, 0.0, 0.0]}