precision,accuracy,recall,duration
0.3323815377459477,0.3712660028449502,0.29996757922917416,318.6869487762451
