{"0": [54.973821989528794, 105.0, 191.0], "1": [85.71428571428571, 12.0, 14.0], "2": [100.0, 16.0, 16.0], "3": [82.20338983050848, 97.0, 118.0], "4": [80.0, 40.0, 50.0], "5": [35.833333333333336, 43.0, 120.0], "6": [68.68686868686868, 136.0, 198.0], "7": [25.0, 1.0, 4.0], "8": [100.0, 7.0, 7.0]}