precision,accuracy,recall,duration
0.31698374745072216,0.23120567375886525,0.3227780492166788,415.90775322914124
