{"0": [63.92857142857142, 358.0, 560.0], "1": [55.319148936170215, 26.0, 47.0], "2": [97.67441860465115, 42.0, 43.0], "3": [89.79591836734694, 308.0, 343.0], "4": [97.33333333333334, 146.0, 150.0], "5": [44.10112359550562, 157.0, 356.0], "6": [58.40867992766727, 323.0, 553.0], "7": [94.11764705882352, 16.0, 17.0], "8": [77.77777777777779, 14.0, 18.0]}