{"0": [66.66666666666666, 50.0, 75.0], "1": [97.72727272727273, 86.0, 88.0], "2": [97.27272727272728, 107.0, 110.0], "3": [31.538461538461537, 164.0, 520.0], "4": [91.95979899497488, 183.0, 199.0], "5": [100.0, 64.0, 64.0], "6": [93.359375, 239.0, 256.0], "7": [100.0, 2.0, 2.0], "8": [38.70967741935484, 24.0, 62.0]}