best_model_train_loss,best_model_val_loss,best_model_train_acc,best_model_val_acc,best_model_learning_rate,best_model_nb_epoch
0.46920105814933777,0.5425899624824524,0.411966472864151,0.34184396266937256,0.0010000000474974513,96
