precision,accuracy,recall,duration
0.36810371785611423,0.4096045197740113,0.3842881812038688,592.9510855674744
