precision,accuracy,recall,duration
0.36325917376200656,0.3645390070921986,0.4590418479060975,328.88224816322327
