{"0": [22.22222222222222, 8.0, 36.0], "1": [33.33333333333333, 7.0, 21.0], "2": [90.47619047619048, 38.0, 42.0], "3": [66.2379421221865, 206.0, 311.0], "4": [90.10989010989012, 82.0, 91.0], "5": [27.586206896551722, 8.0, 29.0], "6": [56.896551724137936, 99.0, 174.0], "7": [NaN, 0.0, 0.0], "8": [0.0, 0.0, 1.0]}