{"895.716430664063": 0, "895.966735839844": 2, "896.180969238281": 4, "896.386169433594": 6, "896.587463378906": 8, "896.799133300781": 11, "897.018798828125": 13, "897.218872070313": 15, "897.419738769531": 17, "897.654907226563": 19, "897.855590820313": 21, "898.05810546875": 24, "898.274658203125": 26, "898.491149902344": 28, "898.720581054688": 30, "898.926452636719": 32, "899.1494140625": 35, "899.388671875": 37, "899.591125488281": 39, "899.818115234375": 42, "900.018615722656": 44, "900.251220703125": 46, "900.483642578125": 48, "900.685363769531": 51, "900.916625976563": 53, "901.120483398438": 55, "901.348999023438": 58, "901.549377441406": 61, "901.7509765625": 64, "901.984008789063": 68, "902.184814453125": 71, "902.388122558594": 74, "902.616577148438": 77, "902.816711425781": 80, "903.049987792969": 84, "903.25048828125": 87, "903.453674316406": 90, "903.683898925781": 93, "903.885070800781": 96, "904.116333007813": 100, "904.317993164063": 103, "904.548645019531": 106, "904.749389648438": 109, "904.981811523438": 112, "905.189331054688": 116, "905.41650390625": 119, "905.648864746094": 122, "905.849609375": 125, "906.049682617188": 128, "906.25341796875": 131, "906.489501953125": 135, "906.719970703125": 138, "906.927551269531": 142, "907.149536132813": 145, "907.3515625": 148, "907.586303710938": 151, "907.808898925781": 155, "908.015869140625": 158, "908.217102050781": 161, "908.466369628906": 165, "908.682678222656": 168, "908.900512695313": 171, "909.101440429688": 174, "909.315795898438": 177, "909.520080566406": 180, "909.734436035156": 184, "909.938720703125": 187, "910.152770996094": 190, "910.383544921875": 193, "910.584350585938": 196, "910.78466796875": 199, "910.986694335938": 202, "911.215270996094": 206, "911.417053222656": 209, "911.627136230469": 212, "911.849975585938": 215, "912.082458496094": 219, "912.283874511719": 222, "912.515014648438": 225, "912.717529296875": 228, "912.947692871094": 232, "913.148254394531": 235, "913.38427734375": 238, "913.614440917969": 242, "913.815307617188": 245, "914.017272949219": 248, "914.249572753906": 251, "914.481628417969": 254, "914.681884765625": 257, "914.916381835938": 261, "915.120483398438": 264, "915.349548339844": 267, "915.583374023438": 271, "915.785034179688": 274, "916.015197753906": 277, "916.216369628906": 280, "916.429809570313": 284, "916.648742675781": 287, "916.861328125": 290, "917.084838867188": 293, "917.316711425781": 297, "917.518249511719": 300, "917.748596191406": 303, "917.98291015625": 307, "918.183471679688": 310, "918.387878417969": 313, "918.597351074219": 316, "918.817199707031": 319, "919.019653320313": 322, "919.250915527344": 326, "919.482604980469": 329, "919.716857910156": 333, "919.949157714844": 336, "920.185119628906": 340, "920.416564941406": 343, "920.650085449219": 347, "920.850708007813": 350, "921.0966796875": 353, "921.316467285156": 357, "921.5166015625": 360, "921.717468261719": 363, "921.951232910156": 366, "922.208435058594": 370, "922.416931152344": 373, "922.617065429688": 376, "922.820007324219": 379, "923.050537109375": 383, "923.28369140625": 386, "923.484008789063": 389, "923.716796875": 393, "923.945129394531": 396, "924.176818847656": 400, "924.384033203125": 403, "924.585021972656": 406, "924.816467285156": 410, "925.017211914063": 413, "925.249389648438": 416, "925.449951171875": 419, "925.651245117188": 422, "925.884399414063": 426, "926.116455078125": 429, "926.328857421875": 432, "926.548950195313": 436, "926.7548828125": 439, "926.982177734375": 442, "927.182434082031": 445, "927.416748046875": 449, "927.6484375": 452, "927.849182128906": 455, "928.053039550781": 458, "928.282836914063": 462, "928.515747070313": 465, "928.716369628906": 468, "928.948120117188": 472, "929.149291992188": 475, "929.382080078125": 479, "929.582153320313": 482, "929.783752441406": 485, "930.015563964844": 488, "930.216003417969": 491, "930.449035644531": 495, "930.683959960938": 498, "930.917114257813": 502, "931.1298828125": 505, "931.348693847656": 508, "931.550415039063": 511, "931.781921386719": 515, "931.982482910156": 518, "932.183044433594": 521, "932.416320800781": 524, "932.619262695313": 527, "932.848937988281": 530, "933.04931640625": 533, "933.249572753906": 536, "933.450134277344": 539, "933.683288574219": 543, "933.887390136719": 546, "934.089294433594": 549, "934.315673828125": 552, "934.524291992188": 555, "934.753295898438": 559, "934.981567382813": 562, "935.183471679688": 565, "935.398803710938": 568, "935.617919921875": 571, "935.850219726563": 575, "936.082763671875": 578, "936.284301757813": 581, "936.515197753906": 585, "936.718017578125": 588, "936.948852539063": 591, "937.14892578125": 594, "937.359985351563": 597, "937.586242675781": 601, "937.790954589844": 604, "938.027282714844": 607, "938.25": 611, "938.450744628906": 614, "938.658935546875": 617, "938.88232421875": 620, "939.085083007813": 623, "939.316711425781": 627, "939.517211914063": 630, "939.748901367188": 633, "939.982299804688": 637, "940.185119628906": 640, "940.415832519531": 643, "940.6171875": 646, "940.821472167969": 649, "941.048889160156": 653, "941.249084472656": 656, "941.450256347656": 659, "941.682067871094": 662, "941.884155273438": 665, "942.115661621094": 669, "942.316284179688": 672, "942.516296386719": 675, "942.71728515625": 678, "942.949096679688": 681, "943.149597167969": 684, "943.384033203125": 688, "943.584167480469": 691, "943.784729003906": 694, "943.984802246094": 697, "944.217468261719": 700, "944.448669433594": 704, "944.649291992188": 707, "944.850952148438": 710, "945.090026855469": 713, "945.31591796875": 717, "945.524108886719": 720, "945.748901367188": 723, "945.950500488281": 726, "946.184448242188": 730, "946.3994140625": 733, "946.616943359375": 736, "946.820190429688": 739, "947.058471679688": 743, "947.282836914063": 746, "947.483825683594": 749, "947.690185546875": 752, "947.915588378906": 756, "948.116333007813": 759, "948.316711425781": 762, "948.549438476563": 765, "948.770141601563": 769, "948.984802246094": 772, "949.188293457031": 775, "949.418579101563": 778, "949.651916503906": 782, "949.8837890625": 785, "950.117492675781": 789, "950.350219726563": 792, "950.581909179688": 796, "950.782653808594": 799, "951.017456054688": 802, "951.248474121094": 806, "951.449096679688": 809, "951.682189941406": 812, "951.882873535156": 815, "952.11572265625": 819, "952.316528320313": 822, "952.548706054688": 825, "952.749694824219": 828, "952.982238769531": 832, "953.182434082031": 835, "953.383666992188": 838, "953.615112304688": 841, "953.815795898438": 844, "954.048583984375": 848, "954.249084472656": 851, "954.481262207031": 854, "954.682800292969": 857, "954.915893554688": 861, "955.116394042969": 864, "955.351989746094": 867, "955.583251953125": 871, "955.783935546875": 874, "956.017150878906": 877, "956.250183105469": 881, "956.483276367188": 884, "956.683349609375": 887, "956.889465332031": 891, "957.116333007813": 894, "957.349853515625": 897, "957.582458496094": 901, "957.815856933594": 904, "958.048522949219": 908, "958.249084472656": 911, "958.483215332031": 914, "958.715515136719": 918, "958.917541503906": 921, "959.118041992188": 924, "959.351013183594": 927, "959.584716796875": 931, "959.7919921875": 934, "960.015625": 937, "960.217224121094": 940, "960.448486328125": 944, "960.649353027344": 947, "960.88232421875": 950, "961.082641601563": 953, "961.282897949219": 956, "961.517150878906": 960, "961.749267578125": 963, "961.949584960938": 966, "962.182678222656": 970, "962.415832519531": 973, "962.6494140625": 977, "962.883239746094": 980, "963.116088867188": 984, "963.316955566406": 987, "963.549011230469": 990, "963.749633789063": 993, "963.950073242188": 996, "964.182556152344": 1000, "964.416442871094": 1003, "964.616943359375": 1006, "964.818359375": 1009, "965.050537109375": 1013, "965.2822265625": 1016, "965.48291015625": 1019, "965.683532714844": 1022, "965.884582519531": 1025,