precision,accuracy,recall,duration
0.3276050254853208,0.24822695035460993,0.4270904431860931,403.55699825286865
