{"0": [22.22222222222222, 8.0, 36.0], "1": [38.095238095238095, 8.0, 21.0], "2": [78.57142857142857, 33.0, 42.0], "3": [80.06430868167203, 249.0, 311.0], "4": [72.52747252747253, 66.0, 91.0], "5": [34.48275862068966, 10.0, 29.0], "6": [89.65517241379311, 156.0, 174.0], "7": [NaN, 0.0, 0.0], "8": [0.0, 0.0, 1.0]}