{"0": [98.95287958115183, 189.0, 191.0], "1": [42.857142857142854, 6.0, 14.0], "2": [100.0, 16.0, 16.0], "3": [88.13559322033898, 104.0, 118.0], "4": [84.0, 42.0, 50.0], "5": [40.833333333333336, 49.0, 120.0], "6": [62.121212121212125, 123.0, 198.0], "7": [25.0, 1.0, 4.0], "8": [71.42857142857143, 5.0, 7.0]}