precision,accuracy,recall,duration
0.37650381336514543,0.3574468085106383,0.4758658964871775,426.582950592041
