{"0": [19.444444444444446, 7.0, 36.0], "1": [33.33333333333333, 7.0, 21.0], "2": [83.33333333333334, 35.0, 42.0], "3": [68.81028938906752, 214.0, 311.0], "4": [84.61538461538461, 77.0, 91.0], "5": [20.689655172413794, 6.0, 29.0], "6": [61.49425287356321, 107.0, 174.0], "7": [NaN, 0.0, 0.0], "8": [0.0, 0.0, 1.0]}