precision,accuracy,recall,duration
0.3487856708511237,0.3773049645390071,0.44401328981105004,401.28410959243774
