{"0": [25.0, 9.0, 36.0], "1": [66.66666666666666, 14.0, 21.0], "2": [90.47619047619048, 38.0, 42.0], "3": [66.88102893890675, 208.0, 311.0], "4": [70.32967032967034, 64.0, 91.0], "5": [24.137931034482758, 7.0, 29.0], "6": [56.896551724137936, 99.0, 174.0], "7": [NaN, 0.0, 0.0], "8": [0.0, 0.0, 1.0]}