{"0": [51.832460732984295, 99.0, 191.0], "1": [92.85714285714286, 13.0, 14.0], "2": [87.5, 14.0, 16.0], "3": [84.7457627118644, 100.0, 118.0], "4": [84.0, 42.0, 50.0], "5": [35.833333333333336, 43.0, 120.0], "6": [70.70707070707071, 140.0, 198.0], "7": [0.0, 0.0, 4.0], "8": [100.0, 7.0, 7.0]}