{"0": [33.80281690140845, 96.0, 284.0], "1": [48.0, 12.0, 25.0], "2": [90.9090909090909, 20.0, 22.0], "3": [71.02272727272727, 125.0, 176.0], "4": [84.81012658227847, 67.0, 79.0], "5": [39.34426229508197, 72.0, 183.0], "6": [56.187290969899664, 168.0, 299.0], "7": [100.0, 8.0, 8.0], "8": [100.0, 8.0, 8.0]}