precision,accuracy,recall,duration
0.3091057308959368,0.23862002874940105,0.27028469323573673,862.7052500247955
