{"0": [89.28571428571429, 500.0, 560.0], "1": [53.191489361702125, 25.0, 47.0], "2": [95.34883720930233, 41.0, 43.0], "3": [57.7259475218659, 198.0, 343.0], "4": [86.0, 129.0, 150.0], "5": [94.10112359550563, 335.0, 356.0], "6": [61.48282097649186, 340.0, 553.0], "7": [52.94117647058824, 9.0, 17.0], "8": [66.66666666666666, 12.0, 18.0]}