{"0": [29.411764705882355, 55.0, 187.0], "1": [71.42857142857143, 10.0, 14.0], "2": [73.33333333333333, 11.0, 15.0], "3": [72.80701754385966, 83.0, 114.0], "4": [76.0, 38.0, 50.0], "5": [41.37931034482759, 48.0, 116.0], "6": [63.58695652173913, 117.0, 184.0], "7": [100.0, 4.0, 4.0], "8": [100.0, 7.0, 7.0]}