precision,accuracy,recall,duration
0.26530284345898963,0.3177570093457944,0.3435738723641949,56.12211465835571
