{"0": [59.154929577464785, 168.0, 284.0], "1": [44.0, 11.0, 25.0], "2": [68.18181818181817, 15.0, 22.0], "3": [91.47727272727273, 161.0, 176.0], "4": [96.20253164556962, 76.0, 79.0], "5": [40.98360655737705, 75.0, 183.0], "6": [60.535117056856194, 181.0, 299.0], "7": [100.0, 8.0, 8.0], "8": [87.5, 7.0, 8.0]}