precision,accuracy,recall,duration
0.36756972935792176,0.3851224105461394,0.37907605702056874,606.933675289154
