{"0": [46.478873239436616, 132.0, 284.0], "1": [48.0, 12.0, 25.0], "2": [86.36363636363636, 19.0, 22.0], "3": [72.1590909090909, 127.0, 176.0], "4": [86.07594936708861, 68.0, 79.0], "5": [49.18032786885246, 90.0, 183.0], "6": [72.90969899665552, 218.0, 299.0], "7": [12.5, 1.0, 8.0], "8": [87.5, 7.0, 8.0]}