{"0": [55.88752196836555, 318.0, 569.0], "1": [44.680851063829785, 21.0, 47.0], "2": [88.63636363636364, 39.0, 44.0], "3": [77.55681818181817, 273.0, 352.0], "4": [89.33333333333333, 134.0, 150.0], "5": [41.369863013698634, 151.0, 365.0], "6": [57.91245791245792, 344.0, 594.0], "7": [35.294117647058826, 6.0, 17.0], "8": [72.22222222222221, 13.0, 18.0]}