{"0": [61.78571428571429, 346.0, 560.0], "1": [42.5531914893617, 20.0, 47.0], "2": [97.67441860465115, 42.0, 43.0], "3": [85.13119533527697, 292.0, 343.0], "4": [91.33333333333333, 137.0, 150.0], "5": [41.57303370786517, 148.0, 356.0], "6": [58.40867992766727, 323.0, 553.0], "7": [82.35294117647058, 14.0, 17.0], "8": [61.111111111111114, 11.0, 18.0]}