{"0": [60.632688927943754, 345.0, 569.0], "1": [36.17021276595745, 17.0, 47.0], "2": [93.18181818181817, 41.0, 44.0], "3": [54.54545454545454, 192.0, 352.0], "4": [96.0, 144.0, 150.0], "5": [37.26027397260274, 136.0, 365.0], "6": [59.09090909090909, 351.0, 594.0], "7": [76.47058823529412, 13.0, 17.0], "8": [50.0, 9.0, 18.0]}