precision,accuracy,recall,duration
0.38318867483097346,0.3971631205673759,0.4869949816821237,425.60713720321655
