precision,accuracy,recall,duration
0.3855490698768538,0.4068040249161476,0.3822474637337617,888.880998134613
