{"0": [56.96428571428571, 319.0, 560.0], "1": [27.659574468085108, 13.0, 47.0], "2": [97.67441860465115, 42.0, 43.0], "3": [84.54810495626822, 290.0, 343.0], "4": [84.0, 126.0, 150.0], "5": [39.325842696629216, 140.0, 356.0], "6": [52.07956600361664, 288.0, 553.0], "7": [47.05882352941176, 8.0, 17.0], "8": [66.66666666666666, 12.0, 18.0]}