precision,accuracy,recall,duration
0.3888294257201232,0.40210124164278893,0.3621608046283794,545.3866260051727
