precision,accuracy,recall,duration
0.33668189021526523,0.33900709219858155,0.4699377355713978,422.3499870300293
