{"0": [25.0, 9.0, 36.0], "1": [42.857142857142854, 9.0, 21.0], "2": [88.09523809523809, 37.0, 42.0], "3": [72.02572347266882, 224.0, 311.0], "4": [45.05494505494506, 41.0, 91.0], "5": [24.137931034482758, 7.0, 29.0], "6": [79.88505747126436, 139.0, 174.0], "7": [NaN, 0.0, 0.0], "8": [0.0, 0.0, 1.0]}