{"0": [57.49999999999999, 322.0, 560.0], "1": [34.04255319148936, 16.0, 47.0], "2": [88.37209302325581, 38.0, 43.0], "3": [75.21865889212827, 258.0, 343.0], "4": [98.0, 147.0, 150.0], "5": [39.04494382022472, 139.0, 356.0], "6": [51.71790235081374, 286.0, 553.0], "7": [76.47058823529412, 13.0, 17.0], "8": [72.22222222222221, 13.0, 18.0]}