precision,accuracy,recall,duration
0.2809478288975553,0.2871939736346516,0.3325179897440702,598.0673651695251
