{"0": [100.0, 284.0, 284.0], "1": [40.0, 10.0, 25.0], "2": [86.36363636363636, 19.0, 22.0], "3": [79.54545454545455, 140.0, 176.0], "4": [88.60759493670885, 70.0, 79.0], "5": [38.25136612021858, 70.0, 183.0], "6": [58.52842809364549, 175.0, 299.0], "7": [12.5, 1.0, 8.0], "8": [100.0, 8.0, 8.0]}