{"0": [63.92857142857142, 358.0, 560.0], "1": [31.914893617021278, 15.0, 47.0], "2": [100.0, 43.0, 43.0], "3": [92.4198250728863, 317.0, 343.0], "4": [92.0, 138.0, 150.0], "5": [41.57303370786517, 148.0, 356.0], "6": [54.43037974683544, 301.0, 553.0], "7": [47.05882352941176, 8.0, 17.0], "8": [83.33333333333334, 15.0, 18.0]}