{"0": [60.535714285714285, 339.0, 560.0], "1": [40.42553191489361, 19.0, 47.0], "2": [95.34883720930233, 41.0, 43.0], "3": [61.80758017492711, 212.0, 343.0], "4": [95.33333333333334, 143.0, 150.0], "5": [42.69662921348314, 152.0, 356.0], "6": [58.04701627486437, 321.0, 553.0], "7": [47.05882352941176, 8.0, 17.0], "8": [61.111111111111114, 11.0, 18.0]}