precision,accuracy,recall,duration
0.29115687897922055,0.3304964539007092,0.2859013070418622,406.4455916881561
