{"0": [22.22222222222222, 8.0, 36.0], "1": [80.95238095238095, 17.0, 21.0], "2": [97.61904761904762, 41.0, 42.0], "3": [67.84565916398714, 211.0, 311.0], "4": [76.92307692307693, 70.0, 91.0], "5": [31.03448275862069, 9.0, 29.0], "6": [66.0919540229885, 115.0, 174.0], "7": [NaN, 0.0, 0.0], "8": [100.0, 1.0, 1.0]}