{"0": [52.816901408450704, 150.0, 284.0], "1": [44.0, 11.0, 25.0], "2": [90.9090909090909, 20.0, 22.0], "3": [68.75, 121.0, 176.0], "4": [92.40506329113924, 73.0, 79.0], "5": [38.25136612021858, 70.0, 183.0], "6": [68.22742474916387, 204.0, 299.0], "7": [50.0, 4.0, 8.0], "8": [87.5, 7.0, 8.0]}