precision,accuracy,recall,duration
0.3501595106556145,0.29219858156028367,0.45983877191143335,414.4615705013275
