{"0": [19.444444444444446, 7.0, 36.0], "1": [38.095238095238095, 8.0, 21.0], "2": [83.33333333333334, 35.0, 42.0], "3": [80.06430868167203, 249.0, 311.0], "4": [69.23076923076923, 63.0, 91.0], "5": [20.689655172413794, 6.0, 29.0], "6": [75.28735632183908, 131.0, 174.0], "7": [NaN, 0.0, 0.0], "8": [0.0, 0.0, 1.0]}