precision,accuracy,recall,duration
0.34870165978500406,0.39255014326647564,0.33324060835138014,600.0717582702637
