precision,accuracy,recall,duration
0.31599303727454914,0.22096317280453256,0.34092049035049027,598.7459635734558
