{"0": [31.48148148148148, 17.0, 54.0], "1": [51.515151515151516, 17.0, 33.0], "2": [91.37931034482759, 53.0, 58.0], "3": [92.90322580645162, 432.0, 465.0], "4": [87.76978417266187, 122.0, 139.0], "5": [22.22222222222222, 10.0, 45.0], "6": [65.90038314176245, 172.0, 261.0], "7": [NaN, 0.0, 0.0], "8": [50.0, 2.0, 4.0]}