precision,accuracy,recall,duration
0.21615786800352346,0.3519437551695616,0.21892175032639222,1174.8777673244476
