{"0": [9.895833333333332, 57.0, 576.0], "1": [96.75675675675676, 179.0, 185.0], "2": [69.6969696969697, 46.0, 66.0], "3": [76.58959537572254, 265.0, 346.0], "4": [100.0, 296.0, 296.0], "5": [81.53310104529616, 234.0, 287.0], "6": [68.4981684981685, 374.0, 546.0], "7": [100.0, 116.0, 116.0], "8": [NaN, 0.0, 0.0]}