best_model_train_loss,best_model_val_loss,best_model_train_acc,best_model_val_acc,best_model_learning_rate,best_model_nb_epoch
0.49952447414398193,0.6661491990089417,0.43478259444236755,0.3139534890651703,0.0010000000474974513,119
