precision,accuracy,recall,duration
0.293419568946802,0.313953488372093,0.3806704410107873,387.3965034484863
