{"0": [83.14606741573034, 74.0, 89.0], "1": [65.51724137931035, 38.0, 58.0], "2": [80.85106382978722, 114.0, 141.0], "3": [58.68055555555556, 338.0, 576.0], "4": [77.95698924731182, 145.0, 186.0], "5": [38.666666666666664, 29.0, 75.0], "6": [96.51741293532339, 194.0, 201.0], "7": [33.33333333333333, 2.0, 6.0], "8": [22.727272727272727, 10.0, 44.0]}