precision,accuracy,recall,duration
0.3326044247443914,0.273371104815864,0.3300439956646,1195.2669429779053
