{"0": [82.2429906542056, 88.0, 107.0], "1": [41.269841269841265, 26.0, 63.0], "2": [82.45614035087719, 94.0, 114.0], "3": [83.27974276527331, 777.0, 933.0], "4": [80.8362369337979, 232.0, 287.0], "5": [25.842696629213485, 23.0, 89.0], "6": [57.03275529865125, 296.0, 519.0], "7": [NaN, 0.0, 0.0], "8": [50.0, 3.0, 6.0]}