precision,accuracy,recall,duration
0.3491042037248163,0.4011299435028249,0.33056772282578606,609.7327356338501
