{"0": [51.056338028169016, 145.0, 284.0], "1": [92.0, 23.0, 25.0], "2": [100.0, 22.0, 22.0], "3": [74.43181818181817, 131.0, 176.0], "4": [82.27848101265823, 65.0, 79.0], "5": [44.80874316939891, 82.0, 183.0], "6": [60.200668896321076, 180.0, 299.0], "7": [0.0, 0.0, 8.0], "8": [100.0, 8.0, 8.0]}