{"0": [43.03571428571429, 241.0, 560.0], "1": [59.57446808510638, 28.0, 47.0], "2": [79.06976744186046, 34.0, 43.0], "3": [82.79883381924198, 284.0, 343.0], "4": [78.66666666666666, 118.0, 150.0], "5": [44.10112359550562, 157.0, 356.0], "6": [55.33453887884268, 306.0, 553.0], "7": [35.294117647058826, 6.0, 17.0], "8": [94.44444444444444, 17.0, 18.0]}