precision,accuracy,recall,duration
0.35192459167782464,0.29645390070921984,0.45919593780590934,433.96305418014526
