{"0": [34.61538461538461, 9.0, 26.0], "1": [96.55172413793103, 28.0, 29.0], "2": [97.05882352941177, 33.0, 34.0], "3": [47.2972972972973, 105.0, 222.0], "4": [84.0, 63.0, 75.0], "5": [38.46153846153847, 10.0, 26.0], "6": [77.47747747747748, 86.0, 111.0], "7": [NaN, 0.0, 0.0], "8": [60.0, 6.0, 10.0]}