{"0": [56.785714285714285, 318.0, 560.0], "1": [46.808510638297875, 22.0, 47.0], "2": [90.69767441860465, 39.0, 43.0], "3": [55.68513119533528, 191.0, 343.0], "4": [97.33333333333334, 146.0, 150.0], "5": [39.8876404494382, 142.0, 356.0], "6": [57.50452079566004, 318.0, 553.0], "7": [82.35294117647058, 14.0, 17.0], "8": [66.66666666666666, 12.0, 18.0]}