{"0": [61.07142857142858, 342.0, 560.0], "1": [42.5531914893617, 20.0, 47.0], "2": [95.34883720930233, 41.0, 43.0], "3": [56.85131195335277, 195.0, 343.0], "4": [92.66666666666666, 139.0, 150.0], "5": [39.04494382022472, 139.0, 356.0], "6": [53.52622061482821, 296.0, 553.0], "7": [64.70588235294117, 11.0, 17.0], "8": [88.88888888888889, 16.0, 18.0]}