precision,accuracy,recall,duration
0.370040405241546,0.4804202483285578,0.35748751339490625,615.4003565311432
