{"0": [24.731182795698924, 69.0, 279.0], "1": [44.0, 11.0, 25.0], "2": [71.42857142857143, 15.0, 21.0], "3": [78.3625730994152, 134.0, 171.0], "4": [87.34177215189874, 69.0, 79.0], "5": [38.764044943820224, 69.0, 178.0], "6": [58.63309352517986, 163.0, 278.0], "7": [75.0, 6.0, 8.0], "8": [100.0, 8.0, 8.0]}