{"0": [64.49912126537785, 367.0, 569.0], "1": [53.191489361702125, 25.0, 47.0], "2": [100.0, 44.0, 44.0], "3": [94.0340909090909, 331.0, 352.0], "4": [74.0, 111.0, 150.0], "5": [67.12328767123287, 245.0, 365.0], "6": [60.60606060606061, 360.0, 594.0], "7": [5.88235294117647, 1.0, 17.0], "8": [83.33333333333334, 15.0, 18.0]}