precision,accuracy,recall,duration
0.3635111031604511,0.3869441816461684,0.3557187356072677,1182.294557094574
