{"0": [49.38488576449912, 281.0, 569.0], "1": [38.297872340425535, 18.0, 47.0], "2": [88.63636363636364, 39.0, 44.0], "3": [81.25, 286.0, 352.0], "4": [92.0, 138.0, 150.0], "5": [40.0, 146.0, 365.0], "6": [68.51851851851852, 407.0, 594.0], "7": [35.294117647058826, 6.0, 17.0], "8": [88.88888888888889, 16.0, 18.0]}