precision,accuracy,recall,duration
0.3634243097378262,0.4163568773234201,0.2932521511293507,395.61641001701355
