{"0": [12.953367875647666, 25.0, 193.0], "1": [100.0, 59.0, 59.0], "2": [50.0, 12.0, 24.0], "3": [79.83193277310924, 95.0, 119.0], "4": [83.50515463917526, 81.0, 97.0], "5": [45.65217391304348, 42.0, 92.0], "6": [64.13043478260869, 118.0, 184.0], "7": [100.0, 39.0, 39.0], "8": [NaN, 0.0, 0.0]}