{"0": [58.34797891036907, 332.0, 569.0], "1": [36.17021276595745, 17.0, 47.0], "2": [97.72727272727273, 43.0, 44.0], "3": [53.125, 187.0, 352.0], "4": [93.33333333333333, 140.0, 150.0], "5": [36.16438356164384, 132.0, 365.0], "6": [61.95286195286195, 368.0, 594.0], "7": [64.70588235294117, 11.0, 17.0], "8": [77.77777777777779, 14.0, 18.0]}