precision,accuracy,recall,duration
0.31348476716390106,0.3262411347517731,0.46092887851028075,417.72813153266907
