{"0": [59.64285714285714, 334.0, 560.0], "1": [36.17021276595745, 17.0, 47.0], "2": [97.67441860465115, 42.0, 43.0], "3": [67.3469387755102, 231.0, 343.0], "4": [96.0, 144.0, 150.0], "5": [39.04494382022472, 139.0, 356.0], "6": [53.8878842676311, 298.0, 553.0], "7": [58.82352941176471, 10.0, 17.0], "8": [77.77777777777779, 14.0, 18.0]}