{"0": [83.24607329842932, 159.0, 191.0], "1": [100.0, 14.0, 14.0], "2": [100.0, 16.0, 16.0], "3": [80.50847457627118, 95.0, 118.0], "4": [57.99999999999999, 29.0, 50.0], "5": [91.66666666666666, 110.0, 120.0], "6": [63.13131313131313, 125.0, 198.0], "7": [0.0, 0.0, 4.0], "8": [100.0, 7.0, 7.0]}