{"0": [59.859154929577464, 170.0, 284.0], "1": [32.0, 8.0, 25.0], "2": [90.9090909090909, 20.0, 22.0], "3": [65.3409090909091, 115.0, 176.0], "4": [94.9367088607595, 75.0, 79.0], "5": [40.43715846994536, 74.0, 183.0], "6": [62.54180602006689, 187.0, 299.0], "7": [50.0, 4.0, 8.0], "8": [87.5, 7.0, 8.0]}