precision,accuracy,recall,duration
0.2586966453902797,0.2664756446991404,0.2589759646436179,598.4005591869354
