{"0": [100.0, 279.0, 279.0], "1": [32.0, 8.0, 25.0], "2": [100.0, 21.0, 21.0], "3": [90.05847953216374, 154.0, 171.0], "4": [88.60759493670885, 70.0, 79.0], "5": [37.640449438202246, 67.0, 178.0], "6": [56.11510791366906, 156.0, 278.0], "7": [62.5, 5.0, 8.0], "8": [100.0, 8.0, 8.0]}