precision,accuracy,recall,duration
0.3349858215636663,0.23701605288007555,0.30661402052007564,1193.168006658554
