{"0": [95.32710280373831, 102.0, 107.0], "1": [41.269841269841265, 26.0, 63.0], "2": [82.45614035087719, 94.0, 114.0], "3": [89.81779206859592, 838.0, 933.0], "4": [77.00348432055749, 221.0, 287.0], "5": [29.213483146067414, 26.0, 89.0], "6": [58.95953757225434, 306.0, 519.0], "7": [NaN, 0.0, 0.0], "8": [50.0, 3.0, 6.0]}