precision,accuracy,recall,duration
0.3001981467854491,0.2688953488372093,0.2841241817445416,389.0093836784363
