{"0": [18.101933216168717, 103.0, 569.0], "1": [42.5531914893617, 20.0, 47.0], "2": [88.63636363636364, 39.0, 44.0], "3": [66.47727272727273, 234.0, 352.0], "4": [86.66666666666667, 130.0, 150.0], "5": [41.917808219178085, 153.0, 365.0], "6": [62.79461279461279, 373.0, 594.0], "7": [100.0, 17.0, 17.0], "8": [77.77777777777779, 14.0, 18.0]}