{"0": [56.68449197860963, 106.0, 187.0], "1": [85.71428571428571, 12.0, 14.0], "2": [86.66666666666667, 13.0, 15.0], "3": [79.82456140350878, 91.0, 114.0], "4": [94.0, 47.0, 50.0], "5": [42.241379310344826, 49.0, 116.0], "6": [76.08695652173914, 140.0, 184.0], "7": [0.0, 0.0, 4.0], "8": [100.0, 7.0, 7.0]}