best_model_train_loss,best_model_val_loss,best_model_train_acc,best_model_val_acc,best_model_learning_rate,best_model_nb_epoch
0.47679364681243896,0.5502920746803284,0.4281357228755951,0.3886524736881256,0.0010000000474974513,78
