precision,accuracy,recall,duration
0.3424784746579388,0.33617021276595743,0.44206351763545837,418.66244196891785
