{"0": [19.444444444444446, 7.0, 36.0], "1": [42.857142857142854, 9.0, 21.0], "2": [90.47619047619048, 38.0, 42.0], "3": [64.95176848874597, 202.0, 311.0], "4": [89.01098901098901, 81.0, 91.0], "5": [24.137931034482758, 7.0, 29.0], "6": [71.26436781609196, 124.0, 174.0], "7": [NaN, 0.0, 0.0], "8": [0.0, 0.0, 1.0]}