precision,accuracy,recall,duration
0.3258998515757449,0.33899905571293676,0.31239652106286936,605.689905166626
