{"0": [25.925925925925924, 14.0, 54.0], "1": [75.75757575757575, 25.0, 33.0], "2": [82.75862068965517, 48.0, 58.0], "3": [66.02150537634408, 307.0, 465.0], "4": [65.46762589928058, 91.0, 139.0], "5": [26.666666666666668, 12.0, 45.0], "6": [76.24521072796935, 199.0, 261.0], "7": [NaN, 0.0, 0.0], "8": [100.0, 4.0, 4.0]}