best_model_train_loss,best_model_val_loss,best_model_train_acc,best_model_val_acc,best_model_learning_rate,best_model_nb_epoch
0.45953860878944397,0.5619416832923889,0.42947903275489807,0.35694050788879395,0.0010000000474974513,99
