precision,accuracy,recall,duration
0.3857071212279539,0.35694050991501414,0.398802253368336,1205.6588726043701
