precision,accuracy,recall,duration
0.3693167382316462,0.3883357041251778,0.3468799002815948,401.4521334171295
