{"0": [28.037383177570092, 30.0, 107.0], "1": [36.507936507936506, 23.0, 63.0], "2": [97.36842105263158, 111.0, 114.0], "3": [67.63129689174706, 631.0, 933.0], "4": [80.13937282229965, 230.0, 287.0], "5": [40.44943820224719, 36.0, 89.0], "6": [57.61078998073218, 299.0, 519.0], "7": [NaN, 0.0, 0.0], "8": [33.33333333333333, 2.0, 6.0]}