{"0": [51.832460732984295, 99.0, 191.0], "1": [28.57142857142857, 4.0, 14.0], "2": [87.5, 14.0, 16.0], "3": [70.33898305084746, 83.0, 118.0], "4": [90.0, 45.0, 50.0], "5": [40.833333333333336, 49.0, 120.0], "6": [71.21212121212122, 141.0, 198.0], "7": [50.0, 2.0, 4.0], "8": [100.0, 7.0, 7.0]}