precision,accuracy,recall,duration
0.2941239401040956,0.3920595533498759,0.2815968792540092,396.0805628299713
