precision,accuracy,recall,duration
0.29382575057137833,0.34062140391254314,0.34636973770879087,271.6061155796051
