{"0": [46.42857142857143, 26.0, 56.0], "1": [58.536585365853654, 24.0, 41.0], "2": [89.77272727272727, 79.0, 88.0], "3": [63.12684365781711, 214.0, 339.0], "4": [77.86259541984732, 102.0, 131.0], "5": [39.62264150943396, 21.0, 53.0], "6": [84.61538461538461, 88.0, 104.0], "7": [100.0, 4.0, 4.0], "8": [28.30188679245283, 15.0, 53.0]}