precision,accuracy,recall,duration
0.3719377512348329,0.41154210028382215,0.3846475954564796,1200.9034554958344
