{"0": [49.38488576449912, 281.0, 569.0], "1": [40.42553191489361, 19.0, 47.0], "2": [93.18181818181817, 41.0, 44.0], "3": [84.375, 297.0, 352.0], "4": [84.0, 126.0, 150.0], "5": [35.89041095890411, 131.0, 365.0], "6": [62.2895622895623, 370.0, 594.0], "7": [23.52941176470588, 4.0, 17.0], "8": [83.33333333333334, 15.0, 18.0]}