{"0": [52.32974910394266, 146.0, 279.0], "1": [80.0, 20.0, 25.0], "2": [100.0, 21.0, 21.0], "3": [62.57309941520468, 107.0, 171.0], "4": [84.81012658227847, 67.0, 79.0], "5": [32.58426966292135, 58.0, 178.0], "6": [66.18705035971223, 184.0, 278.0], "7": [62.5, 5.0, 8.0], "8": [100.0, 8.0, 8.0]}