precision,accuracy,recall,duration
0.36484044821452766,0.36281929990539263,0.37673941972708436,1200.3206825256348
