{"0": [48.50615114235501, 276.0, 569.0], "1": [51.06382978723404, 24.0, 47.0], "2": [84.0909090909091, 37.0, 44.0], "3": [93.18181818181817, 328.0, 352.0], "4": [89.33333333333333, 134.0, 150.0], "5": [41.917808219178085, 153.0, 365.0], "6": [71.04377104377105, 422.0, 594.0], "7": [17.647058823529413, 3.0, 17.0], "8": [66.66666666666666, 12.0, 18.0]}