best_model_train_loss,best_model_val_loss,best_model_train_acc,best_model_val_acc,best_model_learning_rate,best_model_nb_epoch
0.44089674949645996,0.5543534159660339,0.4452916383743286,0.3333333432674408,0.0010000000474974513,90
