precision,accuracy,recall,duration
0.35780838369638557,0.3659574468085106,0.4655519289994657,402.0255527496338
