{"0": [27.77777777777778, 10.0, 36.0], "1": [38.095238095238095, 8.0, 21.0], "2": [85.71428571428571, 36.0, 42.0], "3": [63.9871382636656, 199.0, 311.0], "4": [76.92307692307693, 70.0, 91.0], "5": [20.689655172413794, 6.0, 29.0], "6": [67.81609195402298, 118.0, 174.0], "7": [NaN, 0.0, 0.0], "8": [0.0, 0.0, 1.0]}