best_model_train_loss,best_model_val_loss,best_model_train_acc,best_model_val_acc,best_model_learning_rate,best_model_nb_epoch
0.4711948037147522,0.7308357357978821,0.3686618506908417,0.31347519159317017,0.0010000000474974513,99
