precision,accuracy,recall,duration
0.2764964459408904,0.31347517730496455,0.2834874224810286,405.93415451049805
