{"0": [19.444444444444446, 7.0, 36.0], "1": [90.47619047619048, 19.0, 21.0], "2": [90.47619047619048, 38.0, 42.0], "3": [68.48874598070739, 213.0, 311.0], "4": [72.52747252747253, 66.0, 91.0], "5": [27.586206896551722, 8.0, 29.0], "6": [75.86206896551724, 132.0, 174.0], "7": [NaN, 0.0, 0.0], "8": [100.0, 1.0, 1.0]}