{"0": [59.464285714285715, 333.0, 560.0], "1": [48.93617021276596, 23.0, 47.0], "2": [100.0, 43.0, 43.0], "3": [57.7259475218659, 198.0, 343.0], "4": [82.0, 123.0, 150.0], "5": [41.01123595505618, 146.0, 356.0], "6": [55.15370705244123, 305.0, 553.0], "7": [82.35294117647058, 14.0, 17.0], "8": [66.66666666666666, 12.0, 18.0]}