best_model_train_loss,best_model_val_loss,best_model_train_acc,best_model_val_acc,best_model_learning_rate,best_model_nb_epoch
0.4835607707500458,1.8960508108139038,0.3002282977104187,0.40256044268608093,0.0010000000474974513,93
