precision,accuracy,recall,duration
0.3430657989296766,0.40540540540540543,0.3469192117484663,321.72501587867737
