{"0": [55.497382198952884, 106.0, 191.0], "1": [85.71428571428571, 12.0, 14.0], "2": [100.0, 16.0, 16.0], "3": [76.27118644067797, 90.0, 118.0], "4": [80.0, 40.0, 50.0], "5": [28.333333333333332, 34.0, 120.0], "6": [64.64646464646465, 128.0, 198.0], "7": [0.0, 0.0, 4.0], "8": [100.0, 7.0, 7.0]}