precision,accuracy,recall,duration
0.3490861698087422,0.32340425531914896,0.4435120454265223,401.97515511512756
