{"0": [22.22222222222222, 8.0, 36.0], "1": [42.857142857142854, 9.0, 21.0], "2": [90.47619047619048, 38.0, 42.0], "3": [73.31189710610933, 228.0, 311.0], "4": [84.61538461538461, 77.0, 91.0], "5": [24.137931034482758, 7.0, 29.0], "6": [63.2183908045977, 110.0, 174.0], "7": [NaN, 0.0, 0.0], "8": [0.0, 0.0, 1.0]}