precision,accuracy,recall,duration
0.3062693825211943,0.3177304964539007,0.2867458625949959,405.82640624046326
