{"0": [19.444444444444446, 7.0, 36.0], "1": [90.47619047619048, 19.0, 21.0], "2": [83.33333333333334, 35.0, 42.0], "3": [69.77491961414792, 217.0, 311.0], "4": [71.42857142857143, 65.0, 91.0], "5": [34.48275862068966, 10.0, 29.0], "6": [72.98850574712644, 127.0, 174.0], "7": [NaN, 0.0, 0.0], "8": [100.0, 1.0, 1.0]}