best_model_train_loss,best_model_val_loss,best_model_train_acc,best_model_val_acc,best_model_learning_rate,best_model_nb_epoch
0.4739166796207428,0.5191311836242676,0.41730183362960815,0.3063829839229584,0.0010000000474974513,72
