precision,accuracy,recall,duration
0.35057110987530254,0.3049645390070922,0.4565094297603445,325.0169003009796
