precision,accuracy,recall,duration
0.34227490559943363,0.38929088277858176,0.3254976788675342,398.37571930885315
