{"0": [48.1283422459893, 90.0, 187.0], "1": [35.714285714285715, 5.0, 14.0], "2": [80.0, 12.0, 15.0], "3": [92.10526315789474, 105.0, 114.0], "4": [72.0, 36.0, 50.0], "5": [40.51724137931034, 47.0, 116.0], "6": [63.58695652173913, 117.0, 184.0], "7": [75.0, 3.0, 4.0], "8": [100.0, 7.0, 7.0]}