precision,accuracy,recall,duration
0.32748355044180816,0.35046728971962615,0.43902248289345064,64.91880297660828
