{"0": [0.0, 0.0, 10.0], "1": [20.0, 1.0, 5.0], "2": [72.72727272727273, 8.0, 11.0], "3": [66.66666666666666, 64.0, 96.0], "4": [61.29032258064516, 19.0, 31.0], "5": [100.0, 11.0, 11.0], "6": [72.0, 36.0, 50.0], "7": [NaN, 0.0, 0.0], "8": [NaN, 0.0, 0.0]}