precision,accuracy,recall,duration
0.2751066316824327,0.2926829268292683,0.25207614542300144,155.9794840812683
