precision,accuracy,recall,duration
0.38971647690565636,0.42547033285094066,0.3952883467174155,392.74898171424866
