precision,accuracy,recall,duration
0.34138190004692565,0.3692162417374882,0.3310681738892074,1220.3292927742004
