{"0": [77.57009345794393, 83.0, 107.0], "1": [33.33333333333333, 21.0, 63.0], "2": [87.71929824561403, 100.0, 114.0], "3": [63.022508038585215, 588.0, 933.0], "4": [83.62369337979094, 240.0, 287.0], "5": [19.101123595505616, 17.0, 89.0], "6": [54.33526011560693, 282.0, 519.0], "7": [NaN, 0.0, 0.0], "8": [83.33333333333334, 5.0, 6.0]}