{"0": [51.33689839572193, 96.0, 187.0], "1": [28.57142857142857, 4.0, 14.0], "2": [86.66666666666667, 13.0, 15.0], "3": [74.56140350877193, 85.0, 114.0], "4": [72.0, 36.0, 50.0], "5": [30.17241379310345, 35.0, 116.0], "6": [65.21739130434783, 120.0, 184.0], "7": [50.0, 2.0, 4.0], "8": [85.71428571428571, 6.0, 7.0]}