best_model_train_loss,best_model_val_loss,best_model_train_acc,best_model_val_acc,best_model_learning_rate,best_model_nb_epoch
0.4389105439186096,0.5221668481826782,0.4460541307926178,0.33191490173339844,0.0010000000474974513,85
