precision,accuracy,recall,duration
0.3515265892814661,0.33900709219858155,0.47324887649942166,417.77711510658264
