{"0": [64.64285714285715, 362.0, 560.0], "1": [53.191489361702125, 25.0, 47.0], "2": [62.7906976744186, 27.0, 43.0], "3": [76.38483965014578, 262.0, 343.0], "4": [88.66666666666667, 133.0, 150.0], "5": [41.01123595505618, 146.0, 356.0], "6": [56.78119349005425, 314.0, 553.0], "7": [76.47058823529412, 13.0, 17.0], "8": [77.77777777777779, 14.0, 18.0]}