{"0": [91.21265377855887, 519.0, 569.0], "1": [63.829787234042556, 30.0, 47.0], "2": [86.36363636363636, 38.0, 44.0], "3": [98.57954545454545, 347.0, 352.0], "4": [65.33333333333333, 98.0, 150.0], "5": [89.86301369863014, 328.0, 365.0], "6": [67.003367003367, 398.0, 594.0], "7": [0.0, 0.0, 17.0], "8": [55.55555555555556, 10.0, 18.0]}