precision,accuracy,recall,duration
0.34622777543216515,0.375886524822695,0.49299680114256755,422.1958112716675
