{"0": [22.22222222222222, 8.0, 36.0], "1": [28.57142857142857, 6.0, 21.0], "2": [83.33333333333334, 35.0, 42.0], "3": [61.7363344051447, 192.0, 311.0], "4": [60.43956043956044, 55.0, 91.0], "5": [20.689655172413794, 6.0, 29.0], "6": [79.3103448275862, 138.0, 174.0], "7": [NaN, 0.0, 0.0], "8": [0.0, 0.0, 1.0]}