{"0": [60.357142857142854, 338.0, 560.0], "1": [44.680851063829785, 21.0, 47.0], "2": [86.04651162790698, 37.0, 43.0], "3": [87.75510204081633, 301.0, 343.0], "4": [77.33333333333333, 116.0, 150.0], "5": [41.29213483146067, 147.0, 356.0], "6": [57.14285714285714, 316.0, 553.0], "7": [58.82352941176471, 10.0, 17.0], "8": [77.77777777777779, 14.0, 18.0]}