{"0": [59.05096660808435, 336.0, 569.0], "1": [44.680851063829785, 21.0, 47.0], "2": [77.27272727272727, 34.0, 44.0], "3": [86.07954545454545, 303.0, 352.0], "4": [85.33333333333334, 128.0, 150.0], "5": [41.64383561643836, 152.0, 365.0], "6": [59.09090909090909, 351.0, 594.0], "7": [35.294117647058826, 6.0, 17.0], "8": [72.22222222222221, 13.0, 18.0]}