precision,accuracy,recall,duration
0.3044156357465784,0.28085106382978725,0.35199491948207623,405.4877097606659
