precision,accuracy,recall,duration
0.2891735490037748,0.29645390070921984,0.38814417682178337,406.5868446826935
