{"0": [19.444444444444446, 7.0, 36.0], "1": [33.33333333333333, 7.0, 21.0], "2": [76.19047619047619, 32.0, 42.0], "3": [72.9903536977492, 227.0, 311.0], "4": [78.02197802197803, 71.0, 91.0], "5": [100.0, 29.0, 29.0], "6": [70.6896551724138, 123.0, 174.0], "7": [NaN, 0.0, 0.0], "8": [0.0, 0.0, 1.0]}