{"0": [53.16901408450704, 151.0, 284.0], "1": [84.0, 21.0, 25.0], "2": [81.81818181818183, 18.0, 22.0], "3": [65.9090909090909, 116.0, 176.0], "4": [82.27848101265823, 65.0, 79.0], "5": [36.0655737704918, 66.0, 183.0], "6": [76.58862876254182, 229.0, 299.0], "7": [12.5, 1.0, 8.0], "8": [100.0, 8.0, 8.0]}