best_model_train_loss,best_model_val_loss,best_model_train_acc,best_model_val_acc,best_model_learning_rate,best_model_nb_epoch
0.4840315580368042,1.5545449256896973,0.30587631464004517,0.3868194818496704,0.0010000000474974513,96
