precision,accuracy,recall,duration
0.3614728448102739,0.37822349570200575,0.3420025906595062,605.1054637432098
