{"0": [53.04659498207885, 148.0, 279.0], "1": [88.0, 22.0, 25.0], "2": [95.23809523809523, 20.0, 21.0], "3": [75.43859649122807, 129.0, 171.0], "4": [84.81012658227847, 67.0, 79.0], "5": [42.69662921348314, 76.0, 178.0], "6": [65.46762589928058, 182.0, 278.0], "7": [0.0, 0.0, 8.0], "8": [87.5, 7.0, 8.0]}