precision,accuracy,recall,duration
0.29816249587020144,0.40198511166253104,0.30647730435595566,395.6628153324127
