{"0": [16.580310880829018, 32.0, 193.0], "1": [100.0, 59.0, 59.0], "2": [25.0, 6.0, 24.0], "3": [76.06837606837607, 89.0, 117.0], "4": [100.0, 98.0, 98.0], "5": [40.21739130434783, 37.0, 92.0], "6": [66.30434782608695, 122.0, 184.0], "7": [100.0, 39.0, 39.0], "8": [NaN, 0.0, 0.0]}