precision,accuracy,recall,duration
0.35797284959114356,0.3645390070921986,0.4762115918655816,411.49637722969055
