{"0": [54.46428571428571, 305.0, 560.0], "1": [36.17021276595745, 17.0, 47.0], "2": [88.37209302325581, 38.0, 43.0], "3": [74.9271137026239, 257.0, 343.0], "4": [92.0, 138.0, 150.0], "5": [40.168539325842694, 143.0, 356.0], "6": [55.69620253164557, 308.0, 553.0], "7": [58.82352941176471, 10.0, 17.0], "8": [61.111111111111114, 11.0, 18.0]}