{"0": [38.46153846153847, 10.0, 26.0], "1": [89.65517241379311, 26.0, 29.0], "2": [91.17647058823529, 31.0, 34.0], "3": [72.97297297297297, 162.0, 222.0], "4": [54.666666666666664, 41.0, 75.0], "5": [23.076923076923077, 6.0, 26.0], "6": [73.87387387387388, 82.0, 111.0], "7": [NaN, 0.0, 0.0], "8": [80.0, 8.0, 10.0]}