precision,accuracy,recall,duration
0.3723098100906499,0.4356005788712012,0.39211286282528524,371.23546528816223
