{"0": [53.475935828877006, 100.0, 187.0], "1": [35.714285714285715, 5.0, 14.0], "2": [80.0, 12.0, 15.0], "3": [68.42105263157895, 78.0, 114.0], "4": [82.0, 41.0, 50.0], "5": [33.62068965517241, 39.0, 116.0], "6": [58.152173913043484, 107.0, 184.0], "7": [50.0, 2.0, 4.0], "8": [85.71428571428571, 6.0, 7.0]}