precision,accuracy,recall,duration
0.3720427508891298,0.4222431668237512,0.3468560850283357,35575.95024776459
