{"0": [53.57142857142857, 30.0, 56.0], "1": [55.00000000000001, 11.0, 20.0], "2": [89.24731182795699, 83.0, 93.0], "3": [56.6147859922179, 291.0, 514.0], "4": [69.91869918699187, 86.0, 123.0], "5": [13.953488372093023, 6.0, 43.0], "6": [49.523809523809526, 104.0, 210.0], "7": [NaN, 0.0, 0.0], "8": [100.0, 2.0, 2.0]}