{"0": [58.523725834797894, 333.0, 569.0], "1": [38.297872340425535, 18.0, 47.0], "2": [90.9090909090909, 40.0, 44.0], "3": [90.9090909090909, 320.0, 352.0], "4": [89.33333333333333, 134.0, 150.0], "5": [37.534246575342465, 137.0, 365.0], "6": [51.34680134680135, 305.0, 594.0], "7": [23.52941176470588, 4.0, 17.0], "8": [77.77777777777779, 14.0, 18.0]}