precision,accuracy,recall,duration
0.32044782832821095,0.24822695035460993,0.4453637002238104,406.9760801792145
