{"0": [19.444444444444446, 7.0, 36.0], "1": [38.095238095238095, 8.0, 21.0], "2": [76.19047619047619, 32.0, 42.0], "3": [84.56591639871382, 263.0, 311.0], "4": [65.93406593406593, 60.0, 91.0], "5": [27.586206896551722, 8.0, 29.0], "6": [87.35632183908046, 152.0, 174.0], "7": [NaN, 0.0, 0.0], "8": [0.0, 0.0, 1.0]}