{"0": [58.69947275922671, 334.0, 569.0], "1": [38.297872340425535, 18.0, 47.0], "2": [97.72727272727273, 43.0, 44.0], "3": [71.875, 253.0, 352.0], "4": [94.66666666666667, 142.0, 150.0], "5": [37.80821917808219, 138.0, 365.0], "6": [58.58585858585859, 348.0, 594.0], "7": [58.82352941176471, 10.0, 17.0], "8": [61.111111111111114, 11.0, 18.0]}