{"0": [58.75, 329.0, 560.0], "1": [42.5531914893617, 20.0, 47.0], "2": [97.67441860465115, 42.0, 43.0], "3": [87.75510204081633, 301.0, 343.0], "4": [82.66666666666667, 124.0, 150.0], "5": [42.13483146067416, 150.0, 356.0], "6": [55.33453887884268, 306.0, 553.0], "7": [52.94117647058824, 9.0, 17.0], "8": [61.111111111111114, 11.0, 18.0]}