precision,accuracy,recall,duration
0.39450485757703385,0.2927289896128423,0.34802107640299823,601.7702834606171
