{"0": [27.77777777777778, 15.0, 54.0], "1": [66.66666666666666, 22.0, 33.0], "2": [86.20689655172413, 50.0, 58.0], "3": [76.55913978494624, 356.0, 465.0], "4": [87.76978417266187, 122.0, 139.0], "5": [26.666666666666668, 12.0, 45.0], "6": [65.13409961685824, 170.0, 261.0], "7": [NaN, 0.0, 0.0], "8": [50.0, 2.0, 4.0]}