precision,accuracy,recall,duration
0.2237562937450955,0.27251732101616627,0.2950639083680019,198.01699686050415
