{"0": [55.55555555555556, 15.0, 27.0], "1": [87.5, 21.0, 24.0], "2": [84.0909090909091, 37.0, 44.0], "3": [65.49707602339181, 112.0, 171.0], "4": [87.3015873015873, 55.0, 63.0], "5": [59.25925925925925, 16.0, 27.0], "6": [83.33333333333334, 45.0, 54.0], "7": [50.0, 1.0, 2.0], "8": [61.904761904761905, 13.0, 21.0]}