precision,accuracy,recall,duration
0.28174569291845075,0.28085106382978725,0.2516421527028764,400.2823362350464
