{"0": [22.22222222222222, 8.0, 36.0], "1": [47.61904761904761, 10.0, 21.0], "2": [90.47619047619048, 38.0, 42.0], "3": [78.45659163987139, 244.0, 311.0], "4": [69.23076923076923, 63.0, 91.0], "5": [100.0, 29.0, 29.0], "6": [65.51724137931035, 114.0, 174.0], "7": [NaN, 0.0, 0.0], "8": [100.0, 1.0, 1.0]}