precision,accuracy,recall,duration
0.3130229717228878,0.2723404255319149,0.34525858289579325,417.283269405365
