{"0": [25.0, 9.0, 36.0], "1": [42.857142857142854, 9.0, 21.0], "2": [80.95238095238095, 34.0, 42.0], "3": [84.88745980707395, 264.0, 311.0], "4": [53.84615384615385, 49.0, 91.0], "5": [20.689655172413794, 6.0, 29.0], "6": [81.03448275862068, 141.0, 174.0], "7": [NaN, 0.0, 0.0], "8": [100.0, 1.0, 1.0]}