{"0": [68.03571428571429, 381.0, 560.0], "1": [44.680851063829785, 21.0, 47.0], "2": [100.0, 43.0, 43.0], "3": [92.12827988338192, 316.0, 343.0], "4": [95.33333333333334, 143.0, 150.0], "5": [44.9438202247191, 160.0, 356.0], "6": [57.32368896925859, 317.0, 553.0], "7": [70.58823529411765, 12.0, 17.0], "8": [44.44444444444444, 8.0, 18.0]}