precision,accuracy,recall,duration
0.4093478182320955,0.5157593123209169,0.4067316655667025,608.7305085659027
