{"0": [29.749103942652326, 83.0, 279.0], "1": [44.0, 11.0, 25.0], "2": [52.38095238095239, 11.0, 21.0], "3": [56.14035087719298, 96.0, 171.0], "4": [79.74683544303798, 63.0, 79.0], "5": [40.44943820224719, 72.0, 178.0], "6": [56.4748201438849, 157.0, 278.0], "7": [75.0, 6.0, 8.0], "8": [100.0, 8.0, 8.0]}