precision,accuracy,recall,duration
0.3872337417956693,0.39971617786187325,0.3995891636346723,1188.5941579341888
