{"0": [48.85764499121266, 278.0, 569.0], "1": [55.319148936170215, 26.0, 47.0], "2": [90.9090909090909, 40.0, 44.0], "3": [78.69318181818183, 277.0, 352.0], "4": [82.0, 123.0, 150.0], "5": [40.54794520547945, 148.0, 365.0], "6": [68.18181818181817, 405.0, 594.0], "7": [11.76470588235294, 2.0, 17.0], "8": [66.66666666666666, 12.0, 18.0]}