precision,accuracy,recall,duration
0.3488213403043389,0.3954154727793696,0.3307305455922338,591.9909510612488
