{"0": [51.61290322580645, 144.0, 279.0], "1": [96.0, 24.0, 25.0], "2": [100.0, 21.0, 21.0], "3": [69.00584795321637, 118.0, 171.0], "4": [78.48101265822784, 62.0, 79.0], "5": [42.13483146067416, 75.0, 178.0], "6": [65.10791366906474, 181.0, 278.0], "7": [0.0, 0.0, 8.0], "8": [100.0, 8.0, 8.0]}