precision,accuracy,recall,duration
0.41227667681156055,0.4262295081967213,0.3063782516805393,626.3786382675171
