{"0": [31.48148148148148, 17.0, 54.0], "1": [57.692307692307686, 15.0, 26.0], "2": [65.625, 21.0, 32.0], "3": [100.0, 42.0, 42.0], "4": [85.29411764705883, 29.0, 34.0], "5": [35.55555555555556, 16.0, 45.0], "6": [48.61111111111111, 35.0, 72.0], "7": [NaN, 0.0, 0.0], "8": [NaN, 0.0, 0.0]}