{"0": [70.66666666666667, 53.0, 75.0], "1": [26.136363636363637, 23.0, 88.0], "2": [95.45454545454545, 105.0, 110.0], "3": [95.57692307692308, 497.0, 520.0], "4": [100.0, 199.0, 199.0], "5": [84.375, 54.0, 64.0], "6": [89.0625, 228.0, 256.0], "7": [100.0, 2.0, 2.0], "8": [45.16129032258064, 28.0, 62.0]}