precision,accuracy,recall,duration
0.3621520528319672,0.396370582617001,0.3483378222785375,583.6160490512848
