precision,accuracy,recall,duration
0.3249329661268112,0.25164938737040526,0.339910514813546,610.4729149341583
