{"0": [48.74551971326165, 136.0, 279.0], "1": [32.0, 8.0, 25.0], "2": [47.61904761904761, 10.0, 21.0], "3": [86.54970760233918, 148.0, 171.0], "4": [94.9367088607595, 75.0, 79.0], "5": [41.57303370786517, 74.0, 178.0], "6": [60.07194244604317, 167.0, 278.0], "7": [75.0, 6.0, 8.0], "8": [100.0, 8.0, 8.0]}