{"0": [31.48148148148148, 17.0, 54.0], "1": [60.60606060606061, 20.0, 33.0], "2": [72.41379310344827, 42.0, 58.0], "3": [86.88172043010752, 404.0, 465.0], "4": [93.61702127659575, 132.0, 141.0], "5": [37.77777777777778, 17.0, 45.0], "6": [61.30268199233716, 160.0, 261.0], "7": [NaN, 0.0, 0.0], "8": [50.0, 2.0, 4.0]}