precision,accuracy,recall,duration
0.2192407121661151,0.27392120075046905,0.25512970920678835,80.01736211776733
