{"0": [19.230769230769234, 5.0, 26.0], "1": [62.06896551724138, 18.0, 29.0], "2": [88.23529411764706, 30.0, 34.0], "3": [60.810810810810814, 135.0, 222.0], "4": [81.33333333333333, 61.0, 75.0], "5": [92.3076923076923, 24.0, 26.0], "6": [96.3963963963964, 107.0, 111.0], "7": [NaN, 0.0, 0.0], "8": [70.0, 7.0, 10.0]}