precision,accuracy,recall,duration
0.305181829009619,0.3404255319148936,0.37724188112257745,420.12721991539
