{"0": [16.666666666666664, 6.0, 36.0], "1": [33.33333333333333, 7.0, 21.0], "2": [71.42857142857143, 30.0, 42.0], "3": [67.52411575562701, 210.0, 311.0], "4": [69.23076923076923, 63.0, 91.0], "5": [20.689655172413794, 6.0, 29.0], "6": [81.60919540229885, 142.0, 174.0], "7": [NaN, 0.0, 0.0], "8": [100.0, 1.0, 1.0]}