{"0": [49.82142857142857, 279.0, 560.0], "1": [38.297872340425535, 18.0, 47.0], "2": [90.69767441860465, 39.0, 43.0], "3": [67.3469387755102, 231.0, 343.0], "4": [95.33333333333334, 143.0, 150.0], "5": [37.640449438202246, 134.0, 356.0], "6": [59.6745027124774, 330.0, 553.0], "7": [76.47058823529412, 13.0, 17.0], "8": [66.66666666666666, 12.0, 18.0]}