precision,accuracy,recall,duration
0.3527310881647443,0.4,0.4811428898448893,422.34597182273865
