{"0": [19.444444444444446, 7.0, 36.0], "1": [42.857142857142854, 9.0, 21.0], "2": [95.23809523809523, 40.0, 42.0], "3": [61.41479099678456, 191.0, 311.0], "4": [68.13186813186813, 62.0, 91.0], "5": [17.24137931034483, 5.0, 29.0], "6": [62.643678160919535, 109.0, 174.0], "7": [NaN, 0.0, 0.0], "8": [0.0, 0.0, 1.0]}