precision,accuracy,recall,duration
0.2748995494144845,0.2994350282485876,0.28186377223759607,600.3537364006042
