{"0": [100.0, 284.0, 284.0], "1": [32.0, 8.0, 25.0], "2": [86.36363636363636, 19.0, 22.0], "3": [74.43181818181817, 131.0, 176.0], "4": [87.34177215189874, 69.0, 79.0], "5": [37.15846994535519, 68.0, 183.0], "6": [56.85618729096989, 170.0, 299.0], "7": [75.0, 6.0, 8.0], "8": [100.0, 8.0, 8.0]}