{"0": [17.57469244288225, 100.0, 569.0], "1": [42.5531914893617, 20.0, 47.0], "2": [93.18181818181817, 41.0, 44.0], "3": [71.02272727272727, 250.0, 352.0], "4": [72.0, 108.0, 150.0], "5": [39.45205479452055, 144.0, 365.0], "6": [61.44781144781145, 365.0, 594.0], "7": [100.0, 17.0, 17.0], "8": [77.77777777777779, 14.0, 18.0]}