precision,accuracy,recall,duration
0.38580737967270773,0.4143126177024482,0.37393832000963567,622.0927886962891
