{"0": [54.5774647887324, 155.0, 284.0], "1": [40.0, 10.0, 25.0], "2": [54.54545454545454, 12.0, 22.0], "3": [71.02272727272727, 125.0, 176.0], "4": [81.0126582278481, 64.0, 79.0], "5": [41.53005464480874, 76.0, 183.0], "6": [62.87625418060201, 188.0, 299.0], "7": [75.0, 6.0, 8.0], "8": [87.5, 7.0, 8.0]}