precision,accuracy,recall,duration
0.3308108081425163,0.38661710037174724,0.2587168148441195,394.69993233680725
