{"0": [17.098445595854923, 33.0, 193.0], "1": [100.0, 59.0, 59.0], "2": [66.66666666666666, 16.0, 24.0], "3": [79.83193277310924, 95.0, 119.0], "4": [84.5360824742268, 82.0, 97.0], "5": [52.17391304347826, 48.0, 92.0], "6": [66.84782608695652, 123.0, 184.0], "7": [100.0, 39.0, 39.0], "8": [NaN, 0.0, 0.0]}