precision,accuracy,recall,duration
0.3307635244505379,0.34281650071123754,0.33409677489091194,320.6653964519501
