{"0": [46.07329842931937, 88.0, 191.0], "1": [42.857142857142854, 6.0, 14.0], "2": [75.0, 12.0, 16.0], "3": [70.33898305084746, 83.0, 118.0], "4": [62.0, 31.0, 50.0], "5": [79.16666666666666, 95.0, 120.0], "6": [77.27272727272727, 153.0, 198.0], "7": [50.0, 2.0, 4.0], "8": [100.0, 7.0, 7.0]}