precision,accuracy,recall,duration
0.3414536880825151,0.3675832127351664,0.3216210711851978,398.84040212631226
