{"0": [57.21925133689839, 107.0, 187.0], "1": [85.71428571428571, 12.0, 14.0], "2": [73.33333333333333, 11.0, 15.0], "3": [73.68421052631578, 84.0, 114.0], "4": [88.0, 44.0, 50.0], "5": [39.6551724137931, 46.0, 116.0], "6": [67.93478260869566, 125.0, 184.0], "7": [25.0, 1.0, 4.0], "8": [100.0, 7.0, 7.0]}