{"0": [59.929701230228474, 341.0, 569.0], "1": [34.04255319148936, 16.0, 47.0], "2": [90.9090909090909, 40.0, 44.0], "3": [75.85227272727273, 267.0, 352.0], "4": [94.0, 141.0, 150.0], "5": [36.16438356164384, 132.0, 365.0], "6": [56.3973063973064, 335.0, 594.0], "7": [76.47058823529412, 13.0, 17.0], "8": [50.0, 9.0, 18.0]}