precision,accuracy,recall,duration
0.31894452093676184,0.29445234708392604,0.3115981440990604,318.2603614330292
