{"0": [97.90575916230367, 187.0, 191.0], "1": [35.714285714285715, 5.0, 14.0], "2": [93.75, 15.0, 16.0], "3": [77.11864406779661, 91.0, 118.0], "4": [88.0, 44.0, 50.0], "5": [34.166666666666664, 41.0, 120.0], "6": [60.60606060606061, 120.0, 198.0], "7": [50.0, 2.0, 4.0], "8": [85.71428571428571, 6.0, 7.0]}