{"0": [52.35602094240838, 100.0, 191.0], "1": [35.714285714285715, 5.0, 14.0], "2": [75.0, 12.0, 16.0], "3": [65.2542372881356, 77.0, 118.0], "4": [90.0, 45.0, 50.0], "5": [40.0, 48.0, 120.0], "6": [73.23232323232324, 145.0, 198.0], "7": [50.0, 2.0, 4.0], "8": [100.0, 7.0, 7.0]}