precision,accuracy,recall,duration
0.3683070898044979,0.3352219074598678,0.37890414506669884,650.6948781013489
