{"0": [25.925925925925924, 14.0, 54.0], "1": [36.36363636363637, 12.0, 33.0], "2": [72.41379310344827, 42.0, 58.0], "3": [70.53763440860214, 328.0, 465.0], "4": [73.38129496402878, 102.0, 139.0], "5": [33.33333333333333, 15.0, 45.0], "6": [72.03065134099617, 188.0, 261.0], "7": [NaN, 0.0, 0.0], "8": [75.0, 3.0, 4.0]}