precision,accuracy,recall,duration
0.29478092393373334,0.33191489361702126,0.2563187313344389,409.12246441841125
