{"0": [22.22222222222222, 8.0, 36.0], "1": [85.71428571428571, 18.0, 21.0], "2": [88.09523809523809, 37.0, 42.0], "3": [65.27331189710611, 203.0, 311.0], "4": [75.82417582417582, 69.0, 91.0], "5": [65.51724137931035, 19.0, 29.0], "6": [66.66666666666666, 116.0, 174.0], "7": [NaN, 0.0, 0.0], "8": [100.0, 1.0, 1.0]}