precision,accuracy,recall,duration
0.36426617390250204,0.4160377358490566,0.43334397571112776,418.62186002731323
