{"0": [52.25225225225225, 58.0, 111.0], "1": [69.23076923076923, 27.0, 39.0], "2": [87.91208791208791, 160.0, 182.0], "3": [53.599221789883266, 551.0, 1028.0], "4": [79.91967871485943, 199.0, 249.0], "5": [12.790697674418606, 11.0, 86.0], "6": [54.285714285714285, 228.0, 420.0], "7": [0.0, 0.0, 1.0], "8": [100.0, 4.0, 4.0]}