best_model_train_loss,best_model_val_loss,best_model_train_acc,best_model_val_acc,best_model_learning_rate,best_model_nb_epoch
0.45316940546035767,0.5461407899856567,0.4689286947250366,0.37304964661598206,0.0010000000474974513,88
