precision,accuracy,recall,duration
0.3606243176145934,0.3375886524822695,0.4456243086449688,424.6553056240082
