{"0": [19.444444444444446, 7.0, 36.0], "1": [47.61904761904761, 10.0, 21.0], "2": [95.23809523809523, 40.0, 42.0], "3": [66.55948553054662, 207.0, 311.0], "4": [75.82417582417582, 69.0, 91.0], "5": [20.689655172413794, 6.0, 29.0], "6": [73.5632183908046, 128.0, 174.0], "7": [NaN, 0.0, 0.0], "8": [0.0, 0.0, 1.0]}