precision,accuracy,recall,duration
0.3104674837361529,0.43796526054590573,0.3308720383324273,397.0323963165283
