{"0": [10.362694300518134, 20.0, 193.0], "1": [100.0, 59.0, 59.0], "2": [20.833333333333336, 5.0, 24.0], "3": [72.64957264957265, 85.0, 117.0], "4": [100.0, 98.0, 98.0], "5": [36.95652173913043, 34.0, 92.0], "6": [61.41304347826087, 113.0, 184.0], "7": [100.0, 39.0, 39.0], "8": [NaN, 0.0, 0.0]}