precision,accuracy,recall,duration
0.3784263868023761,0.40919980833732633,0.3496002213508254,1016.329984664917
