{"0": [57.49999999999999, 322.0, 560.0], "1": [27.659574468085108, 13.0, 47.0], "2": [97.67441860465115, 42.0, 43.0], "3": [72.01166180758017, 247.0, 343.0], "4": [85.33333333333334, 128.0, 150.0], "5": [39.8876404494382, 142.0, 356.0], "6": [56.6003616636528, 313.0, 553.0], "7": [76.47058823529412, 13.0, 17.0], "8": [72.22222222222221, 13.0, 18.0]}