best_model_train_loss,best_model_val_loss,best_model_train_acc,best_model_val_acc,best_model_learning_rate,best_model_nb_epoch
0.4531022012233734,0.6059821844100952,0.42770013213157654,0.2237960398197174,0.0010000000474974513,98
