precision,accuracy,recall,duration
0.35528606123411755,0.34844192634560905,0.3663170825496582,607.0298907756805
