{"0": [25.925925925925924, 14.0, 54.0], "1": [42.42424242424242, 14.0, 33.0], "2": [91.37931034482759, 53.0, 58.0], "3": [68.17204301075269, 317.0, 465.0], "4": [66.18705035971223, 92.0, 139.0], "5": [31.11111111111111, 14.0, 45.0], "6": [70.11494252873564, 183.0, 261.0], "7": [NaN, 0.0, 0.0], "8": [75.0, 3.0, 4.0]}