{"0": [57.29349736379613, 326.0, 569.0], "1": [44.680851063829785, 21.0, 47.0], "2": [95.45454545454545, 42.0, 44.0], "3": [94.0340909090909, 331.0, 352.0], "4": [86.66666666666667, 130.0, 150.0], "5": [41.917808219178085, 153.0, 365.0], "6": [45.79124579124579, 272.0, 594.0], "7": [23.52941176470588, 4.0, 17.0], "8": [83.33333333333334, 15.0, 18.0]}