best_model_train_loss,best_model_val_loss,best_model_train_acc,best_model_val_acc,best_model_learning_rate,best_model_nb_epoch
0.46116480231285095,0.5575717091560364,0.4395730197429657,0.23829787969589233,0.0010000000474974513,94
