precision,accuracy,recall,duration
0.2985178137560805,0.3021276595744681,0.4427294266799755,413.9373915195465
