precision,accuracy,recall,duration
0.3798673246455828,0.42549113560134166,0.35469044093950236,968.3361639976501
