{"0": [60.17857142857142, 337.0, 560.0], "1": [40.42553191489361, 19.0, 47.0], "2": [97.67441860465115, 42.0, 43.0], "3": [57.14285714285714, 196.0, 343.0], "4": [94.0, 141.0, 150.0], "5": [39.8876404494382, 142.0, 356.0], "6": [53.8878842676311, 298.0, 553.0], "7": [76.47058823529412, 13.0, 17.0], "8": [61.111111111111114, 11.0, 18.0]}