{"0": [25.0, 9.0, 36.0], "1": [38.095238095238095, 8.0, 21.0], "2": [97.61904761904762, 41.0, 42.0], "3": [70.7395498392283, 220.0, 311.0], "4": [50.54945054945055, 46.0, 91.0], "5": [27.586206896551722, 8.0, 29.0], "6": [91.95402298850574, 160.0, 174.0], "7": [NaN, 0.0, 0.0], "8": [0.0, 0.0, 1.0]}