precision,accuracy,recall,duration
0.39687356748136193,0.23087818696883852,0.30908817074873257,1200.2267572879791
