{"0": [28.037383177570092, 30.0, 107.0], "1": [82.53968253968253, 52.0, 63.0], "2": [90.35087719298247, 103.0, 114.0], "3": [87.2454448017149, 814.0, 933.0], "4": [90.59233449477352, 260.0, 287.0], "5": [26.96629213483146, 24.0, 89.0], "6": [66.08863198458575, 343.0, 519.0], "7": [NaN, 0.0, 0.0], "8": [50.0, 3.0, 6.0]}