precision,accuracy,recall,duration
0.32250991499689946,0.35311143270622286,0.35197457966900647,401.70021176338196
