{"0": [46.524064171122994, 87.0, 187.0], "1": [42.857142857142854, 6.0, 14.0], "2": [80.0, 12.0, 15.0], "3": [78.94736842105263, 90.0, 114.0], "4": [86.0, 43.0, 50.0], "5": [39.6551724137931, 46.0, 116.0], "6": [84.23913043478261, 155.0, 184.0], "7": [25.0, 1.0, 4.0], "8": [100.0, 7.0, 7.0]}