{"0": [42.40837696335078, 81.0, 191.0], "1": [50.0, 7.0, 14.0], "2": [87.5, 14.0, 16.0], "3": [67.79661016949152, 80.0, 118.0], "4": [92.0, 46.0, 50.0], "5": [30.0, 36.0, 120.0], "6": [65.65656565656566, 130.0, 198.0], "7": [50.0, 2.0, 4.0], "8": [100.0, 7.0, 7.0]}