precision,accuracy,recall,duration
0.3026193228164273,0.43300248138957814,0.3192831624723192,393.0544276237488
