{"0": [8.808290155440414, 17.0, 193.0], "1": [100.0, 59.0, 59.0], "2": [29.166666666666668, 7.0, 24.0], "3": [75.21367521367522, 88.0, 117.0], "4": [100.0, 98.0, 98.0], "5": [36.95652173913043, 34.0, 92.0], "6": [62.5, 115.0, 184.0], "7": [100.0, 39.0, 39.0], "8": [NaN, 0.0, 0.0]}