best_model_train_loss,best_model_val_loss,best_model_train_acc,best_model_val_acc,best_model_learning_rate,best_model_nb_epoch
0.43953877687454224,0.8241084218025208,0.4386744499206543,0.3962264060974121,0.0010000000474974513,83
