precision,accuracy,recall,duration
0.35656530340121173,0.39858490566037735,0.2819438562095223,652.4949185848236
