{"0": [57.61421319796954, 227.0, 394.0], "1": [50.90909090909091, 28.0, 55.0], "2": [96.52777777777779, 139.0, 144.0], "3": [56.292517006802726, 331.0, 588.0], "4": [78.26086956521739, 144.0, 184.0], "5": [40.159574468085104, 151.0, 376.0], "6": [66.48648648648648, 246.0, 370.0], "7": [NaN, 0.0, 0.0], "8": [100.0, 9.0, 9.0]}