precision,accuracy,recall,duration
0.3889394505423385,0.4631031220435194,0.40158803232689017,568.4192228317261
