precision,accuracy,recall,duration
0.3499006534147442,0.38978240302743616,0.36134200301143987,516.1564848423004
