{"0": [51.66959578207382, 294.0, 569.0], "1": [34.04255319148936, 16.0, 47.0], "2": [95.45454545454545, 42.0, 44.0], "3": [51.42045454545454, 181.0, 352.0], "4": [94.66666666666667, 142.0, 150.0], "5": [35.06849315068493, 128.0, 365.0], "6": [58.92255892255892, 350.0, 594.0], "7": [58.82352941176471, 10.0, 17.0], "8": [61.111111111111114, 11.0, 18.0]}