{"0": [48.33040421792619, 275.0, 569.0], "1": [34.04255319148936, 16.0, 47.0], "2": [79.54545454545455, 35.0, 44.0], "3": [89.48863636363636, 315.0, 352.0], "4": [97.33333333333334, 146.0, 150.0], "5": [42.73972602739726, 156.0, 365.0], "6": [61.44781144781145, 365.0, 594.0], "7": [47.05882352941176, 8.0, 17.0], "8": [77.77777777777779, 14.0, 18.0]}