best_model_train_loss,best_model_val_loss,best_model_train_acc,best_model_val_acc,best_model_learning_rate,best_model_nb_epoch
0.4767266809940338,0.7695672512054443,0.38031744956970215,0.3878902494907379,0.0010000000474974513,74
