precision,accuracy,recall,duration
0.36939825119871544,0.39403973509933776,0.416221613153132,1090.4850840568542
