{"0": [57.11775043936731, 325.0, 569.0], "1": [29.78723404255319, 14.0, 47.0], "2": [95.45454545454545, 42.0, 44.0], "3": [45.73863636363637, 161.0, 352.0], "4": [86.66666666666667, 130.0, 150.0], "5": [40.54794520547945, 148.0, 365.0], "6": [81.48148148148148, 484.0, 594.0], "7": [11.76470588235294, 2.0, 17.0], "8": [77.77777777777779, 14.0, 18.0]}