{"0": [56.607142857142854, 317.0, 560.0], "1": [40.42553191489361, 19.0, 47.0], "2": [100.0, 43.0, 43.0], "3": [56.559766763848394, 194.0, 343.0], "4": [86.66666666666667, 130.0, 150.0], "5": [40.168539325842694, 143.0, 356.0], "6": [54.97287522603978, 304.0, 553.0], "7": [70.58823529411765, 12.0, 17.0], "8": [72.22222222222221, 13.0, 18.0]}