precision,accuracy,recall,duration
0.2765232402944678,0.2942022041207475,0.3247583043274534,946.8920328617096
