{"0": [100.0, 560.0, 560.0], "1": [34.04255319148936, 16.0, 47.0], "2": [95.34883720930233, 41.0, 43.0], "3": [75.21865889212827, 258.0, 343.0], "4": [83.33333333333334, 125.0, 150.0], "5": [38.48314606741573, 137.0, 356.0], "6": [56.78119349005425, 314.0, 553.0], "7": [41.17647058823529, 7.0, 17.0], "8": [83.33333333333334, 15.0, 18.0]}