precision,accuracy,recall,duration
0.29314705367627725,0.29171461449942465,0.34411456316891986,650.5738830566406
