{"0": [100.0, 112.0, 112.0], "1": [74.4186046511628, 64.0, 86.0], "2": [74.73118279569893, 139.0, 186.0], "3": [65.32137518684604, 437.0, 669.0], "4": [81.13207547169812, 215.0, 265.0], "5": [47.57281553398058, 49.0, 103.0], "6": [80.56872037914692, 170.0, 211.0], "7": [22.22222222222222, 2.0, 9.0], "8": [44.329896907216494, 43.0, 97.0]}