precision,accuracy,recall,duration
0.3761433409446544,0.22898961284230407,0.37736084161866096,1217.587152004242
