{"0": [25.233644859813083, 27.0, 107.0], "1": [31.746031746031743, 20.0, 63.0], "2": [86.8421052631579, 99.0, 114.0], "3": [95.28403001071811, 889.0, 933.0], "4": [87.10801393728222, 250.0, 287.0], "5": [21.34831460674157, 19.0, 89.0], "6": [62.813102119460495, 326.0, 519.0], "7": [NaN, 0.0, 0.0], "8": [50.0, 3.0, 6.0]}