{"0": [68.0, 51.0, 75.0], "1": [61.36363636363637, 54.0, 88.0], "2": [93.63636363636364, 103.0, 110.0], "3": [98.07692307692307, 510.0, 520.0], "4": [91.4572864321608, 182.0, 199.0], "5": [40.625, 26.0, 64.0], "6": [98.828125, 253.0, 256.0], "7": [50.0, 1.0, 2.0], "8": [46.774193548387096, 29.0, 62.0]}