best_model_train_loss,best_model_val_loss,best_model_train_acc,best_model_val_acc,best_model_learning_rate,best_model_nb_epoch
0.4537624716758728,0.5509483814239502,0.41212353110313416,0.2921985685825348,0.0010000000474974513,97
