precision,accuracy,recall,duration
0.3273284073539758,0.23546099290780143,0.4089871607519536,405.94362115859985
