{"0": [22.22222222222222, 8.0, 36.0], "1": [42.857142857142854, 9.0, 21.0], "2": [92.85714285714286, 39.0, 42.0], "3": [80.70739549839229, 251.0, 311.0], "4": [71.42857142857143, 65.0, 91.0], "5": [31.03448275862069, 9.0, 29.0], "6": [90.80459770114942, 158.0, 174.0], "7": [NaN, 0.0, 0.0], "8": [0.0, 0.0, 1.0]}