precision,accuracy,recall,duration
0.31370979006048516,0.3446808510638298,0.49527930972658774,413.59097146987915
