{"0": [16.666666666666664, 6.0, 36.0], "1": [28.57142857142857, 6.0, 21.0], "2": [90.47619047619048, 38.0, 42.0], "3": [71.38263665594855, 222.0, 311.0], "4": [49.45054945054945, 45.0, 91.0], "5": [17.24137931034483, 5.0, 29.0], "6": [80.45977011494253, 140.0, 174.0], "7": [NaN, 0.0, 0.0], "8": [0.0, 0.0, 1.0]}