{"0": [57.85714285714286, 324.0, 560.0], "1": [61.702127659574465, 29.0, 47.0], "2": [97.67441860465115, 42.0, 43.0], "3": [83.38192419825073, 286.0, 343.0], "4": [96.66666666666667, 145.0, 150.0], "5": [42.97752808988764, 153.0, 356.0], "6": [56.23869801084991, 311.0, 553.0], "7": [82.35294117647058, 14.0, 17.0], "8": [50.0, 9.0, 18.0]}