best_model_train_loss,best_model_val_loss,best_model_train_acc,best_model_val_acc,best_model_learning_rate,best_model_nb_epoch
0.45270293951034546,0.5302935838699341,0.44338542222976685,0.35177305340766907,0.0010000000474974513,99
