precision,accuracy,recall,duration
0.37293362601171937,0.3517730496453901,0.4813408619909711,422.74981236457825
