{"0": [56.785714285714285, 318.0, 560.0], "1": [36.17021276595745, 17.0, 47.0], "2": [97.67441860465115, 42.0, 43.0], "3": [57.434402332361515, 197.0, 343.0], "4": [92.66666666666666, 139.0, 150.0], "5": [37.92134831460674, 135.0, 356.0], "6": [54.97287522603978, 304.0, 553.0], "7": [47.05882352941176, 8.0, 17.0], "8": [72.22222222222221, 13.0, 18.0]}