{"0": [58.87521968365553, 335.0, 569.0], "1": [36.17021276595745, 17.0, 47.0], "2": [84.0909090909091, 37.0, 44.0], "3": [53.40909090909091, 188.0, 352.0], "4": [96.66666666666667, 145.0, 150.0], "5": [36.986301369863014, 135.0, 365.0], "6": [55.387205387205384, 329.0, 594.0], "7": [64.70588235294117, 11.0, 17.0], "8": [94.44444444444444, 17.0, 18.0]}