precision,accuracy,recall,duration
0.3972151209375683,0.26298394711992445,0.3516237746682314,1206.8858094215393
