{"0": [28.971962616822427, 31.0, 107.0], "1": [50.79365079365079, 32.0, 63.0], "2": [92.98245614035088, 106.0, 114.0], "3": [84.03001071811362, 784.0, 933.0], "4": [84.66898954703834, 243.0, 287.0], "5": [26.96629213483146, 24.0, 89.0], "6": [65.1252408477842, 338.0, 519.0], "7": [NaN, 0.0, 0.0], "8": [50.0, 3.0, 6.0]}