precision,accuracy,recall,duration
0.3041420985282047,0.33066860465116277,0.35203876573466464,196.9235074520111
