{"0": [30.666666666666664, 23.0, 75.0], "1": [67.04545454545455, 59.0, 88.0], "2": [87.27272727272727, 96.0, 110.0], "3": [60.57692307692307, 315.0, 520.0], "4": [65.82914572864321, 131.0, 199.0], "5": [28.125, 18.0, 64.0], "6": [96.875, 248.0, 256.0], "7": [100.0, 2.0, 2.0], "8": [46.774193548387096, 29.0, 62.0]}