{"0": [60.80843585237259, 346.0, 569.0], "1": [31.914893617021278, 15.0, 47.0], "2": [97.72727272727273, 43.0, 44.0], "3": [69.88636363636364, 246.0, 352.0], "4": [94.66666666666667, 142.0, 150.0], "5": [40.273972602739725, 147.0, 365.0], "6": [61.784511784511785, 367.0, 594.0], "7": [76.47058823529412, 13.0, 17.0], "8": [77.77777777777779, 14.0, 18.0]}