best_model_train_loss,best_model_val_loss,best_model_train_acc,best_model_val_acc,best_model_learning_rate,best_model_nb_epoch
0.4472636580467224,1.2403812408447266,0.41213443875312805,0.41447052359580994,0.0010000000474974513,93
