precision,accuracy,recall,duration
0.3546727365230052,0.39051269765213226,0.3646239580820878,938.6808586120605
