{"0": [48.392857142857146, 271.0, 560.0], "1": [40.42553191489361, 19.0, 47.0], "2": [90.69767441860465, 39.0, 43.0], "3": [88.33819241982506, 303.0, 343.0], "4": [90.0, 135.0, 150.0], "5": [37.07865168539326, 132.0, 356.0], "6": [63.83363471971067, 353.0, 553.0], "7": [35.294117647058826, 6.0, 17.0], "8": [77.77777777777779, 14.0, 18.0]}