precision,accuracy,recall,duration
0.25173188700916094,0.21529745042492918,0.23752179194686146,596.1926684379578
