{"0": [24.074074074074073, 13.0, 54.0], "1": [27.27272727272727, 9.0, 33.0], "2": [87.93103448275862, 51.0, 58.0], "3": [87.95698924731182, 409.0, 465.0], "4": [94.24460431654677, 131.0, 139.0], "5": [100.0, 45.0, 45.0], "6": [64.75095785440614, 169.0, 261.0], "7": [NaN, 0.0, 0.0], "8": [100.0, 4.0, 4.0]}