{"0": [77.54010695187165, 145.0, 187.0], "1": [50.0, 7.0, 14.0], "2": [93.33333333333333, 14.0, 15.0], "3": [91.22807017543859, 104.0, 114.0], "4": [42.0, 21.0, 50.0], "5": [88.79310344827587, 103.0, 116.0], "6": [63.58695652173913, 117.0, 184.0], "7": [0.0, 0.0, 4.0], "8": [100.0, 7.0, 7.0]}