precision,accuracy,recall,duration
0.3471319183587872,0.4124293785310734,0.34203166545832564,601.8091876506805
