{"0": [50.0, 142.0, 284.0], "1": [100.0, 25.0, 25.0], "2": [95.45454545454545, 21.0, 22.0], "3": [78.97727272727273, 139.0, 176.0], "4": [87.34177215189874, 69.0, 79.0], "5": [38.79781420765027, 71.0, 183.0], "6": [56.85618729096989, 170.0, 299.0], "7": [0.0, 0.0, 8.0], "8": [87.5, 7.0, 8.0]}