{"0": [55.91397849462365, 156.0, 279.0], "1": [96.0, 24.0, 25.0], "2": [95.23809523809523, 20.0, 21.0], "3": [59.64912280701754, 102.0, 171.0], "4": [87.34177215189874, 69.0, 79.0], "5": [41.01123595505618, 73.0, 178.0], "6": [72.3021582733813, 201.0, 278.0], "7": [0.0, 0.0, 8.0], "8": [100.0, 8.0, 8.0]}