{"0": [52.196836555360285, 297.0, 569.0], "1": [38.297872340425535, 18.0, 47.0], "2": [95.45454545454545, 42.0, 44.0], "3": [70.17045454545455, 247.0, 352.0], "4": [84.66666666666667, 127.0, 150.0], "5": [36.71232876712329, 134.0, 365.0], "6": [58.24915824915825, 346.0, 594.0], "7": [58.82352941176471, 10.0, 17.0], "8": [72.22222222222221, 13.0, 18.0]}