precision,accuracy,recall,duration
0.3832780975108502,0.3446808510638298,0.4363185347311452,418.2993628978729
