precision,accuracy,recall,duration
0.2927654516525586,0.32015065913371,0.30426965500613534,601.4640896320343
