precision,accuracy,recall,duration
0.29448108545915813,0.3970223325062035,0.2927605547564998,400.5594947338104
