{"0": [12.435233160621761, 24.0, 193.0], "1": [100.0, 59.0, 59.0], "2": [33.33333333333333, 8.0, 24.0], "3": [82.05128205128204, 96.0, 117.0], "4": [100.0, 98.0, 98.0], "5": [41.30434782608695, 38.0, 92.0], "6": [67.3913043478261, 124.0, 184.0], "7": [100.0, 39.0, 39.0], "8": [NaN, 0.0, 0.0]}