precision,accuracy,recall,duration
0.32263998522261184,0.3872340425531915,0.4577844931265488,400.9966869354248
