precision,accuracy,recall,duration
0.3944491919775639,0.4934086629001883,0.37324568641196965,620.9862530231476
