{"0": [45.42253521126761, 129.0, 284.0], "1": [44.0, 11.0, 25.0], "2": [81.81818181818183, 18.0, 22.0], "3": [50.0, 88.0, 176.0], "4": [77.21518987341773, 61.0, 79.0], "5": [38.25136612021858, 70.0, 183.0], "6": [55.18394648829431, 165.0, 299.0], "7": [75.0, 6.0, 8.0], "8": [100.0, 8.0, 8.0]}