best_model_train_loss,best_model_val_loss,best_model_train_acc,best_model_val_acc,best_model_learning_rate,best_model_nb_epoch
0.4843735098838806,0.7765544652938843,0.37242692708969116,0.3371104896068573,0.0010000000474974513,82
