precision,accuracy,recall,duration
0.3298310159187262,0.29650613786591123,0.27976930693576174,1249.6028759479523
