precision,accuracy,recall,duration
0.3665173282794965,0.22001888574126535,0.24691401935761295,1248.4580698013306
