{"0": [33.64485981308411, 36.0, 107.0], "1": [79.36507936507937, 50.0, 63.0], "2": [89.47368421052632, 102.0, 114.0], "3": [82.85101822079314, 773.0, 933.0], "4": [92.33449477351915, 265.0, 287.0], "5": [62.92134831460674, 56.0, 89.0], "6": [70.52023121387283, 366.0, 519.0], "7": [NaN, 0.0, 0.0], "8": [66.66666666666666, 4.0, 6.0]}