{"0": [32.71028037383177, 35.0, 107.0], "1": [71.42857142857143, 45.0, 63.0], "2": [85.08771929824562, 97.0, 114.0], "3": [75.9914255091104, 709.0, 933.0], "4": [70.38327526132404, 202.0, 287.0], "5": [43.82022471910113, 39.0, 89.0], "6": [68.78612716763006, 357.0, 519.0], "7": [NaN, 0.0, 0.0], "8": [100.0, 6.0, 6.0]}