best_model_train_loss,best_model_val_loss,best_model_train_acc,best_model_val_acc,best_model_learning_rate,best_model_nb_epoch
0.44562220573425293,0.5389887690544128,0.43766680359840393,0.35602837800979614,0.0010000000474974513,93
