precision,accuracy,recall,duration
0.3678955992499485,0.30638297872340425,0.41351026245877853,398.23341512680054
