precision,accuracy,recall,duration
0.3054417300273422,0.25218023255813954,0.282990684340275,397.2114214897156
