{"0": [22.666666666666664, 17.0, 75.0], "1": [64.77272727272727, 57.0, 88.0], "2": [92.72727272727272, 102.0, 110.0], "3": [65.38461538461539, 340.0, 520.0], "4": [96.98492462311557, 193.0, 199.0], "5": [65.625, 42.0, 64.0], "6": [98.4375, 252.0, 256.0], "7": [100.0, 2.0, 2.0], "8": [38.70967741935484, 24.0, 62.0]}