{"0": [43.01075268817204, 120.0, 279.0], "1": [40.0, 10.0, 25.0], "2": [90.47619047619048, 19.0, 21.0], "3": [64.91228070175438, 111.0, 171.0], "4": [81.0126582278481, 64.0, 79.0], "5": [41.57303370786517, 74.0, 178.0], "6": [64.74820143884892, 180.0, 278.0], "7": [87.5, 7.0, 8.0], "8": [100.0, 8.0, 8.0]}