precision,accuracy,recall,duration
0.3832309486116206,0.27358490566037735,0.33510517382172283,942.0671360492706
