precision,accuracy,recall,duration
0.3607452528207094,0.39722089123143267,0.3469055149449656,937.0774624347687
