{"0": [26.168224299065418, 28.0, 107.0], "1": [47.61904761904761, 30.0, 63.0], "2": [84.21052631578947, 96.0, 114.0], "3": [86.28081457663451, 805.0, 933.0], "4": [98.6159169550173, 285.0, 289.0], "5": [39.325842696629216, 35.0, 89.0], "6": [49.51830443159923, 257.0, 519.0], "7": [NaN, 0.0, 0.0], "8": [66.66666666666666, 4.0, 6.0]}