{"0": [51.07142857142857, 286.0, 560.0], "1": [38.297872340425535, 18.0, 47.0], "2": [95.34883720930233, 41.0, 43.0], "3": [84.25655976676384, 289.0, 343.0], "4": [89.33333333333333, 134.0, 150.0], "5": [40.168539325842694, 143.0, 356.0], "6": [58.58951175406871, 324.0, 553.0], "7": [52.94117647058824, 9.0, 17.0], "8": [77.77777777777779, 14.0, 18.0]}