precision,accuracy,recall,duration
0.3728737786058346,0.33900709219858155,0.45311933914698443,408.58221411705017
