{"0": [100.0, 187.0, 187.0], "1": [28.57142857142857, 4.0, 14.0], "2": [100.0, 15.0, 15.0], "3": [85.08771929824562, 97.0, 114.0], "4": [86.0, 43.0, 50.0], "5": [54.310344827586206, 63.0, 116.0], "6": [73.91304347826086, 136.0, 184.0], "7": [50.0, 2.0, 4.0], "8": [100.0, 7.0, 7.0]}