precision,accuracy,recall,duration
0.38924246288899494,0.43385490753911804,0.3692746081290453,318.54478096961975
