{"0": [50.78534031413613, 97.0, 191.0], "1": [28.57142857142857, 4.0, 14.0], "2": [87.5, 14.0, 16.0], "3": [61.86440677966102, 73.0, 118.0], "4": [78.0, 39.0, 50.0], "5": [35.833333333333336, 43.0, 120.0], "6": [67.67676767676768, 134.0, 198.0], "7": [75.0, 3.0, 4.0], "8": [85.71428571428571, 6.0, 7.0]}