precision,accuracy,recall,duration
0.2255141256019886,0.32340777502067825,0.19993920256899603,1174.818503856659
