{"0": [9.895833333333332, 57.0, 576.0], "1": [95.13513513513514, 176.0, 185.0], "2": [68.18181818181817, 45.0, 66.0], "3": [82.65895953757226, 286.0, 346.0], "4": [100.0, 296.0, 296.0], "5": [91.28919860627178, 262.0, 287.0], "6": [72.89377289377289, 398.0, 546.0], "7": [100.0, 116.0, 116.0], "8": [NaN, 0.0, 0.0]}