{"0": [20.0, 2.0, 10.0], "1": [40.0, 2.0, 5.0], "2": [90.9090909090909, 10.0, 11.0], "3": [68.75, 66.0, 96.0], "4": [83.87096774193549, 26.0, 31.0], "5": [9.090909090909092, 1.0, 11.0], "6": [60.0, 30.0, 50.0], "7": [NaN, 0.0, 0.0], "8": [NaN, 0.0, 0.0]}