precision,accuracy,recall,duration
0.29574438832789185,0.3432624113475177,0.4607631458446405,401.0972695350647
