{"0": [41.66666666666667, 15.0, 36.0], "1": [38.095238095238095, 8.0, 21.0], "2": [71.42857142857143, 30.0, 42.0], "3": [70.41800643086816, 219.0, 311.0], "4": [76.92307692307693, 70.0, 91.0], "5": [20.689655172413794, 6.0, 29.0], "6": [66.0919540229885, 115.0, 174.0], "7": [NaN, 0.0, 0.0], "8": [0.0, 0.0, 1.0]}