precision,accuracy,recall,duration
0.377301415213475,0.3968705547652916,0.3334637797926659,343.9531555175781
