{"0": [55.497382198952884, 106.0, 191.0], "1": [35.714285714285715, 5.0, 14.0], "2": [87.5, 14.0, 16.0], "3": [83.05084745762711, 98.0, 118.0], "4": [84.0, 42.0, 50.0], "5": [35.0, 42.0, 120.0], "6": [60.1010101010101, 119.0, 198.0], "7": [75.0, 3.0, 4.0], "8": [85.71428571428571, 6.0, 7.0]}