precision,accuracy,recall,duration
0.26870435132023207,0.2778581765557164,0.3127357415694826,395.503999710083
