{"0": [54.46428571428571, 305.0, 560.0], "1": [38.297872340425535, 18.0, 47.0], "2": [67.44186046511628, 29.0, 43.0], "3": [57.7259475218659, 198.0, 343.0], "4": [97.33333333333334, 146.0, 150.0], "5": [37.359550561797754, 133.0, 356.0], "6": [57.14285714285714, 316.0, 553.0], "7": [76.47058823529412, 13.0, 17.0], "8": [77.77777777777779, 14.0, 18.0]}