precision,accuracy,recall,duration
0.3593258692712412,0.42816500711237554,0.37136457195835176,323.0320818424225
