{"0": [42.93193717277487, 82.0, 191.0], "1": [42.857142857142854, 6.0, 14.0], "2": [75.0, 12.0, 16.0], "3": [72.88135593220339, 86.0, 118.0], "4": [80.0, 40.0, 50.0], "5": [35.833333333333336, 43.0, 120.0], "6": [70.2020202020202, 139.0, 198.0], "7": [50.0, 2.0, 4.0], "8": [100.0, 7.0, 7.0]}