precision,accuracy,recall,duration
0.32382118876582805,0.32340425531914896,0.3547779880244677,421.5131034851074
