{"0": [56.42857142857143, 316.0, 560.0], "1": [34.04255319148936, 16.0, 47.0], "2": [100.0, 43.0, 43.0], "3": [58.60058309037901, 201.0, 343.0], "4": [97.33333333333334, 146.0, 150.0], "5": [39.60674157303371, 141.0, 356.0], "6": [56.23869801084991, 311.0, 553.0], "7": [76.47058823529412, 13.0, 17.0], "8": [77.77777777777779, 14.0, 18.0]}