precision,accuracy,recall,duration
0.33869159012811123,0.2842304060434372,0.28678304509606584,1220.7775473594666
