precision,accuracy,recall,duration
0.33953403596133236,0.32058545797922566,0.3159014208994636,1197.392838716507
