{"0": [28.037383177570092, 30.0, 107.0], "1": [85.71428571428571, 54.0, 63.0], "2": [78.0701754385965, 89.0, 114.0], "3": [72.77599142550912, 679.0, 933.0], "4": [84.66898954703834, 243.0, 287.0], "5": [55.0561797752809, 49.0, 89.0], "6": [70.90558766859345, 368.0, 519.0], "7": [NaN, 0.0, 0.0], "8": [66.66666666666666, 4.0, 6.0]}