{"0": [27.102803738317753, 29.0, 107.0], "1": [88.88888888888889, 56.0, 63.0], "2": [80.7017543859649, 92.0, 114.0], "3": [65.70203644158627, 613.0, 933.0], "4": [77.00348432055749, 221.0, 287.0], "5": [33.70786516853933, 30.0, 89.0], "6": [75.91522157996147, 394.0, 519.0], "7": [NaN, 0.0, 0.0], "8": [66.66666666666666, 4.0, 6.0]}