precision,accuracy,recall,duration
0.32254603874105503,0.24680851063829787,0.44939240556825655,421.01759910583496
