{"0": [58.214285714285715, 326.0, 560.0], "1": [34.04255319148936, 16.0, 47.0], "2": [100.0, 43.0, 43.0], "3": [59.7667638483965, 205.0, 343.0], "4": [92.66666666666666, 139.0, 150.0], "5": [37.359550561797754, 133.0, 356.0], "6": [54.43037974683544, 301.0, 553.0], "7": [76.47058823529412, 13.0, 17.0], "8": [83.33333333333334, 15.0, 18.0]}