{"0": [57.82073813708261, 329.0, 569.0], "1": [38.297872340425535, 18.0, 47.0], "2": [81.81818181818183, 36.0, 44.0], "3": [83.23863636363636, 293.0, 352.0], "4": [93.33333333333333, 140.0, 150.0], "5": [41.369863013698634, 151.0, 365.0], "6": [58.417508417508415, 347.0, 594.0], "7": [76.47058823529412, 13.0, 17.0], "8": [72.22222222222221, 13.0, 18.0]}