{"0": [59.285714285714285, 332.0, 560.0], "1": [40.42553191489361, 19.0, 47.0], "2": [95.34883720930233, 41.0, 43.0], "3": [77.84256559766763, 267.0, 343.0], "4": [95.33333333333334, 143.0, 150.0], "5": [39.60674157303371, 141.0, 356.0], "6": [55.69620253164557, 308.0, 553.0], "7": [64.70588235294117, 11.0, 17.0], "8": [61.111111111111114, 11.0, 18.0]}