precision,accuracy,recall,duration
0.256159317809302,0.35755813953488375,0.3603051779636868,374.9948990345001
