{"0": [33.70786516853933, 30.0, 89.0], "1": [60.3448275862069, 35.0, 58.0], "2": [99.29078014184397, 140.0, 141.0], "3": [53.81944444444444, 310.0, 576.0], "4": [73.11827956989248, 136.0, 186.0], "5": [25.333333333333336, 19.0, 75.0], "6": [96.01990049751244, 193.0, 201.0], "7": [100.0, 6.0, 6.0], "8": [34.090909090909086, 15.0, 44.0]}