precision,accuracy,recall,duration
0.3763324335723761,0.40066225165562913,0.3906113910379758,1186.5583384037018
