{"0": [50.26362038664324, 286.0, 569.0], "1": [42.5531914893617, 20.0, 47.0], "2": [90.9090909090909, 40.0, 44.0], "3": [80.11363636363636, 282.0, 352.0], "4": [86.0, 129.0, 150.0], "5": [39.45205479452055, 144.0, 365.0], "6": [65.65656565656566, 390.0, 594.0], "7": [29.411764705882355, 5.0, 17.0], "8": [66.66666666666666, 12.0, 18.0]}