best_model_train_loss,best_model_val_loss,best_model_train_acc,best_model_val_acc,best_model_learning_rate,best_model_nb_epoch
0.4533102810382843,0.9993072152137756,0.47124117612838745,0.32833021879196167,0.0010000000474974513,97
