{"0": [15.384615384615385, 4.0, 26.0], "1": [58.620689655172406, 17.0, 29.0], "2": [97.05882352941177, 33.0, 34.0], "3": [63.51351351351351, 141.0, 222.0], "4": [62.66666666666667, 47.0, 75.0], "5": [88.46153846153845, 23.0, 26.0], "6": [80.18018018018019, 89.0, 111.0], "7": [NaN, 0.0, 0.0], "8": [80.0, 8.0, 10.0]}