{"0": [59.22671353251317, 337.0, 569.0], "1": [42.5531914893617, 20.0, 47.0], "2": [97.72727272727273, 43.0, 44.0], "3": [89.20454545454545, 314.0, 352.0], "4": [88.0, 132.0, 150.0], "5": [40.821917808219176, 149.0, 365.0], "6": [50.505050505050505, 300.0, 594.0], "7": [41.17647058823529, 7.0, 17.0], "8": [94.44444444444444, 17.0, 18.0]}