{"0": [53.57142857142857, 300.0, 560.0], "1": [36.17021276595745, 17.0, 47.0], "2": [97.67441860465115, 42.0, 43.0], "3": [70.26239067055393, 241.0, 343.0], "4": [94.0, 141.0, 150.0], "5": [37.640449438202246, 134.0, 356.0], "6": [58.22784810126582, 322.0, 553.0], "7": [76.47058823529412, 13.0, 17.0], "8": [61.111111111111114, 11.0, 18.0]}