precision,accuracy,recall,duration
0.302830501598837,0.2747875354107649,0.27040891438263415,611.3199980258942
