{"0": [22.22222222222222, 12.0, 54.0], "1": [81.81818181818183, 27.0, 33.0], "2": [86.20689655172413, 50.0, 58.0], "3": [74.40860215053763, 346.0, 465.0], "4": [82.01438848920863, 114.0, 139.0], "5": [33.33333333333333, 15.0, 45.0], "6": [76.62835249042146, 200.0, 261.0], "7": [NaN, 0.0, 0.0], "8": [100.0, 4.0, 4.0]}