{"0": [100.0, 569.0, 569.0], "1": [38.297872340425535, 18.0, 47.0], "2": [100.0, 44.0, 44.0], "3": [82.95454545454545, 292.0, 352.0], "4": [91.33333333333333, 137.0, 150.0], "5": [38.9041095890411, 142.0, 365.0], "6": [57.744107744107744, 343.0, 594.0], "7": [35.294117647058826, 6.0, 17.0], "8": [77.77777777777779, 14.0, 18.0]}