precision,accuracy,recall,duration
0.3800703198082958,0.4676569238140872,0.34747216977997714,873.1049785614014
