{"0": [41.785714285714285, 234.0, 560.0], "1": [48.93617021276596, 23.0, 47.0], "2": [83.72093023255815, 36.0, 43.0], "3": [72.01166180758017, 247.0, 343.0], "4": [85.33333333333334, 128.0, 150.0], "5": [41.01123595505618, 146.0, 356.0], "6": [48.4629294755877, 268.0, 553.0], "7": [88.23529411764706, 15.0, 17.0], "8": [77.77777777777779, 14.0, 18.0]}