precision,accuracy,recall,duration
0.3540888557911652,0.25967894239848915,0.3248053669414066,1218.4922363758087
