precision,accuracy,recall,duration
0.3604036742857958,0.3851224105461394,0.3246859565104317,596.6991078853607
