{"0": [86.91588785046729, 93.0, 107.0], "1": [41.269841269841265, 26.0, 63.0], "2": [85.08771929824562, 97.0, 114.0], "3": [90.03215434083602, 840.0, 933.0], "4": [75.9581881533101, 218.0, 287.0], "5": [26.96629213483146, 24.0, 89.0], "6": [51.445086705202314, 267.0, 519.0], "7": [NaN, 0.0, 0.0], "8": [50.0, 3.0, 6.0]}