{"0": [62.214411247803156, 354.0, 569.0], "1": [51.06382978723404, 24.0, 47.0], "2": [95.45454545454545, 42.0, 44.0], "3": [96.30681818181817, 339.0, 352.0], "4": [90.0, 135.0, 150.0], "5": [48.49315068493151, 177.0, 365.0], "6": [56.56565656565656, 336.0, 594.0], "7": [23.52941176470588, 4.0, 17.0], "8": [72.22222222222221, 13.0, 18.0]}