{"0": [45.86994727592268, 261.0, 569.0], "1": [51.06382978723404, 24.0, 47.0], "2": [88.63636363636364, 39.0, 44.0], "3": [62.21590909090909, 219.0, 352.0], "4": [85.33333333333334, 128.0, 150.0], "5": [30.958904109589042, 113.0, 365.0], "6": [49.32659932659932, 293.0, 594.0], "7": [58.82352941176471, 10.0, 17.0], "8": [83.33333333333334, 15.0, 18.0]}