precision,accuracy,recall,duration
0.3379778812109639,0.3364485981308411,0.49378765520428086,103.68147277832031
