{"0": [27.27272727272727, 3.0, 11.0], "1": [20.0, 1.0, 5.0], "2": [66.66666666666666, 12.0, 18.0], "3": [70.09345794392523, 75.0, 107.0], "4": [84.0, 21.0, 25.0], "5": [10.0, 1.0, 10.0], "6": [76.31578947368422, 29.0, 38.0], "7": [NaN, 0.0, 0.0], "8": [NaN, 0.0, 0.0]}